elapsed_s,player_x,player_z,forward,left,right,jump,focused
0.00000,253.00000,86.00000,0,0,0,0,0
0.02024,253.00000,86.00000,0,0,0,0,0
0.04037,253.00000,86.00000,0,0,0,0,0
0.06027,253.00000,86.00000,0,0,0,0,0
0.08049,253.00000,86.00000,0,0,0,0,0
0.10015,253.00000,86.00000,0,0,0,0,0
0.12033,253.00000,86.00000,0,0,0,0,0
0.14005,253.00000,86.00000,0,0,0,0,0
0.16022,253.00000,86.00000,0,0,0,0,0
0.18058,253.00000,86.00000,0,0,0,0,0
0.20012,253.00000,86.00000,0,0,0,0,0
0.22033,253.00000,86.00000,0,0,0,0,0
0.24012,253.00000,86.00000,0,0,0,0,0
0.26014,253.00000,86.00000,0,0,0,0,0
0.28012,253.00000,86.00000,0,0,0,0,0
0.30038,253.00000,86.00000,0,0,0,0,0
0.32034,253.00000,86.00000,0,0,0,0,0
0.34006,253.00000,86.00000,0,0,0,0,0
0.36022,253.00000,86.00000,0,0,0,0,0
0.38034,253.00000,86.00000,0,0,0,0,0
0.40051,253.00000,86.00000,0,0,0,0,0
0.42049,253.00000,86.00000,0,0,0,0,0
0.44017,253.00000,86.00000,0,0,0,0,0
0.46037,253.00000,86.00000,0,0,0,0,0
0.48047,253.00000,86.00000,0,0,0,0,0
0.50047,253.00000,86.00000,0,0,0,0,0
0.52048,253.00000,86.00000,0,0,0,0,0
0.54010,253.00000,86.00000,0,0,0,0,0
0.56011,253.00000,86.00000,0,0,0,0,0
0.58020,253.00000,86.00000,0,0,0,0,0
0.60013,253.00000,86.00000,0,0,0,0,0
0.62035,253.00000,86.00000,0,0,0,0,0
0.64053,253.00000,86.00000,0,0,0,0,0
0.66014,253.00000,86.00000,0,0,0,0,0
0.68022,253.00000,86.00000,0,0,0,0,0
0.70011,253.00000,86.00000,0,0,0,0,0
0.72032,253.00000,86.00000,0,0,0,0,0
0.74005,253.00000,86.00000,0,0,0,0,0
0.76018,253.00000,86.00000,0,0,0,0,0
0.78052,253.00000,86.00000,0,0,0,0,0
0.80024,253.00000,86.00000,0,0,0,0,0
0.82015,253.00000,86.00000,0,0,0,0,0
0.84030,253.00000,86.00000,0,0,0,0,0
0.86023,253.00000,86.00000,0,0,0,0,0
0.88030,253.00000,86.00000,0,0,0,0,0
0.90044,253.00000,86.00000,0,0,0,0,0
0.92015,253.00000,86.00000,0,0,0,0,0
0.94031,253.00000,86.00000,0,0,0,0,0
0.96051,253.00000,86.00000,0,0,0,0,0
0.98020,253.00000,86.00000,0,0,0,0,0
1.00049,253.00000,86.00000,0,0,0,0,0
1.02011,253.00000,86.00000,0,0,0,0,0
1.04029,253.00000,86.00000,0,0,0,0,0
1.06006,253.00000,86.00000,0,0,0,0,0
1.08023,253.00000,86.00000,0,0,0,0,0
1.10014,253.00000,86.00000,0,0,0,0,0
1.12031,253.00000,86.00000,0,0,0,0,0
1.14037,253.00000,86.00000,0,0,0,0,0
1.16027,253.00000,86.00000,0,0,0,0,0
1.18009,253.00000,86.00000,0,0,0,0,0
1.20014,253.00000,86.00000,0,0,0,0,0
1.22048,253.00000,86.00000,0,0,0,0,0
1.24023,253.00000,86.00000,0,0,0,0,0
1.26040,253.00000,86.00000,0,0,0,0,0
1.28012,253.00000,86.00000,0,0,0,0,0
1.30009,253.00000,86.00000,0,0,0,0,0
1.32029,253.00000,86.00000,0,0,0,0,0
1.34020,253.00000,86.00000,0,0,0,0,0
1.36034,253.00000,86.00000,0,0,0,0,0
1.38013,253.00000,86.00000,0,0,0,0,0
1.40017,253.00000,86.00000,0,0,0,0,0
1.42007,253.00000,86.00000,0,0,0,0,0
1.44050,253.00000,86.00000,0,0,0,0,0
1.46039,253.00000,86.00000,0,0,0,0,0
1.48046,253.00000,86.00000,0,0,0,0,0
1.50015,253.00000,86.00000,0,0,0,0,0
1.52027,253.00000,86.00000,0,0,0,0,0
1.54004,253.00000,86.00000,0,0,0,0,0
1.56051,253.00000,86.00000,0,0,0,0,0
1.58028,253.00000,86.00000,0,0,0,0,0
1.60051,253.00000,86.00000,0,0,0,0,0
1.62019,253.00000,86.00000,0,0,0,0,0
1.64038,253.00000,86.00000,0,0,0,0,0
1.66056,253.00000,86.00000,0,0,0,0,0
1.68039,253.00000,86.00000,0,0,0,0,0
1.70052,253.00000,86.00000,0,0,0,0,0
1.72013,253.00000,86.00000,0,0,0,0,0
1.74017,253.00000,86.00000,0,0,0,0,0
1.76062,253.00000,86.00000,0,0,0,0,0
1.78047,253.00000,86.00000,0,0,0,0,0
1.80050,253.00000,86.00000,0,0,0,0,0
1.82017,253.00000,86.00000,0,0,0,0,0
1.84030,253.00000,86.00000,0,0,0,0,0
1.86006,253.00000,86.00000,0,0,0,0,0
1.88026,253.00000,86.00000,0,0,0,0,0
1.90047,253.00000,86.00000,0,0,0,0,0
1.92015,253.00000,86.00000,0,0,0,0,0
1.94038,253.00000,86.00000,0,0,0,0,0
1.96051,253.00000,86.00000,0,0,0,0,0
1.98017,253.00000,86.00000,0,0,0,0,0
2.00052,253.00000,86.00000,0,0,0,0,0
2.02017,253.00000,86.00000,0,0,0,0,0
2.04011,253.00000,86.00000,0,0,0,0,0
2.06033,253.00000,86.00000,0,0,0,0,0
2.08033,253.00000,86.00000,0,0,0,0,0
2.10055,253.00000,86.00000,0,0,0,0,0
2.12044,253.00000,86.00000,0,0,0,0,0
2.14011,253.00000,86.00000,0,0,0,0,0
2.16011,253.00000,86.00000,0,0,0,0,0
2.18029,253.00000,86.00000,0,0,0,0,0
2.20026,253.00000,86.00000,0,0,0,0,0
2.22051,253.00000,86.00000,0,0,0,0,0
2.24014,253.00000,86.00000,0,0,0,0,0
2.26036,253.00000,86.00000,0,0,0,0,0
2.28051,253.00000,86.00000,0,0,0,0,0
2.30020,253.00000,86.00000,0,0,0,0,0
2.32036,253.00000,86.00000,0,0,0,0,0
2.34027,253.00000,86.00000,0,0,0,0,0
2.36015,253.00000,86.00000,0,0,0,0,0
2.38015,253.00000,86.00000,0,0,0,0,0
2.40011,253.00000,86.00000,0,0,0,0,0
2.42029,253.00000,86.00000,0,0,0,0,0
2.44022,253.00000,86.00000,0,0,0,0,0
2.46043,253.00000,86.00000,0,0,0,0,0
2.48019,253.00000,86.00000,0,0,0,0,0
2.50045,253.00000,86.00000,0,0,0,0,0
2.52008,253.00000,86.00000,0,0,0,0,0
2.54017,253.00000,86.00000,0,0,0,0,0
2.56028,253.00000,86.00000,0,0,0,0,0
2.58008,253.00000,86.00000,0,0,0,0,0
2.60030,253.00000,86.00000,0,0,0,0,0
2.62053,253.00000,86.00000,0,0,0,0,0
2.64052,253.00000,86.00000,0,0,0,0,0
2.66051,253.00000,86.00000,0,0,0,0,0
2.68013,253.00000,86.00000,0,0,0,0,0
2.70039,253.00000,86.00000,0,0,0,0,0
2.72024,253.00000,86.00000,0,0,0,0,0
2.74010,253.00000,86.00000,0,0,0,0,0
2.76024,253.00000,86.00000,0,0,0,0,0
2.78047,253.00000,86.00000,0,0,0,0,0
2.80050,253.00000,86.00000,0,0,0,0,0
2.82026,253.00000,86.00000,0,0,0,0,0
2.84014,253.00000,86.00000,0,0,0,0,0
2.86050,253.00000,86.00000,0,0,0,0,0
2.88046,253.00000,86.00000,0,0,0,0,0
2.90038,253.00000,86.00000,0,0,0,0,0
2.92054,253.00000,86.00000,0,0,0,0,0
2.94018,253.00000,86.00000,0,0,0,0,0
2.96046,253.00000,86.00000,0,0,0,0,0
2.98029,253.00000,86.00000,0,0,0,0,0
3.00049,253.00000,86.00000,0,0,0,0,0
3.02053,253.00000,86.00000,0,0,0,0,0
3.04026,253.00000,86.00000,0,0,0,0,0
3.06052,253.00000,86.00000,0,0,0,0,0
3.08030,253.00000,86.00000,0,0,0,0,0
3.10018,253.00000,86.00000,0,0,0,0,0
3.12009,253.00000,86.00000,0,0,0,0,0
3.14048,253.00000,86.00000,0,0,0,0,0
3.16022,253.00000,86.00000,0,0,0,0,0
3.18039,253.00000,86.00000,0,0,0,0,0
3.20014,253.00000,86.00000,0,0,0,0,0
3.22025,253.00000,86.00000,0,0,0,0,0
3.24040,253.00000,86.00000,0,0,0,0,0
3.26025,253.00000,86.00000,0,0,0,0,0
3.28003,253.00000,86.00000,0,0,0,0,0
3.30028,253.00000,86.00000,0,0,0,0,0
3.32011,253.00000,86.00000,0,0,0,0,0
3.34031,253.00000,86.00000,0,0,0,0,0
3.36055,253.00000,86.00000,0,0,0,0,0
3.38026,253.00000,86.00000,0,0,0,0,0
3.40017,253.00000,86.00000,0,0,0,0,0
3.42023,253.00000,86.00000,0,0,0,0,0
3.44035,253.00000,86.00000,0,0,0,0,0
3.46051,253.00000,86.00000,0,0,0,0,0
3.48004,253.00000,86.00000,0,0,0,0,0
3.50020,253.00000,86.00000,0,0,0,0,0
3.52047,253.00000,86.00000,0,0,0,0,0
3.54037,253.00000,86.00000,0,0,0,0,0
3.56016,253.00000,86.00000,0,0,0,0,0
3.58033,253.00000,86.00000,0,0,0,0,0
3.60012,253.00000,86.00000,0,0,0,0,0
3.62027,253.00000,86.00000,0,0,0,0,0
3.64040,253.00000,86.00000,0,0,0,0,0
3.66010,253.00000,86.00000,0,0,0,0,0
3.68033,253.00000,86.00000,0,0,0,0,0
3.70022,253.00000,86.00000,0,0,0,0,0
3.72048,253.00000,86.00000,0,0,0,0,0
3.74042,253.00000,86.00000,0,0,0,0,0
3.76026,253.00000,86.00000,0,0,0,0,0
3.78006,253.00000,86.00000,0,0,0,0,0
3.80010,253.00000,86.00000,0,0,0,0,0
3.82013,253.00000,86.00000,0,0,0,0,0
3.84020,253.00000,86.00000,0,0,0,0,0
3.86049,253.00000,86.00000,0,0,0,0,0
3.88051,253.00000,86.00000,0,0,0,0,0
3.90007,253.00000,86.00000,0,0,0,0,0
3.92029,253.00000,86.00000,0,0,0,0,0
3.94033,253.00000,86.00000,0,0,0,0,0
3.96042,253.00000,86.00000,0,0,0,0,1
3.98017,253.00000,86.00000,0,0,0,0,1
4.00004,253.00000,86.00000,0,0,0,0,1
4.02020,253.00000,86.00000,0,0,0,0,1
4.04039,253.00000,86.00000,0,0,0,0,1
4.06016,253.00000,86.00000,0,0,0,0,1
4.08041,253.00000,86.00000,0,0,0,0,1
4.10024,253.00000,86.00000,0,0,0,0,1
4.12040,253.00000,86.00000,0,0,0,0,1
4.14011,253.00000,86.00000,0,0,0,0,1
4.16051,253.00000,86.00000,0,0,0,0,1
4.18019,253.00000,86.00000,0,0,0,0,1
4.20014,253.00000,86.00000,0,0,0,0,1
4.22051,253.00000,86.00000,0,0,0,0,1
4.24022,253.00000,86.00000,0,0,0,0,1
4.26013,253.00000,86.00000,0,0,0,0,1
4.28014,253.00000,86.00000,0,0,0,0,1
4.30031,253.00000,86.00000,0,0,0,0,1
4.32007,253.00000,86.00000,0,0,0,0,1
4.34028,253.00000,86.00000,0,0,0,0,1
4.36047,253.00000,86.00000,0,0,0,0,1
4.38013,253.00000,86.00000,0,0,0,0,1
4.40042,253.00000,86.00000,0,0,0,0,1
4.42043,253.00000,86.00000,0,0,0,0,1
4.44027,253.00000,86.00000,0,0,0,0,1
4.46030,253.00000,86.00000,0,0,0,0,1
4.48049,253.00000,86.00000,0,0,0,0,1
4.50017,253.00000,86.00000,0,0,0,0,1
4.52036,253.00000,86.00000,0,0,0,0,1
4.54049,253.00000,86.00000,0,0,0,0,1
4.56043,253.00000,86.00000,0,0,0,0,1
4.58047,253.00000,86.00000,0,0,0,0,1
4.60022,253.00000,86.00000,0,0,0,0,1
4.62032,253.00000,86.00000,0,0,0,0,1
4.64007,253.00000,86.00000,0,0,0,0,1
4.66040,253.00000,86.00000,0,0,0,0,1
4.68026,253.00000,86.00000,0,0,0,0,1
4.70045,253.00000,86.00000,0,0,0,0,1
4.72040,253.00000,86.00000,0,0,0,0,1
4.74028,253.00000,86.00000,0,0,0,0,1
4.76054,253.00000,86.00000,0,0,0,0,1
4.78014,253.00000,86.00000,0,0,0,0,1
4.80033,253.00000,86.00000,0,0,0,0,1
4.82011,253.00000,86.00000,0,0,0,0,1
4.84019,253.00000,86.00000,0,0,0,0,1
4.86023,253.00000,86.00000,0,0,0,0,1
4.88026,253.00000,86.00000,0,0,0,0,1
4.90015,253.00000,86.00000,0,0,0,0,1
4.92014,253.00000,86.00000,0,0,0,0,1
4.94026,253.00000,86.00000,0,0,0,0,1
4.96032,253.00000,86.00000,0,0,0,0,1
4.98025,253.00000,86.00000,0,0,0,0,1
5.00047,253.00000,86.00000,0,0,0,0,1
5.02018,253.00000,86.00000,0,0,0,0,1
5.04013,253.00000,86.00000,0,0,0,0,1
5.06027,253.00000,86.00000,0,0,0,0,1
5.08054,253.00000,86.00000,0,0,0,0,1
5.10048,253.00000,86.00000,0,0,0,0,1
5.12011,253.00000,86.00000,0,0,0,0,1
5.14032,253.00000,86.00000,0,0,0,0,1
5.16046,253.00000,86.00000,0,0,0,0,1
5.18012,253.00000,86.00000,0,0,0,0,1
5.20038,253.00000,86.00000,0,0,0,0,1
5.22020,253.00000,86.00000,0,0,0,0,1
5.24046,253.00000,86.00000,0,0,0,0,1
5.26052,253.00000,86.00000,0,0,0,0,1
5.28055,253.00000,86.00000,0,0,0,0,1
5.30016,253.00000,86.00000,0,0,0,0,1
5.32034,253.00000,86.00000,0,0,0,0,1
5.34014,253.00000,86.00000,0,0,0,0,1
5.36024,253.00000,86.00000,0,0,0,0,1
5.38040,253.00000,86.00000,0,0,0,0,1
5.40010,253.00000,86.00000,0,0,0,0,1
5.42007,253.00000,86.00000,0,0,0,0,1
5.44025,253.00000,86.00000,0,0,0,0,1
5.46040,253.00000,86.00000,0,0,0,0,1
5.48030,253.00000,86.00000,0,0,0,0,1
5.50042,253.00000,86.00000,0,0,0,0,1
5.52047,253.00000,86.00000,0,0,0,0,1
5.54017,253.00000,86.00000,0,0,0,0,1
5.56039,253.00000,86.00000,0,0,0,0,1
5.58035,253.00000,86.00000,0,0,0,0,1
5.60051,253.00000,86.00000,0,0,0,0,1
5.62017,253.00000,86.00000,0,0,0,0,1
5.64006,253.00000,86.00000,0,0,0,0,1
5.66049,253.00000,86.00000,0,0,0,0,1
5.68054,253.00000,86.00000,0,0,0,0,1
5.70023,253.00000,86.00000,0,0,0,0,1
5.72043,253.00000,86.00000,0,0,0,0,1
5.74011,253.00000,86.00000,0,0,0,0,1
5.76035,253.00000,86.00000,0,0,0,0,1
5.78037,253.00000,86.00000,0,0,0,0,1
5.80049,253.00000,86.00000,0,0,0,0,1
5.82041,253.00000,86.00000,0,0,0,0,1
5.84006,253.00000,86.00000,0,0,0,0,1
5.86022,253.00000,86.00000,0,0,0,0,1
5.88055,253.00000,86.00000,0,0,0,0,1
5.90024,253.00000,86.00000,0,0,0,0,1
5.92044,253.00000,86.00000,0,0,0,0,1
5.94017,253.00000,86.00000,0,0,0,0,1
5.96041,253.00000,86.00000,0,0,0,0,1
5.98023,253.00000,86.00000,0,0,0,0,1
6.00032,253.00000,86.00000,0,0,0,0,1
6.02019,253.00000,86.00000,0,0,0,0,1
6.04042,253.00000,86.00000,0,0,0,0,1
6.06013,253.00000,86.00000,0,0,0,0,1
6.08033,253.00000,86.00000,0,0,0,0,1
6.10052,253.00000,86.00000,0,0,0,0,1
6.12024,253.00000,86.00000,0,0,0,0,1
6.14043,253.00000,86.00000,0,0,0,0,1
6.16010,253.00000,86.00000,0,0,0,0,1
6.18026,253.00000,86.00000,0,0,0,0,1
6.20054,253.00000,86.00000,0,0,0,0,1
6.22030,253.00000,86.00000,0,0,0,0,1
6.24050,253.00000,86.00000,0,0,0,0,1
6.26018,253.00000,86.00000,0,0,0,0,1
6.28054,253.00000,86.00000,0,0,0,0,1
6.30016,253.00000,86.00000,0,0,0,0,1
6.32046,253.00000,86.00000,0,0,0,0,1
6.34025,253.00000,86.00000,0,0,0,0,1
6.36006,253.00000,86.00000,0,0,0,0,1
6.38029,253.00000,86.00000,0,0,0,0,1
6.40047,253.00000,86.00000,0,0,0,0,1
6.42052,253.00000,86.00000,0,0,0,0,1
6.44024,253.00000,86.00000,0,0,0,0,1
6.46047,253.00000,86.00000,0,0,0,0,1
6.48015,253.00000,86.00000,0,0,0,0,1
6.50023,253.00000,86.00000,0,0,0,0,1
6.52039,253.00000,86.00000,0,0,0,0,1
6.54055,253.00000,86.00000,0,0,0,0,1
6.56018,253.00000,86.00000,0,0,0,0,1
6.58036,253.00000,86.00000,0,0,0,0,1
6.60054,253.00000,86.00000,0,0,0,0,1
6.62012,253.00000,86.00000,0,0,0,0,1
6.64033,253.00000,86.00000,0,0,0,0,1
6.66049,253.00000,86.00000,0,0,0,0,1
6.68007,253.00000,86.00000,0,0,0,0,1
6.70022,253.00000,86.00000,0,0,0,0,1
6.72038,253.00000,86.00000,0,0,0,0,1
6.74035,253.00000,86.00000,0,0,0,0,1
6.76053,253.00000,86.00000,0,0,0,0,1
6.78019,253.00000,86.00000,0,0,0,0,1
6.80038,253.00000,86.00000,0,0,0,0,1
6.82041,253.00000,86.00000,0,0,0,0,1
6.84036,253.00000,86.00000,0,0,0,0,1
6.86050,253.00000,86.00000,0,0,0,0,1
6.88021,253.00000,86.00000,0,0,0,0,1
6.90012,253.00000,86.00000,0,0,0,0,1
6.92041,253.00000,86.00000,0,0,0,0,1
6.94042,253.00000,86.00000,0,0,0,0,1
6.96013,253.00000,86.00000,0,0,0,0,1
6.98029,253.00000,86.00000,0,0,0,0,1
7.00046,253.00000,86.00000,0,0,0,0,1
7.02004,253.00000,86.00000,0,0,0,0,1
7.04016,253.00000,86.00000,0,0,0,0,1
7.06022,253.00000,86.00000,0,0,0,0,1
7.08022,253.00000,86.00000,0,0,0,0,1
7.10022,253.00000,86.00000,1,0,0,0,1
7.12038,253.07443,86.69603,1,0,0,0,1
7.14015,253.11165,87.04404,1,0,0,0,1
7.16022,253.14886,87.39206,1,0,0,0,1
7.18054,253.18608,87.74007,1,0,0,0,1
7.20033,253.26051,88.43610,1,0,0,0,1
7.22022,253.29773,88.78412,1,0,0,0,1
7.24035,253.33495,89.13213,1,0,0,0,1
7.26024,253.37216,89.48015,1,0,0,0,1
7.28046,253.40938,89.82816,1,0,0,0,1
7.30025,253.48381,90.52419,1,0,0,0,1
7.32007,253.52103,90.87221,1,0,0,0,1
7.34021,253.55824,91.22022,1,0,0,0,1
7.36017,253.59546,91.56824,1,0,0,0,1
7.38041,253.63268,91.91625,1,0,0,0,1
7.40025,253.70711,92.61228,1,0,0,0,1
7.42030,253.74432,92.96030,1,0,0,0,1
7.44047,253.78154,93.30831,1,0,0,0,1
7.46011,253.81876,93.65633,1,0,0,0,1
7.48017,253.85597,94.00434,1,0,0,0,1
7.50041,253.93040,94.70037,1,0,0,0,1
7.52030,254.00484,95.39640,1,0,0,0,1
7.54007,254.04205,95.74442,1,0,0,0,1
7.56049,254.07927,96.09243,1,0,0,0,1
7.58042,254.11649,96.44044,1,0,0,0,1
7.60015,254.19092,97.13647,1,0,0,0,1
7.62056,254.22813,97.48449,1,0,0,0,1
7.64022,254.26535,97.83250,1,0,0,0,1
7.66054,254.30257,98.18052,1,0,0,0,1
7.68052,254.33978,98.52853,1,0,0,0,1
7.70032,254.41422,99.22456,1,0,0,0,1
7.72053,254.45143,99.57258,1,0,0,0,1
7.74042,254.48865,99.92059,1,0,0,0,1
7.76032,254.52586,100.26861,1,0,0,0,1
7.78019,254.56308,100.61662,1,0,0,0,1
7.80021,254.63751,101.31265,1,0,0,0,1
7.82030,254.67473,101.66067,1,0,0,0,1
7.84041,254.71194,102.00868,1,0,0,0,1
7.86015,254.74916,102.35670,1,0,0,0,1
7.88056,254.78638,102.70471,1,0,0,0,1
7.90021,254.86081,103.40074,1,0,0,0,1
7.92028,254.93524,104.09677,1,0,0,0,1
7.94047,254.97246,104.44479,1,0,0,0,1
7.96013,255.00967,104.79280,1,0,0,0,1
7.98025,255.04689,105.14082,1,0,0,0,1
8.00047,255.12132,105.83685,1,0,0,0,1
8.02012,255.15854,106.18486,1,0,0,0,1
8.04022,255.19576,106.53288,1,0,0,0,1
8.06037,255.23297,106.88089,1,0,0,0,1
8.08024,255.27019,107.22890,1,0,0,0,1
8.10006,255.34462,107.92493,1,0,0,0,1
8.12040,255.38184,108.27295,1,0,0,0,1
8.14010,255.41905,108.62096,1,0,0,0,1
8.16031,255.45627,108.96898,1,0,0,0,1
8.18023,255.49348,109.31699,1,0,0,0,1
8.20003,255.56792,110.01302,1,0,0,0,1
8.22108,255.60513,110.36104,1,0,0,0,1
8.24049,255.60513,110.36104,1,0,0,0,1
8.26028,255.71678,111.40508,1,0,0,0,1
8.28039,255.71678,111.40508,1,0,0,0,1
8.30023,255.79121,112.10111,1,0,0,0,1
8.32019,255.86565,112.79714,1,0,0,0,1
8.34027,255.90286,113.14516,1,0,0,0,1
8.36018,255.94008,113.49317,1,0,0,0,1
8.38007,255.97729,113.84119,1,0,0,0,1
8.40022,256.05170,114.53722,1,0,0,0,1
8.42046,256.08890,114.88523,1,0,0,0,1
8.44019,256.12610,115.23325,1,0,0,0,1
8.46052,256.16330,115.58126,1,0,0,0,1
8.48018,256.20050,115.92928,1,0,0,0,1
8.50043,256.27490,116.62531,1,0,0,0,1
8.52038,256.31210,116.97332,1,0,0,0,1
8.54009,256.34930,117.32133,1,0,0,0,1
8.56029,256.38651,117.66935,1,0,0,0,1
8.58053,256.42371,118.01736,1,0,0,0,1
8.60029,256.49811,118.71339,1,0,0,0,1
8.62079,256.53531,119.06141,1,0,1,0,1
8.64013,256.57251,119.40942,1,0,1,0,1
8.66040,256.63394,119.75399,1,0,1,0,1
8.68003,256.71927,120.09343,1,0,1,0,1
8.70019,256.95990,120.75031,1,0,0,0,1
8.72048,257.28970,121.36726,1,0,0,0,1
8.74015,257.46539,121.66998,1,0,0,0,1
8.76031,257.64108,121.97269,1,0,0,0,1
8.78048,257.81677,122.27540,1,0,0,0,1
8.80022,258.16815,122.88082,1,0,0,0,1
8.82035,258.34384,123.18353,1,0,0,0,1
8.84053,258.51953,123.48624,1,0,0,0,1
8.86009,258.69522,123.78896,1,0,0,0,1
8.88030,258.87091,124.09167,1,0,0,0,1
8.90013,259.22229,124.69709,1,0,0,0,1
8.92013,259.39798,124.99980,1,0,0,0,1
8.94034,259.57367,125.30251,1,0,0,0,1
8.96024,259.74936,125.60522,1,0,0,0,1
8.98046,259.92505,125.90794,1,0,0,0,1
9.00052,260.27643,126.51336,1,0,0,0,1
9.02047,260.45212,126.81607,1,0,0,0,1
9.04022,260.62781,127.11878,1,0,0,0,1
9.06014,260.80350,127.42149,1,0,0,0,1
9.08007,260.97919,127.72421,1,0,0,0,1
9.10046,261.33057,128.32962,1,0,0,0,1
9.12015,261.68195,128.93503,1,0,0,0,1
9.14041,261.85764,129.23773,1,0,0,0,1
9.16015,262.03333,129.54044,1,0,0,0,1
9.18046,262.20901,129.84314,1,0,0,0,1
9.20016,262.56039,130.44855,1,0,0,0,1
9.22015,262.73608,130.75125,1,0,0,0,1
9.24020,262.91177,131.05396,1,0,0,0,1
9.26020,263.08746,131.35666,1,0,0,0,1
9.28020,263.26315,131.65936,1,0,0,0,1
9.30013,263.61453,132.26477,1,0,0,0,1
9.32009,263.79022,132.56747,1,1,0,0,1
9.34024,263.96591,132.87018,1,1,0,0,1
9.36043,264.12006,133.18440,1,1,0,0,1
9.38021,264.25192,133.50862,1,1,0,0,1
9.40051,264.44632,134.18063,1,1,0,0,1
9.42005,264.50790,134.52518,1,1,0,0,1
9.44050,264.54532,134.87317,1,1,0,0,1
9.46028,264.55838,135.22293,1,0,0,0,1
9.48054,264.51126,135.92091,1,0,0,0,1
9.50030,264.47552,136.26909,1,0,0,0,1
9.52010,264.40405,136.96544,1,0,0,0,1
9.54053,264.36832,137.31361,1,0,0,0,1
9.56046,264.33258,137.66179,1,0,0,0,1
9.58024,264.29684,138.00996,1,0,0,0,1
9.60052,264.22537,138.70631,1,0,0,0,1
9.62017,264.18964,139.05449,1,0,0,0,1
9.64048,264.15390,139.40266,1,0,0,0,1
9.66045,264.11816,139.75084,1,0,0,0,1
9.68046,264.08243,140.09901,1,0,0,0,1
9.70033,264.01096,140.79536,1,0,0,0,1
9.72050,263.97522,141.14354,1,0,0,0,1
9.74043,263.93948,141.49171,1,0,0,0,1
9.76020,263.90375,141.83989,1,0,0,0,1
9.78050,263.86801,142.18806,1,0,0,0,1
9.80063,263.79654,142.88441,1,0,0,0,1
9.82007,263.76080,143.23259,1,0,0,0,1
9.84014,263.72507,143.58076,1,0,0,0,1
9.86031,263.68933,143.92894,1,0,0,0,1
9.88020,263.65359,144.27711,1,0,0,0,1
9.90054,263.58212,144.97346,1,0,0,0,1
9.92039,263.51065,145.66982,1,0,0,0,1
9.94021,263.47491,146.01799,1,0,0,0,1
9.96040,263.43918,146.36617,1,0,0,0,1
9.98009,263.43918,146.36617,1,0,0,0,1
10.00039,263.36771,147.06252,1,0,0,0,1
10.02030,263.29623,147.75887,1,0,0,0,1
10.04037,263.26050,148.10704,1,0,0,0,1
10.06006,263.22476,148.45522,1,0,0,0,1
10.08028,263.18903,148.80339,1,0,0,0,1
10.10022,263.11755,149.49974,1,0,0,0,1
10.12018,263.08182,149.84792,1,0,0,0,1
10.14043,263.04608,150.19609,1,0,0,0,1
10.16006,263.01035,150.54427,1,0,0,0,1
10.18014,262.97461,150.89244,1,0,0,0,1
10.20066,262.90314,151.58879,1,0,0,0,1
10.22031,262.86740,151.93697,1,0,0,0,1
10.24049,262.79593,152.63332,1,0,0,0,1
10.26031,262.76019,152.98149,1,0,1,0,1
10.28060,262.72446,153.32967,1,0,1,0,1
10.30036,262.71310,153.67949,1,0,1,0,1
10.32052,262.76373,154.37721,1,0,1,0,1
10.34026,262.82544,154.72173,1,0,1,0,1
10.36034,262.91107,155.06110,1,0,0,0,1
10.38037,263.02020,155.39365,1,0,0,0,1
10.40050,263.23846,156.05875,1,0,0,0,1
10.42045,263.34760,156.39130,1,0,0,0,1
10.44010,263.45673,156.72385,1,0,0,0,1
10.46017,263.56586,157.05640,1,0,0,0,1
10.48053,263.67499,157.38895,1,0,0,0,1
10.50038,263.89325,158.05405,1,0,0,0,1
10.52004,264.00238,158.38660,1,0,0,0,1
10.54042,264.11151,158.71915,1,0,0,0,1
10.56054,264.22064,159.05170,1,0,0,0,1
10.58047,264.32977,159.38425,1,0,0,0,1
10.60017,264.54803,160.04935,1,0,0,0,1
10.62021,264.65717,160.38190,1,0,0,0,1
10.64007,264.76630,160.71445,1,0,0,0,1
10.66009,264.87543,161.04700,1,0,0,0,1
10.68022,265.09369,161.71210,1,0,0,0,1
10.70047,265.20282,162.04465,1,0,0,0,1
10.72009,265.42108,162.70975,1,0,0,0,1
10.74017,265.53021,163.04230,1,0,0,0,1
10.76036,265.63934,163.37485,1,0,0,0,1
10.78053,265.74847,163.70740,1,0,0,0,1
10.80013,265.96674,164.37250,1,0,0,0,1
10.82032,266.07587,164.70505,1,0,0,0,1
10.84030,266.18500,165.03760,1,0,0,0,1
10.86053,266.29413,165.37015,1,0,0,0,1
10.88048,266.40326,165.70270,1,0,0,0,1
10.90053,266.62152,166.36780,1,0,0,0,1
10.92033,266.73065,166.70035,1,0,0,0,1
10.94007,266.83978,167.03290,1,0,0,0,1
10.96010,266.94891,167.36545,1,0,0,0,1
10.98032,267.05804,167.69800,1,0,0,0,1
11.00048,267.16718,168.03055,1,1,0,0,1
11.02025,267.38544,168.69565,1,1,0,0,1
11.04046,267.47110,169.03500,1,1,0,0,1
11.06042,267.53290,169.37950,1,1,0,0,1
11.08009,267.58374,170.07722,1,1,0,0,1
11.10033,267.57257,170.42705,1,1,0,0,1
11.12037,267.47729,171.12010,1,1,0,0,1
11.14015,267.39365,171.45996,1,0,0,0,1
11.16032,267.28650,171.79315,1,0,0,0,1
11.18047,267.15637,172.11807,1,0,0,0,1
11.20015,267.02625,172.44299,1,0,0,0,1
11.22004,266.76599,173.09283,1,0,0,0,1
11.24019,266.63586,173.41776,1,0,0,0,1
11.26051,266.50574,173.74268,1,0,0,0,1
11.28041,266.37561,174.06760,1,0,0,0,1
11.30020,266.24548,174.39252,1,0,0,0,1
11.32038,265.98523,175.04236,1,0,0,0,1
11.34017,265.85510,175.36728,1,0,0,0,1
11.36029,265.72498,175.69220,1,0,0,0,1
11.38018,265.59485,176.01712,1,0,0,0,1
11.40007,265.46472,176.34204,1,0,0,0,1
11.42006,265.20447,176.99188,1,0,0,0,1
11.44011,264.94421,177.64172,1,0,0,0,1
11.46043,264.81409,177.96664,1,0,0,0,1
11.48034,264.68396,178.29156,1,0,0,0,1
11.50025,264.55383,178.61649,1,0,0,0,1
11.52025,264.29358,179.26633,1,0,0,0,1
11.54042,264.16345,179.59125,1,0,0,0,1
11.56028,264.03333,179.91617,1,0,0,0,1
11.58045,263.90320,180.24109,1,0,0,0,1
11.60014,263.77307,180.56601,1,0,0,0,1
11.62023,263.51282,181.21585,1,0,0,0,1
11.64041,263.38269,181.54077,1,0,0,0,1
11.66010,263.25256,181.86569,1,0,0,0,1
11.68040,263.12244,182.19061,1,0,0,0,1
11.70023,262.99231,182.51553,1,0,0,0,1
11.72005,262.73206,183.16537,1,0,0,0,1
11.74020,262.60193,183.49030,1,0,0,0,1
11.76010,262.34167,184.14014,1,0,0,0,1
11.78024,262.21155,184.46506,1,0,0,0,1
11.80048,262.08142,184.78998,1,0,0,0,1
11.82036,261.95129,185.11490,1,0,0,0,1
11.84009,261.69104,185.76474,1,0,0,0,1
11.86048,261.56091,186.08966,1,0,0,0,1
11.88056,261.43079,186.41458,1,0,0,0,1
11.90024,261.30066,186.73950,1,0,0,0,1
11.92013,261.04041,187.38934,1,0,0,0,1
11.94025,260.91028,187.71426,1,0,0,0,1
11.96016,260.78015,188.03918,1,0,0,0,1
11.98012,260.65002,188.36411,1,0,0,0,1
12.00048,260.51990,188.68903,1,0,1,0,1
12.02030,260.25964,189.33887,1,0,1,0,1
12.04043,260.15253,189.67207,1,0,1,0,1
12.06011,260.06894,190.01195,1,0,1,0,1
12.08017,260.00931,190.35683,1,0,1,0,1
12.10046,259.97391,190.70503,1,0,0,0,1
12.12025,259.95187,191.40468,1,0,0,0,1
12.14011,259.94086,191.75450,1,0,0,0,1
12.16028,259.92984,192.10432,1,0,0,0,1
12.18027,259.91882,192.45415,1,0,0,0,1
12.20003,259.90781,192.80397,1,0,0,0,1
12.22040,259.88577,193.50362,1,0,0,0,1
12.24053,259.86374,194.20326,1,0,0,0,1
12.26024,259.85272,194.55309,1,0,0,0,1
12.28014,259.84171,194.90291,1,0,0,0,1
12.30022,259.83069,195.25273,1,0,0,0,1
12.32031,259.80865,195.95238,1,0,0,0,1
12.34033,259.79764,196.30220,1,0,0,0,1
12.36053,259.78662,196.65202,1,0,0,0,1
12.38022,259.77560,197.00185,1,0,0,0,1
12.40042,259.76459,197.35167,1,0,0,0,1
12.42006,259.74255,198.05132,1,0,0,0,1
12.44023,259.73154,198.40114,1,0,0,0,1
12.46004,259.72052,198.75096,1,0,0,0,1
12.48019,259.70950,199.10078,1,0,0,0,1
12.50048,259.69849,199.45061,1,0,0,0,1
12.52014,259.67645,200.15025,1,0,0,0,1
12.54013,259.66544,200.50008,1,0,0,0,1
12.56010,259.65442,200.84990,1,0,0,0,1
12.58006,259.64340,201.19972,1,0,0,0,1
12.60027,259.63239,201.54955,1,0,0,0,1
12.62025,259.61035,202.24919,1,0,0,0,1
12.64049,259.58832,202.94884,1,0,0,0,1
12.66034,259.57730,203.29866,1,0,0,0,1
12.68033,259.56628,203.64848,1,0,0,0,1
12.70038,259.55527,203.99831,1,0,0,0,1
12.72007,259.53323,204.69795,1,0,0,0,1
12.74027,259.52222,205.04778,1,1,0,0,1
12.76043,259.51120,205.39760,1,1,0,0,1
12.78013,259.47583,205.74580,1,1,0,0,1
12.80013,259.41626,206.09070,1,1,0,0,1
12.82020,259.22580,206.76385,1,1,0,0,1
12.84024,259.09583,207.08884,1,0,0,0,1
12.86042,258.94351,207.40396,1,0,0,0,1
12.88021,258.76959,207.70769,1,0,0,0,1
12.90044,258.59567,208.01141,1,0,0,0,1
12.92022,258.24783,208.61887,1,0,0,0,1
12.94045,258.07391,208.92259,1,0,0,0,1
12.96053,257.89999,209.22632,1,0,0,0,1
12.98031,257.72607,209.53004,1,0,0,0,1
13.00022,257.55215,209.83377,1,0,0,0,1
13.02037,257.20432,210.44122,1,0,0,0,1
13.04022,256.85648,211.04868,1,0,0,0,1
13.06004,256.68256,211.35240,1,0,0,0,1
13.08013,256.50864,211.65613,1,0,0,0,1
13.10028,256.33472,211.95985,1,0,0,0,1
13.12052,255.98688,212.56731,1,0,0,0,1
13.14050,255.81296,212.87103,1,0,0,0,1
13.16016,255.63904,213.17476,1,0,0,0,1
13.18008,255.46512,213.47849,1,0,0,0,1
13.20007,255.29120,213.78221,1,0,0,0,1
13.22048,254.94336,214.38966,1,0,0,0,1
13.24029,254.76944,214.69339,1,0,0,0,1
13.26049,254.59552,214.99712,1,0,0,0,1
13.28006,254.42160,215.30084,1,0,0,0,1
13.30049,254.24768,215.60457,1,0,0,0,1
13.32030,253.89984,216.21202,1,0,0,0,1
13.34003,253.72592,216.51575,1,0,0,0,1
13.36052,253.55200,216.81947,1,0,0,0,1
13.38035,253.37808,217.12320,1,0,0,0,1
13.40048,253.20416,217.42693,1,0,0,0,1
13.42016,252.85632,218.03438,1,0,0,0,1
13.44031,252.50848,218.64183,1,0,0,0,1
13.46016,252.50848,218.64183,1,0,0,0,1
13.48029,252.16064,219.24928,1,0,0,0,1
13.50011,251.98672,219.55301,1,0,0,0,1
13.52079,251.63889,220.16046,1,0,0,0,1
13.54033,251.46497,220.46419,1,0,0,0,1
13.56033,251.29105,220.76791,1,0,0,0,1
13.58013,251.11713,221.07164,1,0,0,0,1
13.60020,250.94321,221.37537,1,0,0,0,1
13.62020,250.76929,221.67909,1,0,0,0,1
13.64018,250.42145,222.28654,1,0,1,0,1
13.66033,250.24753,222.59027,1,0,1,0,1
13.68045,250.09525,222.90541,1,0,1,0,1
13.70014,249.96535,223.23041,1,0,1,0,1
13.72029,249.77512,223.90363,1,0,1,0,1
13.74038,249.71571,224.24855,1,0,1,0,1
13.76007,249.68054,224.59677,1,0,1,0,1
13.78024,249.68346,225.29634,1,0,0,0,1
13.80018,249.69714,225.64607,1,0,0,0,1
13.82048,249.71083,225.99580,1,0,0,0,1
13.84027,249.73820,226.69527,1,0,0,0,1
13.86045,249.75189,227.04500,1,0,0,0,1
13.88037,249.76558,227.39473,1,0,0,0,1
13.90006,249.77927,227.74446,1,0,0,0,1
13.92032,249.80664,228.44392,1,0,0,0,1
13.94044,249.82033,228.79366,1,0,0,0,1
13.96008,249.83401,229.14339,1,0,0,0,1
13.98028,249.84770,229.49312,1,0,0,0,1
14.00046,249.86139,229.84285,1,0,0,0,1
14.02049,249.88876,230.54231,1,0,0,0,1
14.04017,249.90245,230.89204,1,0,0,0,1
14.06011,249.91614,231.24178,1,0,0,0,1
14.08032,249.92982,231.59151,1,0,0,0,1
14.10051,249.94351,231.94124,1,0,0,0,1
14.12055,249.97089,232.64070,1,0,0,0,1
14.14014,249.98457,232.99043,1,0,0,0,1
14.16031,249.99826,233.34016,1,0,0,0,1
14.18050,250.01195,233.68990,1,0,0,0,1
14.20021,250.03932,234.38936,1,0,0,0,1
14.22023,250.05301,234.73909,1,0,0,0,1
14.24021,250.08038,235.43855,1,0,0,0,1
14.26043,250.09407,235.78828,1,0,0,0,1
14.28054,250.10776,236.13802,1,0,0,0,1
14.30043,250.12144,236.48775,1,0,0,0,1
14.32066,250.14882,237.18721,1,0,0,0,1
14.34049,250.16251,237.53694,1,0,0,0,1
14.36032,250.17619,237.88667,1,0,0,0,1
14.38047,250.18988,238.23640,1,0,0,0,1
14.40036,250.20357,238.58614,1,1,0,0,1
14.42025,250.23094,239.28560,1,1,0,0,1
14.44008,250.22020,239.63544,1,1,0,0,1
14.46005,250.18509,239.98367,1,1,0,0,1
14.48011,250.12578,240.32861,1,1,0,0,1
14.50043,250.04256,240.66858,1,0,0,0,1
14.52004,249.80612,241.32698,1,0,0,0,1
14.54019,249.67641,241.65205,1,0,0,0,1
14.56033,249.54669,241.97713,1,0,0,0,1
14.58006,249.41698,242.30220,1,0,0,0,1
14.60047,249.15755,242.95235,1,0,0,0,1
14.62006,249.02783,243.27742,1,0,0,0,1
14.64034,248.76840,243.92757,1,0,0,0,1
14.66053,248.63869,244.25264,1,0,0,0,1
14.68027,248.50897,244.57771,1,0,0,0,1
14.70046,248.37926,244.90279,1,0,0,0,1
14.72016,248.11983,245.55293,1,0,0,0,1
14.74036,247.99011,245.87801,1,0,0,0,1
14.76025,247.86040,246.20308,1,0,0,0,1
14.78020,247.73068,246.52815,1,0,0,0,1
14.80026,247.60097,246.85323,1,0,0,0,1
14.82006,247.34154,247.50337,1,0,0,0,1
14.84036,247.21182,247.82845,1,0,0,0,1
14.86049,247.08211,248.15352,1,0,0,0,1
14.88038,246.95239,248.47859,1,0,0,0,1
14.90043,246.82268,248.80367,1,0,0,0,1
14.92044,246.56325,249.45381,1,0,0,0,1
14.94050,246.43353,249.77888,1,0,0,0,1
14.96011,246.30382,250.10396,1,0,0,0,1
14.98037,246.04439,250.75410,1,0,0,0,1
15.00028,245.91467,251.07918,1,0,0,0,1
15.02036,245.78496,251.40425,1,0,0,0,1
15.04052,245.52553,252.05440,1,0,0,0,1
15.06017,245.39581,252.37947,1,0,0,0,1
15.08008,245.26610,252.70454,1,0,0,0,1
15.10046,245.13638,253.02962,1,0,0,0,1
15.12017,245.00667,253.35469,1,0,0,0,1
15.14008,245.00667,253.35469,1,0,0,0,1
15.16021,244.74724,254.00484,1,0,0,0,1
15.18032,244.48781,254.65498,1,0,0,0,1
15.20017,244.22838,255.30513,1,0,0,0,1
15.22050,244.09866,255.63020,1,0,0,0,1
15.24018,243.96895,255.95528,1,0,0,0,1
15.26020,243.83923,256.28036,1,0,0,0,1
15.28020,243.57980,256.93051,1,0,0,0,1
15.30020,243.45009,257.25558,1,0,0,0,1
15.32023,243.32037,257.58066,1,0,1,0,1
15.34030,243.19066,257.90573,1,0,1,0,1
15.36031,242.95425,258.56415,1,0,1,0,1
15.38012,242.87109,258.90411,1,0,1,0,1
15.40045,242.81189,259.24908,1,0,1,0,1
15.42026,242.77692,259.59732,1,0,1,0,1
15.44029,242.78023,260.29691,1,0,1,0,1
15.46044,242.81851,260.64481,1,0,0,0,1
15.48008,242.88100,260.98920,1,0,0,0,1
15.50028,242.94348,261.33359,1,0,0,0,1
15.52043,243.00597,262.02237,1,0,0,0,1
15.54054,243.13094,262.36676,1,0,0,0,1
15.56029,243.19342,262.71115,1,0,0,0,1
15.58007,243.25591,263.05554,1,0,0,0,1
15.60048,243.31839,263.39993,1,0,0,0,1
15.62045,243.38087,263.74432,1,0,0,0,1
15.64027,243.50584,264.43311,1,0,0,0,1
15.66034,243.56833,264.77750,1,0,0,0,1
15.68046,243.63081,265.12189,1,0,0,0,1
15.70055,243.69330,265.46628,1,0,0,0,1
15.72011,243.75578,265.81067,1,0,0,0,1
15.74013,243.88075,266.49945,1,0,0,0,1
15.76014,244.00572,267.18823,1,0,0,0,1
15.78025,244.06821,267.53262,1,0,0,0,1
15.80026,244.13069,267.87701,1,0,0,0,1
15.82028,244.19318,268.22141,1,0,0,0,1
15.84011,244.31815,268.91019,1,0,0,0,1
15.86052,244.38063,269.25458,1,0,0,0,1
15.88005,244.44312,269.59897,1,0,0,0,1
15.90018,244.50560,269.94336,1,0,0,0,1
15.92024,244.56808,270.28775,1,0,0,0,1
15.94053,244.69305,270.97653,1,0,0,0,1
15.96053,244.75554,271.32092,1,0,0,0,1
15.98015,244.81802,271.66531,1,0,0,0,1
16.00039,244.88051,272.00970,1,0,0,0,1
16.02011,244.94299,272.35410,1,0,0,0,1
16.04004,245.06796,273.04288,1,0,0,0,1
16.06047,245.13045,273.38727,1,0,0,0,1
16.08032,245.19293,273.73166,1,1,0,0,1
16.10012,245.25542,274.07605,1,1,0,0,1
16.12028,245.31790,274.42044,1,1,0,0,1
16.14018,245.37018,275.11807,1,1,0,0,1
16.16038,245.32487,275.81619,1,1,0,0,1
16.18047,245.26584,276.16116,1,1,0,0,1
16.20041,245.18288,276.50119,1,1,0,0,1
16.22047,245.07640,276.83459,1,0,0,0,1
16.24050,244.81749,277.48492,1,0,0,0,1
16.26043,244.68803,277.81009,1,0,0,0,1
16.28016,244.55858,278.13525,1,0,0,0,1
16.30044,244.42912,278.46042,1,0,0,0,1
16.32030,244.29967,278.78558,1,0,0,0,1
16.34053,244.04076,279.43591,1,0,0,0,1
16.36023,243.91130,279.76108,1,0,0,0,1
16.38049,243.78185,280.08624,1,0,0,0,1
16.40028,243.65239,280.41141,1,0,0,0,1
16.42023,243.52293,280.73657,1,0,0,0,1
16.44046,243.26402,281.38690,1,0,0,0,1
16.46012,243.13457,281.71207,1,0,0,0,1
16.48006,243.00511,282.03723,1,0,0,0,1
16.50040,242.87566,282.36240,1,0,0,0,1
16.52045,242.74620,282.68756,1,0,0,0,1
16.54049,242.48729,283.33789,1,0,0,0,1
16.56020,242.22838,283.98822,1,0,0,0,1
16.58033,242.09892,284.31339,1,0,0,0,1
16.60054,241.96947,284.63855,1,0,0,0,1
16.62031,241.84001,284.96371,1,0,0,0,1
16.64054,241.58110,285.61404,1,0,0,0,1
16.66015,241.45164,285.93921,1,0,0,0,1
16.68030,241.32219,286.26437,1,0,0,0,1
16.70049,241.19273,286.58954,1,0,0,0,1
16.72054,241.06328,286.91470,1,0,0,0,1
16.74050,240.80437,287.56503,1,0,0,0,1
16.76007,240.67491,287.89020,1,0,0,0,1
16.78025,240.54546,288.21536,1,0,0,0,1
16.80038,240.41600,288.54053,1,0,0,0,1
16.82051,240.28654,288.86569,1,0,0,0,1
16.84043,240.02763,289.51602,1,0,0,0,1
16.86027,239.89818,289.84119,1,0,0,0,1
16.88046,239.89818,289.84119,1,0,0,0,1
16.90012,239.63927,290.49152,1,0,0,0,1
16.92038,239.38036,291.14185,1,0,0,0,1
16.94054,239.25090,291.46701,1,0,0,0,1
16.96048,238.99199,292.11734,1,0,1,0,1
16.98011,238.88556,292.45078,1,0,1,0,1
17.00044,238.80267,292.79083,1,0,1,0,1
17.02033,238.74373,293.13583,1,0,1,0,1
17.04050,238.70901,293.48410,1,0,1,0,1
17.06053,238.71288,294.18365,1,0,1,0,1
17.08018,238.75142,294.53152,1,0,0,0,1
17.10033,238.81416,294.87585,1,0,0,0,1
17.12011,238.90080,295.21497,1,0,0,0,1
17.14052,239.07408,295.89319,1,0,0,0,1
17.16022,239.16072,296.23230,1,0,0,0,1
17.18053,239.24736,296.57141,1,0,0,0,1
17.20032,239.33400,296.91052,1,0,0,0,1
17.22051,239.42064,297.24963,1,0,0,0,1
17.24021,239.59392,297.92786,1,0,0,0,1
17.26034,239.68056,298.26697,1,0,0,0,1
17.28019,239.76720,298.60608,1,0,0,0,1
17.30034,239.85384,298.94519,1,0,0,0,1
17.32054,239.94048,299.28430,1,0,0,0,1
17.34024,240.11375,299.96252,1,0,0,0,1
17.36017,240.28703,300.64075,1,0,0,0,1
17.38027,240.37367,300.97986,1,0,0,0,1
17.40008,240.46031,301.31897,1,0,0,0,1
17.42020,240.54695,301.65808,1,0,0,0,1
17.44037,240.72023,302.33630,1,0,0,0,1
17.46010,240.80687,302.67542,1,0,0,0,1
17.48032,240.89351,303.01453,1,0,0,0,1
17.50048,240.98015,303.35364,1,0,0,0,1
17.52014,241.06679,303.69275,1,0,0,0,1
17.54042,241.24007,304.37097,1,0,0,0,1
17.56051,241.32671,304.71008,1,0,0,0,1
17.58018,241.41335,305.04919,1,0,0,0,1
17.60021,241.49998,305.38831,1,0,0,0,1
17.62018,241.58662,305.72742,1,0,0,0,1
17.64047,241.75990,306.40564,1,0,0,0,1
17.66015,241.84654,306.74475,1,0,0,0,1
17.68037,241.93318,307.08386,1,0,0,0,1
17.70011,242.01982,307.42297,1,0,0,0,1
17.72026,242.19310,308.10120,1,0,0,0,1
17.74004,242.27974,308.44031,1,1,0,0,1
17.76032,242.42915,309.12375,1,1,0,0,1
17.78008,242.46776,309.47162,1,1,0,0,1
17.80019,242.48201,309.82132,1,1,0,0,1
17.82028,242.47185,310.17117,1,1,0,0,1
17.84051,242.37856,310.86450,1,1,0,0,1
17.86019,242.29588,311.20459,1,1,0,0,1
17.88052,242.18970,311.53809,1,0,0,0,1
17.90051,242.06052,311.86337,1,0,0,0,1
17.92009,241.93134,312.18866,1,0,0,0,1
17.94010,241.67297,312.83923,1,0,0,0,1
17.96017,241.54379,313.16452,1,0,0,0,1
17.98018,241.41461,313.48981,1,0,0,0,1
18.00027,241.28543,313.81509,1,0,0,0,1
18.02027,241.15625,314.14038,1,0,0,0,1
18.04025,240.89789,314.79095,1,0,0,0,1
18.06003,240.76871,315.11624,1,0,0,0,1
18.08010,240.63953,315.44153,1,0,0,0,1
18.10025,240.38116,316.09210,1,0,0,0,1
18.12041,240.25198,316.41739,1,0,0,0,1
18.14031,240.12280,316.74268,1,0,0,0,1
18.16016,239.86444,317.39325,1,0,0,0,1
18.18052,239.73526,317.71854,1,0,0,0,1
18.20022,239.60608,318.04382,1,0,0,0,1
18.22053,239.47690,318.36911,1,0,0,0,1
18.24057,239.21854,319.01968,1,0,0,0,1
18.26029,239.08936,319.34497,1,0,0,0,1
18.28042,238.96017,319.67026,1,0,0,0,1
18.30011,238.83099,319.99554,1,0,0,0,1
18.32027,238.70181,320.32083,1,0,0,0,1
18.34050,238.44345,320.97141,1,0,0,0,1
18.36037,238.31427,321.29669,1,0,0,0,1
18.38024,238.18509,321.62198,1,0,0,0,1
18.40032,238.05591,321.94727,1,0,0,0,1
18.42015,237.92673,322.27255,1,0,0,0,1
18.44046,237.66837,322.92313,1,0,0,0,1
18.46037,237.53918,323.24841,1,0,0,0,1
18.48049,237.41000,323.57370,1,0,0,0,1
18.50015,237.15164,324.22427,1,0,0,0,1
18.52043,237.02246,324.54956,1,0,0,0,1
18.54035,236.89328,324.87485,1,0,0,0,1
18.56048,236.63492,325.52542,1,0,0,0,1
18.58021,236.50574,325.85071,1,0,0,0,1
18.60017,236.37656,326.17599,1,0,1,0,1
18.62035,236.24738,326.50128,1,0,1,0,1
18.64011,236.05862,327.17493,1,0,1,0,1
18.66011,235.99998,327.51999,1,0,1,0,1
18.68031,235.96558,327.86829,1,0,1,0,1
18.70037,235.95558,328.21814,1,0,1,0,1
18.72012,235.97005,328.56784,1,0,0,0,1
18.74027,236.04774,329.26352,1,0,0,0,1
18.76041,236.08659,329.61136,1,0,0,0,1
18.78007,236.12544,329.95920,1,0,0,0,1
18.80030,236.16429,330.30704,1,0,0,0,1
18.82030,236.20314,330.65488,1,0,0,0,1
18.84006,236.28084,331.35056,1,0,0,0,1
18.86015,236.31969,331.69839,1,0,0,0,1
18.88027,236.35854,332.04623,1,0,0,0,1
18.90046,236.39738,332.39407,1,0,0,0,1
18.92037,236.47508,333.08975,1,0,0,0,1
18.94061,236.51393,333.43759,1,0,0,0,1
18.96051,236.59163,334.13327,1,0,0,0,1
18.98018,236.63048,334.48111,1,0,0,0,1
19.00057,236.66933,334.82895,1,0,0,0,1
19.02051,236.70818,335.17679,1,0,0,0,1
19.04040,236.78587,335.87247,1,0,0,0,1
19.06011,236.82472,336.22031,1,0,0,0,1
19.08017,236.86357,336.56815,1,0,0,0,1
19.10026,236.90242,336.91599,1,0,0,0,1
19.12004,236.94127,337.26382,1,0,0,0,1
19.14018,237.01897,337.95950,1,0,0,0,1
19.16029,237.05782,338.30734,1,0,0,0,1
19.18035,237.09666,338.65518,1,0,0,0,1
19.20028,237.13551,339.00302,1,0,0,0,1
19.22027,237.17436,339.35086,1,0,0,0,1
19.24022,237.21321,339.69870,1,0,0,0,1
19.26035,237.29091,340.39438,1,0,0,0,1
19.28042,237.36861,341.09006,1,0,0,0,1
19.30009,237.40746,341.43790,1,0,0,0,1
19.32029,237.44630,341.78574,1,1,0,0,1
19.34040,237.48515,342.13358,1,1,0,0,1
19.36050,237.53850,342.83112,1,1,0,0,1
19.38046,237.52856,343.18097,1,1,0,0,1
19.40020,237.49426,343.52930,1,1,0,0,1
19.42034,237.43575,343.87436,1,1,0,0,1
19.44019,237.35330,344.21451,1,0,0,0,1
19.46052,237.11838,344.87347,1,0,0,0,1
19.48014,236.98941,345.19885,1,0,0,0,1
19.50047,236.86044,345.52423,1,0,0,0,1
19.52012,236.73148,345.84961,1,0,0,0,1
19.54048,236.47354,346.50037,1,0,0,0,1
19.56017,236.34457,346.82574,1,0,0,0,1
19.58049,236.21561,347.15112,1,0,0,0,1
19.60035,236.08664,347.47650,1,0,0,0,1
19.62015,235.95767,347.80188,1,0,0,0,1
19.64039,235.82870,348.12726,1,0,0,0,1
19.66035,235.57077,348.77802,1,0,0,0,1
19.68005,235.31284,349.42877,1,0,0,0,1
19.70022,235.18387,349.75415,1,0,0,0,1
19.72046,235.05490,350.07953,1,0,0,0,1
19.74023,234.92593,350.40491,1,0,0,0,1
19.76031,234.66800,351.05566,1,0,0,0,1
19.78047,234.53903,351.38104,1,0,0,0,1
19.80016,234.41006,351.70642,1,0,0,0,1
19.82031,234.28110,352.03180,1,0,0,0,1
19.84053,234.15213,352.35718,1,0,0,0,1
19.86014,233.89420,353.00793,1,0,0,0,1
19.88046,233.76523,353.33331,1,0,0,0,1
19.90020,233.63626,353.65869,1,0,0,0,1
19.92069,233.50729,353.98407,1,0,0,0,1
19.94032,233.37833,354.30945,1,0,0,0,1
19.96024,233.12039,354.96021,1,0,0,0,1
19.98026,232.99142,355.28558,1,0,0,0,1
20.00040,232.86246,355.61096,1,0,0,0,1
20.02016,232.73349,355.93634,1,0,0,0,1
20.04037,232.60452,356.26172,1,0,0,0,1
20.06005,232.34659,356.91248,1,0,0,0,1
20.08009,232.08865,357.56323,1,0,0,0,1
20.10011,231.95969,357.88861,1,0,0,0,1
20.12014,231.83072,358.21399,1,0,0,0,1
20.14014,231.70175,358.53937,1,0,1,0,1
20.16038,231.44382,359.19012,1,0,1,0,1
20.18012,231.33789,359.52371,1,0,1,0,1
20.20027,231.25552,359.86389,1,0,1,0,1
20.22039,231.19711,360.20898,1,0,1,0,1
20.24008,231.16293,360.55731,1,0,1,0,1
20.26026,231.16786,361.25687,1,0,0,0,1
20.28047,231.20694,361.60468,1,0,0,0,1
20.30014,231.24602,361.95248,1,0,0,0,1
20.32016,231.28510,362.30029,1,0,0,0,1
20.34047,231.36325,362.99591,1,0,0,0,1
20.36021,231.40233,363.34372,1,0,0,0,1
20.38042,231.44141,363.69153,1,0,0,0,1
20.40011,231.51956,364.38715,1,0,0,0,1
20.42046,231.55864,364.73495,1,0,0,0,1
20.44007,231.59772,365.08276,1,0,0,0,1
20.46026,231.63680,365.43057,1,0,0,0,1
20.48040,231.71495,366.12619,1,0,0,0,1
20.50028,231.75403,366.47400,1,0,0,0,1
20.52033,231.79311,366.82181,1,0,0,0,1
20.54047,231.83218,367.16962,1,0,0,0,1
20.56018,231.91034,367.86523,1,0,0,0,1
20.58014,231.94942,368.21304,1,0,0,0,1
20.60030,231.98849,368.56085,1,0,0,0,1
20.62051,232.02757,368.90866,1,0,0,0,1
20.64011,232.06665,369.25647,1,0,0,0,1
20.66029,232.14481,369.95209,1,0,0,0,1
20.68058,232.18388,370.29990,1,0,0,0,1
20.70012,232.22296,370.64771,1,0,0,0,1
20.72027,232.26204,370.99551,1,0,0,0,1
20.74013,232.30112,371.34332,1,0,0,0,1
20.76042,232.37927,372.03894,1,0,0,0,1
20.78022,232.41835,372.38675,1,0,0,0,1
20.80038,232.45743,372.73456,1,0,0,0,1
20.82059,232.49651,373.08237,1,0,0,0,1
20.84046,232.53558,373.43018,1,0,0,0,1
20.86048,232.61374,374.12579,1,0,0,0,1
20.88015,232.69189,374.82141,1,0,0,0,1
20.90039,232.73097,375.16922,1,0,0,0,1
20.92035,232.77005,375.51703,1,1,0,0,1
20.94009,232.80913,375.86484,1,1,0,0,1
20.96025,232.86293,376.56235,1,1,0,0,1
20.98045,232.85324,376.91220,1,1,0,0,1
21.00027,232.81917,377.26053,1,1,0,0,1
21.02054,232.76088,377.60565,1,1,0,0,1
21.04022,232.67867,377.94586,1,0,0,0,1
21.06046,232.44420,378.60498,1,0,0,0,1
21.08022,232.31546,378.93045,1,0,0,0,1
21.10046,232.18672,379.25592,1,0,0,0,1
21.12015,232.05798,379.58139,1,0,0,0,1
21.14033,231.92924,379.90686,1,0,0,0,1
21.16041,231.67177,380.55780,1,0,0,0,1
21.18024,231.54303,380.88327,1,0,0,0,1
21.20043,231.41429,381.20874,1,0,0,0,1
21.22050,231.28555,381.53421,1,0,0,0,1
21.24031,231.02808,382.18515,1,0,0,0,1
21.26051,230.89934,382.51062,1,0,0,0,1
21.28054,230.64186,383.16156,1,0,0,0,1
21.30019,230.51312,383.48703,1,0,0,0,1
21.32036,230.38438,383.81250,1,0,0,0,1
21.34010,230.25565,384.13797,1,0,0,0,1
21.36060,229.99817,384.78891,1,0,0,0,1
21.38025,229.86943,385.11438,1,0,0,0,1
21.40051,229.74069,385.43985,1,0,0,0,1
21.42020,229.61195,385.76532,1,0,0,0,1
21.44060,229.48322,386.09079,1,0,0,0,1
21.46045,229.22574,386.74173,1,0,0,0,1
21.48020,229.09700,387.06720,1,0,0,0,1
21.50048,228.96826,387.39267,1,0,0,0,1
21.52035,228.83952,387.71814,1,0,0,0,1
21.54044,228.71078,388.04361,1,0,0,0,1
21.56056,228.45331,388.69455,1,0,0,0,1
21.58036,228.32457,389.02002,1,0,0,0,1
21.60005,228.19583,389.34549,1,0,0,0,1
21.62014,228.06709,389.67096,1,0,0,0,1
21.64040,227.80962,390.32190,1,0,0,0,1
21.66006,227.68088,390.64737,1,0,0,0,1
21.68047,227.42340,391.29831,1,0,0,0,1
21.70038,227.29466,391.62378,1,0,0,0,1
21.72006,227.16592,391.94925,1,0,0,0,1
21.74035,227.03719,392.27472,1,0,0,0,1
21.76041,226.77971,392.92566,1,0,1,0,1
21.78006,226.65097,393.25113,1,0,1,0,1
21.80025,226.54527,393.58478,1,0,1,0,1
21.82044,226.46313,393.92499,1,0,1,0,1
21.84017,226.40495,394.27011,1,0,1,0,1
21.86044,226.36150,394.96835,1,0,1,0,1
21.88052,226.37642,395.31802,1,0,0,0,1
21.90021,226.41573,395.66580,1,0,0,0,1
21.92058,226.47923,396.00998,1,0,0,0,1
21.94011,226.54274,396.35416,1,0,0,0,1
21.96019,226.66975,397.04251,1,0,0,0,1
21.98033,226.73326,397.38669,1,0,0,0,1
22.00046,226.79677,397.73087,1,0,0,0,1
22.02008,226.86028,398.07504,1,0,0,0,1
22.04034,226.98729,398.76340,1,0,0,0,1
22.06010,227.05080,399.10757,1,0,0,0,1
22.08027,227.17781,399.79593,1,0,0,0,1
22.10010,227.24132,400.14011,1,0,0,0,1
22.12068,227.30482,400.48428,1,0,0,0,1
22.14047,227.36833,400.82846,1,0,0,0,1
22.16019,227.49535,401.51682,1,0,0,0,1
22.18030,227.55885,401.86099,1,0,0,0,1
22.20048,227.62236,402.20517,1,0,0,0,1
22.22015,227.68587,402.54935,1,0,0,0,1
22.24015,227.74937,402.89352,1,0,0,0,1
22.26026,227.87639,403.58188,1,0,0,0,1
22.28025,227.93990,403.92606,1,0,0,0,1
22.30029,228.00340,404.27023,1,0,0,0,1
22.32033,228.06691,404.61441,1,0,0,0,1
22.34019,228.13042,404.95859,1,0,0,0,1
22.36026,228.25743,405.64694,1,0,0,0,1
22.38038,228.32094,405.99112,1,0,0,0,1
22.40008,228.38445,406.33530,1,0,0,0,1
22.42041,228.51146,407.02365,1,0,0,0,1
22.44019,228.57497,407.36783,1,0,0,0,1
22.46038,228.63847,407.71201,1,0,0,0,1
22.48053,228.76549,408.40036,1,0,0,0,1
22.50042,228.82899,408.74454,1,0,0,0,1
22.52024,228.89250,409.08871,1,1,0,0,1
22.54023,228.95601,409.43289,1,1,0,0,1
22.56047,229.05885,410.12485,1,1,0,0,1
22.58013,229.07385,410.47452,1,1,0,0,1
22.60032,229.06442,410.82440,1,1,0,0,1
22.62048,229.03062,411.17276,1,1,0,0,1
22.64044,228.97261,411.51791,1,1,0,0,1
22.66063,228.78519,412.19193,1,1,0,0,1
22.68046,228.65669,412.51749,1,0,0,0,1
22.70009,228.50580,412.83328,1,0,0,0,1
22.72015,228.35490,413.14908,1,0,0,0,1
22.74009,228.20401,413.46487,1,0,0,0,1
22.76041,227.90222,414.09647,1,0,0,0,1
22.78005,227.75133,414.41226,1,0,0,0,1
22.80028,227.60043,414.72806,1,0,0,0,1
22.82021,227.44954,415.04385,1,0,0,0,1
22.84006,227.14775,415.67545,1,0,0,0,1
22.86020,226.99686,415.99124,1,0,0,0,1
22.88015,226.69507,416.62283,1,0,0,0,1
22.90035,226.54417,416.93863,1,0,0,0,1
22.92011,226.39328,417.25443,1,0,0,0,1
22.94037,226.24239,417.57022,1,0,0,0,1
22.96005,225.94060,418.20181,1,0,0,0,1
22.98014,225.78970,418.51761,1,0,0,0,1
23.00049,225.63881,418.83340,1,0,0,0,1
23.02038,225.48792,419.14920,1,0,0,0,1
23.04051,225.33702,419.46500,1,0,0,0,1
23.06026,225.03523,420.09659,1,0,0,0,1
23.08004,224.88434,420.41238,1,0,0,0,1
23.10046,224.73344,420.72818,1,0,0,0,1
23.12054,224.58255,421.04398,1,0,0,0,1
23.14043,224.43166,421.35977,1,0,0,0,1
23.16014,224.12987,421.99136,1,0,0,0,1
23.18033,223.97897,422.30716,1,0,0,0,1
23.20019,223.67719,422.93875,1,0,0,0,1
23.22034,223.52629,423.25455,1,0,0,0,1
23.24052,223.37540,423.57034,1,0,0,0,1
23.26053,223.22450,423.88614,1,0,0,0,1
23.28028,222.92271,424.51773,1,0,1,0,1
23.30055,222.77182,424.83353,1,0,1,0,1
23.32005,222.64336,425.15909,1,0,1,0,1
23.34041,222.53795,425.49283,1,0,1,0,1
23.36005,222.45610,425.83313,1,0,1,0,1
23.38025,222.36456,426.52670,1,0,1,0,1
23.40038,222.35533,426.87659,1,0,1,0,1
23.42010,222.37056,427.22626,1,0,0,0,1
23.44035,222.41017,427.57401,1,0,0,0,1
23.46004,222.44978,427.92175,1,0,0,0,1
23.48024,222.52901,428.61725,1,0,0,0,1
23.50022,222.56862,428.96500,1,0,0,0,1
23.52042,222.60823,429.31274,1,0,0,0,1
23.54026,222.64784,429.66049,1,0,0,0,1
23.56046,222.72707,430.35599,1,0,0,0,1
23.58011,222.76668,430.70374,1,0,0,0,1
23.60033,222.84590,431.39923,1,0,0,0,1
23.62013,222.88551,431.74698,1,0,0,0,1
23.64026,222.92513,432.09473,1,0,0,0,1
23.66056,222.96474,432.44247,1,0,0,0,1
23.68061,223.04396,433.13797,1,0,0,0,1
23.70015,223.08357,433.48572,1,0,0,0,1
23.72006,223.12318,433.83347,1,0,0,0,1
23.74021,223.16280,434.18121,1,0,0,0,1
23.76022,223.20241,434.52896,1,0,0,0,1
23.78006,223.28163,435.22446,1,0,0,0,1
23.80040,223.32124,435.57220,1,0,0,0,1
23.82021,223.36086,435.91995,1,0,0,0,1
23.84037,223.40047,436.26770,1,0,0,0,1
23.86029,223.44008,436.61545,1,0,0,0,1
23.88034,223.51930,437.31094,1,0,0,0,1
23.90010,223.55891,437.65869,1,0,0,0,1
23.92026,223.59853,438.00644,1,0,0,0,1
23.94033,223.63814,438.35419,1,0,0,0,1
23.96048,223.67775,438.70193,1,0,0,0,1
23.98025,223.75697,439.39743,1,0,0,0,1
24.00009,223.79659,439.74518,1,0,0,0,1
24.02013,223.87581,440.44067,1,0,0,0,1
24.04023,223.91542,440.78842,1,0,0,0,1
24.06041,223.95503,441.13617,1,1,0,0,1
24.08053,224.03426,441.83167,1,1,0,0,1
24.10038,224.04951,442.18134,1,1,0,0,1
24.12043,224.04036,442.53122,1,1,0,0,1
24.14007,224.00682,442.87961,1,1,0,0,1
24.16030,223.94907,443.22482,1,1,0,0,1
24.18047,223.76216,443.89896,1,1,0,0,1
24.20009,223.63391,444.22461,1,1,0,0,1
24.22025,223.48326,444.54053,1,1,0,0,1
24.24039,223.31094,444.84518,1,1,0,0,1
24.26010,223.11781,445.13708,1,0,0,0,1
24.28052,222.69176,445.69250,1,0,0,0,1
24.30017,222.47873,445.97021,1,0,0,0,1
24.32031,222.26570,446.24792,1,0,0,0,1
24.34023,222.05267,446.52563,1,0,0,0,1
24.36039,221.83965,446.80334,1,0,0,0,1
24.38003,221.41359,447.35876,1,0,0,0,1
24.40031,220.98753,447.91418,1,0,0,0,1
24.42033,220.77451,448.19189,1,0,0,0,1
24.44043,220.56148,448.46960,1,0,0,0,1
24.46030,220.34845,448.74731,1,0,0,0,1
24.48014,219.92239,449.30273,1,0,0,0,1
24.50014,219.70937,449.58044,1,0,0,0,1
24.52030,219.49634,449.85815,1,0,0,0,1
24.54042,219.28331,450.13586,1,0,0,0,1
24.56014,219.07028,450.41357,1,0,0,0,1
24.58067,218.64423,450.96899,1,0,0,0,1
24.60048,218.43120,451.24670,1,0,0,0,1
24.62049,218.21817,451.52441,1,0,0,0,1
24.64038,218.00514,451.80212,1,0,0,0,1
24.66014,217.79211,452.07983,1,0,0,0,1
24.68051,217.36606,452.63525,1,0,0,0,1
24.70016,217.15303,452.91296,1,0,0,0,1
24.72030,216.94000,453.19067,1,0,0,0,1
24.74004,216.72697,453.46838,1,0,0,0,1
24.76027,216.51395,453.74609,1,0,0,0,1
24.78011,216.08789,454.30151,1,0,0,0,1
24.80036,215.66183,454.85693,1,0,0,0,1
24.82021,215.44881,455.13464,1,0,0,0,1
24.84043,215.23578,455.41235,1,0,1,0,1
24.86012,215.02275,455.69006,1,0,1,0,1
24.88053,214.61661,456.25967,1,0,1,0,1
24.90023,214.44435,456.56436,1,0,1,0,1
24.92040,214.29379,456.88034,1,0,1,0,1
24.94048,214.16566,457.20605,1,0,1,0,1
24.96026,213.97911,457.88031,1,0,1,0,1
24.98022,213.92159,458.22556,1,0,1,0,1
25.00034,213.88832,458.57397,1,0,0,0,1
25.02053,213.87946,458.92386,1,0,0,0,1
25.04024,213.91064,459.62314,1,0,0,0,1
25.06045,213.92624,459.97278,1,0,0,0,1
25.08049,213.94183,460.32242,1,0,0,0,1
25.10029,213.95743,460.67206,1,0,0,0,1
25.12030,213.98862,461.37134,1,0,0,0,1
25.14009,214.00421,461.72098,1,0,0,0,1
25.16031,214.01981,462.07062,1,0,0,0,1
25.18020,214.03540,462.42026,1,0,0,0,1
25.20020,214.06659,463.11954,1,0,0,0,1
25.22045,214.08218,463.46918,1,0,0,0,1
25.24035,214.09778,463.81882,1,0,0,0,1
25.26044,214.11337,464.16846,1,0,0,0,1
25.28020,214.14456,464.86774,1,0,0,0,1
25.30050,214.16016,465.21738,1,0,0,0,1
25.32046,214.17575,465.56702,1,0,0,0,1
25.34030,214.19135,465.91666,1,0,0,0,1
25.36034,214.20694,466.26630,1,0,0,0,1
25.38053,214.23813,466.96558,1,0,0,0,1
25.40025,214.25372,467.31522,1,0,0,0,1
25.42051,214.26932,467.66486,1,0,0,0,1
25.44043,214.28491,468.01450,1,0,0,0,1
25.46023,214.30051,468.36414,1,0,0,0,1
25.48039,214.33170,469.06342,1,0,0,0,1
25.50051,214.34729,469.41306,1,0,0,0,1
25.52030,214.37848,470.11234,1,0,0,0,1
25.54046,214.39407,470.46198,1,0,0,0,1
25.56029,214.40967,470.81161,1,0,0,0,1
25.58015,214.42526,471.16125,1,0,0,0,1
25.60004,214.45645,471.86053,1,0,0,0,1
25.62020,214.47205,472.21017,1,0,0,0,1
25.64029,214.48764,472.55981,1,0,0,0,1
25.66039,214.50323,472.90945,1,0,0,0,1
25.68040,214.53442,473.60873,1,0,0,0,1
25.70013,214.55002,473.95837,1,1,0,0,1
25.72014,214.56561,474.30801,1,1,0,0,1
25.74040,214.55679,474.65790,1,1,0,0,1
25.76045,214.52359,475.00632,1,1,0,0,1
25.78018,214.38481,475.69199,1,1,0,0,1
25.80038,214.27991,476.02591,1,1,0,0,1
25.82053,214.15198,476.35168,1,1,0,0,1
25.84021,214.00163,476.66776,1,1,0,0,1
25.86023,213.82962,476.97256,1,1,0,0,1
25.88042,213.42401,477.54257,1,0,0,0,1
25.90047,213.21126,477.82050,1,0,0,0,1
25.92014,212.99850,478.09842,1,0,0,0,1
25.94050,212.78575,478.37634,1,0,0,0,1
25.96018,212.57300,478.65427,1,0,0,0,1
25.98046,212.14749,479.21011,0,0,0,0,1
26.00013,212.14749,479.21011,0,0,0,0,1
26.02054,212.14749,479.21011,0,0,0,0,1
26.04021,212.14749,479.21011,0,0,0,0,1
26.06047,212.14749,479.21011,0,0,0,0,1
26.08010,212.14749,479.21011,0,0,0,0,1
26.10035,212.14749,479.21011,0,0,0,0,1
26.12012,212.14749,479.21011,0,0,0,0,1
26.14048,212.14749,479.21011,0,0,0,0,1
26.16006,212.14749,479.21011,0,0,0,0,1
26.18028,212.14749,479.21011,0,0,0,0,1
26.20048,212.14749,479.21011,0,0,0,0,1
26.22052,212.14749,479.21011,0,0,0,0,1
26.24037,212.14749,479.21011,0,0,0,0,1
26.26026,212.14749,479.21011,0,0,0,0,1
26.28036,212.14749,479.21011,0,0,0,0,1
26.30045,212.14749,479.21011,0,0,0,0,1
26.32009,212.14749,479.21011,0,0,0,0,1
26.34049,212.14749,479.21011,0,0,0,0,1
26.36012,212.14749,479.21011,0,0,0,0,1
26.38029,212.14749,479.21011,0,0,0,0,1
26.40058,212.14749,479.21011,0,0,0,0,1
26.42051,212.14749,479.21011,0,0,0,0,1
26.44045,212.14749,479.21011,0,0,0,0,1
26.46015,212.14749,479.21011,0,0,0,0,1
26.48033,212.14749,479.21011,0,0,0,0,1
26.50016,212.14749,479.21011,0,0,0,0,1
26.52052,212.14749,479.21011,0,0,0,0,1
26.54053,212.14749,479.21011,0,0,0,0,1
26.56052,212.14749,479.21011,0,0,0,0,1
26.58008,212.14749,479.21011,0,0,0,0,1
26.60009,212.14749,479.21011,0,0,0,0,1
26.62017,212.14749,479.21011,0,0,0,0,1
26.64049,212.14749,479.21011,0,0,0,0,1
26.66049,212.14749,479.21011,0,0,0,0,1
26.68053,212.14749,479.21011,0,0,0,0,1
26.70004,212.14749,479.21011,0,0,0,0,1
26.72016,212.14749,479.21011,0,0,0,0,1
26.74040,212.14749,479.21011,0,0,0,0,1
26.76012,212.14749,479.21011,0,0,0,0,1
26.78035,212.14749,479.21011,0,0,0,0,1
26.80040,212.14749,479.21011,0,0,0,0,1
26.82040,212.14749,479.21011,0,0,0,0,1
26.84004,212.14749,479.21011,0,0,0,0,1
26.86012,212.14749,479.21011,0,0,0,0,1
26.88003,212.14749,479.21011,0,0,0,0,1
26.90020,212.14749,479.21011,0,0,0,0,1
26.92051,212.14749,479.21011,0,0,0,0,1
26.94046,212.14749,479.21011,0,0,0,0,1
26.96014,212.14749,479.21011,0,0,0,0,1
26.98031,212.14749,479.21011,0,0,0,0,1
27.00049,212.14749,479.21011,0,0,0,0,1
27.02009,212.14749,479.21011,0,0,0,0,1
27.04007,212.14749,479.21011,0,0,0,0,1
27.06042,212.14749,479.21011,0,0,0,0,1
27.08057,212.14749,479.21011,0,0,0,0,1
27.10028,212.14749,479.21011,0,0,0,0,1
27.12009,212.14749,479.21011,0,0,0,0,1
27.14034,212.14749,479.21011,0,0,0,0,1
27.16047,212.14749,479.21011,0,0,0,0,1
27.18005,212.14749,479.21011,0,0,0,0,1
27.20037,212.14749,479.21011,0,0,0,0,1
27.22008,212.14749,479.21011,0,0,0,0,1
27.24025,212.14749,479.21011,0,1,0,0,1
27.26044,212.14749,479.21011,0,1,0,0,1
27.28041,212.14749,479.21011,0,1,0,0,1
27.30057,212.14749,479.21011,0,1,0,0,1
27.32027,212.14749,479.21011,0,1,0,0,1
27.34045,212.14749,479.21011,0,1,0,0,1
27.36028,212.14749,479.21011,0,1,0,0,1
27.38044,212.14749,479.21011,0,1,0,0,1
27.40012,212.14749,479.21011,0,1,0,0,1
27.42005,212.14749,479.21011,0,1,0,0,1
27.44022,212.14749,479.21011,0,1,0,0,1
27.46050,212.14749,479.21011,0,1,0,0,1
27.48028,212.14749,479.21011,0,1,0,0,1
27.50028,212.14749,479.21011,0,1,0,0,1
27.52004,212.14749,479.21011,0,1,0,0,1
27.54046,212.14749,479.21011,0,1,0,0,1
27.56045,212.14749,479.21011,0,1,0,0,1
27.58054,212.14749,479.21011,0,1,0,0,1
27.60030,212.14749,479.21011,0,1,0,0,1
27.62034,212.14749,479.21011,0,1,0,0,1
27.64049,212.14749,479.21011,0,1,0,0,1
27.66022,212.14749,479.21011,0,1,0,0,1
27.68055,212.14749,479.21011,0,1,0,0,1
27.70021,212.14749,479.21011,0,1,0,0,1
27.72040,212.14749,479.21011,0,1,0,0,1
27.74015,212.14749,479.21011,0,1,0,0,1
27.76019,212.14749,479.21011,0,1,0,0,1
27.78045,212.14749,479.21011,0,1,0,0,1
27.80016,212.14749,479.21011,0,1,0,0,1
27.82024,212.14749,479.21011,0,1,0,0,1
27.84036,212.14749,479.21011,0,1,0,0,1
27.86027,212.14749,479.21011,0,1,0,0,1
27.88048,212.14749,479.21011,0,0,0,0,1
27.90018,212.14749,479.21011,0,0,0,0,1
27.92037,212.14749,479.21011,0,0,0,0,1
27.94007,212.14749,479.21011,0,0,0,0,1
27.96022,212.14749,479.21011,0,0,0,0,1
27.98008,212.14749,479.21011,0,0,0,0,1
28.00021,212.14749,479.21011,0,0,0,0,1
28.02008,212.14749,479.21011,0,0,0,0,1
28.04049,212.14749,479.21011,0,0,0,0,1
28.06011,212.14749,479.21011,0,0,0,0,1
28.08041,212.14749,479.21011,0,0,0,0,1
28.10025,212.14749,479.21011,0,0,0,0,1
28.12030,212.14749,479.21011,0,0,0,0,1
28.14033,212.14749,479.21011,0,0,0,0,1
28.16051,212.14749,479.21011,0,0,0,0,1
28.18029,212.14749,479.21011,0,0,0,0,1
28.20032,212.14749,479.21011,0,0,0,0,1
28.22007,212.14749,479.21011,0,1,0,0,1
28.24027,212.14749,479.21011,0,1,0,0,1
28.26018,212.14749,479.21011,0,1,0,0,1
28.28042,212.14749,479.21011,0,1,0,0,1
28.30025,212.14749,479.21011,0,0,0,0,1
28.32007,212.14749,479.21011,0,0,0,0,1
28.34053,212.14749,479.21011,0,0,0,0,1
28.36044,212.14749,479.21011,0,0,0,0,1
28.38018,212.14749,479.21011,0,0,0,0,1
28.40028,212.14749,479.21011,0,0,0,0,1
28.42046,212.14749,479.21011,0,0,0,0,1
28.44022,212.14749,479.21011,0,0,0,0,1
28.46031,212.14749,479.21011,0,0,0,0,1
28.48035,212.14749,479.21011,0,0,0,0,1
28.50048,212.14749,479.21011,0,0,0,0,1
28.52040,212.14749,479.21011,0,0,0,0,1
28.54054,212.14749,479.21011,0,0,0,0,1
28.56025,212.14749,479.21011,0,0,0,0,1
28.58039,212.14749,479.21011,0,0,0,0,1
28.60032,212.14749,479.21011,0,0,0,0,1
28.62040,212.14749,479.21011,0,0,0,0,1
28.64004,212.14749,479.21011,0,0,0,0,1
28.66038,212.14749,479.21011,0,0,1,0,1
28.68047,212.14749,479.21011,0,0,1,0,1
28.70043,212.14749,479.21011,0,0,1,0,1
28.72006,212.14749,479.21011,0,0,1,0,1
28.74022,212.14749,479.21011,0,0,1,0,1
28.76009,212.14749,479.21011,0,0,0,0,1
28.78055,212.14749,479.21011,0,0,0,0,1
28.80048,212.14749,479.21011,0,0,0,0,1
28.82029,212.14749,479.21011,0,0,0,0,1
28.84025,212.14749,479.21011,0,0,0,0,1
28.86046,212.14749,479.21011,0,0,0,0,1
28.88019,212.14749,479.21011,0,0,0,0,1
28.90054,212.14749,479.21011,0,0,0,0,1
28.92004,212.14749,479.21011,0,0,0,0,1
28.94047,212.14749,479.21011,0,0,0,0,1
28.96032,212.14749,479.21011,0,0,0,0,1
28.98039,212.14749,479.21011,0,0,0,0,1
29.00007,212.14749,479.21011,0,0,0,0,1
29.02035,212.14749,479.21011,0,0,0,0,1
29.04009,212.14749,479.21011,0,0,0,0,1
29.06030,212.14749,479.21011,0,0,0,0,1
29.08049,212.14749,479.21011,0,0,0,0,1
29.10021,212.14749,479.21011,0,0,0,0,1
29.12031,212.14749,479.21011,0,0,0,0,1
29.14046,212.14749,479.21011,0,0,0,0,1
29.16021,212.14749,479.21011,0,0,0,0,1
29.18038,212.14749,479.21011,0,0,0,0,1
29.20004,212.14749,479.21011,0,0,0,0,1
29.22022,212.14749,479.21011,0,0,0,0,1
29.24047,212.14749,479.21011,0,0,0,0,1
29.26021,212.14749,479.21011,0,0,0,0,1
29.28040,212.14749,479.21011,0,0,0,0,1
29.30011,212.14749,479.21011,0,0,0,0,1
29.32016,212.14749,479.21011,0,0,0,0,1
29.34034,212.14749,479.21011,0,0,0,0,1
29.36054,212.14749,479.21011,0,0,0,0,1
29.38030,212.14749,479.21011,0,0,0,0,1
29.40063,212.14749,479.21011,0,0,0,0,1
29.42025,212.14749,479.21011,0,0,0,0,1
29.44025,212.14749,479.21011,0,0,0,0,1
29.46053,212.14749,479.21011,0,0,0,0,1
29.48021,212.14749,479.21011,0,0,0,0,1
29.50045,212.14749,479.21011,0,0,0,0,1
29.52024,212.14749,479.21011,0,0,0,0,1
29.54043,212.14749,479.21011,0,0,0,0,1
29.56006,212.14749,479.21011,0,0,0,0,1
29.58039,212.14749,479.21011,0,0,0,0,1
29.60044,212.14749,479.21011,0,0,0,0,1
29.62050,212.14749,479.21011,0,0,0,0,1
29.64016,212.14749,479.21011,0,0,0,0,1
29.66015,212.14749,479.21011,0,0,0,0,1
29.68023,212.14749,479.21011,0,0,0,0,1
29.70038,212.14749,479.21011,0,0,0,0,1
29.72008,212.14749,479.21011,0,0,0,0,1
29.74050,212.14749,479.21011,0,0,0,0,1
29.76020,212.14749,479.21011,0,0,0,0,1
29.78042,212.14749,479.21011,0,0,0,0,1
29.80047,212.14749,479.21011,0,0,0,0,1
29.82009,212.14749,479.21011,0,0,0,0,1
29.84050,212.14749,479.21011,0,0,0,0,1
29.86011,212.14749,479.21011,0,0,0,0,1
29.88051,212.14749,479.21011,0,0,0,0,1
29.90035,212.14749,479.21011,0,0,0,0,1
29.92017,212.14749,479.21011,0,0,0,0,1
29.94007,212.14749,479.21011,0,0,0,0,1
29.96035,212.14749,479.21011,0,0,0,0,1
29.98039,212.14749,479.21011,0,0,0,0,1
30.00013,212.14749,479.21011,0,0,0,0,1
30.02030,212.14749,479.21011,0,0,0,0,1
30.04026,212.14749,479.21011,0,0,0,0,1
30.06011,212.14749,479.21011,0,0,0,0,1
30.08041,212.14749,479.21011,0,0,0,0,1
30.10009,212.14749,479.21011,0,0,0,0,1
30.12046,212.14749,479.21011,0,0,0,0,1
30.14023,212.14749,479.21011,0,0,0,0,1
30.16038,212.14749,479.21011,0,0,0,0,1
30.18049,212.14749,479.21011,0,0,0,0,1
30.20043,212.14749,479.21011,0,0,0,0,1
30.22026,212.14749,479.21011,0,0,0,0,1
30.24042,212.14749,479.21011,0,0,0,0,1
30.26017,212.14749,479.21011,0,0,0,0,1
30.28036,212.14749,479.21011,0,0,0,0,1
30.30045,212.14749,479.21011,1,0,0,0,1
30.32012,212.30930,478.52908,1,0,0,0,1
30.34039,212.39020,478.18857,1,0,0,0,1
30.36043,212.47110,477.84805,1,0,0,0,1
30.38017,212.55200,477.50754,1,0,0,0,1
30.40050,212.71381,476.82651,1,0,0,0,1
30.42033,212.79471,476.48599,1,0,0,0,1
30.44052,212.87561,476.14548,1,0,0,0,1
30.46044,212.95651,475.80496,1,0,0,0,1
30.48029,213.03741,475.46445,1,0,0,0,1
30.50047,213.19922,474.78342,1,0,0,0,1
30.52050,213.28012,474.44290,1,0,0,0,1
30.54023,213.36102,474.10239,1,0,0,0,1
30.56042,213.44193,473.76187,1,0,0,0,1
30.58039,213.52283,473.42136,1,0,0,0,1
30.60043,213.68463,472.74033,1,0,0,0,1
30.62035,213.76553,472.39981,1,0,0,0,1
30.64052,213.84644,472.05930,1,0,0,0,1
30.66045,213.92734,471.71878,1,0,0,0,1
30.68052,214.00824,471.37827,1,0,0,0,1
30.70045,214.17004,470.69724,1,0,0,0,1
30.72056,214.33185,470.01620,1,0,0,0,1
30.74034,214.41275,469.67569,1,0,0,0,1
30.76030,214.49365,469.33517,1,0,0,0,1
30.78018,214.57455,468.99466,1,0,0,0,1
30.80013,214.73636,468.31363,1,0,0,0,1
30.82051,214.81726,467.97311,1,0,0,0,1
30.84036,214.89816,467.63260,1,0,0,0,1
30.86007,214.97906,467.29208,1,0,0,0,1
30.88040,215.05997,466.95157,1,0,0,0,1
30.90058,215.22177,466.27054,1,0,0,0,1
30.92021,215.30267,465.93002,1,0,0,0,1
30.94032,215.38358,465.58951,1,0,0,0,1
30.96046,215.46448,465.24899,1,0,0,0,1
30.98045,215.54538,464.90848,1,0,0,0,1
31.00062,215.70718,464.22745,1,0,0,0,1
31.02008,215.78809,463.88693,1,0,0,0,1
31.04008,215.86899,463.54642,1,0,0,0,1
31.06033,215.94989,463.20590,1,0,0,0,1
31.08048,216.11169,462.52487,1,0,0,0,1
31.10021,216.19260,462.18436,1,0,0,0,1
31.12018,216.35440,461.50333,1,0,0,0,1
31.14056,216.35440,461.50333,1,0,0,0,1
31.16007,216.51620,460.82230,1,0,0,0,1
31.18041,216.59711,460.48178,1,0,0,0,1
31.20021,216.67801,460.14127,1,0,0,0,1
31.22018,216.83981,459.46024,1,0,0,0,1
31.24020,216.92072,459.11972,1,0,0,0,1
31.26055,217.00162,458.77921,1,0,0,0,1
31.28022,217.08252,458.43869,1,0,1,0,1
31.30049,217.22035,457.75284,1,0,1,0,1
31.32024,217.25302,457.40436,1,0,1,0,1
31.34051,217.26128,457.05444,1,0,1,0,1
31.36022,217.24510,456.70480,1,0,0,0,1
31.38047,217.20456,456.35715,1,0,0,0,1
31.40021,217.12347,455.66183,1,0,0,0,1
31.42034,217.08293,455.31418,1,0,0,0,1
31.44016,217.04239,454.96652,1,0,0,0,1
31.46042,216.96130,454.27121,1,0,0,0,1
31.48024,216.92076,453.92355,1,0,0,0,1
31.50006,216.88022,453.57590,1,0,0,0,1
31.52042,216.79913,452.88058,1,0,0,0,1
31.54015,216.75859,452.53293,1,0,0,0,1
31.56016,216.71805,452.18527,1,0,0,0,1
31.58007,216.67751,451.83762,1,0,0,0,1
31.60066,216.59642,451.14230,1,0,0,0,1
31.62026,216.55588,450.79465,1,0,0,0,1
31.64023,216.51534,450.44699,1,0,0,0,1
31.66039,216.47479,450.09933,1,0,0,0,1
31.68007,216.43425,449.75168,1,0,0,0,1
31.70040,216.35316,449.05637,1,0,0,0,1
31.72019,216.31262,448.70871,1,0,0,0,1
31.74044,216.27208,448.36105,1,0,0,0,1
31.76047,216.23154,448.01340,1,0,0,0,1
31.78012,216.19099,447.66574,1,1,0,0,1
31.80024,216.10991,446.97043,1,1,0,0,1
31.82042,216.09370,446.62079,1,1,0,0,1
31.84008,216.10193,446.27087,1,1,0,0,1
31.86036,216.19136,445.57703,1,1,0,0,1
31.88015,216.27213,445.23648,1,1,0,0,1
31.90046,216.37645,444.90240,1,1,0,0,1
31.92047,216.65361,444.26010,1,0,0,0,1
31.94021,216.82510,443.95499,1,0,0,0,1
31.96033,217.01746,443.66257,1,0,0,0,1
31.98038,217.20981,443.37015,1,0,0,0,1
32.00031,217.59451,442.78531,1,0,0,0,1
32.02015,217.78687,442.49289,1,0,0,0,1
32.04037,217.97922,442.20047,1,0,0,0,1
32.06051,218.17157,441.90805,1,0,0,0,1
32.08017,218.36392,441.61563,1,0,0,0,1
32.10050,218.74863,441.03079,1,0,0,0,1
32.12017,218.94098,440.73837,1,0,0,0,1
32.14049,219.13333,440.44595,1,0,0,0,1
32.16048,219.32568,440.15353,1,0,0,0,1
32.18021,219.51804,439.86111,1,0,0,0,1
32.20035,219.71039,439.56870,1,0,0,0,1
32.22032,220.09509,438.98386,1,0,0,0,1
32.24047,220.28745,438.69144,1,0,0,0,1
32.26050,220.67215,438.10660,1,0,0,0,1
32.28015,220.86450,437.81418,1,0,0,0,1
32.30021,221.05685,437.52176,1,0,0,0,1
32.32052,221.44156,436.93692,1,0,0,0,1
32.34027,221.63391,436.64450,1,0,0,0,1
32.36042,221.82626,436.35208,1,0,0,0,1
32.38049,222.01862,436.05966,1,0,0,0,1
32.40030,222.21097,435.76724,1,0,0,0,1
32.42059,222.59567,435.18240,1,0,0,0,1
32.44014,222.78802,434.88998,1,0,0,0,1
32.46032,222.98038,434.59756,1,0,0,0,1
32.48038,223.17273,434.30515,1,0,0,0,1
32.50039,223.36508,434.01273,1,0,0,0,1
32.52009,223.74979,433.42789,1,0,0,0,1
32.54030,223.94214,433.13547,1,0,0,0,1
32.56017,224.13449,432.84305,1,0,0,0,1
32.58051,224.32684,432.55063,1,0,0,0,1
32.60046,224.51920,432.25821,1,0,0,0,1
32.62035,224.90390,431.67337,1,0,0,0,1
32.64010,225.28860,431.08853,1,0,0,0,1
32.66026,225.48096,430.79611,1,0,1,0,1
32.68045,225.67331,430.50369,1,0,1,0,1
32.70031,225.84477,430.19858,1,0,1,0,1
32.72063,226.12178,429.55618,1,0,1,0,1
32.74011,226.22598,429.22205,1,0,1,0,1
32.76019,226.22598,429.22205,1,0,1,0,1
32.78030,226.36322,428.53607,1,0,1,0,1
32.80020,226.40353,427.83765,1,0,1,0,1
32.82039,226.38707,427.48804,1,0,0,0,1
32.84011,226.34622,427.14044,1,0,0,0,1
32.86028,226.28120,426.79654,1,0,0,0,1
32.88009,226.15117,426.10873,1,0,0,0,1
32.90026,226.08615,425.76483,1,0,0,0,1
32.92023,226.02113,425.42093,1,0,0,0,1
32.94010,225.95612,425.07703,1,0,0,0,1
32.96032,225.82608,424.38922,1,0,0,0,1
32.98038,225.76106,424.04532,1,0,0,0,1
33.00036,225.69604,423.70142,1,0,0,0,1
33.02023,225.63103,423.35751,1,0,0,0,1
33.04033,225.50099,422.66971,1,0,0,0,1
33.06032,225.43597,422.32581,1,0,0,0,1
33.08044,225.37096,421.98190,1,0,0,0,1
33.10053,225.30594,421.63800,1,0,0,0,1
33.12014,225.17590,420.95020,1,0,0,0,1
33.14030,225.11089,420.60629,1,0,0,0,1
33.16050,225.04587,420.26239,1,0,0,0,1
33.18023,224.98085,419.91849,1,0,0,0,1
33.20017,224.91583,419.57458,1,0,0,0,1
33.22018,224.78580,418.88678,1,0,0,0,1
33.24033,224.72078,418.54288,1,0,0,0,1
33.26019,224.65576,418.19897,1,0,0,0,1
33.28012,224.59074,417.85507,1,0,0,0,1
33.30036,224.52573,417.51117,1,0,0,0,1
33.32043,224.39569,416.82336,1,0,0,0,1
33.34027,224.33067,416.47946,1,0,0,0,1
33.36048,224.26566,416.13556,1,0,0,0,1
33.38033,224.20064,415.79166,1,0,0,0,1
33.40052,224.13562,415.44775,1,1,0,0,1
33.42045,224.00558,414.75995,1,1,0,0,1
33.44017,223.94817,414.06274,1,1,0,0,1
33.46012,223.95605,413.71283,1,1,0,0,1
33.48049,223.98833,413.36432,1,1,0,0,1
33.50029,224.04482,413.01892,1,1,0,0,1
33.52044,224.22926,412.34409,1,1,0,0,1
33.54010,224.35632,412.01797,1,0,0,0,1
33.56017,224.50581,411.70151,1,0,0,0,1
33.58054,224.65530,411.38504,1,0,0,0,1
33.60024,224.80479,411.06857,1,0,0,0,1
33.62008,225.10378,410.43564,1,0,0,0,1
33.64053,225.25327,410.11917,1,0,0,0,1
33.66010,225.40276,409.80270,1,0,0,0,1
33.68028,225.55225,409.48624,1,0,0,0,1
33.70006,225.70174,409.16977,1,0,0,0,1
33.72048,226.00072,408.53683,1,0,0,0,1
33.74023,226.15021,408.22037,1,0,0,0,1
33.76012,226.29970,407.90390,1,0,0,0,1
33.78024,226.44919,407.58743,1,0,0,0,1
33.80036,226.59868,407.27097,1,0,0,0,1
33.82046,226.89766,406.63803,1,0,0,0,1
33.84055,227.19664,406.00510,1,0,0,0,1
33.86018,227.34613,405.68863,1,0,0,0,1
33.88016,227.49562,405.37216,1,0,0,0,1
33.90031,227.64511,405.05569,1,0,0,0,1
33.92011,227.94409,404.42276,1,0,0,0,1
33.94040,228.09358,404.10629,1,0,0,0,1
33.96049,228.24307,403.78983,1,0,0,0,1
33.98005,228.39256,403.47336,1,0,0,0,1
34.00006,228.54205,403.15689,1,0,0,0,1
34.02019,228.84103,402.52396,1,0,0,0,1
34.04010,228.99052,402.20749,1,0,0,0,1
34.06053,229.14001,401.89102,1,0,0,0,1
34.08013,229.28951,401.57455,1,0,0,0,1
34.10042,229.43900,401.25809,1,0,0,0,1
34.12022,229.73798,400.62515,1,0,0,0,1
34.14048,229.88747,400.30869,1,0,0,0,1
34.16021,230.03696,399.99222,1,0,0,0,1
34.18007,230.18645,399.67575,1,0,0,0,1
34.20004,230.33594,399.35928,1,0,0,0,1
34.22036,230.63492,398.72635,1,0,0,0,1
34.24052,230.93390,398.09341,1,0,0,0,1
34.26016,231.08339,397.77695,1,0,0,0,1
34.28029,231.23288,397.46048,1,0,0,0,1
34.30032,231.38237,397.14401,1,0,0,0,1
34.32047,231.68135,396.51108,1,0,0,0,1
34.34009,231.83084,396.19461,1,0,0,0,1
34.36046,231.98033,395.87814,1,0,0,0,1
34.38009,232.12982,395.56168,1,0,1,0,1
34.40019,232.27931,395.24521,1,0,1,0,1
34.42029,232.51028,394.58487,1,0,1,0,1
34.44040,232.59064,394.24420,1,0,1,0,1
34.46008,232.64700,393.89877,1,0,1,0,1
34.48025,232.67911,393.55026,1,0,1,0,1
34.50016,232.67006,392.85074,1,0,0,0,1
34.52046,232.67006,392.85074,1,0,0,0,1
34.54006,232.58784,392.15561,1,0,0,0,1
34.56050,232.54674,391.80804,1,0,0,0,1
34.58038,232.50563,391.46048,1,0,0,0,1
34.60039,232.46452,391.11292,1,0,0,0,1
34.62029,232.38231,390.41779,1,0,0,0,1
34.64031,232.30009,389.72266,1,0,0,0,1
34.66016,232.25899,389.37509,1,0,0,0,1
34.68053,232.21788,389.02753,1,0,0,0,1
34.70052,232.17677,388.67996,1,0,0,0,1
34.72022,232.09456,387.98483,1,0,0,0,1
34.74012,232.05345,387.63727,1,0,0,0,1
34.76009,232.01234,387.28970,1,0,0,0,1
34.78031,231.97124,386.94214,1,0,0,0,1
34.80006,231.93013,386.59457,1,0,0,0,1
34.82038,231.84792,385.89944,1,0,0,0,1
34.84006,231.80681,385.55188,1,0,0,0,1
34.86039,231.76570,385.20432,1,0,0,0,1
34.88009,231.72459,384.85675,1,0,0,0,1
34.90031,231.68349,384.50919,1,0,0,0,1
34.92055,231.60127,383.81406,1,0,0,0,1
34.94025,231.56017,383.46649,1,0,0,0,1
34.96035,231.51906,383.11893,1,0,0,0,1
34.98050,231.47795,382.77136,1,0,0,0,1
35.00020,231.39574,382.07623,1,0,0,0,1
35.02063,231.35463,381.72867,1,0,0,0,1
35.04032,231.27242,381.03354,1,0,0,0,1
35.06034,231.23131,380.68597,1,0,0,0,1
35.08040,231.19020,380.33841,1,0,0,0,1
35.10019,231.14909,379.99084,1,0,0,0,1
35.12045,231.06688,379.29572,1,0,0,0,1
35.14022,231.02577,378.94815,1,0,0,0,1
35.16010,230.98466,378.60059,1,0,0,0,1
35.18041,230.94356,378.25302,1,0,0,0,1
35.20010,230.90245,377.90546,1,0,0,0,1
35.22010,230.82024,377.21033,1,1,0,0,1
35.24019,230.77913,376.86276,1,1,0,0,1
35.26030,230.76236,376.51315,1,1,0,0,1
35.28053,230.77000,376.16324,1,1,0,0,1
35.30011,230.80203,375.81470,1,1,0,0,1
35.32012,230.93851,375.12854,1,0,0,0,1
35.34016,231.01872,374.78784,1,0,0,0,1
35.36018,231.09894,374.44714,1,0,0,0,1
35.38015,231.25937,373.76575,1,0,0,0,1
35.40021,231.33958,373.42505,1,0,0,0,1
35.42043,231.41980,373.08435,1,0,0,0,1
35.44009,231.58023,372.40295,1,0,0,0,1
35.46003,231.66045,372.06226,1,0,0,0,1
35.48043,231.74066,371.72156,1,0,0,0,1
35.50043,231.82088,371.38086,1,0,0,0,1
35.52049,231.98131,370.69946,1,0,0,0,1
35.54015,232.06152,370.35876,1,0,0,0,1
35.56046,232.14174,370.01807,1,0,0,0,1
35.58012,232.22195,369.67737,1,0,0,0,1
35.60024,232.30217,369.33667,1,0,0,0,1
35.62052,232.46260,368.65527,1,0,0,0,1
35.64007,232.54282,368.31458,1,0,0,0,1
35.66022,232.62303,367.97388,1,0,0,0,1
35.68053,232.70325,367.63318,1,0,0,0,1
35.70011,232.78346,367.29248,1,0,0,0,1
35.72041,232.94389,366.61108,1,0,0,0,1
35.74021,233.02411,366.27039,1,0,0,0,1
35.76032,233.18454,365.58899,1,0,0,0,1
35.78039,233.26476,365.24829,1,0,0,0,1
35.80018,233.34497,364.90759,1,0,0,0,1
35.82036,233.42519,364.56689,1,0,0,0,1
35.84041,233.58562,363.88550,1,0,0,0,1
35.86026,233.66583,363.54480,1,0,0,0,1
35.88043,233.74605,363.20410,1,0,0,0,1
35.90046,233.82626,362.86340,1,0,0,0,1
35.92014,233.98669,362.18201,1,0,0,0,1
35.94042,234.06691,361.84131,1,0,0,0,1
35.96051,234.14713,361.50061,1,0,0,0,1
35.98026,234.22734,361.15991,1,0,0,0,1
36.00045,234.30756,360.81921,1,0,0,0,1
36.02014,234.38777,360.47852,1,0,0,0,1
36.04049,234.54820,359.79712,1,0,0,0,1
36.06026,234.62842,359.45642,1,0,0,0,1
36.08037,234.70863,359.11572,1,0,0,0,1
36.10053,234.78885,358.77502,1,0,1,0,1
36.12011,234.86906,358.43433,1,0,1,0,1
36.14009,235.00551,357.74817,1,0,1,0,1
36.16030,235.04503,357.04971,1,0,0,0,1
36.18040,235.02815,356.70013,1,0,0,0,1
36.20027,235.01128,356.35056,1,0,0,0,1
36.22043,234.99440,356.00098,1,0,0,0,1
36.24045,234.96065,355.30182,1,0,0,0,1
36.26028,234.94377,354.95224,1,0,0,0,1
36.28052,234.92690,354.60266,1,0,0,0,1
36.30022,234.91002,354.25308,1,0,0,0,1
36.32033,234.89314,353.90350,1,0,0,0,1
36.34053,234.85939,353.20435,1,0,0,0,1
36.36051,234.84251,352.85477,1,0,0,0,1
36.38027,234.82564,352.50519,1,0,0,0,1
36.40006,234.80876,352.15561,1,0,0,0,1
36.42040,234.79189,351.80603,1,0,0,0,1
36.44066,234.75813,351.10687,1,0,0,0,1
36.46052,234.74126,350.75729,1,0,0,0,1
36.48018,234.72438,350.40771,1,0,0,0,1
36.50023,234.70750,350.05814,1,0,0,0,1
36.52055,234.67375,349.35898,1,0,0,0,1
36.54022,234.65688,349.00940,1,0,0,0,1
36.56037,234.62312,348.31024,1,0,0,0,1
36.58055,234.60625,347.96066,1,0,0,0,1
36.60050,234.58937,347.61108,1,0,0,0,1
36.62023,234.57249,347.26151,1,0,0,0,1
36.64031,234.53874,346.56235,1,0,0,0,1
36.66050,234.52187,346.21277,1,0,0,0,1
36.68012,234.50499,345.86319,1,0,0,0,1
36.70053,234.48811,345.51361,1,0,0,0,1
36.72020,234.47124,345.16403,1,0,0,0,1
36.74005,234.43748,344.46487,1,0,0,0,1
36.76043,234.42061,344.11530,1,0,0,0,1
36.78031,234.40373,343.76572,1,0,0,0,1
36.80011,234.38686,343.41614,1,0,0,0,1
36.82029,234.36998,343.06656,1,0,0,0,1
36.84046,234.33623,342.36740,1,0,0,0,1
36.86022,234.31935,342.01782,1,0,0,0,1
36.88048,234.30247,341.66824,1,0,0,0,1
36.90014,234.28560,341.31866,1,0,0,0,1
36.92041,234.26872,340.96909,1,0,0,0,1
36.94022,234.23497,340.26993,1,0,0,0,1
36.96037,234.20122,339.57077,1,0,0,0,1
36.98011,234.18434,339.22119,1,0,0,0,1
37.00026,234.16747,338.87161,1,0,0,0,1
37.02014,234.15059,338.52203,1,1,0,0,1
37.04042,234.11684,337.82288,1,1,0,0,1
37.06030,234.12439,337.47296,1,1,0,0,1
37.08024,234.15633,337.12442,1,0,0,0,1
37.10038,234.21249,336.77896,1,0,0,0,1
37.12053,234.29262,336.43826,1,0,0,0,1
37.14038,234.45287,335.75687,1,0,0,0,1
37.16054,234.53299,335.41617,1,0,0,0,1
37.18024,234.61311,335.07547,1,0,0,0,1
37.20036,234.69324,334.73477,1,0,0,0,1
37.22019,234.77336,334.39407,1,0,0,0,1
37.24029,234.93361,333.71268,1,0,0,0,1
37.26011,235.01373,333.37198,1,0,0,0,1
37.28034,235.09386,333.03128,1,0,0,0,1
37.30041,235.17398,332.69058,1,0,0,0,1
37.32011,235.25410,332.34988,1,0,0,0,1
37.34027,235.41435,331.66849,1,0,0,0,1
37.36035,235.57460,330.98709,1,0,0,0,1
37.38051,235.65472,330.64639,1,0,0,0,1
37.40030,235.73485,330.30569,1,0,0,0,1
37.42023,235.81497,329.96500,1,0,0,0,1
37.44030,235.97522,329.28360,1,0,0,0,1
37.46008,236.05534,328.94290,1,0,0,0,1
37.48011,236.13547,328.60220,1,0,0,0,1
37.50010,236.21559,328.26151,1,0,0,0,1
37.52015,236.29572,327.92081,1,0,0,0,1
37.54015,236.45596,327.23941,1,0,0,0,1
37.56015,236.53609,326.89871,1,0,0,0,1
37.58023,236.61621,326.55801,1,0,0,0,1
37.60013,236.69633,326.21732,1,0,0,0,1
37.62042,236.77646,325.87662,1,0,0,0,1
37.64024,236.93671,325.19522,1,0,0,0,1
37.66010,237.01683,324.85452,1,0,0,0,1
37.68048,237.09695,324.51382,1,0,0,0,1
37.70022,237.17708,324.17313,1,0,0,0,1
37.72038,237.25720,323.83243,1,0,0,0,1
37.74049,237.41745,323.15103,1,0,0,0,1
37.76016,237.57770,322.46964,1,0,0,0,1
37.78018,237.65782,322.12894,1,0,0,0,1
37.80031,237.73795,321.78824,1,0,0,0,1
37.82047,237.81807,321.44754,1,0,0,0,1
37.84025,237.97832,320.76614,1,0,0,0,1
37.86049,238.05844,320.42545,1,0,0,0,1
37.88016,238.13857,320.08475,1,0,0,0,1
37.90032,238.21869,319.74405,1,0,0,0,1
37.92049,238.29881,319.40335,1,0,1,0,1
37.94054,238.45906,318.72195,1,0,1,0,1
37.96040,238.51520,318.37650,1,0,1,0,1
37.98028,238.54706,318.02795,1,0,1,0,1
38.00006,238.55450,317.67804,1,0,1,0,1
38.02023,238.53754,317.32846,1,0,0,0,1
38.04060,238.45483,316.63336,1,0,0,0,1
38.06005,238.41348,316.28583,1,0,0,0,1
38.08018,238.37213,315.93829,1,0,0,0,1
38.10033,238.33078,315.59076,1,0,0,0,1
38.12021,238.28943,315.24323,1,0,0,0,1
38.14038,238.20673,314.54816,1,0,0,0,1
38.16053,238.12402,313.85309,1,0,0,0,1
38.18036,238.08267,313.50555,1,0,0,0,1
38.20003,238.04132,313.15802,1,0,0,0,1
38.22036,237.99997,312.81049,1,0,0,0,1
38.24080,237.91727,312.11542,1,0,0,0,1
38.26041,237.87592,311.76788,1,0,0,0,1
38.28018,237.83456,311.42035,1,0,0,0,1
38.30046,237.79321,311.07281,1,0,0,0,1
38.32016,237.75186,310.72528,1,0,0,0,1
38.34041,237.66916,310.03021,1,0,0,0,1
38.36050,237.62781,309.68268,1,0,0,0,1
38.38012,237.58646,309.33514,1,0,0,0,1
38.40029,237.54510,308.98761,1,0,0,0,1
38.42024,237.50375,308.64008,1,0,0,0,1
38.44047,237.42105,307.94501,1,0,0,0,1
38.46022,237.37970,307.59747,1,0,0,0,1
38.48039,237.33835,307.24994,1,0,0,0,1
38.50042,237.29700,306.90240,1,0,0,0,1
38.52015,237.25565,306.55487,1,0,0,0,1
38.54031,237.17294,305.85980,1,0,0,0,1
38.56048,237.09024,305.16473,1,0,0,0,1
38.58013,237.04889,304.81720,1,0,0,0,1
38.60048,237.00754,304.46967,1,0,0,0,1
38.62019,236.96619,304.12213,1,0,0,0,1
38.64035,236.88348,303.42706,1,0,0,0,1
38.66020,236.84213,303.07953,1,0,0,0,1
38.68036,236.80078,302.73199,1,0,0,0,1
38.70006,236.75943,302.38446,1,0,0,0,1
38.72034,236.71808,302.03693,1,0,0,0,1
38.74033,236.63538,301.34186,1,0,0,0,1
38.76055,236.59402,300.99432,1,0,0,0,1
38.78007,236.55267,300.64679,1,0,0,0,1
38.80017,236.51132,300.29926,1,0,0,0,1
38.82032,236.46997,299.95172,1,0,0,0,1
38.84053,236.38727,299.25665,1,0,0,0,1
38.86025,236.34592,298.90912,1,1,0,0,1
38.88046,236.30457,298.56158,1,1,0,0,1
38.90010,236.28755,298.21201,1,1,0,0,1
38.92018,236.32677,297.51355,1,1,0,0,1
38.94029,236.38280,297.16806,1,1,0,0,1
38.96053,236.56635,296.49301,1,0,0,0,1
38.98030,236.69296,296.16672,1,0,0,0,1
39.00046,236.81958,295.84042,1,0,0,0,1
39.02016,236.94620,295.51413,1,0,0,0,1
39.04038,237.19943,294.86154,1,0,0,0,1
39.06043,237.32605,294.53525,1,0,0,0,1
39.08035,237.45267,294.20895,1,0,0,0,1
39.10039,237.57928,293.88266,1,0,0,0,1
39.12009,237.70590,293.55637,1,0,0,0,1
39.14053,237.95914,292.90378,1,0,0,0,1
39.16011,238.08575,292.57748,1,0,0,0,1
39.18030,238.21237,292.25119,1,0,0,0,1
39.20039,238.33899,291.92490,1,0,0,0,1
39.22019,238.46561,291.59860,1,0,0,0,1
39.24004,238.71884,290.94601,1,0,0,0,1
39.26043,238.84546,290.61972,1,0,0,0,1
39.28038,238.97208,290.29343,1,0,0,0,1
39.30008,239.09869,289.96713,1,0,0,0,1
39.32018,239.35193,289.31454,1,0,0,0,1
39.34014,239.47855,288.98825,1,0,0,0,1
39.36051,239.73178,288.33566,1,0,0,0,1
39.38050,239.85840,288.00937,1,0,0,0,1
39.40018,239.98502,287.68307,1,0,0,0,1
39.42023,240.11163,287.35678,1,0,0,0,1
39.44004,240.36487,286.70419,1,0,0,0,1
39.46023,240.49149,286.37790,1,0,0,0,1
39.48041,240.61810,286.05161,1,0,0,0,1
39.50010,240.74472,285.72531,1,0,0,0,1
39.52029,240.87134,285.39902,1,0,0,0,1
39.54047,240.99796,285.07272,1,0,0,0,1
39.56034,241.25119,284.42014,1,0,0,0,1
39.58054,241.37781,284.09384,1,0,0,0,1
39.60037,241.50443,283.76755,1,0,0,0,1
39.62045,241.63104,283.44125,1,0,0,0,1
39.64014,241.88428,282.78867,1,0,0,0,1
39.66051,242.01089,282.46237,1,0,0,0,1
39.68051,242.13751,282.13608,1,0,0,0,1
39.70052,242.39075,281.48349,1,0,0,0,1
39.72015,242.51736,281.15720,1,0,0,0,1
39.74015,242.64398,280.83090,1,0,0,0,1
39.76021,242.89722,280.17831,1,0,1,0,1
39.78030,243.02383,279.85202,1,0,1,0,1
39.80046,243.12737,279.51767,1,0,1,0,1
39.82026,243.20729,279.17691,1,0,1,0,1
39.84040,243.29489,278.48285,1,0,1,0,1
39.86013,243.30214,278.13293,1,0,1,0,1
39.88038,243.28497,277.78336,1,0,1,0,1
39.90021,243.24342,277.43582,1,0,0,0,1
39.92050,243.17770,277.09204,1,0,0,0,1
39.94044,243.04626,276.40448,1,0,0,0,1
39.96028,242.98055,276.06070,1,0,0,0,1
39.98044,242.91483,275.71692,1,0,0,0,1
40.00022,242.84911,275.37314,1,0,0,0,1
40.02008,242.78339,275.02936,1,0,0,0,1
40.04033,242.65195,274.34180,1,0,0,0,1
40.06006,242.58623,273.99802,1,0,0,0,1
40.08023,242.45479,273.31046,1,0,0,0,1
40.10035,242.38907,272.96667,1,0,0,0,1
40.12036,242.32335,272.62289,1,0,0,0,1
40.14014,242.25763,272.27911,1,0,0,0,1
40.16038,242.12619,271.59155,1,0,0,0,1
40.18029,242.06047,271.24777,1,0,0,0,1
40.20052,241.99475,270.90399,1,0,0,0,1
40.22026,241.92903,270.56021,1,0,0,0,1
40.24044,241.79759,269.87265,1,0,0,0,1
40.26040,241.73187,269.52887,1,0,0,0,1
40.28010,241.66615,269.18509,1,0,0,0,1
40.30012,241.60043,268.84131,1,0,0,0,1
40.32048,241.53471,268.49753,1,0,0,0,1
40.34014,241.46899,268.15375,1,0,0,0,1
40.36028,241.33755,267.46619,1,0,0,0,1
40.38048,241.27184,267.12241,1,0,0,0,1
40.40014,241.20612,266.77863,1,0,0,0,1
40.42018,241.14040,266.43484,1,0,0,0,1
40.44005,241.07468,266.09106,1,0,0,0,1
40.46056,240.94324,265.40350,1,0,0,0,1
40.48034,240.87752,265.05972,1,0,0,0,1
40.50009,240.74608,264.37216,1,0,0,0,1
40.52031,240.68036,264.02838,1,0,0,0,1
40.54038,240.61464,263.68460,1,0,0,0,1
40.56016,240.48320,262.99704,1,0,0,0,1
40.58043,240.41748,262.65326,1,1,0,0,1
40.60016,240.35176,262.30948,1,1,0,0,1
40.62049,240.31018,261.96194,1,1,0,0,1
40.64051,240.29294,261.61237,1,1,0,0,1
40.66020,240.33170,260.91388,1,1,0,0,1
40.68033,240.38750,260.56836,1,1,0,0,1
40.70048,240.46725,260.22757,1,0,0,0,1
40.72017,240.57059,259.89316,1,0,0,0,1
40.74028,240.67392,259.55875,1,0,0,0,1
40.76053,240.88058,258.88992,1,0,0,0,1
40.78016,240.98392,258.55551,1,0,0,0,1
40.80050,241.08725,258.22110,1,0,0,0,1
40.82011,241.19058,257.88669,1,0,0,0,1
40.84034,241.29391,257.55228,1,0,0,0,1
40.86034,241.50058,256.88345,1,0,0,0,1
40.88042,241.70724,256.21463,1,0,0,0,1
40.90017,241.81058,255.88023,1,0,0,0,1
40.92052,241.91391,255.54584,1,0,0,0,1
40.94021,242.01724,255.21144,1,0,0,0,1
40.96037,242.22391,254.54265,1,0,0,0,1
40.98052,242.32724,254.20825,1,0,0,0,1
41.00017,242.43057,253.87386,1,0,0,0,1
41.02010,242.53391,253.53946,1,0,0,0,1
41.04042,242.63724,253.20506,1,0,0,0,1
41.06011,242.84390,252.53627,1,0,0,0,1
41.08027,242.94724,252.20187,1,0,0,0,1
41.10033,243.05057,251.86748,1,0,0,0,1
41.12038,243.15390,251.53308,1,0,0,0,1
41.14032,243.25723,251.19868,1,0,0,0,1
41.16039,243.46390,250.52989,1,0,0,0,1
41.18041,243.56723,250.19550,1,0,0,0,1
41.20005,243.56723,250.19550,1,0,0,0,1
41.22022,243.77390,249.52670,1,0,0,0,1
41.24042,243.98056,248.85791,1,0,0,0,1
41.26032,244.08389,248.52351,1,0,0,0,1
41.28014,244.29056,247.85472,1,0,0,0,1
41.30043,244.39389,247.52032,1,0,0,0,1
41.32036,244.49722,247.18593,1,0,0,0,1
41.34057,244.60056,246.85153,1,0,0,0,1
41.36035,244.80722,246.18274,1,0,0,0,1
41.38043,244.91055,245.84834,1,0,0,0,1
41.40048,245.01389,245.51395,1,0,1,0,1
41.42050,245.11722,245.17955,1,0,1,0,1
41.44026,245.22055,244.84515,1,0,1,0,1
41.46044,245.35602,244.15881,1,0,1,0,1
41.48007,245.38748,243.81023,1,0,1,0,1
41.50025,245.39453,243.46030,1,0,1,0,1
41.52034,245.37715,243.11073,1,0,0,0,1
41.54050,245.33540,242.76323,1,0,0,0,1
41.56015,245.20357,242.07576,1,0,0,0,1
41.58033,245.13765,241.73203,1,0,0,0,1
41.60014,245.07173,241.38829,1,0,0,0,1
41.62058,245.00581,241.04456,1,0,0,0,1
41.64015,244.93990,240.70082,1,0,0,0,1
41.66026,244.80806,240.01335,1,0,0,0,1
41.68015,244.67622,239.32588,1,0,0,0,1
41.70034,244.61031,238.98215,1,0,0,0,1
41.72048,244.54439,238.63841,1,0,0,0,1
41.74025,244.47847,238.29468,1,0,0,0,1
41.76057,244.34663,237.60721,1,0,0,0,1
41.78043,244.28072,237.26347,1,0,0,0,1
41.80025,244.21480,236.91974,1,0,0,0,1
41.82006,244.14888,236.57600,1,0,0,0,1
41.84015,244.08296,236.23227,1,0,0,0,1
41.86017,243.95113,235.54480,1,0,0,0,1
41.88019,243.88521,235.20107,1,0,0,0,1
41.90020,243.81929,234.85733,1,0,0,0,1
41.92024,243.75337,234.51360,1,0,0,0,1
41.94025,243.68745,234.16986,1,0,0,0,1
41.96033,243.55562,233.48239,1,0,0,0,1
41.98014,243.48970,233.13866,1,0,0,0,1
42.00020,243.42378,232.79492,1,0,0,0,1
42.02011,243.35786,232.45119,1,0,0,0,1
42.04058,243.29195,232.10745,1,0,0,0,1
42.06042,243.16011,231.41998,1,0,0,0,1
42.08016,243.02827,230.73251,1,0,0,0,1
42.10034,242.96236,230.38878,1,0,0,0,1
42.12049,242.89644,230.04504,1,0,0,0,1
42.14010,242.83052,229.70131,1,0,0,0,1
42.16022,242.69868,229.01384,1,0,0,0,1
42.18036,242.63277,228.67010,1,0,0,0,1
42.20051,242.56685,228.32637,1,1,0,0,1
42.22044,242.50093,227.98264,1,1,0,0,1
42.24021,242.43501,227.63890,1,1,0,0,1
42.26054,242.37579,226.94183,1,1,0,0,1
42.28026,242.38277,226.59190,1,0,0,0,1
42.30053,242.41414,226.24332,1,0,0,0,1
42.32021,242.44551,225.89473,1,0,0,0,1
42.34048,242.47688,225.54614,1,0,0,0,1
42.36046,242.53963,224.84897,1,0,0,0,1
42.38027,242.57100,224.50038,1,0,0,0,1
42.40046,242.60237,224.15179,1,0,0,0,1
42.42049,242.63374,223.80321,1,0,0,0,1
42.44023,242.66512,223.45462,1,0,0,0,1
42.46012,242.72786,222.75745,1,0,0,0,1
42.48012,242.79060,222.06027,1,0,0,0,1
42.50044,242.82198,221.71169,1,0,0,0,1
42.52035,242.85335,221.36310,1,0,0,0,1
42.54032,242.88472,221.01451,1,0,0,0,1
42.56031,242.94746,220.31734,1,0,0,0,1
42.58046,242.97884,219.96875,1,0,0,0,1
42.60041,243.01021,219.62016,1,0,0,0,1
42.62049,243.04158,219.27158,1,0,0,0,1
42.64051,243.07295,218.92299,1,0,0,0,1
42.66045,243.13570,218.22581,1,0,0,0,1
42.68040,243.16707,217.87723,1,0,0,0,1
42.70004,243.19844,217.52864,1,0,0,0,1
42.72014,243.22981,217.18005,1,0,0,0,1
42.74048,243.26118,216.83147,1,0,0,0,1
42.76048,243.32393,216.13429,1,0,0,0,1
42.78042,243.35530,215.78571,1,0,0,0,1
42.80048,243.38667,215.43712,1,0,0,0,1
42.82033,243.41805,215.08853,1,0,0,0,1
42.84033,243.44942,214.73994,1,0,0,0,1
42.86055,243.48079,214.39136,1,0,0,0,1
42.88021,243.57491,213.34560,1,0,0,0,1
42.90044,243.60628,212.99701,1,0,0,0,1
42.92011,243.63765,212.64842,1,0,0,0,1
42.94043,243.66902,212.29984,1,0,0,0,1
42.96031,243.73177,211.60266,1,0,0,0,1
42.98020,243.76314,211.25407,1,0,1,0,1
43.00038,243.79451,210.90549,1,0,1,0,1
43.02051,243.80145,210.55556,1,0,1,0,1
43.04015,243.78398,210.20599,1,0,1,0,1
43.06017,243.67613,209.51479,1,0,0,0,1
43.08041,243.58627,209.17651,1,0,0,0,1
43.10009,243.47302,208.84534,1,0,0,0,1
43.12052,243.35977,208.51416,1,0,0,0,1
43.14020,243.24652,208.18298,1,0,0,0,1
43.16063,243.02002,207.52063,1,0,0,0,1
43.18014,242.90677,207.18945,1,0,0,0,1
43.20021,242.79352,206.85828,1,0,0,0,1
43.22032,242.68027,206.52710,1,0,0,0,1
43.24047,242.45377,205.86475,1,0,0,0,1
43.26039,242.34052,205.53357,1,0,0,0,1
43.28052,242.11401,204.87122,1,0,0,0,1
43.30010,242.00076,204.54004,1,0,0,0,1
43.32007,241.88751,204.20886,1,0,0,0,1
43.34034,241.77426,203.87769,1,0,0,0,1
43.36011,241.54776,203.21533,1,0,0,0,1
43.38034,241.43451,202.88416,1,0,0,0,1
43.40056,241.32126,202.55298,1,0,0,0,1
43.42025,241.20801,202.22180,1,0,0,0,1
43.44030,241.09476,201.89062,1,0,0,0,1
43.46045,240.86826,201.22827,1,0,0,0,1
43.48013,240.75500,200.89709,1,0,0,0,1
43.50029,240.64175,200.56592,1,0,0,0,1
43.52048,240.52850,200.23474,1,0,0,0,1
43.54023,240.41525,199.90356,1,0,0,0,1
43.56016,240.18875,199.24121,1,0,0,0,1
43.58019,240.07550,198.91003,1,0,0,0,1
43.60037,239.96225,198.57886,1,0,0,0,1
43.62016,239.84900,198.24768,1,0,0,0,1
43.64027,239.73575,197.91650,1,0,0,0,1
43.66057,239.50925,197.25415,1,0,0,0,1
43.68006,239.28275,196.59180,1,0,0,0,1
43.70045,239.16949,196.26062,1,1,0,0,1
43.72031,239.05624,195.92944,1,1,0,0,1
43.74004,238.94299,195.59827,1,1,0,0,1
43.76023,238.78703,194.91631,1,1,0,0,1
43.78045,238.74509,194.56883,1,1,0,0,1
43.80011,238.72748,194.21927,1,0,0,0,1
43.82028,238.73428,193.86934,1,0,0,0,1
43.84027,238.74109,193.51941,1,0,0,0,1
43.86036,238.75470,192.81955,1,0,0,0,1
43.88053,238.76151,192.46962,1,0,0,0,1
43.90043,238.76831,192.11969,1,0,0,0,1
43.92029,238.77512,191.76976,1,0,0,0,1
43.94049,238.78192,191.41983,1,0,0,0,1
43.96052,238.79553,190.71997,1,0,0,0,1
43.98022,238.80234,190.37004,1,0,0,0,1
44.00052,238.80914,190.02011,1,0,0,0,1
44.02014,238.81595,189.67018,1,0,0,0,1
44.04012,238.82956,188.97032,1,0,0,0,1
44.06021,238.83636,188.62039,1,0,0,0,1
44.08047,238.84998,187.92053,1,0,0,0,1
44.10043,238.85678,187.57060,1,0,0,0,1
44.12007,238.86359,187.22067,1,0,0,0,1
44.14033,238.87039,186.87074,1,0,0,0,1
44.16009,238.88400,186.17088,1,0,0,0,1
44.18049,238.89081,185.82095,1,0,0,0,1
44.20039,238.89761,185.47102,1,0,0,0,1
44.22029,238.90442,185.12109,1,0,0,0,1
44.24016,238.91122,184.77116,1,0,0,0,1
44.26049,238.92484,184.07130,1,0,0,0,1
44.28017,238.93164,183.72137,1,0,0,0,1
44.30048,238.93845,183.37144,1,0,0,0,1
44.32041,238.94525,183.02151,1,0,0,0,1
44.34003,238.95206,182.67159,1,0,0,0,1
44.36021,238.95886,182.32166,1,0,0,0,1
44.38024,238.97247,181.62180,1,0,0,0,1
44.40026,238.97928,181.27187,1,0,0,0,1
44.42041,238.98608,180.92194,1,0,0,0,1
44.44042,238.99969,180.22208,1,0,0,0,1
44.46011,239.00650,179.87215,1,0,0,0,1
44.48017,239.02011,179.17229,1,0,0,0,1
44.50048,239.02692,178.82236,1,0,0,0,1
44.52015,239.03372,178.47243,1,0,1,0,1
44.54034,239.04053,178.12250,1,0,1,0,1
44.56007,239.04733,177.77257,1,0,1,0,1
44.58042,238.98775,177.07553,1,0,1,0,1
44.60013,238.98775,177.07553,1,0,1,0,1
44.62051,238.83162,176.39360,1,0,1,0,1
44.64033,238.71823,176.06247,1,0,0,0,1
44.66020,238.58200,175.74007,1,0,0,0,1
44.68038,238.30954,175.09526,1,0,0,0,1
44.70054,238.17331,174.77286,1,0,0,0,1
44.72024,238.03708,174.45045,1,0,0,0,1
44.74044,237.90085,174.12805,1,0,0,0,1
44.76014,237.76462,173.80565,1,0,0,0,1
44.78026,237.49216,173.16084,1,0,0,0,1
44.80033,237.21970,172.51604,1,0,0,0,1
44.82030,237.08347,172.19363,1,0,0,0,1
44.84027,236.94724,171.87123,1,0,0,0,1
44.86012,236.81100,171.54883,1,0,0,0,1
44.88042,236.53854,170.90402,1,0,0,0,1
44.90032,236.40231,170.58162,1,0,0,0,1
44.92079,236.26608,170.25922,1,0,0,0,1
44.94050,236.12985,169.93681,1,0,0,0,1
44.96053,235.99362,169.61441,1,0,0,0,1
44.98012,235.72116,168.96960,1,0,0,0,1
45.00029,235.58493,168.64720,1,0,0,0,1
45.02037,235.44870,168.32480,1,0,0,0,1
45.04015,235.31247,168.00240,1,0,0,0,1
45.06035,235.17624,167.67999,1,0,0,0,1
45.08020,234.90378,167.03519,1,0,0,0,1
45.10004,234.76755,166.71278,1,0,0,0,1
45.12028,234.63132,166.39038,1,0,0,0,1
45.14052,234.49509,166.06798,1,0,0,0,1
45.16032,234.35886,165.74557,1,0,0,0,1
45.18014,233.95016,164.77837,1,0,0,0,1
45.20045,233.81393,164.45596,1,0,0,0,1
45.22022,233.67770,164.13356,1,0,0,0,1
45.24026,233.54147,163.81116,1,0,0,0,1
45.26050,233.40524,163.48875,1,1,0,0,1
45.28020,233.13278,162.84395,1,1,0,0,1
45.30016,233.01936,162.51283,1,1,0,0,1
45.32039,232.92932,162.17462,1,1,0,0,1
45.34011,232.86308,161.83095,1,1,0,0,1
45.36011,232.82097,161.48349,1,0,0,0,1
45.38042,232.80983,160.78401,1,0,0,0,1
45.40053,232.81647,160.43408,1,0,0,0,1
45.42025,232.82310,160.08415,1,0,0,0,1
45.44040,232.82974,159.73422,1,0,0,0,1
45.46040,232.83638,159.38429,1,0,0,0,1
45.48055,232.84966,158.68443,1,0,0,0,1
45.50019,232.85629,158.33450,1,0,0,0,1
45.52038,232.86293,157.98457,1,0,0,0,1
45.54021,232.86957,157.63464,1,0,0,0,1
45.56018,232.87621,157.28471,1,0,0,0,1
45.58040,232.88948,156.58485,1,0,0,0,1
45.60062,232.90276,155.88499,1,0,0,0,1
45.62047,232.90939,155.53506,1,0,0,0,1
45.64027,232.91603,155.18513,1,0,0,0,1
45.66013,232.92267,154.83521,1,0,0,0,1
45.68025,232.93594,154.13535,1,0,0,0,1
45.70016,232.94258,153.78542,1,0,0,0,1
45.72043,232.94922,153.43549,1,0,0,0,1
45.74025,232.95586,153.08556,1,0,0,0,1
45.76024,232.96249,152.73563,1,0,0,0,1
45.78028,232.97577,152.03577,1,0,0,0,1
45.80046,232.98241,151.68584,1,0,0,0,1
45.82006,232.98904,151.33591,1,0,0,0,1
45.84030,232.99568,150.98598,1,0,0,0,1
45.86050,233.00232,150.63605,1,0,0,0,1
45.88021,233.01559,149.93619,1,0,0,0,1
45.90048,233.02223,149.58626,1,0,0,0,1
45.92012,233.02887,149.23633,1,0,0,0,1
45.94052,233.03551,148.88640,1,0,0,0,1
45.96054,233.04214,148.53647,1,0,0,0,1
45.98035,233.05542,147.83661,1,0,0,0,1
46.00023,233.06870,147.13675,1,0,0,0,1
46.02040,233.07533,146.78682,1,0,0,0,1
46.04017,233.08197,146.43689,1,0,0,0,1
46.06034,233.08861,146.08696,1,0,0,0,1
46.08028,233.10188,145.38710,1,0,0,0,1
46.10018,233.10852,145.03717,1,0,0,0,1
46.12031,233.11516,144.68724,1,0,0,0,1
46.14054,233.12180,144.33731,1,0,1,0,1
46.16027,233.12843,143.98738,1,0,1,0,1
46.18035,233.06851,143.29037,1,0,1,0,1
46.20034,233.00221,142.94672,1,0,1,0,1
46.22040,232.91206,142.60852,1,0,0,0,1
46.24050,232.79852,142.27745,1,0,0,0,1
46.26053,232.57144,141.61531,1,0,0,0,1
46.28011,232.45790,141.28424,1,0,0,0,1
46.30030,232.34436,140.95317,1,0,0,0,1
46.32045,232.11728,140.29103,1,0,0,0,1
46.34024,232.00374,139.95996,1,0,0,0,1
46.36040,231.89020,139.62889,1,0,0,0,1
46.38006,231.77666,139.29782,1,0,0,0,1
46.40026,231.54958,138.63568,1,0,0,0,1
46.42044,231.43604,138.30461,1,0,0,0,1
46.44017,231.32249,137.97354,1,0,0,0,1
46.46036,231.20895,137.64247,1,0,0,0,1
46.48013,230.98187,136.98033,1,0,0,0,1
46.50023,230.86833,136.64926,1,0,0,0,1
46.52042,230.75479,136.31819,1,0,0,0,1
46.54022,230.64125,135.98712,1,0,0,0,1
46.56037,230.52771,135.65605,1,0,0,0,1
46.58054,230.30063,134.99391,1,0,0,0,1
46.60056,230.18709,134.66284,1,0,0,0,1
46.62049,230.07355,134.33177,1,0,0,0,1
46.64034,229.96001,134.00070,1,0,0,0,1
46.66022,229.84647,133.66963,1,0,0,0,1
46.68039,229.61938,133.00749,1,0,0,0,1
46.70005,229.50584,132.67642,1,0,0,0,1
46.72028,229.39230,132.34535,1,0,0,0,1
46.74053,229.16522,131.68321,1,0,0,0,1
46.76037,229.05168,131.35214,1,0,0,0,1
46.78010,228.93814,131.02107,1,0,0,0,1
46.80016,228.71106,130.35893,1,0,0,0,1
46.82031,228.59752,130.02786,1,0,0,0,1
46.84045,228.48398,129.69679,1,0,0,0,1
46.86053,228.37044,129.36572,1,1,0,0,1
46.88040,228.16672,128.69647,1,1,0,0,1
46.90019,228.10034,128.35283,1,1,0,0,1
46.92028,228.05809,128.00539,1,1,0,0,1
46.94043,228.04018,127.65585,1,1,0,0,1
46.96017,228.04669,127.30591,1,0,0,0,1
46.98058,228.13272,126.61165,1,0,0,0,1
47.00051,228.18785,126.26602,1,0,0,0,1
47.02030,228.24298,125.92039,1,0,0,0,1
47.04032,228.29811,125.57477,1,0,0,0,1
47.06043,228.35324,125.22914,1,0,0,0,1
47.08045,228.46350,124.53789,1,0,0,0,1
47.10038,228.51863,124.19226,1,0,0,0,1
47.12007,228.57376,123.84663,1,0,0,0,1
47.14027,228.68402,123.15538,1,0,0,0,1
47.16047,228.73915,122.80975,1,0,0,0,1
47.18033,228.79428,122.46413,1,0,0,0,1
47.20051,228.90454,121.77287,1,0,0,0,1
47.22016,228.95967,121.42725,1,0,0,0,1
47.24026,229.01480,121.08162,1,0,0,0,1
47.26006,229.06993,120.73599,1,0,0,0,1
47.28024,229.18019,120.04474,1,0,0,0,1
47.30044,229.23532,119.69911,1,0,0,0,1
47.32033,229.29045,119.35349,1,0,0,0,1
47.34036,229.34558,119.00786,1,0,0,0,1
47.36050,229.40071,118.66223,1,0,0,0,1
47.38013,229.51097,117.97098,1,0,0,0,1
47.40025,229.56610,117.62535,1,0,0,0,1
47.42032,229.62123,117.27972,1,0,0,0,1
47.44044,229.67636,116.93410,1,0,0,0,1
47.46027,229.73149,116.58847,1,0,0,0,1
47.48017,229.84175,115.89722,1,0,0,0,1
47.50035,229.89688,115.55159,1,0,0,0,1
47.52031,229.95201,115.20596,1,0,0,0,1
47.54008,230.00714,114.86034,1,0,0,0,1
47.56050,230.11740,114.16908,1,0,0,0,1
47.58067,230.17253,113.82346,1,0,0,0,1
47.60054,230.28279,113.13220,1,0,0,0,1
47.62022,230.33792,112.78658,1,0,1,0,1
47.64010,230.39305,112.44095,1,0,1,0,1
47.66015,230.42392,112.09232,1,0,1,0,1
47.68006,230.41238,111.39284,1,0,1,0,1
47.70033,230.37004,111.04541,1,0,1,0,1
47.72046,230.30354,110.70179,1,0,1,0,1
47.74018,230.21321,110.36365,1,0,0,0,1
47.76031,230.09947,110.03264,1,0,0,0,1
47.78054,229.87199,109.37062,1,0,0,0,1
47.80004,229.75826,109.03961,1,0,0,0,1
47.82023,229.64452,108.70860,1,0,0,0,1
47.84035,229.53078,108.37759,1,0,0,0,1
47.86022,229.41704,108.04659,1,0,0,0,1
47.88042,229.18956,107.38457,1,0,0,0,1
47.90008,229.07582,107.05356,1,0,0,0,1
47.92031,228.84834,106.39154,1,0,0,0,1
47.94022,228.73460,106.06053,1,0,0,0,1
47.96016,228.62086,105.72952,1,0,0,0,1
47.98007,228.50713,105.39851,1,0,0,0,1
48.00055,228.27965,104.73650,1,0,0,0,1
48.02043,228.16591,104.40549,1,0,0,0,1
48.04011,228.05217,104.07448,1,0,0,0,1
48.06030,227.93843,103.74347,1,0,0,0,1
48.08042,227.71095,103.08145,1,0,0,0,1
48.10015,227.59721,102.75044,1,0,0,0,1
48.12037,227.48347,102.41943,1,0,0,0,1
48.14007,227.36974,102.08842,1,0,0,0,1
48.16026,227.25600,101.75742,1,0,0,0,1
48.18005,227.02852,101.09540,1,0,0,0,1
48.20027,226.91478,100.76439,1,0,0,0,1
48.22033,226.80104,100.43338,1,0,0,0,1
48.24050,226.68730,100.10237,1,0,0,0,1
48.26022,226.57356,99.77136,1,0,0,0,1
48.28030,226.34608,99.10934,1,0,0,0,1
48.30054,226.23235,98.77834,1,0,0,0,1
48.32048,226.11861,98.44733,1,0,0,0,1
48.34031,225.89113,97.78531,1,0,0,0,1
48.36015,225.77739,97.45430,1,0,0,0,1
48.38011,225.66365,97.12329,1,0,0,0,1
48.40014,225.54991,96.79228,1,0,0,0,1
48.42044,225.32243,96.13026,1,1,0,0,1
48.44004,225.20869,95.79926,1,1,0,0,1
48.46003,225.11832,95.46112,1,1,0,0,1
48.48013,225.00929,94.77009,1,1,0,0,1
48.50004,224.99118,94.42056,1,1,0,0,1
48.52023,224.99748,94.07061,1,0,0,0,1
48.54038,225.02818,93.72196,1,0,0,0,1
48.56008,225.05888,93.37331,1,0,0,0,1
48.58049,225.12029,92.67602,1,0,0,0,1
48.60030,225.15099,92.32737,1,0,0,0,1
48.62011,225.18169,91.97872,1,0,0,0,1
48.64026,225.21239,91.63007,1,0,0,0,1
48.66040,225.24309,91.28143,1,0,0,0,1
48.68053,225.30449,90.58413,1,0,0,0,1
48.70024,225.33519,90.23548,1,0,0,0,1
48.72014,225.39659,89.53819,1,0,0,0,1
48.74033,225.42729,89.18954,1,0,0,0,1
48.76019,225.45799,88.84089,1,0,0,0,1
48.78026,225.48869,88.49224,1,0,0,0,1
48.80044,225.55009,87.79494,1,0,0,0,1
48.82033,225.58080,87.44630,1,0,0,0,1
48.84040,225.61150,87.09765,1,0,0,0,1
48.86009,225.64220,86.74900,1,0,0,0,1
48.88029,225.67290,86.40035,1,0,0,0,1
48.90022,225.73430,85.70306,1,0,0,0,1
48.92054,225.76500,85.35441,1,0,0,0,1
48.94041,225.79570,85.00576,1,0,0,0,1
48.96029,225.82640,84.65711,1,0,0,0,1
48.98025,225.85710,84.30846,1,0,0,0,1
49.00004,225.91850,83.61117,1,0,0,0,1
49.02037,225.94920,83.26252,1,0,0,0,1
49.04018,225.97990,82.91387,1,0,0,0,1
49.06044,226.01060,82.56522,1,0,0,0,1
49.08017,226.04131,82.21658,1,0,0,0,1
49.10040,226.10271,81.51928,1,0,0,0,1
49.12052,226.16411,80.82198,1,0,0,0,1
49.14016,226.19481,80.47334,1,0,0,0,1
49.16032,226.22551,80.12469,1,0,1,0,1
49.18005,226.25621,79.77604,1,0,1,0,1
49.20038,226.29318,79.07745,1,0,1,0,1
49.22047,226.27504,78.72791,1,0,1,0,1
49.24038,226.23253,78.38050,1,0,0,0,1
49.26045,226.16586,78.03691,1,0,0,0,1
49.28029,226.07536,77.69881,1,0,0,0,1
49.30049,225.89436,77.02262,1,0,0,0,1
49.32008,225.80386,76.68452,1,0,0,0,1
49.34040,225.71336,76.34643,1,0,0,0,1
49.36047,225.62286,76.00833,1,0,0,0,1
49.38035,225.53236,75.67023,1,0,0,0,1
49.40077,225.35136,74.99404,1,0,0,0,1
49.42042,225.26086,74.65594,1,0,0,0,1
49.44017,225.17036,74.31785,1,0,0,0,1
49.46036,225.07986,73.97975,1,0,0,0,1
49.48028,224.98936,73.64165,1,0,0,0,1
49.50047,224.80836,72.96546,1,0,0,0,1
49.52010,224.62737,72.28927,1,0,0,0,1
49.54048,224.53687,71.95117,1,0,0,0,1
49.56042,224.44637,71.61308,1,0,0,0,1
49.58017,224.35587,71.27498,1,0,0,0,1
49.60037,224.17487,70.59879,1,0,0,0,1
49.62032,224.08437,70.26069,1,0,0,0,1
49.64044,223.99387,69.92259,1,0,0,0,1
49.66033,223.90337,69.58450,1,0,0,0,1
49.68038,223.81287,69.24640,1,0,0,0,1
49.70055,223.63187,68.57021,1,0,0,0,1
49.72039,223.54137,68.23211,1,0,0,0,1
49.74017,223.45087,67.89401,1,0,0,0,1
49.76038,223.36037,67.55592,1,0,0,0,1
49.78027,223.26987,67.21782,1,0,0,0,1
49.80024,223.08887,66.54163,1,0,0,0,1
49.82047,222.99837,66.20353,1,0,0,0,1
49.84016,222.90787,65.86543,1,0,0,0,1
49.86004,222.81737,65.52734,1,0,0,0,1
49.88037,222.72687,65.18924,1,0,0,0,1
49.90030,222.54587,64.51305,1,0,0,0,1
49.92054,222.36487,63.83685,1,1,0,0,1
49.94036,222.27437,63.49876,1,1,0,0,1
49.96030,222.20767,63.15517,1,1,0,0,1
49.98026,222.16510,62.80777,1,1,0,0,1
50.00022,222.15303,62.10830,1,1,0,0,1
50.02047,222.18359,61.75964,1,1,0,0,1
50.04043,222.23840,61.41395,1,0,0,0,1
50.06009,222.31718,61.07293,1,0,0,0,1
50.08055,222.39597,60.73191,1,0,0,0,1
50.10018,222.55353,60.04988,1,0,0,0,1
50.12038,222.63231,59.70886,1,0,0,0,1
50.14058,222.71109,59.36784,1,0,0,0,1
50.16027,222.78987,59.02682,1,0,0,0,1
50.18044,222.86865,58.68580,1,0,0,0,1
50.20037,223.02621,58.00377,1,0,0,0,1
50.22051,223.10500,57.66275,1,0,0,0,1
50.24013,223.18378,57.32173,1,0,0,0,1
50.26021,223.26256,56.98071,1,0,0,0,1
50.28026,223.34134,56.63969,1,0,0,0,1
50.30023,223.49890,55.95765,1,0,0,0,1
50.32020,223.65646,55.27562,1,0,0,0,1
50.34049,223.73524,54.93460,1,0,0,0,1
50.36013,223.81403,54.59358,1,0,0,0,1
50.38030,223.89281,54.25256,1,0,0,0,1
50.40085,224.05037,53.57052,1,0,0,0,1
50.42006,224.12915,53.22950,1,0,0,0,1
50.44048,224.20793,52.88848,1,0,0,0,1
50.46036,224.28671,52.54747,1,0,0,0,1
50.48020,224.36549,52.20645,1,0,0,0,1
50.50013,224.52306,51.52441,1,0,0,0,1
50.52025,224.60184,51.18339,1,0,0,0,1
50.54038,224.68062,50.84237,1,0,0,0,1
50.56038,224.75940,50.50135,1,0,0,0,1
50.58032,224.83818,50.16034,1,0,0,0,1
50.60038,224.99574,49.47830,1,0,0,0,1
50.62038,225.07452,49.13728,1,0,0,0,1
50.64038,225.15331,48.79626,1,0,0,0,1
50.66038,225.23209,48.45524,1,0,0,0,1
50.68039,225.31087,48.11422,1,0,0,0,1
50.70014,225.38965,47.77320,1,0,1,0,1
50.72031,225.60199,46.74548,1,0,1,0,1
50.74010,225.63249,46.39681,1,0,1,0,1
50.76033,225.63857,46.04686,1,0,1,0,1
50.78010,225.62022,45.69735,1,0,1,0,1
50.80031,225.51065,45.00641,1,0,1,0,1
50.82041,225.41995,44.66837,1,0,1,0,1
50.84044,225.30588,44.33748,1,0,1,0,1
50.86031,225.16896,44.01537,1,0,1,0,1
50.88028,225.00989,43.70360,1,0,0,0,1
50.90027,224.64899,43.10382,1,0,0,0,1
50.92016,224.46854,42.80392,1,0,0,0,1
50.94021,224.28809,42.50403,1,0,0,0,1
50.96049,224.10764,42.20414,1,0,0,0,1
50.98052,223.92719,41.90425,1,0,0,0,1
51.00011,223.56628,41.30446,1,0,0,0,1
51.02010,223.38583,41.00457,1,0,0,0,1
51.04044,223.20538,40.70468,1,0,0,0,1
51.06035,223.02493,40.40479,1,0,0,0,1
51.08040,222.84448,40.10489,1,0,0,0,1
51.10057,222.48358,39.50511,1,0,0,0,1
51.12034,222.12268,38.90532,1,0,0,0,1
51.14013,221.94223,38.60543,1,0,0,0,1
51.16050,221.76178,38.30554,1,0,0,0,1
51.18014,221.58133,38.00565,1,0,0,0,1
51.20039,221.22043,37.40586,1,0,0,0,1
51.22017,221.03998,37.10597,1,0,0,0,1
51.24038,220.85953,36.80608,1,0,0,0,1
51.26040,220.67908,36.50618,1,0,0,0,1
51.28005,220.49863,36.20629,1,0,0,0,1
51.30021,220.13773,35.60651,1,0,0,0,1
51.32034,219.95728,35.30661,1,0,0,0,1
51.34053,219.77682,35.00672,1,0,0,0,1
51.36025,219.59637,34.70683,1,0,0,0,1
51.38023,219.41592,34.40694,1,0,0,0,1
51.40048,219.05502,33.80715,1,0,0,0,1
51.42007,218.87457,33.50726,1,0,0,0,1
51.44028,218.51367,32.90747,1,0,0,0,1
51.46027,218.33322,32.60758,1,0,0,0,1
51.48013,218.15277,32.30769,1,0,0,0,1
51.50042,217.97232,32.00780,1,1,0,0,1
51.52034,217.61142,31.40801,1,1,0,0,1
51.54038,217.45232,31.09626,1,1,0,0,1
51.56054,217.31534,30.77418,1,1,0,0,1
51.58038,217.20116,30.44332,1,1,0,0,1
51.60026,217.04330,29.76179,1,1,0,0,1
51.62060,217.00040,29.41443,1,1,0,0,1
51.64037,216.98181,29.06493,1,1,0,0,1
51.66005,216.98766,28.71498,1,1,0,0,1
51.68023,217.01788,28.36628,0,1,0,0,1
51.70011,217.01788,28.36628,0,1,0,0,1
51.72012,217.01788,28.36628,0,1,0,0,1
51.74037,217.01788,28.36628,0,1,0,0,1
51.76052,217.01788,28.36628,0,0,0,0,1
51.78028,217.01788,28.36628,0,0,0,0,1
51.80006,217.01788,28.36628,0,0,0,0,1
51.82037,217.01788,28.36628,0,0,0,0,1
51.84036,217.01788,28.36628,0,0,0,0,1
51.86030,217.01788,28.36628,0,0,0,0,1
51.88008,217.01788,28.36628,0,0,0,0,1
51.90027,217.01788,28.36628,0,0,0,0,1
51.92033,217.01788,28.36628,0,0,0,0,1
51.94027,217.01788,28.36628,0,0,0,0,1
51.96044,217.01788,28.36628,0,0,0,0,1
51.98022,217.01788,28.36628,0,0,0,0,1
52.00020,217.01788,28.36628,0,0,0,0,1
52.02041,217.01788,28.36628,0,0,0,0,1
52.04035,217.01788,28.36628,0,0,0,0,1
52.06005,217.01788,28.36628,0,0,0,0,1
52.08030,217.01788,28.36628,0,0,0,0,1
52.10052,217.01788,28.36628,0,0,0,0,1
52.12027,217.01788,28.36628,0,0,0,0,1
52.14019,217.01788,28.36628,0,0,0,0,1
52.16034,217.01788,28.36628,0,0,0,0,1
52.18025,217.01788,28.36628,0,0,0,0,1
52.20030,217.01788,28.36628,0,0,0,0,1
52.22031,217.01788,28.36628,0,0,0,0,1
52.24026,217.01788,28.36628,0,0,0,0,1
52.26042,217.01788,28.36628,0,0,0,0,1
52.28008,217.01788,28.36628,0,0,0,0,1
52.30027,217.01788,28.36628,0,0,0,0,1
52.32062,217.01788,28.36628,0,0,0,0,1
52.34018,217.01788,28.36628,0,0,0,0,1
52.36032,217.01788,28.36628,0,1,0,0,1
52.38047,217.01788,28.36628,0,1,0,0,1
52.40028,217.01788,28.36628,0,1,0,0,1
52.42042,217.01788,28.36628,0,1,0,0,1
52.44017,217.01788,28.36628,0,1,0,0,1
52.46031,217.01788,28.36628,0,1,0,0,1
52.48032,217.01788,28.36628,0,1,0,0,1
52.50025,217.01788,28.36628,0,1,0,0,1
52.52050,217.01788,28.36628,0,1,0,0,1
52.54010,217.01788,28.36628,0,1,0,0,1
52.56029,217.01788,28.36628,0,1,0,0,1
52.58020,217.01788,28.36628,0,1,0,0,1
52.60033,217.01788,28.36628,0,1,0,0,1
52.62025,217.01788,28.36628,0,1,0,0,1
52.64026,217.01788,28.36628,0,1,0,0,1
52.66027,217.01788,28.36628,0,1,0,0,1
52.68034,217.01788,28.36628,0,1,0,0,1
52.70044,217.01788,28.36628,0,1,0,0,1
52.72050,217.01788,28.36628,0,1,0,0,1
52.74022,217.01788,28.36628,0,1,0,0,1
52.76024,217.01788,28.36628,0,1,0,0,1
52.78047,217.01788,28.36628,0,1,0,0,1
52.80048,217.01788,28.36628,0,1,0,0,1
52.82030,217.01788,28.36628,0,1,0,0,1
52.84011,217.01788,28.36628,0,1,0,0,1
52.86050,217.01788,28.36628,0,1,0,0,1
52.88024,217.01788,28.36628,0,1,0,0,1
52.90027,217.01788,28.36628,0,0,0,0,1
52.92053,217.01788,28.36628,0,0,0,0,1
52.94018,217.01788,28.36628,0,0,0,0,1
52.96029,217.01788,28.36628,0,0,0,0,1
52.98037,217.01788,28.36628,0,0,0,0,1
53.00013,217.01788,28.36628,0,0,0,0,1
53.02046,217.01788,28.36628,0,0,0,0,1
53.04019,217.01788,28.36628,0,0,0,0,1
53.06050,217.01788,28.36628,0,0,0,0,1
53.08014,217.01788,28.36628,0,0,0,0,1
53.10016,217.01788,28.36628,0,0,0,0,1
53.12053,217.01788,28.36628,0,0,0,0,1
53.14013,217.01788,28.36628,0,0,0,0,1
53.16011,217.01788,28.36628,0,0,0,0,1
53.18039,217.01788,28.36628,0,0,0,0,1
53.20028,217.01788,28.36628,0,0,0,0,1
53.22052,217.01788,28.36628,0,0,0,0,1
53.24020,217.01788,28.36628,0,0,0,0,1
53.26042,217.01788,28.36628,0,0,0,0,1
53.28017,217.01788,28.36628,0,0,0,0,1
53.30040,217.01788,28.36628,0,0,0,0,1
53.32043,217.01788,28.36628,0,0,0,0,1
53.34032,217.01788,28.36628,0,0,0,0,1
53.36005,217.01788,28.36628,0,0,0,0,1
53.38004,217.01788,28.36628,0,1,0,0,1
53.40019,217.01788,28.36628,0,1,0,0,1
53.42047,217.01788,28.36628,0,0,0,0,1
53.44013,217.01788,28.36628,0,0,0,0,1
53.46025,217.01788,28.36628,0,0,0,0,1
53.48014,217.01788,28.36628,0,0,0,0,1
53.50032,217.01788,28.36628,0,0,0,0,1
53.52048,217.01788,28.36628,0,0,0,0,1
53.54014,217.01788,28.36628,0,0,0,0,1
53.56054,217.01788,28.36628,0,0,0,0,1
53.58026,217.01788,28.36628,0,0,0,0,1
53.60038,217.01788,28.36628,0,0,0,0,1
53.62010,217.01788,28.36628,0,0,0,0,1
53.64033,217.01788,28.36628,0,0,0,0,1
53.66038,217.01788,28.36628,0,0,0,0,1
53.68011,217.01788,28.36628,0,0,0,0,1
53.70033,217.01788,28.36628,0,0,0,0,1
53.72025,217.01788,28.36628,0,0,0,0,1
53.74048,217.01788,28.36628,0,0,0,0,1
53.76045,217.01788,28.36628,0,0,0,0,1
53.78050,217.01788,28.36628,0,0,0,0,1
53.80021,217.01788,28.36628,0,0,0,0,1
53.82037,217.01788,28.36628,0,0,0,0,1
53.84051,217.01788,28.36628,0,0,0,0,1
53.86036,217.01788,28.36628,0,0,0,0,1
53.88020,217.01788,28.36628,0,0,0,0,1
53.90014,217.01788,28.36628,0,0,0,0,1
53.92038,217.01788,28.36628,0,0,0,0,1
53.94027,217.01788,28.36628,0,0,0,0,1
53.96006,217.01788,28.36628,0,0,0,0,1
53.98010,217.01788,28.36628,0,0,0,0,1
54.00019,217.01788,28.36628,0,0,0,0,1
54.02045,217.01788,28.36628,0,0,0,0,1
54.04008,217.01788,28.36628,0,0,0,0,1
54.06027,217.01788,28.36628,0,0,0,0,1
54.08004,217.01788,28.36628,0,0,0,0,1
54.10049,217.01788,28.36628,0,0,0,0,1
54.12022,217.01788,28.36628,0,0,0,0,1
54.14040,217.01788,28.36628,0,0,0,0,1
54.16008,217.01788,28.36628,0,0,0,0,1
54.18029,217.01788,28.36628,0,0,0,0,1
54.20017,217.01788,28.36628,0,0,0,0,1
54.22044,217.01788,28.36628,0,0,0,0,1
54.24021,217.01788,28.36628,0,0,0,0,1
54.26052,217.01788,28.36628,0,0,0,0,1
54.28023,217.01788,28.36628,0,0,0,0,1
54.30006,217.01788,28.36628,0,0,0,0,1
54.32023,217.01788,28.36628,0,0,0,0,1
54.34015,217.01788,28.36628,0,0,0,0,1
54.36037,217.01788,28.36628,0,0,0,0,1
54.38051,217.01788,28.36628,0,0,0,0,1
54.40046,217.01788,28.36628,0,0,0,0,1
54.42041,217.01788,28.36628,0,0,0,0,1
54.44016,217.01788,28.36628,0,0,0,0,1
54.46036,217.01788,28.36628,0,0,0,0,1
54.48038,217.01788,28.36628,0,0,0,0,1
54.50046,217.01788,28.36628,0,0,0,0,1
54.52041,217.01788,28.36628,0,0,0,0,1
54.54005,217.01788,28.36628,0,0,0,0,1
54.56022,217.01788,28.36628,0,0,0,0,1
54.58037,217.01788,28.36628,0,0,0,0,1
54.60053,217.01788,28.36628,0,0,0,0,1
54.62046,217.01788,28.36628,0,0,0,0,1
54.64022,217.01788,28.36628,0,0,0,0,1
54.66044,217.01788,28.36628,0,0,0,0,1
54.68009,217.01788,28.36628,0,0,0,0,1
54.70029,217.01788,28.36628,0,0,0,0,1
54.72050,217.01788,28.36628,0,0,0,0,1
54.74018,217.01788,28.36628,0,0,0,0,1
54.76045,217.01788,28.36628,0,0,0,0,1
54.78014,217.01788,28.36628,0,0,0,0,1
54.80017,217.01788,28.36628,0,0,0,0,1
54.82023,217.01788,28.36628,0,0,0,0,1
54.84051,217.01788,28.36628,0,0,0,0,1
54.86032,217.01788,28.36628,0,0,0,0,1
54.88037,217.01788,28.36628,0,0,0,0,1
54.90039,217.01788,28.36628,0,0,0,0,1
54.92046,217.01788,28.36628,0,0,0,0,1
54.94046,217.01788,28.36628,0,0,0,0,1
54.96046,217.01788,28.36628,0,0,0,0,1
54.98051,217.01788,28.36628,0,0,0,0,1
55.00047,217.01788,28.36628,0,0,0,0,1
55.02018,217.01788,28.36628,0,0,0,0,1
55.04032,217.01788,28.36628,0,0,0,0,1
55.06052,217.01788,28.36628,0,0,0,0,1
55.08027,217.01788,28.36628,0,0,0,0,1
55.10050,217.01788,28.36628,0,0,0,0,1
55.12023,217.01788,28.36628,0,0,0,0,1
55.14036,217.01788,28.36628,0,0,0,0,1
55.16005,217.01788,28.36628,0,0,0,0,1
55.18016,217.01788,28.36628,0,0,0,0,1
55.20028,217.01788,28.36628,0,0,0,0,1
55.22099,217.01788,28.36628,0,0,0,0,1
55.24012,217.01788,28.36628,0,0,0,0,1
55.26041,217.01788,28.36628,0,0,0,0,1
55.28034,217.01788,28.36628,0,0,0,0,1
55.30026,217.01788,28.36628,0,0,0,0,1
55.32024,217.01788,28.36628,0,0,0,0,1
55.34051,217.01788,28.36628,0,0,0,0,1
55.36032,217.01788,28.36628,0,0,0,0,1
55.38042,217.01788,28.36628,0,0,0,0,1
55.40024,217.01788,28.36628,0,0,0,0,1
55.42046,217.01788,28.36628,0,0,0,0,1
55.44043,217.01788,28.36628,0,0,0,0,1
55.46023,217.01788,28.36628,1,0,0,0,1
55.48052,217.01788,28.36628,1,0,0,0,1
55.50023,217.01231,28.71624,1,0,0,0,1
55.52043,217.00117,29.41615,1,0,0,0,1
55.54006,216.99561,29.76611,1,0,0,0,1
55.56022,216.99004,30.11607,1,0,0,0,1
55.58014,216.98447,30.46602,1,0,0,0,1
55.60040,216.97890,30.81598,1,0,0,0,1
55.62025,216.96776,31.51589,1,0,0,0,1
55.64046,216.96219,31.86585,1,0,0,0,1
55.66029,216.95662,32.21581,1,0,0,0,1
55.68039,216.95105,32.56576,1,0,0,0,1
55.70020,216.94548,32.91572,1,0,0,0,1
55.72028,216.93434,33.61563,1,0,0,0,1
55.74008,216.92877,33.96559,1,0,0,0,1
55.76028,216.92320,34.31554,1,0,0,0,1
55.78016,216.91763,34.66550,1,0,0,0,1
55.80035,216.91206,35.01546,1,0,0,0,1
55.82006,216.90092,35.71537,1,0,0,0,1
55.84020,216.88979,36.41528,1,0,0,0,1
55.86049,216.88422,36.76524,1,0,0,0,1
55.88050,216.87865,37.11520,1,0,0,0,1
55.90015,216.87308,37.46515,1,0,0,0,1
55.92034,216.86751,37.81511,1,0,0,0,1
55.94049,216.86194,38.16507,1,0,0,0,1
55.96006,216.85637,38.51502,1,0,0,0,1
55.98040,216.84523,39.21494,1,0,0,0,1
56.00012,216.83966,39.56489,1,0,0,0,1
56.02031,216.82852,40.26480,1,0,0,0,1
56.04045,216.82295,40.61476,1,0,0,0,1
56.06014,216.81738,40.96472,1,0,0,0,1
56.08009,216.81181,41.31467,1,0,0,0,1
56.10047,216.80624,41.66463,1,0,0,0,1
56.12035,216.79510,42.36454,1,0,0,0,1
56.14052,216.78954,42.71450,1,0,0,0,1
56.16018,216.78397,43.06446,1,0,0,0,1
56.18040,216.77283,43.76437,1,0,0,0,1
56.20054,216.76726,44.11433,1,0,0,0,1
56.22036,216.76169,44.46428,1,0,0,0,1
56.24058,216.75055,45.16420,1,0,0,0,1
56.26006,216.74498,45.51415,1,0,0,0,1
56.28052,216.73941,45.86411,1,0,0,0,1
56.30023,216.73384,46.21407,1,0,0,0,1
56.32047,216.72270,46.91398,1,0,0,0,1
56.34042,216.71713,47.26394,1,0,0,0,1
56.36051,216.71156,47.61389,1,0,0,0,1
56.38018,216.70599,47.96385,1,0,0,0,1
56.40044,216.70042,48.31380,1,0,0,0,1
56.42033,216.68929,49.01372,1,0,0,0,1
56.44035,216.68372,49.36367,1,0,0,0,1
56.46016,216.67815,49.71363,1,0,0,0,1
56.48045,216.67258,50.06359,1,0,0,0,1
56.50014,216.66701,50.41354,1,0,0,0,1
56.52025,216.65587,51.11346,1,0,0,0,1
56.54027,216.65030,51.46341,1,0,0,0,1
56.56043,216.64473,51.81337,1,0,0,0,1
56.58045,216.63359,52.51328,1,0,0,0,1
56.60013,216.62802,52.86324,1,0,0,0,1
56.62061,216.62245,53.21320,1,0,0,0,1
56.64007,216.61131,53.91311,1,0,0,0,1
56.66021,216.60574,54.26307,1,0,0,0,1
56.68034,216.60017,54.61302,1,0,0,0,1
56.70032,216.59460,54.96298,1,0,0,0,1
56.72048,216.58347,55.66289,1,0,0,0,1
56.74063,216.57790,56.01285,1,0,0,0,1
56.76054,216.57233,56.36280,1,0,0,0,1
56.78036,216.56676,56.71276,1,0,0,0,1
56.80005,216.56119,57.06272,1,0,0,0,1
56.82020,216.55562,57.41267,1,0,0,0,1
56.84040,216.54448,58.11259,1,0,1,0,1
56.86015,216.53891,58.46254,1,0,1,0,1
56.88013,216.55780,58.81203,1,0,1,0,1
56.90051,216.60104,59.15935,1,0,1,0,1
56.92020,216.66844,59.50280,1,0,1,0,1
56.94022,216.87425,60.17142,1,0,1,0,1
56.96036,217.01166,60.49332,1,0,1,0,1
56.98030,217.17120,60.80484,1,0,1,0,1
57.00038,217.55351,61.39071,1,0,1,0,1
57.02018,217.77441,61.66219,1,0,1,0,1
57.04007,218.27029,62.15565,1,0,1,0,1
57.06006,218.54286,62.37522,1,0,1,0,1
57.08036,218.83009,62.57521,1,0,1,0,1
57.10036,219.13058,62.75466,1,0,1,0,1
57.12040,219.44289,62.91268,1,0,0,0,1
57.14011,220.09673,63.16148,1,0,0,0,1
57.16042,220.42799,63.27444,1,0,0,0,1
57.18047,220.75926,63.38741,1,0,0,0,1
57.20023,221.09053,63.50038,1,0,0,0,1
57.22022,221.42180,63.61335,1,0,0,0,1
57.24025,222.08434,63.83929,1,0,0,0,1
57.26030,222.41560,63.95226,1,0,0,0,1
57.28012,222.74687,64.06522,1,0,0,0,1
57.30035,223.07814,64.17819,1,0,0,0,1
57.32005,223.40941,64.29116,1,0,0,0,1
57.34018,224.07195,64.51710,1,0,0,0,1
57.36032,224.40321,64.63007,1,0,0,0,1
57.38028,225.06575,64.85600,1,0,0,0,1
57.40042,225.39702,64.96897,1,0,0,0,1
57.42039,225.72829,65.08194,1,0,0,0,1
57.44007,226.39082,65.30788,1,0,0,0,1
57.46031,226.72209,65.42085,1,0,0,0,1
57.48011,227.05336,65.53381,1,0,0,0,1
57.50049,227.38463,65.64678,1,0,0,0,1
57.52042,227.71590,65.75975,1,0,0,0,1
57.54022,228.37843,65.98569,1,0,0,0,1
57.56051,228.70970,66.09866,1,0,0,0,1
57.58018,229.04097,66.21162,1,0,0,0,1
57.60010,229.37224,66.32459,1,0,0,0,1
57.62034,229.70351,66.43756,1,0,0,0,1
57.64023,230.36604,66.66350,1,0,0,0,1
57.66033,230.69731,66.77647,1,0,0,0,1
57.68031,231.02858,66.88943,1,0,0,0,1
57.70032,231.35985,67.00240,1,0,0,0,1
57.72047,231.69112,67.11537,1,0,0,0,1
57.74013,232.35365,67.34131,1,1,0,0,1
57.76016,233.00751,67.59007,1,1,0,0,1
57.78055,233.31984,67.74804,1,1,0,0,1
57.80040,233.62039,67.92740,1,1,0,0,1
57.82049,233.90770,68.12728,1,1,0,0,1
57.84022,234.43707,68.58463,1,1,0,0,1
57.86027,234.67656,68.83987,1,1,0,0,1
57.88045,234.89766,69.11119,1,1,0,0,1
57.90017,235.09930,69.39727,1,1,0,0,1
57.92037,235.28050,69.69672,1,1,0,0,1
57.94029,235.57816,70.32980,1,1,0,0,1
57.96018,235.69316,70.66037,1,1,0,0,1
57.98039,235.78482,70.99815,1,1,0,0,1
58.00022,235.85271,71.34151,1,1,0,0,1
58.02024,235.89648,71.68876,1,1,0,0,1
58.04040,235.91098,72.38818,1,1,0,0,1
58.06015,235.88162,72.73695,1,1,0,0,1
58.08026,235.82802,73.08282,1,1,0,0,1
58.10042,235.75041,73.42411,1,1,0,0,1
58.12005,235.64920,73.75916,1,1,0,0,1
58.14014,235.52487,74.08633,1,1,0,0,1
58.16043,235.20938,74.71072,1,1,0,0,1
58.18009,234.81007,75.28514,1,1,0,0,1
58.20010,234.58136,75.55008,1,1,0,0,1
58.22012,234.33473,75.79842,1,1,0,0,1
58.24054,233.79259,76.24056,1,1,0,0,1
58.26027,233.49973,76.43221,1,1,0,0,1
58.28050,233.19421,76.60297,1,1,0,0,1
58.30012,232.87753,76.75201,1,1,0,0,1
58.32024,232.55122,76.87860,1,0,0,0,1
58.34052,231.87614,77.06208,1,0,0,0,1
58.36054,231.53540,77.14204,1,0,0,0,1
58.38020,231.19466,77.22199,1,0,0,0,1
58.40040,230.85391,77.30195,1,0,0,0,1
58.42063,230.51317,77.38190,1,0,0,0,1
58.44017,229.83168,77.54182,1,0,0,0,1
58.46041,229.49094,77.62177,1,0,0,0,1
58.48013,229.15019,77.70173,1,0,0,0,1
58.50039,228.80945,77.78168,1,0,0,0,1
58.52050,228.46870,77.86164,1,0,0,0,1
58.54007,227.78722,78.02155,1,0,0,0,1
58.56040,227.10573,78.18147,1,0,0,0,1
58.58040,226.76498,78.26142,1,0,0,0,1
58.60044,226.42424,78.34138,1,0,0,0,1
58.62022,226.08350,78.42133,1,0,0,0,1
58.64035,225.40201,78.58125,1,0,0,0,1
58.66027,225.06126,78.66120,1,0,0,0,1
58.68028,224.72052,78.74116,1,0,0,0,1
58.70021,224.37978,78.82111,1,0,0,0,1
58.72035,224.03903,78.90107,1,0,0,0,1
58.74028,223.35754,79.06098,1,0,0,0,1
58.76027,223.01680,79.14094,1,0,0,0,1
58.78046,222.67606,79.22089,1,0,0,0,1
58.80007,222.33531,79.30085,1,0,0,0,1
58.82024,221.99457,79.38081,1,0,0,0,1
58.84045,221.31308,79.54072,1,0,0,0,1
58.86016,220.97234,79.62067,1,0,0,0,1
58.88030,220.63159,79.70063,1,0,1,0,1
58.90024,220.29085,79.78059,1,0,1,0,1
58.92022,219.95010,79.86054,1,0,1,0,1
58.94044,219.28949,80.09074,1,0,1,0,1
58.96046,218.66740,80.41075,1,0,1,0,1
58.98028,218.37463,80.60254,1,0,1,0,1
59.00022,218.09596,80.81431,1,0,1,0,1
59.02056,217.83276,81.04502,1,0,1,0,1
59.04016,217.35783,81.55868,1,0,1,0,1
59.06028,217.14842,81.83912,1,0,1,0,1
59.08052,216.95911,82.13350,1,0,1,0,1
59.10031,216.79082,82.44038,1,0,1,0,1
59.12012,216.64436,82.75827,1,0,1,0,1
59.14025,216.41972,83.42080,1,0,1,0,1
59.16040,216.34265,83.76221,1,0,1,0,1
59.18007,216.28960,84.10816,1,0,1,0,1
59.20026,216.26083,84.45698,1,0,1,0,1
59.22011,216.25650,84.80695,1,0,1,0,1
59.24016,216.32111,85.50353,1,0,1,0,1
59.26028,216.38971,85.84674,1,0,1,0,1
59.28029,216.48212,86.18432,1,0,1,0,1
59.30029,216.59787,86.51462,1,0,1,0,1
59.32031,216.73642,86.83603,1,0,1,0,1
59.34024,217.07906,87.44595,1,0,1,0,1
59.36025,217.50333,88.00220,1,0,1,0,1
59.38049,217.74355,88.25674,1,0,1,0,1
59.40027,218.00096,88.49390,1,0,1,0,1
59.42033,218.27431,88.71249,1,0,1,0,1
59.44021,218.86337,89.08985,1,0,1,0,1
59.46035,219.17622,89.24677,1,0,1,0,1
59.48026,219.49927,89.38145,1,0,1,0,1
59.50032,219.83093,89.49324,1,0,1,0,1
59.52031,220.16960,89.58160,1,0,1,0,1
59.54042,220.86128,89.68640,1,0,1,0,1
59.56025,221.21092,89.70233,1,0,1,0,1
59.58044,221.56082,89.69381,1,0,1,0,1
59.60009,221.90927,89.66087,1,0,1,0,1
59.62032,222.25456,89.60368,1,0,1,0,1
59.64020,222.92897,89.41778,1,0,1,0,1
59.66041,223.25481,89.28997,1,0,1,0,1
59.68036,223.57092,89.13972,1,0,0,0,1
59.70004,223.87576,88.96776,1,0,0,0,1
59.72010,224.18060,88.79580,1,0,0,0,1
59.74025,224.79028,88.45188,1,0,0,0,1
59.76007,225.39996,88.10796,1,0,0,0,1
59.78042,225.70480,87.93600,1,0,0,0,1
59.80050,226.00964,87.76405,1,0,0,0,1
59.82017,226.31448,87.59209,1,0,0,0,1
59.84024,226.92416,87.24817,1,0,0,0,1
59.86011,227.22900,87.07621,1,0,0,0,1
59.88010,227.53384,86.90425,1,0,0,0,1
59.90032,227.83868,86.73229,1,0,0,0,1
59.92006,228.14352,86.56033,1,0,0,0,1
59.94014,228.75320,86.21642,1,0,0,0,1
59.96032,229.05804,86.04446,1,0,0,0,1
59.98003,229.36288,85.87250,1,0,0,0,1
60.00030,229.66772,85.70054,1,0,0,0,1
60.02006,229.97256,85.52858,1,0,0,0,1
60.04027,230.58224,85.18466,1,0,0,0,1
60.06009,230.88708,85.01270,1,0,0,0,1
60.08053,231.19193,84.84074,1,1,0,0,1
60.10032,231.49677,84.66879,1,1,0,0,1
60.12038,231.81287,84.51850,1,1,0,0,1
60.14004,232.47260,84.28580,1,1,0,0,1
60.16013,233.15829,84.14715,1,1,0,0,1
60.18031,233.50673,84.11401,1,1,0,0,1
60.20015,233.85661,84.10526,1,1,0,0,1
60.22016,234.20627,84.12092,1,1,0,0,1
60.24022,234.89804,84.22509,1,1,0,0,1
60.26050,235.23680,84.31310,1,1,0,0,1
60.28037,235.56859,84.42451,1,1,0,0,1
60.30045,235.89180,84.55878,1,1,0,0,1
60.32011,236.20486,84.71528,1,1,0,0,1
60.34022,236.79449,85.09176,1,1,0,0,1
60.36052,237.06819,85.30991,1,1,0,0,1
60.38021,237.32600,85.54662,1,1,0,0,1
60.40022,237.56668,85.80073,1,1,0,0,1
60.42045,237.78906,86.07101,1,1,0,0,1
60.44018,238.17465,86.65472,1,1,0,0,1
60.46030,238.33598,86.96532,1,1,0,0,1
60.48026,238.47527,87.28642,1,1,0,0,1
60.50022,238.59181,87.61644,1,1,0,0,1
60.52047,238.75456,88.29682,1,1,0,0,1
60.54010,238.79997,88.64386,1,1,0,0,1
60.56004,238.81773,89.34321,1,1,0,0,1
60.58017,238.79001,89.69211,1,1,0,0,1
60.60040,238.73802,90.03822,1,1,0,0,1
60.62025,238.66202,90.37988,1,1,0,0,1
60.64035,238.56238,90.71539,1,1,0,0,1
60.66051,238.29422,91.36153,1,1,0,0,1
60.68023,238.12701,91.66901,1,1,0,0,1
60.70039,237.93877,91.96408,1,1,0,0,1
60.72028,237.73041,92.24530,1,1,0,0,1
60.74045,237.25748,92.76080,1,1,0,0,1
60.76011,236.99521,92.99258,1,1,0,0,1
60.78030,236.71742,93.20549,1,1,0,0,1
60.80015,236.42546,93.39851,1,1,0,0,1
60.82009,236.12074,93.57071,1,1,0,0,1
60.84013,235.80476,93.72123,1,1,0,0,1
60.86010,235.14520,93.95444,1,1,0,0,1
60.88047,234.80484,94.03600,1,1,0,0,1
60.90018,234.11121,94.12702,1,1,0,0,1
60.92007,233.76132,94.13605,1,1,0,0,1
60.94020,233.41167,94.12065,1,1,0,0,1
60.96029,232.71982,94.01701,1,1,0,0,1
60.98046,232.38100,93.92927,1,1,0,0,1
61.00018,232.04912,93.81811,1,0,0,0,1
61.02032,231.72580,93.68407,1,0,0,0,1
61.04004,231.40248,93.55004,1,0,0,0,1
61.06025,230.75584,93.28197,1,0,0,0,1
61.08013,230.43253,93.14794,1,0,0,0,1
61.10031,230.10921,93.01391,1,0,0,0,1
61.12022,229.78589,92.87988,1,0,0,0,1
61.14029,229.46257,92.74584,1,0,0,0,1
61.16035,228.81593,92.47778,1,0,0,0,1
61.18036,228.49261,92.34374,1,0,0,0,1
61.20036,228.16930,92.20971,1,0,0,0,1
61.22039,227.84598,92.07568,1,0,0,0,1
61.24042,227.19934,91.80761,1,0,0,0,1
61.26043,226.87602,91.67358,1,0,0,0,1
61.28036,226.55270,91.53954,1,0,0,0,1
61.30051,225.90607,91.27148,1,0,0,0,1
61.32039,225.58275,91.13744,1,0,0,0,1
61.34022,225.25943,91.00341,1,0,0,0,1
61.36054,224.61279,90.73534,1,0,0,0,1
61.38032,224.28947,90.60131,1,0,0,0,1
61.40030,223.96616,90.46728,1,0,0,0,1
61.42029,223.64284,90.33324,1,0,0,0,1
61.44018,223.31952,90.19921,1,0,0,0,1
61.46026,222.67288,89.93114,1,0,0,0,1
61.48039,222.34956,89.79711,1,0,0,0,1
61.50039,222.02625,89.66308,1,0,0,0,1
61.52004,221.70293,89.52905,1,0,0,0,1
61.54016,221.37961,89.39501,1,0,0,0,1
61.56028,220.73297,89.12695,1,0,0,0,1
61.58021,220.40965,88.99291,1,0,0,0,1
61.60042,220.08633,88.85888,1,0,0,0,1
61.62033,219.76302,88.72485,1,0,0,0,1
61.64048,219.43970,88.59081,1,0,0,0,1
61.66026,218.79306,88.32275,1,0,0,0,1
61.68004,218.46974,88.18871,1,0,1,0,1
61.70023,217.81453,87.94355,1,0,1,0,1
61.72033,217.47569,87.85587,1,0,1,0,1
61.74035,217.13156,87.79208,1,0,1,0,1
61.76012,216.43414,87.73724,1,0,1,0,1
61.78051,216.08426,87.74646,1,0,1,0,1
61.80018,215.73589,87.78010,1,0,1,0,1
61.82038,215.39070,87.83798,1,0,1,0,1
61.84011,214.71664,88.02525,1,0,1,0,1
61.86051,214.39107,88.15371,1,0,1,0,1
61.88033,214.07526,88.30460,1,0,1,0,1
61.90008,213.77075,88.47717,1,0,1,0,1
61.92029,213.20157,88.88390,1,0,1,0,1
61.94039,212.93967,89.11607,1,0,1,0,1
61.96007,212.69461,89.36596,1,0,1,0,1
61.98015,212.46761,89.63235,1,0,1,0,1
62.00027,212.07210,90.20938,1,0,1,0,1
62.02059,211.90552,90.51720,1,0,1,0,1
62.04053,211.76083,90.83589,1,0,1,0,1
62.06032,211.63876,91.16391,1,0,1,0,1
62.08015,211.46472,91.84148,1,0,1,0,1
62.10017,211.41360,92.18773,1,0,1,0,1
62.12026,211.38678,92.53670,1,0,1,0,1
62.14007,211.38440,92.88669,1,0,1,0,1
62.16034,211.45287,93.58290,1,0,1,0,1
62.18036,211.52338,93.92572,1,0,1,0,1
62.20054,211.61766,94.26278,1,0,1,0,1
62.22021,211.73526,94.59243,1,0,1,0,1
62.24019,211.87560,94.91306,1,0,1,0,1
62.26043,212.22162,95.52107,1,0,1,0,1
62.28033,212.42561,95.80548,1,0,1,0,1
62.30015,212.64897,96.07494,1,0,1,0,1
62.32029,212.89061,96.32816,1,0,1,0,1
62.34021,213.14934,96.56387,1,0,1,0,1
62.36052,213.71294,96.97832,1,0,1,0,1
62.38023,214.01506,97.15502,1,0,1,0,1
62.40030,214.32878,97.31020,1,0,1,0,1
62.42008,214.65257,97.44308,1,0,1,0,1
62.44029,214.98485,97.55302,1,0,1,0,1
62.46051,215.66835,97.70207,1,0,1,0,1
62.48016,216.36595,97.75444,1,0,1,0,1
62.50039,216.71579,97.74397,1,0,1,0,1
62.52049,217.06404,97.70910,1,0,1,0,1
62.54028,217.40901,97.64999,1,0,1,0,1
62.56040,217.74901,97.56693,1,0,1,0,1
62.58009,218.08238,97.46033,1,0,1,0,1
62.60024,218.72276,97.17871,1,0,1,0,1
62.62035,219.02664,97.00506,1,0,0,0,1
62.64029,219.31766,96.81061,1,0,0,0,1
62.66038,219.87109,96.38202,1,0,0,0,1
62.68005,220.14781,96.16772,1,0,0,0,1
62.70054,220.42453,95.95343,1,0,0,0,1
62.72024,220.70125,95.73914,1,0,0,0,1
62.74049,220.97797,95.52484,1,0,0,0,1
62.76018,221.53140,95.09625,1,0,0,0,1
62.78029,221.80812,94.88196,1,0,0,0,1
62.80038,222.08484,94.66766,1,0,0,0,1
62.82011,222.36156,94.45337,1,0,0,0,1
62.84030,222.63828,94.23907,1,0,0,0,1
62.86030,223.46843,93.59619,1,0,0,0,1
62.88020,223.74515,93.38190,1,0,0,0,1
62.90008,224.02187,93.16760,1,0,0,0,1
62.92025,224.29858,92.95331,1,0,0,0,1
62.94009,224.57530,92.73901,1,0,0,0,1
62.96058,225.12874,92.31042,1,0,0,0,1
62.98028,225.40546,92.09613,1,0,0,0,1
63.00043,225.68217,91.88184,1,0,0,0,1
63.02005,225.95889,91.66754,1,0,0,0,1
63.04024,226.23561,91.45325,1,0,0,0,1
63.06040,226.78905,91.02466,1,0,0,0,1
63.08051,227.06577,90.81036,1,0,0,0,1
63.10016,227.34248,90.59607,1,0,0,0,1
63.12044,227.61920,90.38177,1,0,0,0,1
63.14003,227.89592,90.16748,1,0,0,0,1
63.16012,228.44936,89.73889,1,0,0,0,1
63.18025,228.72607,89.52460,1,0,0,0,1
63.20031,229.00279,89.31030,1,0,0,0,1
63.22024,229.27951,89.09601,1,0,0,0,1
63.24040,229.55623,88.88171,1,0,0,0,1
63.26052,230.10966,88.45312,1,0,0,0,1
63.28013,230.66310,88.02454,1,0,0,0,1
63.30030,230.93982,87.81024,1,0,0,0,1
63.32005,231.21654,87.59595,1,0,0,0,1
63.34010,231.49326,87.38165,1,0,0,0,1
63.36031,232.04669,86.95306,1,0,0,0,1
63.38051,232.32341,86.73877,1,0,0,0,1
63.40039,232.60013,86.52448,1,1,0,0,1
63.42007,232.87685,86.31018,1,1,0,0,1
63.44032,233.16785,86.11570,1,1,0,0,1
63.46027,233.78693,85.78989,1,1,0,0,1
63.48014,234.11198,85.66014,1,1,0,0,1
63.50029,234.44531,85.55338,1,1,0,0,1
63.52053,234.78526,85.47013,1,1,0,0,1
63.54031,235.13020,85.41079,1,1,0,0,1
63.56039,235.82828,85.36488,1,1,0,0,1
63.58019,236.17801,85.37853,1,1,0,0,1
63.60019,236.52594,85.41654,1,1,0,0,1
63.62025,236.87038,85.47872,1,1,0,0,1
63.64028,237.20964,85.56477,1,1,0,0,1
63.66033,237.86606,85.80669,1,1,0,0,1
63.68033,238.48244,86.13760,1,1,0,0,1
63.70012,238.77182,86.33447,1,1,0,0,1
63.72047,239.04677,86.55104,1,1,0,0,1
63.74026,239.30594,86.78626,1,1,0,0,1
63.76023,239.77200,87.30798,1,1,0,0,1
63.78017,239.97662,87.59193,1,1,0,0,1
63.80028,240.16095,87.88946,1,1,0,0,1
63.82026,240.32407,88.19912,1,1,0,0,1
63.84037,240.46519,88.51940,1,1,0,0,1
63.86030,240.67883,89.18555,1,1,0,0,1
63.88058,240.75031,89.52818,1,1,0,0,1
63.90010,240.79771,89.87496,1,1,0,0,1
63.92019,240.82082,90.22420,1,1,0,0,1
63.94027,240.81950,90.57420,1,1,0,0,1
63.96005,240.74380,91.26966,1,1,0,0,1
63.98033,240.66977,91.61174,1,1,0,0,1
64.00052,240.57207,91.94782,1,1,0,0,1
64.02039,240.45116,92.27628,1,1,0,0,1
64.04021,240.30763,92.59550,1,1,0,0,1
64.06016,239.95566,93.20008,1,1,0,0,1
64.08042,239.52298,93.74981,1,1,0,0,1
64.10038,239.27896,94.00071,1,1,0,0,1
64.12046,239.01804,94.23399,1,1,0,0,1
64.14032,238.74147,94.44849,1,1,0,0,1
64.16018,238.14691,94.81714,1,1,0,0,1
64.18039,237.83180,94.96947,1,1,0,0,1
64.20024,237.50684,95.09946,1,1,0,0,1
64.22046,237.17360,95.20647,1,1,0,0,1
64.24005,236.83371,95.28999,1,1,0,0,1
64.26030,236.14061,95.38500,1,1,0,0,1
64.28034,235.79079,95.39604,1,0,0,0,1
64.30008,235.44104,95.38266,1,0,0,0,1
64.32036,235.09129,95.36928,1,0,0,0,1
64.34009,234.74155,95.35590,1,0,0,0,1
64.36026,234.04205,95.32913,1,0,0,0,1
64.38039,233.69231,95.31575,1,0,0,0,1
64.40056,233.34256,95.30237,1,0,0,0,1
64.42020,232.99281,95.28899,1,0,0,0,1
64.44033,232.29332,95.26222,1,0,0,0,1
64.46016,231.94357,95.24884,1,0,0,0,1
64.48004,231.24408,95.22208,1,0,0,0,1
64.50022,230.89433,95.20869,1,0,0,0,1
64.52019,230.54459,95.19531,1,0,0,0,1
64.54040,230.19484,95.18193,1,0,0,0,1
64.56037,229.49535,95.15517,1,0,0,0,1
64.58047,229.14560,95.14178,1,0,0,0,1
64.60005,228.79585,95.12840,1,0,0,0,1
64.62039,228.44611,95.11502,1,0,0,0,1
64.64023,228.09636,95.10164,1,0,0,0,1
64.66013,227.39687,95.07487,1,0,0,0,1
64.68034,227.04712,95.06149,1,0,0,0,1
64.70053,226.69737,95.04811,1,0,0,0,1
64.72028,226.34763,95.03473,1,0,0,0,1
64.74031,225.99788,95.02135,1,0,0,0,1
64.76006,225.29839,94.99458,1,0,0,0,1
64.78031,224.94864,94.98120,1,0,0,0,1
64.80004,224.59889,94.96782,1,0,0,0,1
64.82032,224.24915,94.95444,1,0,0,0,1
64.84009,223.54965,94.92767,1,0,0,0,1
64.86029,223.19991,94.91429,1,0,0,0,1
64.88009,222.50041,94.88753,1,0,0,0,1
64.90034,222.15067,94.87415,1,0,0,0,1
64.92006,221.80092,94.86076,1,0,0,0,1
64.94012,221.45117,94.84738,1,0,0,0,1
64.96028,220.75168,94.82062,1,0,0,0,1
64.98031,220.40193,94.80724,1,0,0,0,1
65.00040,220.05219,94.79385,1,0,0,0,1
65.02035,219.70244,94.78047,1,0,0,0,1
65.04040,219.35269,94.76709,1,0,0,0,1
65.06047,218.65320,94.74033,1,0,0,0,1
65.08017,218.30345,94.72694,1,0,0,0,1
65.10029,217.95370,94.71356,1,0,0,0,1
65.12009,217.60396,94.70018,1,0,0,0,1
65.14047,217.25421,94.68680,1,0,0,0,1
65.16020,216.55472,94.66003,1,0,0,0,1
65.18036,216.20497,94.64665,1,0,0,0,1
65.20031,215.85522,94.63327,1,0,0,0,1
65.22043,215.15573,94.60651,1,0,0,0,1
65.24007,214.80598,94.59312,1,0,1,0,1
65.26027,214.45624,94.57974,1,0,1,0,1
65.28018,213.75822,94.62629,1,0,1,0,1
65.30052,213.41336,94.68600,1,0,1,0,1
65.32036,213.07350,94.76964,1,0,1,0,1
65.34027,212.74031,94.87681,1,0,1,0,1
65.36016,212.41542,95.00699,1,0,1,0,1
65.38045,211.79683,95.33372,1,0,1,0,1
65.40021,211.50615,95.52867,1,0,1,0,1
65.42049,211.22980,95.74345,1,0,1,0,1
65.44013,210.96912,95.97700,1,0,1,0,1
65.46026,210.72539,96.22818,1,0,1,0,1
65.48049,210.29343,96.77847,1,0,1,0,1
65.50010,210.10732,97.07488,1,0,1,0,1
65.52040,209.94235,97.38357,1,0,1,0,1
65.54023,209.79935,97.70303,1,0,1,0,1
65.56041,209.67900,98.03168,1,0,1,0,1
65.58011,209.50853,98.71017,1,0,1,0,1
65.60035,209.45923,99.05669,1,0,1,0,1
65.62028,209.43372,99.75579,1,0,1,0,1
65.64028,209.45763,100.10497,1,0,1,0,1
65.66029,209.50586,100.45163,1,0,1,0,1
65.68032,209.67426,101.13063,1,0,1,0,1
65.70010,209.79359,101.45966,1,0,1,0,1
65.72042,209.93561,101.77955,1,0,1,0,1
65.74036,210.09962,102.08875,1,0,1,0,1
65.76026,210.28484,102.38573,1,0,1,0,1
65.78026,210.71510,102.93733,1,0,1,0,1
65.80032,210.95807,103.18926,1,0,1,0,1
65.82030,211.21803,103.42361,1,0,1,0,1
65.84029,211.49373,103.63924,1,0,1,0,1
65.86040,211.78381,103.83508,1,0,1,0,1
65.88057,212.40140,104.16370,1,0,1,0,1
65.90050,212.72589,104.29488,1,0,1,0,1
65.92025,213.05875,104.40307,1,0,1,0,1
65.94046,213.39835,104.48775,1,0,1,0,1
65.96022,213.74303,104.54852,1,0,1,0,1
65.98045,214.44090,104.59721,1,0,1,0,1
66.00038,214.79068,104.58489,1,0,1,0,1
66.02044,215.48340,104.48725,1,0,1,0,1
66.04040,215.82295,104.40240,1,0,0,0,1
66.06006,216.15576,104.29405,1,0,0,0,1
66.08013,216.80463,104.03139,1,0,0,0,1
66.10055,217.12906,103.90005,1,0,0,0,1
66.12018,217.45349,103.76872,1,0,0,0,1
66.14039,217.77792,103.63739,1,0,0,0,1
66.16013,218.10236,103.50606,1,0,0,0,1
66.18042,218.75122,103.24339,1,0,0,0,1
66.20053,219.07565,103.11206,1,0,0,0,1
66.22012,219.40009,102.98073,1,0,0,0,1
66.24021,219.72452,102.84940,1,0,0,0,1
66.26011,220.04895,102.71806,1,0,0,0,1
66.28035,220.69781,102.45540,1,0,0,0,1
66.30049,221.02225,102.32407,1,0,0,0,1
66.32030,221.34668,102.19273,1,0,0,0,1
66.34047,221.67111,102.06140,1,0,0,0,1
66.36027,221.99554,101.93007,1,0,0,0,1
66.38044,222.64441,101.66740,1,0,0,0,1
66.40023,223.29327,101.40474,1,0,0,0,1
66.42056,223.61771,101.27341,1,0,0,0,1
66.44019,223.94214,101.14207,1,0,0,0,1
66.46031,224.26657,101.01074,1,0,0,0,1
66.48052,224.91544,100.74808,1,0,0,0,1
66.50048,225.23987,100.61674,1,0,0,0,1
66.52023,225.56430,100.48541,1,0,0,0,1
66.54021,225.88873,100.35408,1,0,0,0,1
66.56039,226.21317,100.22275,1,0,0,0,1
66.58046,226.86203,99.96008,1,0,0,0,1
66.60038,227.18646,99.82875,1,0,0,0,1
66.62051,227.51089,99.69742,1,0,0,0,1
66.64040,227.83533,99.56609,1,0,0,0,1
66.66020,228.15976,99.43475,1,0,0,0,1
66.68004,228.80862,99.17209,1,0,0,0,1
66.70021,229.13306,99.04076,1,0,0,0,1
66.72011,229.45749,98.90942,1,0,0,0,1
66.74040,229.78192,98.77809,1,0,0,0,1
66.76037,230.10635,98.64676,1,1,0,0,1
66.78039,230.76358,98.40704,1,1,0,0,1
66.80022,231.44775,98.26110,1,1,0,0,1
66.82051,231.79581,98.22426,1,1,0,0,1
66.84040,232.14558,98.21178,1,1,0,0,1
66.86018,232.49538,98.22372,1,1,0,0,1
66.88029,233.18822,98.32053,1,1,0,0,1
66.90013,233.52789,98.40491,1,1,0,0,1
66.92042,233.86086,98.51279,1,1,0,0,1
66.94017,234.18549,98.64362,1,1,0,0,1
66.96009,234.50020,98.79678,1,1,0,0,1
66.98031,235.09381,99.16695,1,1,0,0,1
67.00074,235.36981,99.38218,1,1,0,0,1
67.02039,235.63013,99.61613,1,1,0,0,1
67.04066,235.87350,99.86766,1,1,0,0,1
67.06014,236.09874,100.13556,1,1,0,0,1
67.08038,236.49052,100.71514,1,1,0,0,1
67.10053,236.65515,101.02400,1,1,0,0,1
67.12052,236.79785,101.34359,1,1,0,0,1
67.14045,236.91791,101.67236,1,1,0,0,1
67.16021,237.01474,102.00869,1,1,0,0,1
67.18065,237.13699,102.69750,1,1,0,0,1
67.20035,237.16220,103.39662,1,1,0,0,1
67.22006,237.13820,103.74580,1,1,0,0,1
67.24050,237.08990,104.09245,1,1,0,0,1
67.26051,237.01755,104.43488,1,1,0,0,1
67.28026,236.80219,105.10048,1,1,0,0,1
67.30017,236.66023,105.42039,1,1,0,0,1
67.32020,236.49631,105.72964,1,1,0,0,1
67.34024,236.31122,106.02670,1,1,0,0,1
67.36042,236.10587,106.31012,1,1,0,0,1
67.38038,235.63844,106.83062,1,1,0,0,1
67.40030,235.37866,107.06517,1,1,0,0,1
67.42011,235.10315,107.28103,1,1,0,0,1
67.44025,234.81326,107.47715,1,1,0,0,1
67.46043,234.51041,107.65257,1,0,0,0,1
67.48013,233.87172,107.93803,1,0,0,0,1
67.50006,233.54739,108.06960,1,0,0,0,1
67.52020,233.22307,108.20118,1,0,0,0,1
67.54054,232.89874,108.33276,1,0,0,0,1
67.56054,232.57442,108.46433,1,0,0,0,1
67.58034,232.25009,108.59591,1,0,0,0,1
67.60045,231.60144,108.85906,1,0,0,0,1
67.62010,230.95279,109.12222,1,0,0,0,1
67.64049,230.62846,109.25379,1,0,0,0,1
67.66041,230.30414,109.38537,1,0,0,0,1
67.68031,229.65549,109.64852,1,0,0,0,1
67.70024,229.33116,109.78010,1,0,0,0,1
67.72052,229.00684,109.91167,1,0,0,0,1
67.74024,228.68251,110.04325,1,0,0,0,1
67.76045,228.35818,110.17483,1,0,0,0,1
67.78023,227.70953,110.43798,1,0,0,0,1
67.80053,227.38521,110.56956,1,0,0,0,1
67.82009,227.06088,110.70113,1,0,0,0,1
67.84025,226.73656,110.83271,1,0,0,0,1
67.86045,226.41223,110.96429,1,0,0,0,1
67.88061,225.76358,111.22744,1,0,0,0,1
67.90047,225.43925,111.35902,1,0,0,0,1
67.92020,225.11493,111.49059,1,0,0,0,1
67.94039,224.79060,111.62217,1,0,0,0,1
67.96044,224.46628,111.75375,1,0,0,0,1
67.98053,223.81763,112.01690,1,0,0,0,1
68.00048,223.16898,112.28005,1,0,0,0,1
68.02054,222.84465,112.41163,1,0,0,0,1
68.04053,222.52032,112.54321,1,0,0,0,1
68.06014,222.19600,112.67478,1,0,0,0,1
68.08027,221.54735,112.93793,1,0,0,0,1
68.10057,221.22302,113.06951,1,0,0,0,1
68.12050,220.89870,113.20109,1,0,0,0,1
68.14023,220.57437,113.33266,1,0,0,0,1
68.16047,220.25005,113.46424,1,0,0,0,1
68.18014,219.60139,113.72739,1,0,0,0,1
68.20032,219.27707,113.85897,1,0,1,0,1
68.22048,218.95274,113.99055,1,0,1,0,1
68.24032,218.62842,114.12212,1,0,1,0,1
68.26011,218.31407,114.27603,1,0,1,0,1
68.28043,217.72141,114.64772,1,0,1,0,1
68.30015,217.44598,114.86369,1,0,1,0,1
68.32024,217.18631,115.09836,1,0,1,0,1
68.34034,216.94366,115.35059,1,0,1,0,1
68.36036,216.71922,115.61916,1,0,1,0,1
68.38033,216.32925,116.19996,1,0,1,0,1
68.40012,216.02402,116.82942,1,0,1,0,1
68.42010,215.90509,117.15860,1,0,1,0,1
68.44009,215.80945,117.49528,1,0,1,0,1
68.46049,215.73755,117.83781,1,0,1,0,1
68.48006,215.66628,118.53374,1,0,1,0,1
68.50033,215.66725,118.88374,1,0,1,0,1
68.52009,215.66725,118.88374,1,0,1,0,1
68.54032,215.74239,119.57927,1,0,1,0,1
68.56011,215.91371,120.25755,1,0,1,0,1
68.58025,216.03447,120.58606,1,0,1,0,1
68.60017,216.17787,120.90533,1,0,1,0,1
68.62018,216.34322,121.21381,1,0,1,0,1
68.64016,216.73640,121.79243,1,0,1,0,1
68.66003,216.73640,121.79243,1,0,1,0,1
68.68029,217.20639,122.31062,1,0,1,0,1
68.70067,217.46736,122.54384,1,0,1,0,1
68.72048,218.03491,122.95286,1,0,1,0,1
68.74035,218.33871,123.12666,1,0,1,0,1
68.76050,218.65392,123.27882,1,0,1,0,1
68.78017,218.97897,123.40859,1,0,1,0,1
68.80028,219.65227,123.59857,1,0,1,0,1
68.82047,219.99721,123.65784,1,0,1,0,1
68.84017,220.34544,123.69289,1,0,1,0,1
68.86046,220.69528,123.70352,1,0,1,0,1
68.88044,221.39291,123.65149,1,0,1,0,1
68.90034,221.73730,123.58907,1,0,0,0,1
68.92034,222.07649,123.50276,1,0,0,0,1
68.94030,222.40883,123.39297,1,0,0,0,1
68.96046,222.74117,123.28319,1,0,0,0,1
68.98044,223.40584,123.06361,1,0,0,0,1
69.00009,223.73817,122.95383,1,0,0,0,1
69.02049,224.07051,122.84404,1,0,0,0,1
69.04026,224.40285,122.73425,1,0,0,0,1
69.06036,224.73518,122.62447,1,0,0,0,1
69.08015,225.39986,122.40489,1,0,0,0,1
69.10033,225.73219,122.29510,1,0,0,0,1
69.12029,226.06453,122.18532,1,0,0,0,1
69.14048,226.72920,121.96574,1,0,0,0,1
69.16020,227.06154,121.85596,1,0,0,0,1
69.18014,227.39388,121.74617,1,0,0,0,1
69.20008,228.05855,121.52660,1,0,0,0,1
69.22049,228.39088,121.41681,1,0,0,0,1
69.24021,228.72322,121.30702,1,0,0,0,1
69.26019,229.05556,121.19724,1,0,0,0,1
69.28018,229.72023,120.97766,1,0,0,0,1
69.30034,230.05257,120.86787,1,0,0,0,1
69.32050,230.38490,120.75809,1,0,0,0,1
69.34026,230.71724,120.64830,1,0,0,0,1
69.36011,231.04958,120.53851,1,0,0,0,1
69.38042,231.71425,120.31894,1,0,0,0,1
69.40029,232.04659,120.20915,1,0,0,0,1
69.42049,232.37892,120.09937,1,0,0,0,1
69.44045,232.71126,119.98958,1,0,0,0,1
69.46041,233.04359,119.87979,1,1,0,0,1
69.48034,233.71512,119.68366,1,1,0,0,1
69.50042,234.05949,119.62119,1,1,0,0,1
69.52025,234.40739,119.58288,1,1,0,0,1
69.54006,235.10695,119.57939,1,1,0,0,1
69.56030,235.45522,119.61423,1,1,0,0,1
69.58050,235.80020,119.67328,1,1,0,0,1
69.60015,236.47365,119.86271,1,1,0,0,1
69.62047,236.79883,119.99217,1,1,0,0,1
69.64054,237.11418,120.14400,1,1,0,0,1
69.66025,237.41818,120.31744,1,1,0,0,1
69.68009,237.70935,120.51167,1,1,0,0,1
69.70054,238.24757,120.95858,1,1,0,0,1
69.72041,238.49200,121.20908,1,1,0,0,1
69.74025,238.71837,121.47603,1,1,0,0,1
69.76036,238.92557,121.75811,1,1,0,0,1
69.78055,239.11259,122.36212,1,1,0,0,1
69.80014,239.42258,122.68111,1,1,0,0,1
69.82047,239.54402,123.00936,1,1,0,0,1
69.84043,239.64227,123.34528,1,1,0,0,1
69.86022,239.71686,123.68724,1,1,0,0,1
69.88047,239.76741,124.03357,1,1,0,0,1
69.90049,239.79556,124.73258,1,1,0,0,1
69.92009,239.77303,125.08186,1,1,0,0,1
69.94029,239.65527,125.77145,1,1,0,0,1
69.96016,239.56064,126.10841,1,1,0,0,1
69.98036,239.44273,126.43796,1,1,0,0,1
70.00055,239.13951,127.06841,1,1,0,0,1
70.02026,238.95567,127.36624,1,1,0,0,1
70.04038,238.75151,127.65053,1,1,0,0,1
70.06014,238.52803,127.91988,1,1,0,0,1
70.08014,238.28630,128.17300,1,1,0,0,1
70.10031,237.75291,128.62567,1,1,0,0,1
70.12010,237.46385,128.82301,1,1,0,0,1
70.14036,237.16173,128.99971,1,1,0,0,1
70.16041,236.84802,129.15491,1,0,0,0,1
70.18014,236.52426,129.28786,1,0,0,0,1
70.20015,235.85977,129.50795,1,0,0,0,1
70.22009,235.52753,129.61800,1,0,0,0,1
70.24009,235.19528,129.72804,1,0,0,0,1
70.26022,234.86304,129.83809,1,0,0,0,1
70.28044,234.53079,129.94814,1,0,0,0,1
70.30013,233.86630,130.16823,1,0,0,0,1
70.32030,233.53406,130.27827,1,0,0,0,1
70.34050,232.86957,130.49837,1,0,0,0,1
70.36013,232.53732,130.60841,1,0,0,0,1
70.38029,232.20508,130.71846,1,0,0,0,1
70.40034,231.54059,130.93855,1,0,0,0,1
70.42052,231.20834,131.04860,1,0,0,0,1
70.44051,230.87610,131.15865,1,0,0,0,1
70.46027,230.54385,131.26869,1,0,0,0,1
70.48015,230.21161,131.37874,1,0,0,0,1
70.50006,229.54712,131.59883,1,0,0,0,1
70.52046,229.21487,131.70888,1,0,0,0,1
70.54008,228.88263,131.81892,1,0,0,0,1
70.56051,228.55038,131.92897,1,0,0,0,1
70.58013,228.21814,132.03902,1,0,0,0,1
70.60046,227.55365,132.25911,1,0,0,0,1
70.62013,227.22141,132.36916,1,0,0,0,1
70.64024,226.88916,132.47920,1,0,0,0,1
70.66043,226.55692,132.58925,1,0,0,0,1
70.68054,226.22467,132.69930,1,0,0,0,1
70.70024,225.56018,132.91939,1,0,0,0,1
70.72037,224.89569,133.13948,1,0,0,0,1
70.74030,224.56345,133.24953,1,0,0,0,1
70.76033,224.23120,133.35957,1,0,0,0,1
70.78021,223.89896,133.46962,1,0,0,0,1
70.80021,223.23447,133.68971,1,0,0,0,1
70.82029,222.90222,133.79976,1,0,0,0,1
70.84022,222.56998,133.90981,1,0,0,0,1
70.86038,222.23773,134.01985,1,0,0,0,1
70.88026,221.90549,134.12990,1,0,1,0,1
70.90010,221.24948,134.37292,1,0,1,0,1
70.92017,220.93581,134.52818,1,0,1,0,1
70.94048,220.63374,134.70497,1,0,1,0,1
70.96007,220.34476,134.90242,1,0,1,0,1
70.98029,220.07027,135.11957,1,0,1,0,1
71.00014,219.57005,135.60864,1,0,1,0,1
71.02045,219.34677,135.87817,1,0,1,0,1
71.04052,219.14285,136.16264,1,0,1,0,1
71.06037,218.95930,136.46065,1,0,1,0,1
71.08010,218.79701,136.77075,1,0,1,0,1
71.10029,218.53926,137.42111,1,0,1,0,1
71.12048,218.37465,138.10104,1,0,1,0,1
71.14023,218.32834,138.44797,1,0,1,0,1
71.16020,218.30638,138.79727,1,0,1,0,1
71.18013,218.30887,139.14726,1,0,1,0,1
71.20053,218.38701,139.84247,1,0,1,0,1
71.22020,218.46228,140.18428,1,0,1,0,1
71.24054,218.56125,140.52000,1,0,1,0,1
71.26029,218.68341,140.84799,1,0,1,0,1
71.28005,218.82819,141.16664,1,0,1,0,1
71.30053,219.18262,141.76979,1,0,1,0,1
71.32044,219.39055,142.05133,1,0,1,0,1
71.34054,219.61763,142.31766,1,0,1,0,1
71.36023,219.86276,142.56749,1,0,1,0,1
71.38042,220.12474,142.79959,1,0,1,0,1
71.40036,220.69405,143.20616,1,0,1,0,1
71.42033,220.99860,143.37865,1,0,1,0,1
71.44044,221.31444,143.52945,1,0,1,0,1
71.46007,221.64005,143.65782,1,0,1,0,1
71.48043,221.97383,143.76314,1,0,1,0,1
71.50023,222.65935,143.90268,1,0,1,0,1
71.52052,223.35762,143.94534,1,0,1,0,1
71.54039,223.70729,143.93001,1,0,1,0,1
71.56008,224.05502,143.89029,1,0,1,0,1
71.58013,224.39914,143.82639,1,0,1,0,1
71.60042,225.06982,143.62740,1,0,0,0,1
71.62021,225.39311,143.49327,1,0,0,0,1
71.64030,225.71640,143.35915,1,0,0,0,1
71.66021,226.03969,143.22502,1,0,0,0,1
71.68049,226.36298,143.09090,1,0,0,0,1
71.70017,227.00955,142.82265,1,0,0,0,1
71.72038,227.33284,142.68852,1,0,0,0,1
71.74010,227.65613,142.55440,1,0,0,0,1
71.76013,227.97942,142.42027,1,0,0,0,1
71.78010,228.30270,142.28615,1,0,0,0,1
71.80029,228.94928,142.01790,1,0,0,0,1
71.82010,229.27257,141.88377,1,0,0,0,1
71.84024,229.59586,141.74965,1,0,0,0,1
71.86050,229.91914,141.61552,1,0,0,0,1
71.88015,230.24243,141.48140,1,0,0,0,1
71.90034,230.88901,141.21315,1,0,0,0,1
71.92053,231.53558,140.94490,1,0,0,0,1
71.94023,231.85887,140.81078,1,0,0,0,1
71.96017,232.18216,140.67665,1,0,0,0,1
71.98034,232.50545,140.54253,1,0,0,0,1
72.00034,233.15202,140.27428,1,0,0,0,1
72.02031,233.47531,140.14015,1,0,0,0,1
72.04015,233.79860,140.00603,1,0,0,0,1
72.06007,234.12189,139.87190,1,0,0,0,1
72.08031,234.44518,139.73778,1,1,0,0,1
72.10027,235.09175,139.46953,1,1,0,0,1
72.12032,235.42360,139.35828,1,1,0,0,1
72.14007,235.76239,139.27043,1,1,0,0,1
72.16047,236.10649,139.20644,1,1,0,0,1
72.18029,236.45421,139.16660,1,1,0,0,1
72.20010,237.15375,139.16002,1,1,0,0,1
72.22028,237.50217,139.19333,1,1,0,0,1
72.24046,237.84741,139.25085,1,1,0,0,1
72.26027,238.18781,139.33231,1,1,0,0,1
72.28044,238.52168,139.43730,1,1,0,0,1
72.30015,239.16345,139.71576,1,1,0,0,1
72.32019,239.76024,140.08081,1,1,0,0,1
72.34021,240.03809,140.29364,1,1,0,0,1
72.36020,240.30042,140.52533,1,1,0,0,1
72.38052,240.54594,140.77475,1,1,0,0,1
72.40023,240.98192,141.32185,1,1,0,0,1
72.42022,241.17024,141.61687,1,1,0,0,1
72.44028,241.33754,141.92430,1,1,0,0,1
72.46048,241.48299,142.24265,1,1,0,0,1
72.48047,241.60588,142.57036,1,1,0,0,1
72.50028,241.78171,143.24748,1,1,0,0,1
72.52036,241.83379,143.59358,1,1,0,0,1
72.54028,241.86160,143.94247,1,1,0,0,1
72.56023,241.86502,144.29247,1,1,0,0,1
72.58021,241.84402,144.64183,1,1,0,0,1
72.60017,241.72932,145.33194,1,1,0,0,1
72.62046,241.72932,145.33194,1,1,0,0,1
72.64012,241.51971,145.99937,1,1,0,0,1
72.66024,241.38052,146.32051,1,1,0,0,1
72.68032,241.03674,146.92979,1,1,0,0,1
72.70070,240.83385,147.21498,1,1,0,0,1
72.72051,240.37094,147.73950,1,1,0,0,1
72.74010,240.11319,147.97629,1,1,0,0,1
72.76028,239.83955,148.19452,1,1,0,0,1
72.78005,239.55136,148.39313,1,1,0,0,1
72.80014,239.25003,148.57117,1,1,0,0,1
72.82035,238.61383,148.86212,1,1,0,0,1
72.84023,238.28207,148.97363,1,0,0,0,1
72.86018,237.94334,149.06174,1,0,0,0,1
72.88023,237.60461,149.14984,1,0,0,0,1
72.90041,236.92715,149.32605,1,0,0,0,1
72.92040,236.58842,149.41415,1,0,0,0,1
72.94022,236.24969,149.50226,1,0,0,0,1
72.96004,235.91096,149.59036,1,0,0,0,1
72.98044,235.57224,149.67847,1,0,0,0,1
73.00014,234.89478,149.85468,1,0,0,0,1
73.02045,234.55605,149.94278,1,0,0,0,1
73.04044,234.21732,150.03088,1,0,0,0,1
73.06048,233.87859,150.11899,1,0,0,0,1
73.08036,233.20113,150.29520,1,0,0,0,1
73.10020,232.86240,150.38330,1,0,0,0,1
73.12024,232.18494,150.55951,1,0,0,0,1
73.14039,231.84621,150.64761,1,0,0,0,1
73.16026,231.50748,150.73572,1,0,0,0,1
73.18013,231.16875,150.82382,1,0,0,0,1
73.20034,230.49129,151.00003,1,0,0,0,1
73.22015,230.15256,151.08813,1,0,0,0,1
73.24034,229.81383,151.17624,1,0,0,0,1
73.26043,229.47510,151.26434,1,0,1,0,1
73.28027,229.13637,151.35245,1,0,1,0,1
73.30019,228.46588,151.55209,1,0,1,0,1
73.32046,228.14273,151.68652,1,0,1,0,1
73.34023,227.82976,151.84320,1,0,1,0,1
73.36034,227.52849,152.02135,1,0,1,0,1
73.38042,227.24040,152.22009,1,0,1,0,1
73.40013,226.96689,152.43848,1,0,1,0,1
73.42007,226.46889,152.92979,1,0,1,0,1
73.44023,226.24683,153.20033,1,0,1,0,1
73.46041,226.04420,153.48572,1,0,1,0,1
73.48042,225.70111,154.09537,1,0,1,0,1
73.50009,225.56232,154.41667,1,0,1,0,1
73.52032,225.35364,155.08440,1,0,1,0,1
73.54009,225.28476,155.42755,1,0,1,0,1
73.56022,225.24002,155.77467,1,0,1,0,1
73.58025,225.21964,156.12408,1,0,1,0,1
73.60026,225.22369,156.47406,1,0,1,0,1
73.62055,225.30496,157.16888,1,0,1,0,1
73.64040,225.38177,157.51035,1,0,1,0,1
73.66013,225.48225,157.84561,1,0,1,0,1
73.68017,225.60590,158.17305,1,0,1,0,1
73.70006,225.75211,158.49104,1,0,1,0,1
73.72002,226.10925,159.09258,1,0,1,0,1
73.74031,226.31845,159.37318,1,0,1,0,1
73.76013,226.54674,159.63849,1,0,1,0,1
73.78056,226.79298,159.88721,1,0,1,0,1
73.80032,227.05600,160.11812,1,0,1,0,1
73.82017,227.62714,160.52211,1,0,1,0,1
73.84027,227.93246,160.69322,1,0,1,0,1
73.86007,228.57518,160.96950,1,0,1,0,1
73.88038,228.90942,161.07330,1,0,1,0,1
73.90011,229.25011,161.15352,1,0,0,0,1
73.92029,229.94411,161.24171,1,0,0,0,1
73.94083,230.29265,161.27368,1,0,0,0,1
73.96052,230.64119,161.30565,1,0,0,0,1
73.98020,230.98973,161.33762,1,0,0,0,1
74.00027,231.33827,161.36958,1,0,0,0,1
74.02015,232.03535,161.43352,1,0,0,0,1
74.04047,232.38390,161.46548,1,0,0,0,1
74.06017,232.73244,161.49745,1,0,0,0,1
74.08040,233.08098,161.52942,1,0,0,0,1
74.10026,233.42952,161.56139,1,0,0,0,1
74.12040,234.12660,161.62532,1,0,0,0,1
74.14054,234.47514,161.65729,1,0,0,0,1
74.16024,234.82368,161.68925,1,0,0,0,1
74.18035,235.17223,161.72122,1,0,0,0,1
74.20014,235.52077,161.75319,1,0,0,0,1
74.22046,236.21785,161.81712,1,0,0,0,1
74.24012,236.91493,161.88106,1,0,0,0,1
74.26033,237.26347,161.91302,1,0,0,0,1
74.28024,237.61201,161.94499,1,0,0,0,1
74.30036,237.96056,161.97696,1,0,0,0,1
74.32015,238.65764,162.04089,1,0,0,0,1
74.34040,239.00618,162.07286,1,0,0,0,1
74.36054,239.35472,162.10483,1,0,0,0,1
74.38019,239.70326,162.13680,1,0,0,0,1
74.40034,240.05180,162.16876,1,1,0,0,1
74.42016,240.74889,162.23270,1,1,0,0,1
74.44050,241.09435,162.28889,1,1,0,0,1
74.46027,241.43504,162.36905,1,1,0,0,1
74.48047,241.76932,162.47276,1,1,0,0,1
74.50014,242.09555,162.59953,1,1,0,0,1
74.52029,242.71756,162.91968,1,1,0,0,1
74.54030,243.01031,163.11150,1,1,0,0,1
74.56030,243.28899,163.32326,1,1,0,0,1
74.58038,243.55220,163.55394,1,1,0,0,1
74.60031,243.79869,163.80243,1,1,0,0,1
74.62009,244.23677,164.34785,1,1,0,0,1
74.64035,244.59470,164.94894,1,1,0,0,1
74.66003,244.74136,165.26674,1,1,0,0,1
74.68024,244.86551,165.59398,1,1,0,0,1
74.70006,244.96654,165.92908,1,1,0,0,1
74.72053,245.09735,166.61632,1,1,0,0,1
74.74020,245.12651,166.96510,1,1,0,0,1
74.76042,245.13127,167.31506,1,1,0,0,1
74.78052,245.11162,167.66451,1,1,0,0,1
74.80037,245.06764,168.01173,1,1,0,0,1
74.82050,244.90770,168.69276,1,1,0,0,1
74.84013,244.79251,169.02327,1,1,0,0,1
74.86026,244.65456,169.34494,1,1,0,0,1
74.88023,244.49451,169.65620,1,1,0,0,1
74.90048,244.31314,169.95554,1,1,0,0,1
74.92004,243.89008,170.51270,1,1,0,0,1
74.94042,243.65044,170.76779,1,1,0,0,1
74.96043,243.39360,171.00555,1,1,0,0,1
74.98051,243.12080,171.22484,1,1,0,0,1
75.00028,242.83337,171.42456,1,1,0,0,1
75.02018,242.22029,171.76152,1,1,0,0,1
75.04042,241.56630,172.00990,1,1,0,0,1
75.06015,241.22791,172.09930,1,1,0,0,1
75.08019,240.88411,172.16489,1,1,0,0,1
75.10037,240.53658,172.20633,1,0,0,0,1
75.12011,239.83707,172.21613,1,0,0,0,1
75.14042,239.48714,172.20882,1,0,0,0,1
75.16017,239.13721,172.20151,1,0,0,0,1
75.18031,238.78728,172.19420,1,0,0,0,1
75.20013,238.43735,172.18689,1,0,0,0,1
75.22047,237.73749,172.17227,1,0,0,0,1
75.24005,237.38756,172.16496,1,0,0,0,1
75.26022,237.03763,172.15765,1,0,0,0,1
75.28047,236.68770,172.15034,1,0,0,0,1
75.30015,236.33777,172.14304,1,0,0,0,1
75.32017,235.63791,172.12842,1,0,0,0,1
75.34028,235.28798,172.12111,1,0,0,0,1
75.36007,234.93805,172.11380,1,0,0,0,1
75.38020,234.58812,172.10649,1,0,0,0,1
75.40036,234.23819,172.09918,1,0,0,0,1
75.42006,233.53833,172.08456,1,0,0,0,1
75.44025,232.83847,172.06995,1,0,0,0,1
75.46042,232.48854,172.06264,1,0,0,0,1
75.48049,232.13861,172.05533,1,0,0,0,1
75.50050,231.78868,172.04802,1,0,0,0,1
75.52024,231.08882,172.03340,1,0,0,0,1
75.54043,230.73889,172.02609,1,0,1,0,1
75.56029,230.38896,172.01878,1,0,1,0,1
75.58017,230.03903,172.01147,1,0,1,0,1
75.60042,229.68945,172.02861,1,0,1,0,1
75.62017,228.99814,172.13579,1,0,1,0,1
75.64031,228.65977,172.22531,1,0,1,0,1
75.66044,228.32849,172.33826,1,0,1,0,1
75.68013,228.00591,172.47406,1,0,1,0,1
75.70035,227.69359,172.63205,1,0,1,0,1
75.72013,227.10582,173.01143,1,0,1,0,1
75.74045,226.83324,173.23097,1,0,1,0,1
75.76023,226.57664,173.46901,1,0,1,0,1
75.78050,226.33731,173.72438,1,0,1,0,1
75.80010,226.11639,173.99585,1,0,1,0,1
75.82030,225.73404,174.58168,1,0,1,0,1
75.84042,225.43703,175.21507,1,0,1,0,1
75.86035,225.32240,175.54578,1,0,1,0,1
75.88051,225.23116,175.88367,1,0,1,0,1
75.90028,225.16373,176.22711,1,0,1,0,1
75.92021,225.10153,176.92392,1,0,1,0,1
75.94037,225.10707,177.27388,1,0,1,0,1
75.96030,225.13704,177.62259,1,0,1,0,1
75.98020,225.19128,177.96835,1,0,1,0,1
76.00029,225.26955,178.30949,1,0,1,0,1
76.02045,225.49646,178.97124,1,0,1,0,1
76.04011,225.64401,179.28862,1,0,1,0,1
76.06006,225.81337,179.59492,1,0,1,0,1
76.08025,226.00369,179.88866,1,0,1,0,1
76.10023,226.21407,180.16838,1,0,1,0,1
76.12042,226.69077,180.68040,1,0,1,0,1
76.14026,226.95476,180.91020,1,0,1,0,1
76.16042,227.23415,181.12100,1,0,1,0,1
76.18041,227.52757,181.31178,1,0,1,0,1
76.20010,228.15077,181.62964,1,0,1,0,1
76.22047,228.47749,181.75516,1,0,1,0,1
76.24039,229.15320,181.93634,1,0,1,0,1
76.26054,229.49889,181.99112,1,0,0,0,1
76.28030,229.84755,182.02162,1,0,0,0,1
76.30036,230.19621,182.05212,1,0,0,0,1
76.32023,230.89354,182.11313,1,0,0,0,1
76.34011,231.24220,182.14363,1,0,0,0,1
76.36031,231.59087,182.17413,1,0,0,0,1
76.38051,231.93953,182.20464,1,0,0,0,1
76.40046,232.63686,182.26564,1,0,0,0,1
76.42012,232.98552,182.29614,1,0,0,0,1
76.44007,233.33418,182.32664,1,0,0,0,1
76.46032,233.68285,182.35715,1,0,0,0,1
76.48005,234.38017,182.41815,1,0,0,0,1
76.50026,234.72884,182.44865,1,0,0,0,1
76.52040,235.07750,182.47916,1,0,0,0,1
76.54006,235.42616,182.50966,1,0,0,0,1
76.56042,236.12349,182.57066,1,0,0,0,1
76.58018,236.47215,182.60117,1,0,0,0,1
76.60006,236.82082,182.63167,1,0,0,0,1
76.62048,237.16948,182.66217,1,0,0,0,1
76.64053,237.86681,182.72318,1,0,0,0,1
76.66024,238.21547,182.75368,1,0,0,0,1
76.68023,238.56413,182.78418,1,0,0,0,1
76.70029,238.91280,182.81468,1,0,0,0,1
76.72029,239.61012,182.87569,1,0,0,0,1
76.74018,239.95879,182.90619,1,0,0,0,1
76.76018,240.30745,182.93669,1,0,0,0,1
76.78017,240.65611,182.96719,1,1,0,0,1
76.80049,241.00478,182.99770,1,1,0,0,1
76.82036,241.69913,183.08293,1,1,0,0,1
76.84034,242.04016,183.16165,1,1,0,0,1
76.86004,242.37488,183.26396,1,1,0,0,1
76.88028,242.70164,183.38936,1,1,0,0,1
76.90038,243.01888,183.53725,1,1,0,0,1
76.92016,243.61858,183.89748,1,1,0,0,1
76.94039,243.89813,184.10806,1,1,0,0,1
76.96024,244.16232,184.33763,1,1,0,0,1
76.98024,244.63953,184.84917,1,1,0,0,1
77.00045,244.85022,185.12865,1,1,0,0,1
77.02015,245.04091,185.42213,1,1,0,0,1
77.04038,245.35869,186.04538,1,1,0,0,1
77.06011,245.48421,186.37210,1,1,0,0,1
77.08041,245.58664,186.70677,1,1,0,0,1
77.10043,245.66548,187.04778,1,1,0,0,1
77.12013,245.75098,187.74211,1,1,0,0,1
77.14046,245.75722,188.09206,1,1,0,0,1
77.16045,245.73904,188.44159,1,1,0,0,1
77.18025,245.69653,188.78900,1,1,0,0,1
77.20040,245.62990,189.13260,1,1,0,0,1
77.22013,245.42566,189.80170,1,1,0,0,1
77.24047,245.28906,190.12393,1,1,0,0,1
77.26019,245.13033,190.43587,1,1,0,0,1
77.28038,244.95021,190.73596,1,1,0,0,1
77.30017,244.74962,191.02277,1,1,0,0,1
77.32045,244.29095,191.55099,1,1,0,0,1
77.34009,244.03513,191.78984,1,1,0,0,1
77.36039,243.47668,192.21120,1,1,0,0,1
77.38006,243.17679,192.39165,1,1,0,0,1
77.40012,242.86504,192.55075,1,1,0,0,1
77.42033,242.54295,192.68773,1,1,0,0,1
77.44042,241.87408,192.89273,1,1,0,0,1
77.46056,241.53056,192.95976,1,1,0,0,1
77.48024,241.18320,193.00267,1,1,0,0,1
77.50042,240.83369,193.02126,1,1,0,0,1
77.52029,240.48375,193.01541,1,1,0,0,1
77.54004,239.78932,192.93071,1,0,0,0,1
77.56014,239.44823,192.85226,1,0,0,0,1
77.58047,239.10713,192.77382,1,0,0,0,1
77.60029,238.76604,192.69537,1,0,0,0,1
77.62046,238.08385,192.53848,1,0,0,0,1
77.64028,237.74275,192.46004,1,0,0,0,1
77.66040,237.40166,192.38159,1,0,0,0,1
77.68012,237.06056,192.30315,1,0,0,0,1
77.70029,236.71947,192.22470,1,0,0,0,1
77.72032,236.03728,192.06781,1,0,0,0,1
77.74015,235.69618,191.98936,1,0,0,0,1
77.76038,235.35509,191.91092,1,0,0,0,1
77.78034,234.67290,191.75403,1,0,0,0,1
77.80055,234.33180,191.67558,1,0,0,0,1
77.82025,233.99071,191.59714,1,0,0,0,1
77.84012,233.30852,191.44025,1,0,0,0,1
77.86053,232.96742,191.36180,1,0,0,0,1
77.88035,232.62633,191.28336,1,0,0,0,1
77.90057,232.28523,191.20491,1,0,0,0,1
77.92049,231.94414,191.04802,1,0,0,0,1
77.94013,231.26195,190.96957,1,0,0,0,1
77.96045,230.92085,190.89113,1,0,0,0,1
77.98021,230.57976,190.81268,1,0,0,0,1
78.00047,230.23866,190.73424,1,0,1,0,1
78.02010,229.89757,190.65579,1,0,1,0,1
78.04045,229.21074,190.52290,1,0,1,0,1
78.06010,228.86205,190.49274,1,0,1,0,1
78.08009,228.51208,190.48700,1,0,1,0,1
78.10034,228.16258,190.50572,1,0,1,0,1
78.12017,227.81525,190.54880,1,0,1,0,1
78.14034,227.13382,190.70708,1,0,1,0,1
78.16017,226.80305,190.82150,1,0,1,0,1
78.18051,226.48109,190.95876,1,0,1,0,1
78.20017,225.86980,191.29892,1,0,1,0,1
78.22017,225.58345,191.50018,1,0,1,0,1
78.24041,225.05635,191.96014,1,0,1,0,1
78.26022,224.81816,192.21660,1,0,1,0,1
78.28033,224.59846,192.48906,1,0,1,0,1
78.30029,224.39833,192.77620,1,0,1,0,1
78.32041,224.21873,193.07661,1,0,1,0,1
78.34057,223.92458,193.71135,1,0,1,0,1
78.36015,223.81145,194.04256,1,0,1,0,1
78.38042,223.72173,194.38086,1,0,1,0,1
78.40011,223.65585,194.72461,1,0,1,0,1
78.42032,223.61414,195.07211,1,0,1,0,1
78.44045,223.60391,195.77161,1,0,1,0,1
78.46004,223.63545,196.12018,1,0,1,0,1
78.48050,223.69125,196.46570,1,0,1,0,1
78.50036,223.77104,196.80649,1,0,1,0,1
78.52051,223.87444,197.14087,1,0,1,0,1
78.54031,224.14990,197.78392,1,0,1,0,1
78.56038,224.51228,198.38231,1,0,1,0,1
78.58014,224.72392,198.66107,1,0,1,0,1
78.60046,224.95451,198.92438,1,0,1,0,1
78.62046,225.20293,199.17094,1,0,1,0,1
78.64017,225.74829,199.60910,1,0,1,0,1
78.66023,226.04259,199.79855,1,0,1,0,1
78.68010,226.34940,199.96700,1,0,1,0,1
78.70023,226.66721,200.11360,1,0,1,0,1
78.72030,226.99449,200.23766,1,0,1,0,1
78.74016,227.67101,200.41579,1,0,1,0,1
78.76029,228.01694,200.46899,1,0,0,0,1
78.78043,228.36574,200.49792,1,0,0,0,1
78.80033,228.71454,200.52686,1,0,0,0,1
78.82041,229.06334,200.55579,1,0,0,0,1
78.84021,229.76094,200.61365,1,0,0,0,1
78.86011,230.10974,200.64258,1,0,0,0,1
78.88045,230.45854,200.67151,1,0,0,0,1
78.90041,230.80734,200.70044,1,0,0,0,1
78.92041,231.15614,200.72937,1,0,0,0,1
78.94052,231.85374,200.78723,1,0,0,0,1
78.96052,232.55135,200.84509,1,0,0,0,1
78.98052,232.90015,200.87402,1,0,0,0,1
79.00021,233.24895,200.90295,1,0,0,0,1
79.02022,233.59775,200.93188,1,0,0,0,1
79.04036,234.29535,200.98975,1,0,0,0,1
79.06007,234.64415,201.01868,1,0,0,0,1
79.08023,234.99295,201.04761,1,0,0,0,1
79.10045,235.34175,201.07654,1,0,0,0,1
79.12014,235.69055,201.10547,1,0,0,0,1
79.14016,236.38815,201.16333,1,0,0,0,1
79.16026,236.73695,201.19226,1,0,0,0,1
79.18044,237.08575,201.22119,1,0,0,0,1
79.20029,237.43456,201.25012,1,0,0,0,1
79.22048,237.78336,201.27905,1,0,0,0,1
79.24014,238.48096,201.33691,1,1,0,0,1
79.26037,238.82976,201.36584,1,1,0,0,1
79.28048,239.17569,201.41902,1,1,0,0,1
79.30018,239.51707,201.49620,1,1,0,0,1
79.32008,239.85225,201.59700,1,1,0,0,1
79.34035,240.49747,201.86739,1,1,0,0,1
79.36004,241.09879,202.22490,1,1,0,0,1
79.38012,241.37929,202.43423,1,1,0,0,1
79.40043,241.64450,202.66261,1,1,0,0,1
79.42035,241.89314,202.90894,1,1,0,0,1
79.44009,242.33597,203.45052,1,1,0,0,1
79.46033,242.52798,203.74315,1,1,0,0,1
79.48018,242.69913,204.04845,1,1,0,0,1
79.50041,242.84856,204.36494,1,1,0,0,1
79.52031,242.97556,204.69109,1,1,0,0,1
79.54049,243.15988,205.36595,1,1,0,0,1
79.56012,243.21631,205.71138,1,1,0,0,1
79.58035,243.24850,206.05989,1,1,0,0,1
79.60047,243.25632,206.40981,1,1,0,0,1
79.62021,243.23972,206.75941,1,1,0,0,1
79.64048,243.13370,207.45091,1,1,0,0,1
79.66036,243.04478,207.78943,1,1,0,0,1
79.68048,242.93248,208.12093,1,1,0,0,1
79.70011,242.79733,208.44379,1,1,0,0,1
79.72028,242.64000,208.75642,1,1,0,0,1
79.74015,242.26193,209.34503,1,1,0,0,1
79.76019,241.80565,209.87534,1,1,0,0,1
79.78012,241.55089,210.11534,1,1,0,0,1
79.80020,241.28001,210.33699,1,1,0,0,1
79.82040,240.99434,210.53922,1,1,0,0,1
79.84039,240.38423,210.88153,1,1,0,0,1
79.86004,240.06276,211.01996,1,1,0,0,1
79.88038,239.73242,211.13562,1,1,0,0,1
79.90041,239.39482,211.22797,1,1,0,0,1
79.92037,239.05161,211.29654,1,1,0,0,1
79.94009,238.35501,211.36118,1,1,0,0,1
79.96039,238.00504,211.35692,1,1,0,0,1
79.98053,237.65620,211.32826,1,1,0,0,1
80.00019,237.31023,211.27534,1,1,0,0,1
80.02057,236.96878,211.19843,1,1,0,0,1
80.04023,236.30611,210.97421,1,1,0,0,1
80.06012,235.98811,210.82800,1,0,0,0,1
80.08015,235.68109,210.65997,1,0,0,0,1
80.10015,235.37407,210.49194,1,0,0,0,1
80.12008,235.06705,210.32391,1,0,0,0,1
80.14009,234.45300,209.98785,1,0,0,0,1
80.16015,233.83896,209.65179,1,0,0,0,1
80.18039,233.53194,209.48376,1,0,0,0,1
80.20007,233.22491,209.31573,1,0,0,0,1
80.22021,232.91789,209.14771,1,0,0,0,1
80.24044,232.30385,208.81165,1,0,0,0,1
80.26004,231.99683,208.64362,1,0,0,0,1
80.28020,231.68980,208.47559,1,0,0,0,1
80.30050,231.38278,208.30756,1,0,0,0,1
80.32010,231.07576,208.13953,1,0,0,0,1
80.34045,230.46172,207.80347,1,0,0,0,1
80.36022,230.15469,207.63544,1,0,0,0,1
80.38049,229.84767,207.46741,1,0,0,0,1
80.40017,229.54065,207.29938,1,0,0,0,1
80.42047,229.23363,207.13135,1,0,0,0,1
80.44047,228.61958,206.79529,1,0,0,0,1
80.46016,228.31256,206.62726,1,0,0,0,1
80.48024,228.00554,206.45923,1,0,0,0,1
80.50033,227.69852,206.29120,1,0,0,0,1
80.52016,227.39149,206.12317,1,0,0,0,1
80.54030,226.77745,205.78711,1,0,0,0,1
80.56029,226.16341,205.45105,1,0,0,0,1
80.58044,225.85638,205.28302,1,0,0,0,1
80.60009,225.54936,205.11499,1,0,0,0,1
80.62026,225.24234,204.94696,1,0,0,0,1
80.64033,224.62830,204.61090,1,0,0,0,1
80.66016,224.32127,204.44287,1,0,0,0,1
80.68033,224.01425,204.27484,1,0,0,0,1
80.70053,223.70723,204.10681,1,0,0,0,1
80.72008,223.40021,203.93878,1,0,0,0,1
80.74044,222.78616,203.60272,1,0,0,0,1
80.76018,222.47914,203.43469,1,0,0,0,1
80.78030,222.17212,203.26666,1,0,0,0,1
80.80040,221.86510,203.09863,1,0,0,0,1
80.82056,221.55807,202.93060,1,0,1,0,1
80.84065,220.94403,202.59454,1,0,1,0,1
80.86043,220.62602,202.44836,1,0,1,0,1
80.88019,220.29858,202.32475,1,0,1,0,1
80.90038,219.96330,202.22430,1,0,1,0,1
80.92052,219.62183,202.14752,1,0,1,0,1
80.94020,218.92697,202.06631,1,0,1,0,1
80.96035,218.22758,202.08272,1,0,1,0,1
80.98027,217.88046,202.12749,1,0,1,0,1
81.00007,217.53731,202.19640,1,0,1,0,1
81.02028,217.19981,202.28909,1,0,1,0,1
81.04049,216.54832,202.54396,1,0,1,0,1
81.06020,216.23752,202.70488,1,0,1,0,1
81.08037,215.93871,202.88712,1,0,1,0,1
81.10039,215.65335,203.08977,1,0,1,0,1
81.12027,215.38284,203.31186,1,0,1,0,1
81.14029,214.89159,203.80991,1,0,1,0,1
81.16028,214.67323,204.08344,1,0,1,0,1
81.18046,214.47450,204.37155,1,0,1,0,1
81.20013,214.29639,204.67284,1,0,1,0,1
81.22032,214.13974,204.98582,1,0,1,0,1
81.24035,213.89383,205.64075,1,0,1,0,1
81.26023,213.80576,205.97949,1,0,1,0,1
81.28007,213.74156,206.32355,1,0,1,0,1
81.30023,213.70155,206.67125,1,0,1,0,1
81.32056,213.69475,207.37079,1,0,1,0,1
81.34013,213.72798,207.71921,1,0,0,0,1
81.36033,213.86693,208.40485,1,0,0,0,1
81.38049,213.94838,208.74524,1,0,0,0,1
81.40043,214.02983,209.08563,1,0,0,0,1
81.42034,214.11128,209.42603,1,0,0,0,1
81.44043,214.27419,210.10681,1,0,0,0,1
81.46013,214.35564,210.44720,1,0,0,0,1
81.48007,214.43709,210.78760,1,0,0,0,1
81.50024,214.51854,211.12799,1,0,0,0,1
81.52049,214.59999,211.46838,1,0,0,0,1
81.54010,214.76289,212.14917,1,0,0,0,1
81.56032,214.84435,212.48956,1,0,0,0,1
81.58013,214.92580,212.82996,1,0,0,0,1
81.60010,215.00725,213.17035,1,0,0,0,1
81.62037,215.08870,213.51074,1,0,0,0,1
81.64042,215.25160,214.19153,1,0,0,0,1
81.66029,215.33305,214.53192,1,0,0,0,1
81.68070,215.49596,215.21271,1,0,0,0,1
81.70034,215.57741,215.55310,1,0,0,0,1
81.72048,215.65886,215.89349,1,0,0,0,1
81.74043,215.74031,216.23389,1,0,0,0,1
81.76036,215.90321,216.91467,1,0,0,0,1
81.78053,215.98466,217.25507,1,0,0,0,1
81.80021,215.98466,217.25507,1,0,0,0,1
81.82034,216.14757,217.93585,1,0,0,0,1
81.84005,216.22902,218.27625,1,0,0,0,1
81.86021,216.31047,218.61664,1,1,0,0,1
81.88038,216.47337,219.29742,1,1,0,0,1
81.90046,216.53090,219.64267,1,1,0,0,1
81.92038,216.57314,220.34097,1,1,0,0,1
81.94046,216.55763,220.69063,1,1,0,0,1
81.96035,216.51779,221.03835,1,1,0,0,1
81.98026,216.45380,221.38245,1,1,0,0,1
82.00042,216.25470,222.05309,1,1,0,0,1
82.02017,216.12057,222.37637,1,1,0,0,1
82.04007,215.96423,222.68951,1,1,0,0,1
82.06024,215.78644,222.99098,1,1,0,0,1
82.08048,215.37003,223.55313,1,1,0,0,1
82.10019,215.13344,223.81107,1,1,0,0,1
82.12042,214.87944,224.05186,1,1,0,0,1
82.14024,214.60927,224.27437,1,1,0,0,1
82.16004,214.32423,224.47749,1,1,0,0,1
82.18057,213.71521,224.82173,1,1,0,0,1
82.20018,213.39418,224.96117,1,1,0,0,1
82.22053,213.06421,225.07788,1,1,0,0,1
82.24040,212.72690,225.17130,1,1,0,0,1
82.26028,212.03688,225.28653,1,1,0,0,1
82.28018,211.68753,225.30779,1,1,0,0,1
82.30031,211.33754,225.30463,1,1,0,0,1
82.32022,210.98863,225.27707,1,1,0,0,1
82.34021,210.64249,225.22525,1,1,0,0,1
82.36015,209.96523,225.04994,1,1,0,0,1
82.38017,209.63742,224.92731,1,1,0,0,1
82.40037,209.31895,224.78210,1,1,0,0,1
82.42009,209.01140,224.61505,1,1,0,0,1
82.44049,208.71623,224.42696,1,1,0,0,1
82.46021,208.16879,223.99139,1,1,0,0,1
82.48030,207.68727,223.48390,1,1,0,0,1
82.50043,207.47423,223.20621,1,1,0,0,1
82.52006,207.28107,222.91434,1,0,0,0,1
82.54054,207.10873,222.60971,1,0,0,0,1
82.56039,206.76407,222.00046,1,0,0,0,1
82.58046,206.59174,221.69583,1,0,0,0,1
82.60013,206.41940,221.39120,1,0,0,0,1
82.62004,206.24707,221.08658,1,0,0,0,1
82.64019,206.07474,220.78195,1,0,0,0,1
82.66032,205.73007,220.17270,1,0,0,0,1
82.68036,205.55774,219.86807,1,0,0,0,1
82.70006,205.38541,219.56345,1,0,0,0,1
82.72028,205.21307,219.25882,1,0,0,0,1
82.74008,205.04074,218.95419,1,0,0,0,1
82.76017,204.69608,218.34494,1,0,0,0,1
82.78053,204.52374,218.04031,1,0,0,0,1
82.80043,204.35141,217.73569,1,0,0,0,1
82.82017,204.17908,217.43106,1,0,0,0,1
82.84037,204.00674,217.12643,1,0,0,0,1
82.86034,203.66208,216.51718,1,0,0,0,1
82.88008,203.31741,215.90793,1,0,0,0,1
82.90029,203.14508,215.60330,1,0,0,0,1
82.92007,202.97275,215.29868,1,0,0,0,1
82.94013,202.80042,214.99405,1,0,0,0,1
82.96030,202.45575,214.38480,1,0,0,0,1
82.98041,202.28342,214.08017,1,0,0,0,1
83.00052,202.11108,213.77554,1,0,0,0,1
83.02047,201.93875,213.47092,1,0,0,0,1
83.04010,201.76642,213.16629,1,0,0,0,1
83.06047,201.42175,212.55704,1,0,1,0,1
83.08017,201.24942,212.25241,1,0,1,0,1
83.10017,201.05623,211.96056,1,0,1,0,1
83.12026,200.84312,211.68291,1,0,1,0,1
83.14031,200.61116,211.42082,1,0,1,0,1
83.16034,200.09523,210.94836,1,0,1,0,1
83.18006,199.81378,210.74030,1,0,1,0,1
83.20012,199.51849,210.55240,1,0,1,0,1
83.22037,199.21080,210.38557,1,0,1,0,1
83.24041,198.89221,210.24065,1,0,1,0,1
83.26051,198.22862,210.01920,1,0,1,0,1
83.28008,197.54065,209.89236,1,0,1,0,1
83.30045,197.19170,209.86528,1,0,1,0,1
83.32030,196.84171,209.86263,1,0,1,0,1
83.34031,196.49239,209.88441,1,0,1,0,1
83.36030,195.80257,210.00081,1,0,1,0,1
83.38016,195.46544,210.09483,1,0,1,0,1
83.40032,195.13570,210.21217,1,0,1,0,1
83.42004,194.81496,210.35226,1,0,1,0,1
83.44021,194.50478,210.51440,1,0,1,0,1
83.46033,193.92212,210.90160,1,0,1,0,1
83.48012,193.65248,211.12474,1,0,1,0,1
83.50036,193.39909,211.36618,1,0,1,0,1
83.52004,193.16318,211.62473,1,0,1,0,1
83.54016,192.94589,211.89911,1,0,1,0,1
83.56015,192.57137,212.48999,1,0,1,0,1
83.58030,192.41595,212.80359,1,0,0,0,1
83.60037,192.28282,213.12727,1,0,0,0,1
83.62013,192.14969,213.45096,1,0,0,0,1
83.64014,192.01656,213.77464,1,0,0,0,1
83.66032,191.75029,214.74570,1,0,0,0,1
83.68004,191.48402,215.06938,1,0,0,0,1
83.70033,191.35089,215.39307,1,0,0,0,1
83.72044,191.21776,215.71675,1,0,0,0,1
83.74037,191.08463,216.04044,1,0,0,0,1
83.76057,190.81836,216.68781,1,0,0,0,1
83.78005,190.68523,217.01149,1,0,0,0,1
83.80023,190.68523,217.01149,1,0,0,0,1
83.82043,190.41896,217.65886,1,0,0,0,1
83.84005,190.28583,217.98254,1,0,0,0,1
83.86010,190.01956,218.62991,1,0,0,0,1
83.88023,189.88643,218.95360,1,0,0,0,1
83.90039,189.75330,219.27728,1,0,0,0,1
83.92034,189.62016,219.60097,1,0,0,0,1
83.94052,189.48703,219.92465,1,0,0,0,1
83.96016,189.22076,220.57202,1,0,0,0,1
83.98024,189.08763,220.89571,1,0,0,0,1
84.00030,188.95450,221.21939,1,0,0,0,1
84.02015,188.82137,221.54308,1,0,0,0,1
84.04041,188.68823,221.86676,1,0,0,0,1
84.06057,188.42197,222.51413,1,0,0,0,1
84.08017,188.15570,223.16150,1,0,0,0,1
84.10051,188.02257,223.48518,1,1,0,0,1
84.12035,187.88943,223.80887,1,1,0,0,1
84.14007,187.73405,224.12248,1,1,0,0,1
84.16020,187.35966,224.71344,1,1,0,0,1
84.18038,187.14249,224.98792,1,1,0,0,1
84.20052,186.90669,225.24657,1,1,0,0,1
84.22036,186.65344,225.48814,1,1,0,0,1
84.24039,186.38396,225.71147,1,1,0,0,1
84.26007,185.80161,226.09914,1,1,0,0,1
84.28063,185.49158,226.26158,1,1,0,0,1
84.30008,185.17097,226.40201,1,1,0,0,1
84.32045,184.84137,226.51973,1,1,0,0,1
84.34030,184.50435,226.61418,1,1,0,0,1
84.36048,183.81468,226.73152,1,1,0,0,1
84.38010,183.46539,226.75386,1,1,0,0,1
84.40028,183.11540,226.75179,1,1,0,0,1
84.42015,182.76640,226.72530,1,1,0,0,1
84.44035,182.07819,226.59976,1,1,0,0,1
84.46006,181.74231,226.50131,1,1,0,0,1
84.48013,181.09521,226.23546,1,1,0,0,1
84.50004,180.78714,226.06935,1,1,0,0,1
84.52011,180.49141,225.88216,1,1,0,0,1
84.54027,180.20944,225.67479,1,1,0,0,1
84.56037,179.69226,225.20369,1,1,0,0,1
84.58039,179.45956,224.94225,1,1,0,0,1
84.60009,179.24567,224.66521,1,1,0,0,1
84.62021,179.05161,224.37393,1,1,0,0,1
84.64035,178.87833,224.06984,1,1,0,0,1
84.66020,178.59741,223.42914,1,1,0,0,1
84.68032,178.49113,223.09566,1,1,0,0,1
84.70050,178.40837,222.75558,1,0,0,0,1
84.72027,178.34953,222.41057,1,0,0,0,1
84.74009,178.29070,222.06555,1,0,0,0,1
84.76023,178.17302,221.37552,1,0,0,0,1
84.78033,178.11418,221.03050,1,0,0,0,1
84.80007,178.05534,220.68549,1,0,0,0,1
84.82053,177.99651,220.34047,1,0,0,0,1
84.84014,177.87883,219.65044,1,0,0,0,1
84.86035,177.81999,219.30542,1,0,0,0,1
84.88007,177.70232,218.61539,1,0,0,0,1
84.90022,177.64348,218.27037,1,0,0,0,1
84.92037,177.58464,217.92535,1,0,0,0,1
84.94020,177.52580,217.58034,1,0,0,0,1
84.96037,177.40813,216.89030,1,0,0,0,1
84.98054,177.34929,216.54529,1,0,0,0,1
85.00026,177.29045,216.20027,1,0,0,0,1
85.02007,177.23161,215.85526,1,0,0,0,1
85.04028,177.17278,215.51024,1,0,0,0,1
85.06051,177.05510,214.82021,1,0,0,0,1
85.08046,177.05510,214.82021,1,0,0,0,1
85.10022,176.93742,214.13017,1,0,0,0,1
85.12053,176.81975,213.44014,1,0,0,0,1
85.14014,176.76091,213.09512,1,0,0,0,1
85.16027,176.70207,212.75011,1,0,0,0,1
85.18042,176.64323,212.40509,1,0,0,0,1
85.20028,176.52556,211.71506,1,0,0,0,1
85.22042,176.46672,211.37004,1,0,0,0,1
85.24046,176.40788,211.02502,1,0,0,0,1
85.26021,176.34904,210.68001,1,0,0,0,1
85.28039,176.23137,209.98997,1,0,0,0,1
85.30009,176.17253,209.64496,1,0,0,0,1
85.32024,176.11369,209.29994,1,0,0,0,1
85.34043,176.05486,208.95493,1,0,0,0,1
85.36020,175.93718,208.26489,1,0,0,0,1
85.38039,175.87834,207.91988,1,0,0,0,1
85.40052,175.81950,207.57486,1,0,0,0,1
85.42029,175.76067,207.22984,1,0,0,0,1
85.44039,175.70183,206.88483,1,0,0,0,1
85.46012,175.58415,206.19479,1,0,0,0,1
85.48012,175.52531,205.84978,1,0,1,0,1
85.50016,175.46648,205.50476,1,0,1,0,1
85.52034,175.38368,205.16469,1,0,1,0,1
85.54044,175.27734,204.83124,1,0,1,0,1
85.56047,174.99622,204.19064,1,0,1,0,1
85.58017,174.82280,203.88663,1,0,1,0,1
85.60008,174.62857,203.59546,1,0,1,0,1
85.62023,174.18159,203.05731,1,0,1,0,1
85.64035,173.93102,202.81296,1,0,1,0,1
85.66008,173.66399,202.58670,1,0,1,0,1
85.68034,173.08586,202.19278,1,0,1,0,1
85.70056,172.77759,202.02705,1,0,1,0,1
85.72038,172.45850,201.88326,1,0,1,0,1
85.74020,172.13014,201.76210,1,0,1,0,1
85.76004,171.45209,201.58994,1,0,1,0,1
85.78017,171.10570,201.53978,1,0,1,0,1
85.80040,170.75665,201.51393,1,0,1,0,1
85.82024,170.40666,201.51253,1,0,1,0,1
85.84042,170.05742,201.53557,1,0,1,0,1
85.86026,169.36801,201.65440,1,0,1,0,1
85.88011,169.03122,201.74963,1,0,1,0,1
85.90033,168.70189,201.86815,1,0,1,0,1
85.92003,168.38164,202.00937,1,0,1,0,1
85.94012,168.07204,202.17261,1,0,1,0,1
85.96020,167.49075,202.56186,1,0,1,0,1
85.98030,167.22191,202.78596,1,0,1,0,1
86.00083,166.73438,203.28769,1,0,1,0,1
86.02007,166.51807,203.56285,1,0,1,0,1
86.04061,166.32150,203.85245,1,0,0,0,1
86.06022,166.14565,204.15506,1,0,0,0,1
86.08038,165.79393,204.76028,1,0,0,0,1
86.10003,165.61807,205.06290,1,0,0,0,1
86.12012,165.44221,205.36551,1,0,0,0,1
86.14033,165.26636,205.66812,1,0,0,0,1
86.16022,165.09050,205.97073,1,0,0,0,1
86.18051,164.73878,206.57596,1,0,0,0,1
86.20027,164.56293,206.87857,1,0,0,0,1
86.22053,164.38707,207.18118,1,0,0,0,1
86.24013,164.21121,207.48380,1,0,0,0,1
86.26004,164.03535,207.78641,1,0,0,0,1
86.28016,163.68364,208.39163,1,0,0,0,1
86.30043,163.50778,208.69424,1,0,0,0,1
86.32014,163.33192,208.99686,1,0,0,0,1
86.34046,163.15607,209.29947,1,0,0,0,1
86.36014,162.98021,209.60208,1,0,0,0,1
86.38007,162.62849,210.20731,1,0,0,0,1
86.40026,162.45264,210.50992,1,0,0,0,1
86.42045,162.10092,211.11514,1,0,0,0,1
86.44012,161.92506,211.41776,1,0,0,0,1
86.46010,161.74921,211.72037,1,0,0,0,1
86.48024,161.39749,212.32559,1,0,0,0,1
86.50029,161.22163,212.62820,1,0,0,0,1
86.52052,161.04578,212.93082,1,0,0,0,1
86.54044,160.86992,213.23343,1,0,0,0,1
86.56013,160.69406,213.53604,1,1,0,0,1
86.58030,160.32167,214.12827,1,1,0,0,1
86.60024,160.10541,214.40346,1,1,0,0,1
86.62022,159.87048,214.66290,1,1,0,0,1
86.64041,159.61804,214.90533,1,1,0,0,1
86.66011,159.34930,215.12956,1,1,0,0,1
86.68047,158.76826,215.51917,1,1,0,0,1
86.70028,158.45879,215.68265,1,1,0,0,1
86.72038,158.13866,215.82414,1,1,0,0,1
86.74025,157.80945,215.94296,1,1,0,0,1
86.76044,157.13020,216.11041,1,1,0,0,1
86.78012,156.78348,216.15822,1,1,0,0,1
86.80039,156.08426,216.18082,1,1,0,0,1
86.82013,155.73517,216.15550,1,1,0,0,1
86.84016,155.38870,216.10591,1,1,0,0,1
86.86034,155.04654,216.03227,1,1,0,0,1
86.88027,154.71034,215.93495,1,1,0,0,1
86.90005,154.06236,215.67126,1,1,0,0,1
86.92026,153.75374,215.50618,1,1,0,0,1
86.94033,153.45738,215.31998,1,1,0,0,1
86.96005,153.17473,215.11356,1,1,0,0,1
86.98042,152.65596,214.64421,1,1,0,0,1
87.00026,152.42238,214.38354,1,1,0,0,1
87.02005,152.20755,214.10724,1,1,0,0,1
87.04051,152.01251,213.81662,1,1,0,0,1
87.06005,151.83823,213.51311,1,1,0,0,1
87.08052,151.55516,212.87337,1,0,0,0,1
87.10023,151.44777,212.54025,1,0,0,0,1
87.12051,151.34038,212.20714,1,0,0,0,1
87.14042,151.23299,211.87402,1,0,0,0,1
87.16013,151.12560,211.54091,1,0,0,0,1
87.18038,150.91081,210.87468,1,0,0,0,1
87.20022,150.69603,210.20845,1,0,0,0,1
87.22048,150.58864,209.87534,1,0,0,0,1
87.24049,150.48125,209.54222,1,0,0,0,1
87.26041,150.37386,209.20911,1,0,0,0,1
87.28019,150.15907,208.54288,1,0,0,0,1
87.30040,150.05168,208.20976,1,0,0,0,1
87.32012,149.94429,207.87665,1,0,0,0,1
87.34037,149.83690,207.54353,1,0,0,0,1
87.36003,149.72951,207.21042,1,0,0,0,1
87.38005,149.51472,206.54419,1,0,0,0,1
87.40037,149.40733,206.21107,1,0,0,0,1
87.42040,149.29994,205.87796,1,0,0,0,1
87.44030,149.19255,205.54485,1,0,0,0,1
87.46009,149.08516,205.21173,1,0,0,0,1
87.48036,148.87038,204.54550,1,0,0,0,1
87.50051,148.76299,204.21239,1,0,0,0,1
87.52024,148.65559,203.87927,1,0,0,0,1
87.54049,148.54820,203.54616,1,0,0,0,1
87.56042,148.44081,203.21304,1,0,0,0,1
87.58014,148.22603,202.54681,1,0,0,0,1
87.60034,148.01125,201.88058,1,0,0,0,1
87.62040,147.90385,201.54747,1,0,0,0,1
87.64011,147.79646,201.21436,1,0,0,0,1
87.66004,147.68907,200.88124,1,0,0,0,1
87.68004,147.47429,200.21501,1,0,0,0,1
87.70004,147.36690,199.88190,1,0,0,0,1
87.72005,147.25951,199.54878,1,0,0,0,1
87.74025,147.15211,199.21567,1,0,0,0,1
87.76029,147.04472,198.88255,1,0,1,0,1
87.78030,146.80693,198.22464,1,0,1,0,1
87.80046,146.65417,197.90974,1,0,1,0,1
87.82029,146.47980,197.60628,1,0,1,0,1
87.84023,146.28465,197.31573,1,0,1,0,1
87.86045,146.06969,197.03952,1,0,1,0,1
87.88013,145.58463,196.53543,1,0,1,0,1
87.90030,145.31688,196.31001,1,0,1,0,1
87.92006,145.03404,196.10384,1,0,1,0,1
87.94024,144.73750,195.91792,1,0,1,0,1
87.96035,144.42871,195.75317,1,0,1,0,1
87.98027,143.78043,195.49026,1,0,1,0,1
88.00049,143.10182,195.32025,1,0,1,0,1
88.02051,142.75528,195.27119,1,0,1,0,1
88.04017,142.40616,195.24644,1,0,1,0,1
88.06043,142.05615,195.24614,1,0,1,0,1
88.08018,141.36035,195.31874,1,0,1,0,1
88.10043,141.01796,195.39130,1,0,1,0,1
88.12050,140.68147,195.48758,1,0,1,0,1
88.14023,140.35252,195.60713,1,0,1,0,1
88.16040,140.03273,195.74936,1,0,1,0,1
88.18022,139.42679,196.09898,1,0,1,0,1
88.20018,139.14360,196.30467,1,0,1,0,1
88.22049,138.87547,196.52963,1,0,1,0,1
88.24019,138.62370,196.77277,1,0,1,0,1
88.26029,138.38953,197.03288,1,0,0,0,1
88.28051,137.97844,197.59892,1,0,0,0,1
88.30025,137.78279,197.88913,1,0,0,0,1
88.32047,137.58714,198.17934,1,0,0,0,1
88.34022,137.39149,198.46954,1,0,0,0,1
88.36006,137.19585,198.75975,1,0,0,0,1
88.38046,136.80455,199.34016,1,0,0,0,1
88.40018,136.41325,199.92058,1,0,0,0,1
88.42052,136.21761,200.21078,1,0,0,0,1
88.44005,136.02196,200.50099,1,0,0,0,1
88.46024,135.82631,200.79120,1,0,0,0,1
88.48010,135.43501,201.37161,1,0,0,0,1
88.50051,135.23936,201.66182,1,0,0,0,1
88.52018,135.04372,201.95203,1,0,0,0,1
88.54033,134.84807,202.24223,1,0,0,0,1
88.56009,134.65242,202.53244,1,0,0,0,1
88.58047,134.26112,203.11285,1,0,0,0,1
88.60052,134.06548,203.40306,1,0,0,0,1
88.62023,133.86983,203.69327,1,0,0,0,1
88.64012,133.67418,203.98347,1,0,0,0,1
88.66032,133.47853,204.27368,1,0,0,0,1
88.68054,133.08723,204.85410,1,0,0,0,1
88.70019,132.89159,205.14430,1,0,0,0,1
88.72028,132.69594,205.43451,1,0,0,0,1
88.74044,132.50029,205.72472,1,0,0,0,1
88.76050,132.30464,206.01492,1,0,0,0,1
88.78015,131.91335,206.59534,1,1,0,0,1
88.80046,131.50229,207.16141,1,1,0,0,1
88.82022,131.26816,207.42157,1,1,0,0,1
88.84012,131.01646,207.66478,1,1,0,0,1
88.86054,130.74841,207.88983,1,1,0,0,1
88.88083,130.16856,208.28122,1,1,0,0,1
88.90024,129.85959,208.44565,1,1,0,0,1
88.92011,129.53990,208.58812,1,1,0,0,1
88.94042,129.21106,208.70796,1,1,0,0,1
88.96033,128.87466,208.80458,1,1,0,0,1
88.98012,128.18578,208.92636,1,1,0,0,1
89.00043,127.83664,208.95094,1,1,0,0,1
89.02021,127.48664,208.95111,1,1,0,0,1
89.04040,127.13748,208.92686,1,1,0,0,1
89.06006,126.79086,208.87833,1,1,0,0,1
89.08030,126.11198,208.70946,1,1,0,0,1
89.10050,125.78302,208.58994,1,1,0,0,1
89.12034,125.46320,208.44777,1,1,0,0,1
89.14002,125.15407,208.28365,1,1,0,0,1
89.16021,124.57385,207.89281,1,1,0,0,1
89.18075,124.30559,207.66800,1,1,0,0,1
89.20003,123.81928,207.16510,1,1,0,0,1
89.22042,123.60361,206.88945,1,1,0,0,1
89.24023,123.40768,206.59943,1,1,0,0,1
89.26022,123.23246,206.29645,1,1,0,0,1
89.28043,122.94743,205.65756,1,1,0,0,1
89.30041,122.83901,205.32478,1,1,0,0,1
89.32046,122.75407,204.98524,1,1,0,0,1
89.34042,122.69301,204.64061,1,1,0,0,1
89.36015,122.65614,204.29256,1,1,0,0,1
89.38008,122.64362,203.94278,1,1,0,0,1
89.40030,122.69181,203.24487,1,0,0,0,1
89.42069,122.75227,202.90013,1,0,0,0,1
89.44026,122.81274,202.55539,1,0,0,0,1
89.46051,122.87320,202.21065,1,0,0,0,1
89.48006,122.99413,201.52116,1,0,0,0,1
89.50027,123.05459,201.17642,1,0,0,0,1
89.52053,123.11505,200.83168,1,0,0,0,1
89.54022,123.17551,200.48694,1,0,0,0,1
89.56027,123.23598,200.14220,1,0,0,0,1
89.58015,123.35690,199.45271,1,0,0,0,1
89.60025,123.47783,198.76323,1,0,0,0,1
89.62010,123.53829,198.41849,1,0,0,0,1
89.64018,123.59875,198.07375,1,0,0,0,1
89.66018,123.65922,197.72900,1,0,0,0,1
89.68030,123.78014,197.03952,1,0,0,0,1
89.70048,123.84061,196.69478,1,0,0,0,1
89.72046,123.90107,196.35004,1,0,0,0,1
89.74033,123.96153,196.00529,1,0,0,0,1
89.76023,124.02200,195.66055,1,0,0,0,1
89.78040,124.14292,194.97107,1,0,0,0,1
89.80010,124.20338,194.62633,1,0,0,0,1
89.82005,124.26385,194.28159,1,0,0,0,1
89.84024,124.32431,193.93684,1,0,0,0,1
89.86042,124.38477,193.59210,1,0,0,0,1
89.88051,124.50570,192.90262,1,0,0,0,1
89.90052,124.56616,192.55788,1,0,0,0,1
89.92004,124.62663,192.21313,1,0,0,0,1
89.94004,124.68709,191.86839,1,0,0,0,1
89.96021,124.80801,191.17891,1,0,0,0,1
89.98027,124.86848,190.83417,1,0,0,0,1
90.00031,124.98940,190.14468,1,0,1,0,1
90.02044,125.04987,189.79994,1,0,1,0,1
90.04039,125.08611,189.45183,1,0,1,0,1
90.06044,125.09795,189.10204,1,0,1,0,1
90.08017,125.04839,188.40422,1,0,1,0,1
90.10051,124.98719,188.05962,1,0,1,0,1
90.12026,124.90208,187.72012,1,0,1,0,1
90.14009,124.79347,187.38741,1,0,1,0,1
90.16038,124.66190,187.06308,1,0,1,0,1
90.18016,124.33250,186.44591,1,0,1,0,1
90.20010,124.13630,186.15607,1,0,1,0,1
90.22038,123.92033,185.88065,1,0,1,0,1
90.24005,123.68566,185.62097,1,0,1,0,1
90.26006,123.43343,185.37833,1,0,1,0,1
90.28041,122.88128,184.94875,1,0,1,0,1
90.30054,122.58406,184.76392,1,0,1,0,1
90.32019,122.27467,184.60030,1,0,1,0,1
90.34014,121.95460,184.45868,1,0,1,0,1
90.36038,121.28874,184.24411,1,0,1,0,1
90.38014,120.94621,184.17221,1,0,1,0,1
90.40052,120.25027,184.10094,1,0,1,0,1
90.42018,119.90028,184.10191,1,0,1,0,1
90.44053,119.55120,184.12732,1,0,1,0,1
90.46049,119.20475,184.17705,1,0,1,0,1
90.48052,118.52647,184.34837,1,0,1,0,1
90.50023,118.19796,184.46913,1,0,1,0,1
90.52027,117.87868,184.61253,1,0,1,0,1
90.54050,117.57021,184.77788,1,0,0,0,1
90.56020,117.27402,184.96436,1,0,0,0,1
90.58023,116.97784,185.15083,1,0,0,0,1
90.60040,116.38548,185.52379,1,0,0,0,1
90.62004,116.08930,185.71027,1,0,0,0,1
90.64006,115.79312,185.89674,1,0,0,0,1
90.66049,115.49694,186.08322,1,0,0,0,1
90.68013,115.20076,186.26970,1,0,0,0,1
90.70036,114.60840,186.64265,1,0,0,0,1
90.72032,114.31222,186.82913,1,0,0,0,1
90.74032,114.01604,187.01561,1,0,0,0,1
90.76028,113.42368,187.38857,1,0,0,0,1
90.78011,113.12749,187.57504,1,0,0,0,1
90.80050,112.53513,187.94800,1,0,0,0,1
90.82044,112.23895,188.13448,1,0,0,0,1
90.84004,111.94277,188.32095,1,0,0,0,1
90.86015,111.64659,188.50743,1,0,0,0,1
90.88034,111.35041,188.69391,1,0,0,0,1
90.90054,110.75805,189.06686,1,0,0,0,1
90.92020,110.46187,189.25334,1,0,0,0,1
90.94039,110.16569,189.43982,1,0,0,0,1
90.96051,109.86951,189.62630,1,0,0,0,1
90.98017,109.57333,189.81277,1,0,0,0,1
91.00007,108.98096,190.18573,1,0,0,0,1
91.02029,108.68478,190.37221,1,1,0,0,1
91.04009,108.38860,190.55869,1,1,0,0,1
91.06024,108.08014,190.72406,1,1,0,0,1
91.08010,107.76089,190.86752,1,1,0,0,1
91.10018,107.09631,191.08601,1,1,0,0,1
91.12015,106.75421,191.15997,1,1,0,0,1
91.14037,106.05873,191.23555,1,1,0,0,1
91.16006,105.70873,191.23679,1,1,0,0,1
91.18016,105.35950,191.21362,1,1,0,0,1
91.20040,104.67012,191.09462,1,1,0,0,1
91.22044,104.33333,190.99936,1,1,0,0,1
91.24043,104.00401,190.88084,1,1,0,0,1
91.26011,103.68375,190.73965,1,1,0,0,1
91.28012,103.37411,190.57648,1,1,0,0,1
91.30047,102.79270,190.18742,1,1,0,0,1
91.32008,102.52375,189.96344,1,1,0,0,1
91.34028,102.27107,189.72125,1,1,0,0,1
91.36046,102.03590,189.46204,1,1,0,0,1
91.38017,101.81938,189.18704,1,1,0,0,1
91.40047,101.44641,188.59518,1,1,0,0,1
91.42023,101.29178,188.28119,1,1,0,0,1
91.44030,101.15942,187.95718,1,1,0,0,1
91.46039,101.04999,187.62474,1,1,0,0,1
91.48028,100.96400,187.28546,1,1,0,0,1
91.50049,100.86395,186.59309,1,1,0,0,1
91.52047,100.85036,186.24336,1,1,0,0,1
91.54020,100.89640,185.54530,1,1,0,0,1
91.56037,100.95581,185.20038,1,1,0,0,1
91.58051,101.03913,184.86044,1,1,0,0,1
91.60042,101.27576,184.20210,1,0,0,0,1
91.62050,101.42792,183.88690,1,0,0,0,1
91.64021,101.58008,183.57170,1,0,0,0,1
91.66045,101.73224,183.25650,1,0,0,0,1
91.68033,101.88440,182.94130,1,0,0,0,1
91.70053,102.18872,182.31090,1,0,0,0,1
91.72023,102.34088,181.99570,1,0,0,0,1
91.74012,102.49304,181.68050,1,0,0,0,1
91.76029,102.64520,181.36530,1,0,0,0,1
91.78055,102.79736,181.05009,1,0,0,0,1
91.80044,103.10168,180.41969,1,0,0,0,1
91.82010,103.25385,180.10449,1,0,0,0,1
91.84030,103.40601,179.78929,1,0,0,0,1
91.86015,103.55817,179.47409,1,0,0,0,1
91.88038,103.71033,179.15889,1,0,0,0,1
91.90039,103.86249,178.84369,1,0,0,0,1
91.92010,104.31897,177.89809,1,0,0,0,1
91.94014,104.47113,177.58289,1,0,0,0,1
91.96006,104.62329,177.26768,1,0,0,0,1
91.98046,104.77545,176.95248,1,0,0,0,1
92.00015,105.07977,176.32208,1,0,0,0,1
92.02009,105.23193,176.00688,1,0,0,0,1
92.04039,105.38409,175.69168,1,0,0,0,1
92.06019,105.53625,175.37648,1,0,0,0,1
92.08021,105.68842,175.06128,1,0,0,0,1
92.10021,105.99274,174.43088,1,0,0,0,1
92.12039,106.14490,174.11568,1,0,1,0,1
92.14015,106.29706,173.80048,1,0,1,0,1
92.16040,106.42683,173.47542,1,0,1,0,1
92.18033,106.53359,173.14209,1,0,1,0,1
92.20035,106.67609,172.45718,1,0,1,0,1
92.22025,106.71113,172.10895,1,0,1,0,1
92.24033,106.72176,171.75911,1,0,1,0,1
92.26019,106.70798,171.40938,1,0,1,0,1
92.28034,106.66980,171.06146,1,0,1,0,1
92.30018,106.52114,170.37787,1,0,1,0,1
92.32025,106.27869,169.72165,1,0,1,0,1
92.34006,106.12370,169.40784,1,0,1,0,1
92.36040,105.94717,169.10562,1,0,1,0,1
92.38050,105.74996,168.81647,1,0,1,0,1
92.40022,105.29749,168.28293,1,0,1,0,1
92.42030,105.04442,168.04115,1,0,1,0,1
92.44053,104.77509,167.81764,1,0,1,0,1
92.46025,104.49080,167.61348,1,0,1,0,1
92.48053,104.19295,167.42967,1,0,1,0,1
92.50026,103.56243,167.12660,1,0,1,0,1
92.52018,103.23285,167.00882,1,0,1,0,1
92.54038,102.89584,166.91434,1,0,1,0,1
92.56014,102.55306,166.84363,1,0,1,0,1
92.58022,102.20618,166.79703,1,0,0,0,1
92.60013,101.50690,166.77695,1,0,0,0,1
92.62034,101.15691,166.77913,1,0,0,0,1
92.64033,100.80692,166.78131,1,0,0,0,1
92.66045,100.45692,166.78349,1,0,0,0,1
92.68019,100.10693,166.78568,1,0,0,0,1
92.70033,99.40695,166.79004,1,0,0,0,1
92.72042,98.70697,166.79440,1,0,0,0,1
92.74048,98.35698,166.79659,1,0,0,0,1
92.76024,98.00699,166.79877,1,0,0,0,1
92.78041,97.65700,166.80095,1,0,0,0,1
92.80051,96.95702,166.80531,1,0,0,0,1
92.82051,96.60703,166.80750,1,0,0,0,1
92.84015,96.25703,166.80968,1,0,0,0,1
92.86049,95.90704,166.81186,1,0,0,0,1
92.88044,95.55705,166.81404,1,0,0,0,1
92.90026,94.85707,166.81841,1,0,0,0,1
92.92041,94.50708,166.82059,1,0,0,0,1
92.94010,94.15709,166.82277,1,0,0,0,1
92.96034,93.80710,166.82495,1,0,0,0,1
92.98050,93.45711,166.82713,1,0,0,0,1
93.00018,92.75713,166.83150,1,0,0,0,1
93.02029,92.40714,166.83368,1,0,0,0,1
93.04051,92.05714,166.83586,1,0,0,0,1
93.06015,91.70715,166.83804,1,0,0,0,1
93.08036,91.35716,166.84023,1,0,0,0,1
93.10052,90.65718,166.84459,1,0,0,0,1
93.12017,89.95720,166.84895,1,0,0,0,1
93.14047,89.60721,166.85114,1,0,0,0,1
93.16025,89.25722,166.85332,1,0,0,0,1
93.18038,88.90723,166.85550,1,0,0,0,1
93.20005,88.20724,166.85986,1,0,0,0,1
93.22008,87.85725,166.86205,1,0,0,0,1
93.24033,87.50726,166.86423,1,0,0,0,1
93.26027,87.15727,166.86641,1,0,0,0,1
93.28010,86.80728,166.86859,1,0,0,0,1
93.30037,86.10730,166.87296,1,0,0,0,1
93.32012,85.75731,166.87514,1,0,0,0,1
93.34031,85.40732,166.87732,1,0,0,0,1
93.36044,85.05733,166.87950,1,1,0,0,1
93.38029,84.70734,166.88168,1,1,0,0,1
93.40030,84.01115,166.81291,1,1,0,0,1
93.42045,83.66834,166.74229,1,1,0,0,1
93.44026,83.33130,166.64795,1,1,0,0,1
93.46044,83.00166,166.53032,1,1,0,0,1
93.48006,82.68102,166.38998,1,1,0,0,1
93.50046,82.07297,166.04405,1,1,0,0,1
93.52016,81.51895,165.61688,1,1,0,0,1
93.54033,81.26562,165.37537,1,1,0,0,1
93.56050,81.02976,165.11678,1,1,0,0,1
93.58011,80.81251,164.84236,1,1,0,0,1
93.60053,80.43795,164.25150,1,1,0,0,1
93.62030,80.28248,163.93793,1,1,0,0,1
93.64014,80.14925,163.61427,1,1,0,0,1
93.66047,80.03893,163.28212,1,1,0,0,1
93.68014,79.95203,162.94308,1,1,0,0,1
93.70012,79.85011,162.25098,1,1,0,0,1
93.72041,79.83558,161.90128,1,1,0,0,1
93.74007,79.84547,161.55142,1,1,0,0,1
93.76031,79.87975,161.20311,1,0,0,0,1
93.78047,79.93822,160.85803,1,0,0,0,1
93.80018,80.05518,160.16788,1,0,0,0,1
93.82034,80.11366,159.82280,1,0,0,0,1
93.84019,80.17214,159.47772,1,0,0,0,1
93.86058,80.23062,159.13264,1,0,0,0,1
93.88049,80.34758,158.44249,1,0,0,0,1
93.90050,80.40606,158.09741,1,0,0,0,1
93.92030,80.52302,157.40726,1,0,0,0,1
93.94053,80.58150,157.06218,1,0,0,0,1
93.96030,80.63998,156.71710,1,0,0,0,1
93.98053,80.69846,156.37202,1,0,0,0,1
94.00021,80.81541,155.68187,1,0,0,0,1
94.02029,80.87389,155.33679,1,0,0,0,1
94.04042,80.93237,154.99171,1,0,0,0,1
94.06021,80.99085,154.64664,1,0,0,0,1
94.08034,81.04933,154.30156,1,0,0,0,1
94.10057,81.16629,153.61140,1,0,0,0,1
94.12017,81.22477,153.26633,1,0,0,0,1
94.14065,81.28325,152.92125,1,0,0,0,1
94.16020,81.34173,152.57617,1,0,0,0,1
94.18035,81.40021,152.23109,1,0,0,0,1
94.20009,81.45869,151.88602,1,0,0,0,1
94.22006,81.57565,151.19586,1,0,0,0,1
94.24031,81.63412,150.85078,1,0,0,0,1
94.26034,81.69260,150.50571,1,0,0,0,1
94.28042,81.75108,150.16063,1,0,0,0,1
94.30039,81.86804,149.47047,1,0,0,0,1
94.32042,81.98500,148.78032,1,0,0,0,1
94.34042,82.04348,148.43524,1,0,0,0,1
94.36050,82.10196,148.09016,1,0,0,0,1
94.38025,82.16044,147.74509,1,0,0,0,1
94.40008,82.21892,147.40001,1,0,0,0,1
94.42048,82.33588,146.70985,1,0,0,0,1
94.44019,82.39436,146.36478,1,0,0,0,1
94.46035,82.45284,146.01970,1,0,0,0,1
94.48007,82.51131,145.67462,1,0,0,0,1
94.50031,82.62827,144.98447,1,0,0,0,1
94.52045,82.68675,144.63939,1,0,0,0,1
94.54007,82.74523,144.29431,1,0,0,0,1
94.56055,82.80371,143.94923,1,0,0,0,1
94.58013,82.86219,143.60416,1,0,0,0,1
94.60047,82.97915,142.91400,1,0,0,0,1
94.62015,83.03763,142.56892,1,0,0,0,1
94.64040,83.09611,142.22385,1,0,0,0,1
94.66014,83.21307,141.53369,1,0,0,0,1
94.68036,83.27155,141.18861,1,1,0,0,1
94.70004,83.33002,140.84354,1,1,0,0,1
94.72017,83.47091,140.15829,1,1,0,0,1
94.74039,83.57684,139.82471,1,1,0,0,1
94.76054,83.70576,139.49931,1,1,0,0,1
94.78023,83.85708,139.18372,1,1,0,0,1
94.80044,84.03003,138.87944,1,1,0,0,1
94.82051,84.43739,138.31071,1,1,0,0,1
94.84030,84.66981,138.04903,1,1,0,0,1
94.86048,84.91991,137.80418,1,1,0,0,1
94.88015,85.18649,137.57738,1,1,0,0,1
94.90033,85.46822,137.36972,1,1,0,0,1
94.92056,86.07166,137.01578,1,1,0,0,1
94.94031,86.39040,136.87122,1,1,0,0,1
94.96043,86.71846,136.74924,1,1,0,0,1
94.98006,87.05422,136.65044,1,1,0,0,1
95.00020,87.39606,136.57529,1,1,0,0,1
95.02047,88.09127,136.49731,1,1,0,0,1
95.04022,88.44126,136.49486,1,1,0,0,1
95.06006,89.13750,136.56308,1,1,0,0,1
95.08024,89.48036,136.63344,1,1,0,0,1
95.10041,89.81747,136.72752,1,0,0,0,1
95.12012,90.46796,136.98499,1,0,0,0,1
95.14019,90.78870,137.12508,1,0,0,0,1
95.16045,91.10945,137.26517,1,0,0,0,1
95.18018,91.43020,137.40526,1,0,0,0,1
95.20043,91.75095,137.54535,1,0,0,0,1
95.22027,92.39244,137.82553,1,0,0,0,1
95.24037,92.71319,137.96562,1,0,0,0,1
95.26048,93.03394,138.10571,1,0,0,0,1
95.28003,93.35468,138.24580,1,0,0,0,1
95.30045,93.67543,138.38589,1,0,0,0,1
95.32050,94.31693,138.66608,1,0,0,0,1
95.34005,94.63767,138.80617,1,0,0,0,1
95.36005,94.95842,138.94626,1,0,0,0,1
95.38016,95.27917,139.08635,1,0,0,0,1
95.40008,95.59991,139.22644,1,0,0,0,1
95.42027,96.24141,139.50662,1,0,0,0,1
95.44038,96.56216,139.64671,1,0,0,0,1
95.46035,97.20365,139.92690,1,0,0,0,1
95.48048,97.52440,140.06699,1,0,0,0,1
95.50037,97.84515,140.20708,1,0,0,0,1
95.52040,98.48664,140.48726,1,0,0,0,1
95.54022,98.80739,140.62735,1,0,0,0,1
95.56006,99.12814,140.76744,1,0,0,0,1
95.58015,99.44888,140.90753,1,0,0,0,1
95.60059,99.76963,141.04762,1,0,0,0,1
95.62020,100.41113,141.32780,1,0,0,0,1
95.64040,100.73187,141.46790,1,0,0,0,1
95.66011,101.05262,141.60799,1,0,0,0,1
95.68034,101.37337,141.74808,1,0,0,0,1
95.70007,101.69411,141.88817,1,0,0,0,1
95.72023,102.33561,142.16835,1,0,0,0,1
95.74044,102.65636,142.30844,1,0,0,0,1
95.76004,102.97710,142.44853,1,0,0,0,1
95.78022,103.29785,142.58862,1,0,0,0,1
95.80045,103.61860,142.72871,1,0,0,0,1
95.82007,104.26009,143.00890,1,0,0,0,1
95.84044,104.58084,143.14899,1,0,0,0,1
95.86032,105.22234,143.42917,1,0,0,0,1
95.88017,105.54308,143.56926,1,0,0,0,1
95.90039,105.86383,143.70935,1,0,0,0,1
95.92018,106.50533,143.98953,1,0,0,0,1
95.94032,106.82607,144.12962,1,0,0,0,1
95.96017,107.14682,144.26971,1,0,0,0,1
95.98007,107.46757,144.40981,1,0,0,0,1
96.00054,108.10906,144.68999,1,0,0,0,1
96.02017,108.42981,144.83008,1,0,0,0,1
96.04039,108.75056,144.97017,1,0,0,0,1
96.06016,109.07130,145.11026,1,0,0,0,1
96.08046,109.39205,145.25035,1,0,0,0,1
96.10038,109.71280,145.39044,1,0,0,0,1
96.12053,110.35429,145.67062,1,0,0,0,1
96.14034,110.67504,145.81071,1,0,0,0,1
96.16006,110.99579,145.95081,1,0,0,0,1
96.18031,111.31654,146.09090,1,0,0,0,1
96.20053,111.63728,146.23099,1,0,0,0,1
96.22050,112.27878,146.51117,1,0,0,0,1
96.24037,112.92027,146.79135,1,0,0,0,1
96.26010,113.24102,146.93144,1,0,0,0,1
96.28059,113.56177,147.07153,1,0,0,0,1
96.30003,113.88251,147.21162,1,0,0,0,1
96.32025,114.52401,147.49181,1,0,0,0,1
96.34046,114.84476,147.63190,1,0,0,0,1
96.36048,115.16550,147.77199,1,0,0,0,1
96.38050,115.48625,147.91208,1,0,0,0,1
96.40049,115.80700,148.05217,1,0,0,0,1
96.42024,116.44849,148.33235,1,0,0,0,1
96.44024,116.76924,148.47244,1,0,0,0,1
96.46050,117.08999,148.61253,1,0,0,0,1
96.48050,117.41074,148.75262,1,0,0,0,1
96.50049,117.73148,148.89272,1,0,0,0,1
96.52053,118.37298,149.17290,1,0,0,0,1
96.54031,118.69373,149.31299,1,0,0,0,1
96.56033,119.01447,149.45308,1,0,0,0,1
96.58017,119.33522,149.59317,1,0,0,0,1
96.60048,119.65597,149.73326,1,0,0,0,1
96.62019,120.29746,150.01344,1,0,0,0,1
96.64039,120.93896,150.29362,1,0,0,0,1
96.66007,121.25970,150.43372,1,0,0,0,1
96.68025,121.58045,150.57381,1,0,0,0,1
96.70022,121.90120,150.71390,1,0,0,0,1
96.72043,122.54269,150.99408,1,0,0,0,1
96.74013,122.86344,151.13417,1,0,0,0,1
96.76032,123.18419,151.27426,1,0,0,0,1
96.78053,123.50494,151.41435,1,0,0,0,1
96.80038,123.82568,151.55444,1,0,0,0,1
96.82008,124.46718,151.83463,1,0,0,0,1
96.84026,124.78793,151.97472,1,0,0,0,1
96.86049,125.10867,152.11481,1,0,0,0,1
96.88055,125.42942,152.25490,0,0,0,0,1
96.90020,125.75017,152.39499,0,0,0,0,1
96.92047,125.75017,152.39499,0,0,0,0,1
96.94019,125.75017,152.39499,0,0,0,0,1
96.96038,125.75017,152.39499,0,0,0,0,1
96.98056,125.75017,152.39499,0,0,0,0,1
97.00019,125.75017,152.39499,0,0,0,0,1
97.02053,125.75017,152.39499,0,0,0,0,1
97.04011,125.75017,152.39499,0,0,0,0,1
97.06034,125.75017,152.39499,0,0,0,0,1
97.08055,125.75017,152.39499,0,0,0,0,1
97.10030,125.75017,152.39499,0,0,0,0,1
97.12047,125.75017,152.39499,0,0,0,0,1
97.14011,125.75017,152.39499,0,0,0,0,1
97.16028,125.75017,152.39499,0,0,0,0,1
97.18052,125.75017,152.39499,0,0,0,0,1
97.20023,125.75017,152.39499,0,0,0,0,1
97.22064,125.75017,152.39499,0,0,0,0,1
97.24020,125.75017,152.39499,0,0,0,0,1
97.26048,125.75017,152.39499,0,0,0,0,1
97.28030,125.75017,152.39499,0,0,0,0,1
97.30009,125.75017,152.39499,0,0,0,0,1
97.32032,125.75017,152.39499,0,0,0,0,1
97.34008,125.75017,152.39499,0,0,0,0,1
97.36034,125.75017,152.39499,0,0,0,0,1
97.38010,125.75017,152.39499,0,0,0,0,1
97.40031,125.75017,152.39499,0,0,0,0,1
97.42059,125.75017,152.39499,0,0,0,0,1
97.44017,125.75017,152.39499,0,0,0,0,1
97.46023,125.75017,152.39499,0,0,0,0,1
97.48052,125.75017,152.39499,0,0,0,0,1
97.50023,125.75017,152.39499,0,0,0,0,1
97.52031,125.75017,152.39499,0,0,0,0,1
97.54047,125.75017,152.39499,0,0,0,0,1
97.56037,125.75017,152.39499,0,0,0,0,1
97.58013,125.75017,152.39499,0,0,0,0,1
97.60036,125.75017,152.39499,0,0,0,0,1
97.62009,125.75017,152.39499,0,0,0,0,1
97.64043,125.75017,152.39499,0,0,0,0,1
97.66008,125.75017,152.39499,0,0,0,0,1
97.68005,125.75017,152.39499,0,0,0,0,1
97.70013,125.75017,152.39499,0,0,0,0,1
97.72039,125.75017,152.39499,0,0,0,0,1
97.74021,125.75017,152.39499,0,0,0,0,1
97.76016,125.75017,152.39499,0,0,0,0,1
97.78030,125.75017,152.39499,0,0,0,0,1
97.80012,125.75017,152.39499,0,0,0,0,1
97.82044,125.75017,152.39499,0,0,0,0,1
97.84022,125.75017,152.39499,0,0,0,0,1
97.86041,125.75017,152.39499,1,0,0,0,1
97.88016,126.07092,152.53508,1,0,0,0,1
97.90044,126.39166,152.67517,1,0,0,0,1
97.92012,127.03316,152.95535,1,0,0,0,1
97.94031,127.35390,153.09544,1,0,0,0,1
97.96015,127.67465,153.23553,1,0,0,0,1
97.98052,127.99540,153.37563,1,0,0,0,1
98.00024,128.31615,153.51572,1,0,0,0,1
98.02022,128.95763,153.79590,1,0,0,0,1
98.04011,129.27837,153.93599,1,0,0,0,1
98.06034,129.59911,154.07608,1,0,0,0,1
98.08016,129.91985,154.21617,1,0,0,0,1
98.10040,130.24059,154.35626,1,0,0,0,1
98.12016,130.88206,154.63644,1,0,0,0,1
98.14043,131.20280,154.77654,1,0,0,0,1
98.16011,131.52354,154.91663,1,0,0,0,1
98.18041,131.84428,155.05672,1,0,0,0,1
98.20010,132.48576,155.33690,1,0,0,0,1
98.22011,132.80650,155.47699,1,0,0,0,1
98.24036,133.44798,155.75717,1,0,0,0,1
98.26004,133.76872,155.89726,1,0,0,0,1
98.28013,134.08946,156.03735,1,0,0,0,1
98.30024,134.41020,156.17744,1,0,0,0,1
98.32038,135.05168,156.45763,1,0,0,0,1
98.34005,135.37242,156.59772,1,0,0,0,1
98.36011,135.69316,156.73781,1,0,0,0,1
98.38046,136.01390,156.87790,1,0,0,0,1
98.40009,136.33464,157.01799,1,0,0,0,1
98.42029,136.65538,157.15808,1,0,0,0,1
98.44008,137.29686,157.43826,1,0,0,0,1
98.46013,137.61760,157.57835,1,0,0,0,1
98.48007,137.93834,157.71844,1,0,0,0,1
98.50023,138.25908,157.85854,1,0,0,0,1
98.52026,138.57982,157.99863,1,0,0,0,1
98.54039,139.22130,158.27881,1,0,1,0,1
98.56052,139.86278,158.55899,1,0,1,0,1
98.58042,140.19252,158.67633,1,0,1,0,1
98.60025,140.52965,158.77036,1,0,1,0,1
98.62027,140.87253,158.84061,1,0,1,0,1
98.64030,141.56879,158.90855,1,0,1,0,1
98.66027,141.91878,158.90590,1,0,1,0,1
98.68027,142.26773,158.87881,1,0,1,0,1
98.70028,142.61394,158.82742,1,0,1,0,1
98.72049,143.29137,158.65286,1,0,1,0,1
98.74009,143.61929,158.53053,1,0,1,0,1
98.76004,143.93788,158.38560,1,0,1,0,1
98.78046,144.24557,158.21878,1,0,1,0,1
98.80016,144.54086,158.03088,1,0,1,0,1
98.82031,144.82231,157.82281,1,0,1,0,1
98.84049,145.33824,157.35036,1,0,0,0,1
98.86030,145.57021,157.08827,1,0,0,0,1
98.88008,145.57021,157.08827,1,0,0,0,1
98.90021,146.03413,156.56410,1,0,0,0,1
98.92010,146.49806,156.03993,1,0,0,0,1
98.94033,146.73003,155.77785,1,0,0,0,1
98.96007,147.19395,155.25368,1,0,0,0,1
98.98029,147.42592,154.99159,1,0,0,0,1
99.00052,147.65788,154.72951,1,0,0,0,1
99.02031,147.88985,154.46742,1,0,0,0,1
99.04037,148.35378,153.94325,1,0,0,0,1
99.06024,148.58574,153.68117,1,0,0,0,1
99.08015,148.81770,153.41908,1,0,0,0,1
99.10026,149.04967,153.15700,1,0,0,0,1
99.12015,149.28163,152.89491,1,0,0,0,1
99.14039,149.74556,152.37074,1,0,0,0,1
99.16008,149.97752,152.10866,1,0,0,0,1
99.18025,150.20949,151.84657,1,0,0,0,1
99.20028,150.44145,151.58449,1,0,0,0,1
99.22050,150.67342,151.32240,1,0,0,0,1
99.24044,151.13734,150.79823,1,0,0,0,1
99.26043,151.36931,150.53615,1,0,0,0,1
99.28055,151.60127,150.27406,1,1,0,0,1
99.30009,151.83324,150.01198,1,1,0,0,1
99.32049,152.08292,149.76671,1,1,0,0,1
99.34047,152.63048,149.33130,1,1,0,0,1
99.36005,153.23329,148.97632,1,1,0,0,1
99.38011,153.55179,148.83121,1,1,0,0,1
99.40053,153.87964,148.70866,1,1,0,0,1
99.42032,154.21523,148.60928,1,1,0,0,1
99.44041,154.90309,148.48183,1,1,0,0,1
99.46050,155.25201,148.45438,1,1,0,0,1
99.48008,155.60201,148.45132,1,1,0,0,1
99.50029,155.95135,148.47269,1,1,0,0,1
99.52046,156.29836,148.51836,1,1,0,0,1
99.54023,156.97861,148.68163,1,1,0,0,1
99.56032,157.30855,148.79843,1,1,0,0,1
99.58045,157.62953,148.93796,1,1,0,0,1
99.60043,157.94000,149.09953,1,1,0,0,1
99.62012,158.23845,149.28236,1,1,0,0,1
99.64035,158.79353,149.70815,1,1,0,0,1
99.66032,159.04745,149.94902,1,1,0,0,1
99.68048,159.28397,150.20702,1,1,0,0,1
99.70026,159.50191,150.48088,1,1,0,0,1
99.72046,159.70021,150.76927,1,1,0,0,1
99.74010,160.03418,151.38399,1,1,0,0,1
99.76028,160.27937,152.03918,1,0,0,0,1
99.78042,160.36711,152.37801,1,0,0,0,1
99.80043,160.43102,152.72212,1,0,0,0,1
99.82051,160.49492,153.06624,1,0,0,0,1
99.84009,160.62273,153.75447,1,0,0,0,1
99.86052,160.68663,154.09859,1,0,0,0,1
99.88023,160.75053,154.44270,1,0,0,0,1
99.90047,160.81444,154.78682,1,0,0,0,1
99.92023,160.87834,155.13094,1,0,0,0,1
99.94050,161.00615,155.81917,1,0,0,0,1
99.96022,161.07005,156.16328,1,0,0,0,1
99.98042,161.13396,156.50740,1,0,0,0,1
100.00013,161.19786,156.85152,1,0,0,0,1
100.02047,161.26176,157.19563,1,0,0,0,1
100.04018,161.38957,157.88387,1,0,0,0,1
100.06043,161.45348,158.22798,1,0,0,0,1
100.08016,161.51738,158.57210,1,0,0,0,1
100.10025,161.58128,158.91621,1,0,0,0,1
100.12050,161.64519,159.26033,1,0,0,0,1
100.14042,161.77299,159.94856,1,0,0,0,1
100.16043,161.90080,160.63680,1,0,0,0,1
100.18021,161.96471,160.98091,1,0,0,0,1
100.20027,162.02861,161.32503,1,0,0,0,1
100.22049,162.09251,161.66914,1,0,0,0,1
100.24041,162.22032,162.35738,1,0,0,0,1
100.26032,162.28423,162.70149,1,0,1,0,1
100.28043,162.34813,163.04561,1,0,1,0,1
100.30013,162.43590,163.38443,1,0,1,0,1
100.32032,162.54712,163.71629,1,0,1,0,1
100.34046,162.83762,164.35271,1,0,1,0,1
100.36014,163.01547,164.65414,1,0,1,0,1
100.38045,163.21394,164.94243,1,0,1,0,1
100.40024,163.43207,165.21614,1,0,1,0,1
100.42045,163.66878,165.47395,1,0,1,0,1
100.44019,164.19324,165.93694,1,0,1,0,1
100.46036,164.47842,166.13983,1,0,1,0,1
100.48039,164.77708,166.32233,1,0,1,0,1
100.50012,165.08775,166.48352,1,0,1,0,1
100.52057,165.40892,166.62262,1,0,1,0,1
100.54027,166.07645,166.83194,1,0,1,0,1
100.56017,166.76663,166.94621,1,0,1,0,1
100.58013,167.11601,166.96693,1,0,1,0,1
100.60022,167.46599,166.96321,1,0,1,0,1
100.62019,167.81485,166.93506,1,0,1,0,1
100.64022,168.50244,166.80612,1,0,1,0,1
100.66040,168.83780,166.70596,1,0,1,0,1
100.68042,169.16534,166.58263,1,0,0,0,1
100.70005,169.48349,166.43672,1,0,0,0,1
100.72051,169.79066,166.26895,1,0,0,0,1
100.74023,170.40501,165.93341,1,0,0,0,1
100.76006,170.71219,165.76564,1,0,0,0,1
100.78024,171.01936,165.59787,1,0,0,0,1
100.80014,171.32654,165.43010,1,0,0,0,1
100.82007,171.63371,165.26233,1,0,0,0,1
100.84018,172.24806,164.92679,1,0,0,0,1
100.86017,172.55524,164.75902,1,0,0,0,1
100.88019,172.86241,164.59125,1,0,0,0,1
100.90020,173.16959,164.42348,1,0,0,0,1
100.92038,173.47676,164.25571,1,0,0,0,1
100.94004,174.09111,163.92017,1,0,0,0,1
100.96021,174.70546,163.58463,1,0,0,0,1
100.98042,175.01263,163.41685,1,0,0,0,1
101.00013,175.31981,163.24908,1,0,0,0,1
101.02031,175.62698,163.08131,1,0,0,0,1
101.04046,176.24133,162.74577,1,0,0,0,1
101.06036,176.54851,162.57800,1,0,0,0,1
101.08034,176.85568,162.41023,1,0,0,0,1
101.10049,177.16286,162.24246,1,0,0,0,1
101.12045,177.47003,162.07469,1,0,0,0,1
101.14053,178.08438,161.73915,1,1,0,0,1
101.16015,178.39156,161.57138,1,1,0,0,1
101.18049,178.70969,161.42545,1,1,0,0,1
101.20053,179.03722,161.30205,1,1,0,0,1
101.22020,179.37256,161.20180,1,1,0,0,1
101.24048,180.06009,161.07257,1,1,0,0,1
101.26045,180.40894,161.04422,1,1,0,0,1
101.28007,180.75891,161.04027,1,1,0,0,1
101.30005,180.75891,161.04027,1,1,0,0,1
101.32026,181.79858,161.17438,1,1,0,0,1
101.34028,182.13611,161.26701,1,1,0,0,1
101.36026,182.78769,161.52167,1,1,0,0,1
101.38033,183.09857,161.68243,1,1,0,0,1
101.40032,183.39749,161.86450,1,1,0,0,1
101.42010,183.68298,162.06697,1,1,0,0,1
101.44028,184.20821,162.52907,1,1,0,0,1
101.46044,184.44539,162.78645,1,1,0,0,1
101.48051,184.66403,163.05975,1,1,0,0,1
101.50013,184.86308,163.34764,1,1,0,0,1
101.52022,185.04158,163.64871,1,1,0,0,1
101.54029,185.33351,164.28445,1,1,0,0,1
101.56043,185.44553,164.61604,1,1,0,0,1
101.58005,185.53415,164.95464,1,1,0,0,1
101.60032,185.59894,165.29858,1,1,0,0,1
101.62019,185.63959,165.64621,1,1,0,0,1
101.64006,185.64777,166.34573,1,0,0,0,1
101.66038,185.61526,166.69421,1,0,0,0,1
101.68048,185.58276,167.04269,1,0,0,0,1
101.70015,185.55026,167.39117,1,0,0,0,1
101.72008,185.48526,168.08813,1,0,0,0,1
101.74036,185.45276,168.43661,1,0,0,0,1
101.76020,185.38776,169.13358,1,0,0,0,1
101.78041,185.35526,169.48206,1,0,0,0,1
101.80053,185.32275,169.83054,1,0,0,0,1
101.82014,185.29025,170.17902,1,0,0,0,1
101.84046,185.22525,170.87598,1,0,0,0,1
101.86012,185.19275,171.22446,1,0,0,0,1
101.88029,185.16025,171.57294,1,0,0,0,1
101.90022,185.12775,171.92142,1,0,0,0,1
101.92048,185.09525,172.26990,1,0,0,0,1
101.94015,185.03024,172.96686,1,0,0,0,1
101.96040,184.99774,173.31534,1,0,0,0,1
101.98009,184.96524,173.66382,1,0,0,0,1
102.00009,184.93274,174.01230,1,0,0,0,1
102.02026,184.90024,174.36078,1,0,0,0,1
102.04051,184.83524,175.05774,1,0,0,0,1
102.06013,184.80273,175.40622,1,0,0,0,1
102.08026,184.77023,175.75470,1,0,0,0,1
102.10004,184.73773,176.10318,1,0,0,0,1
102.12039,184.67273,176.80014,1,0,0,0,1
102.14013,184.64023,177.14862,1,0,0,0,1
102.16008,184.57523,177.84558,1,0,0,0,1
102.18089,184.54272,178.19406,1,0,0,0,1
102.20008,184.51022,178.54254,1,0,0,0,1
102.22015,184.47772,178.89102,1,0,1,0,1
102.24042,184.41272,179.58798,1,0,1,0,1
102.26053,184.40463,179.93788,1,0,1,0,1
102.28012,184.42101,180.28751,1,0,1,0,1
102.30028,184.46175,180.63513,1,0,1,0,1
102.32055,184.52667,180.97906,1,0,1,0,1
102.34028,184.61545,181.31761,1,0,1,0,1
102.36009,184.86275,181.97202,1,0,1,0,1
102.38050,185.02005,182.28467,1,0,1,0,1
102.40021,185.19881,182.58557,1,0,1,0,1
102.42038,185.39813,182.87326,1,0,1,0,1
102.44009,185.85454,183.40344,1,0,1,0,1
102.46025,186.10939,183.64334,1,0,1,0,1
102.48044,186.38037,183.86485,1,0,1,0,1
102.50005,186.96535,184.24852,1,0,1,0,1
102.52035,187.27650,184.40878,1,0,1,0,1
102.54015,187.59808,184.54692,1,0,1,0,1
102.56005,188.26622,184.75426,1,0,1,0,1
102.58023,188.60951,184.82243,1,0,1,0,1
102.60014,188.95673,184.86647,1,0,1,0,1
102.62034,189.30617,184.88615,1,0,1,0,1
102.64054,190.00491,184.85220,1,0,1,0,1
102.66021,190.35080,184.79872,1,0,1,0,1
102.68022,190.69211,184.72122,1,0,1,0,1
102.70005,191.02718,184.62007,1,0,1,0,1
102.72049,191.35435,184.49577,1,0,0,0,1
102.74052,191.67206,184.34892,1,0,0,0,1
102.76006,192.28540,184.01158,1,0,0,0,1
102.78012,192.59207,183.84291,1,0,0,0,1
102.80009,192.89874,183.67424,1,0,0,0,1
102.82015,193.20541,183.50557,1,0,0,0,1
102.84017,193.51208,183.33690,1,0,0,0,1
102.86030,194.12543,182.99956,1,0,0,0,1
102.88037,194.43210,182.83089,1,0,0,0,1
102.90020,195.04544,182.49355,1,0,0,0,1
102.92032,195.35211,182.32487,1,0,0,0,1
102.94011,195.65878,182.15620,1,0,0,0,1
102.96009,196.27213,181.81886,1,0,0,0,1
102.98009,196.57880,181.65019,1,0,0,0,1
103.00017,196.88547,181.48152,1,0,0,0,1
103.02019,197.19214,181.31285,1,0,0,0,1
103.04020,197.49881,181.14418,1,0,0,0,1
103.06020,198.11215,180.80684,1,0,0,0,1
103.08005,198.41882,180.63817,1,0,0,0,1
103.10050,198.72549,180.46950,1,0,0,0,1
103.12019,199.03217,180.30083,1,1,0,0,1
103.14041,199.33884,180.13216,1,1,0,0,1
103.16016,199.96320,179.81660,1,1,0,0,1
103.18025,200.29036,179.69225,1,1,0,0,1
103.20051,200.62540,179.59100,1,1,0,0,1
103.22047,200.96667,179.51337,1,1,0,0,1
103.24017,201.66132,179.43033,1,1,0,0,1
103.26035,202.01128,179.42532,1,1,0,0,1
103.28003,202.70799,179.48849,1,1,0,0,1
103.30010,203.05135,179.55635,1,1,0,0,1
103.32035,203.38914,179.64798,1,1,0,0,1
103.34006,203.71973,179.76295,1,1,0,0,1
103.36020,204.35286,180.06055,1,1,0,0,1
103.38017,204.65231,180.24171,1,1,0,0,1
103.40030,204.93842,180.44333,1,1,0,0,1
103.42032,205.20976,180.66440,1,1,0,0,1
103.44013,205.70297,181.16054,1,1,0,0,1
103.46007,205.92244,181.43318,1,1,0,0,1
103.48029,206.12234,181.72047,1,1,0,0,1
103.50029,206.30173,182.02101,1,1,0,0,1
103.52014,206.59555,182.65590,1,1,0,0,1
103.54027,206.70856,182.98715,1,1,0,0,1
103.56040,206.79819,183.32549,1,1,0,0,1
103.58024,206.86400,183.66924,1,1,0,0,1
103.60050,206.92300,184.36630,1,0,0,0,1
103.62036,206.91592,184.71623,1,0,0,0,1
103.64054,206.90884,185.06616,1,0,0,0,1
103.66024,206.90176,185.41609,1,0,0,0,1
103.68024,206.88760,186.11595,1,0,0,0,1
103.70029,206.88052,186.46588,1,0,0,0,1
103.72016,206.87344,186.81581,1,0,0,0,1
103.74045,206.86636,187.16574,1,0,0,0,1
103.76020,206.85220,187.86560,1,0,0,0,1
103.78043,206.84512,188.21553,1,0,0,0,1
103.80031,206.83804,188.56546,1,0,0,0,1
103.82014,206.83096,188.91539,1,0,0,0,1
103.84006,206.82388,189.26532,1,0,0,0,1
103.86045,206.80972,189.96518,1,0,0,0,1
103.88034,206.80264,190.31511,1,0,0,0,1
103.90039,206.79556,190.66504,1,0,0,0,1
103.92044,206.78848,191.01497,1,0,0,0,1
103.94004,206.78140,191.36490,1,0,0,0,1
103.96016,206.76724,192.06476,1,0,0,0,1
103.98034,206.76016,192.41469,1,0,0,0,1
104.00053,206.75308,192.76462,1,0,0,0,1
104.02009,206.74600,193.11455,1,0,1,0,1
104.04047,206.73892,193.46448,1,0,1,0,1
104.06007,206.74922,194.16397,1,0,1,0,1
104.08048,206.85689,194.85521,1,0,1,0,1
104.10052,206.94664,195.19351,1,0,1,0,1
104.12053,207.05980,195.52472,1,0,1,0,1
104.14030,207.19582,195.84721,1,0,1,0,1
104.16044,207.53365,196.45982,1,0,1,0,1
104.18010,207.73381,196.74695,1,0,1,0,1
104.20020,207.95354,197.01939,1,0,1,0,1
104.22035,208.19174,197.27582,1,0,1,0,1
104.24010,208.44728,197.51498,1,0,1,0,1
104.26049,209.00526,197.93695,1,0,1,0,1
104.28020,209.30499,198.11769,1,0,1,0,1
104.30014,209.61661,198.27705,1,0,1,0,1
104.32026,209.93858,198.41428,1,0,1,0,1
104.34042,210.26936,198.52867,1,0,1,0,1
104.36008,210.95081,198.68689,1,0,1,0,1
104.38024,211.29814,198.72993,1,0,1,0,1
104.40052,211.64764,198.74861,1,0,1,0,1
104.42044,211.99759,198.74284,1,0,1,0,1
104.44010,212.34628,198.71265,1,0,1,0,1
104.46032,213.03310,198.57968,1,0,1,0,1
104.48043,213.69470,198.35233,1,0,1,0,1
104.50039,214.01198,198.20456,1,0,1,0,1
104.52051,214.31816,198.03500,1,0,1,0,1
104.54017,214.61176,197.84448,1,0,1,0,1
104.56048,215.15552,197.40434,1,0,1,0,1
104.58014,215.40303,197.15688,1,0,1,0,1
104.60020,215.63266,196.89273,1,0,1,0,1
104.62042,215.84328,196.61319,1,0,0,0,1
104.64038,216.03386,196.31963,1,0,0,0,1
104.66044,216.37309,195.70732,1,0,0,0,1
104.68019,216.54271,195.40117,1,0,0,0,1
104.70010,216.71233,195.09502,1,0,0,0,1
104.72038,216.88194,194.78886,1,0,0,0,1
104.74013,217.22118,194.17656,1,0,0,0,1
104.76028,217.39079,193.87041,1,0,0,0,1
104.78004,217.56041,193.56425,1,0,0,0,1
104.80031,217.89964,192.95195,1,0,0,0,1
104.82047,218.06926,192.64580,1,0,0,0,1
104.84039,218.23888,192.33965,1,0,0,0,1
104.86004,218.40849,192.03349,1,0,0,0,1
104.88029,218.74773,191.42119,1,0,0,0,1
104.90029,218.91734,191.11504,1,0,0,0,1
104.92043,219.08696,190.80888,1,1,0,0,1
104.94025,219.25658,190.50273,1,1,0,0,1
104.96051,219.61674,189.90300,1,1,0,0,1
104.98017,219.82732,189.62343,1,1,0,0,1
105.00023,220.05687,189.35922,1,1,0,0,1
105.02036,220.30429,189.11166,1,1,0,0,1
105.04011,220.56837,188.88196,1,1,0,0,1
105.06035,221.14130,188.48051,1,1,0,0,1
105.08026,221.44736,188.31071,1,1,0,0,1
105.10029,221.76451,188.16267,1,1,0,0,1
105.12043,222.09122,188.03712,1,1,0,0,1
105.14007,222.42589,187.93466,1,1,0,0,1
105.16028,223.11256,187.80089,1,1,0,0,1
105.18029,223.46121,187.77022,1,1,0,0,1
105.20029,223.81116,187.76395,1,1,0,0,1
105.22029,224.16069,187.78209,1,1,0,0,1
105.24029,224.50810,187.82457,1,1,0,0,1
105.26044,225.18982,187.98158,1,1,0,0,1
105.28003,225.84306,188.23192,1,1,0,0,1
105.30052,226.15501,188.39062,1,1,0,0,1
105.32009,226.45514,188.57071,1,1,0,0,1
105.34046,226.74197,188.77129,1,1,0,0,1
105.36019,227.27025,189.22990,1,1,0,0,1
105.38026,227.50912,189.48572,1,1,0,0,1
105.40051,227.72958,189.75757,1,1,0,0,1
105.42024,227.93054,190.04413,1,1,0,0,1
105.44042,228.11102,190.34401,1,1,0,0,1
105.46021,228.40717,190.97781,1,1,0,0,1
105.48035,228.52138,191.30865,1,0,0,0,1
105.50023,228.61223,191.64665,1,0,0,0,1
105.52033,228.67929,191.99017,1,0,0,0,1
105.54051,228.74635,192.33369,1,0,0,0,1
105.56021,228.88048,193.02074,1,0,0,0,1
105.58040,228.94754,193.36426,1,0,0,0,1
105.60010,229.01460,193.70778,1,0,0,0,1
105.62029,229.08167,194.05130,1,0,0,0,1
105.64047,229.14873,194.39482,1,0,0,0,1
105.66017,229.28285,195.08186,1,0,0,0,1
105.68037,229.41698,195.76891,1,0,0,0,1
105.70055,229.48404,196.11243,1,0,0,0,1
105.72042,229.55110,196.45595,1,0,0,0,1
105.74011,229.61816,196.79947,1,0,0,0,1
105.76036,229.75229,197.48651,1,0,0,0,1
105.78044,229.81935,197.83003,1,0,0,0,1
105.80011,229.88641,198.17355,1,0,1,0,1
105.82045,229.95348,198.51707,1,0,1,0,1
105.84019,230.02054,198.86060,1,0,1,0,1
105.86012,230.22571,199.52942,1,0,1,0,1
105.88030,230.36281,199.85146,1,0,1,0,1
105.90038,230.52206,200.16313,1,0,1,0,1
105.92054,230.70270,200.46292,1,0,1,0,1
105.94010,230.90382,200.74936,1,0,1,0,1
105.96038,231.36353,201.27669,1,0,1,0,1
105.98028,231.61986,201.51500,1,0,1,0,1
106.00033,231.89221,201.73482,1,0,1,0,1
106.02027,232.17926,201.93509,1,0,1,0,1
106.04044,232.47958,202.11482,1,0,1,0,1
106.06022,233.11417,202.40929,1,0,1,0,1
106.08085,233.78358,202.61246,1,0,1,0,1
106.10050,234.12730,202.67850,1,0,1,0,1
106.12042,234.47479,202.72038,1,0,1,0,1
106.14038,234.82436,202.73788,1,0,1,0,1
106.16011,235.52287,202.69957,1,0,1,0,1
106.18031,235.86842,202.64394,1,0,1,0,1
106.20014,236.20924,202.56430,1,0,1,0,1
106.22032,236.54367,202.46106,1,0,1,0,1
106.24015,236.87007,202.33472,1,0,1,0,1
106.26023,237.49248,202.01532,1,0,1,0,1
106.28046,237.78543,201.82381,1,0,1,0,1
106.30050,238.06430,201.61230,1,0,1,0,1
106.32042,238.32771,201.38185,1,0,1,0,1
106.34052,238.57439,201.13356,1,0,0,0,1
106.36010,239.01282,200.58841,1,0,0,0,1
106.38054,239.22250,200.30817,1,0,0,0,1
106.40019,239.43219,200.02792,1,0,0,0,1
106.42048,239.64188,199.74768,1,0,0,0,1
106.44013,239.85156,199.46744,1,0,0,0,1
106.46065,240.27094,198.90695,1,0,0,0,1
106.48038,240.69031,198.34647,1,0,0,0,1
106.50053,240.89999,198.06622,1,0,0,0,1
106.52019,241.10968,197.78598,1,0,0,0,1
106.54045,241.31937,197.50574,1,0,0,0,1
106.56043,241.73874,196.94525,1,0,0,0,1
106.58030,241.94843,196.66501,1,0,0,0,1
106.60062,242.15811,196.38477,1,0,0,0,1
106.62046,242.36780,196.10452,1,0,0,0,1
106.64046,242.57748,195.82428,1,0,0,0,1
106.66020,242.99686,195.26379,1,0,0,0,1
106.68020,243.20654,194.98355,1,0,0,0,1
106.70005,243.41623,194.70331,1,0,0,0,1
106.72023,243.62592,194.42307,1,0,0,0,1
106.74014,243.83560,194.14282,1,1,0,0,1
106.76020,244.04529,193.86258,1,1,0,0,1
106.78085,244.48369,193.31740,1,1,0,0,1
106.80008,244.73032,193.06906,1,1,0,0,1
106.82049,244.99367,192.83853,1,1,0,0,1
106.84021,245.56532,192.43527,1,1,0,0,1
106.86027,245.87083,192.26451,1,1,0,0,1
106.88026,246.51382,191.98889,1,1,0,0,1
106.90056,246.84816,191.88536,1,1,0,0,1
106.92008,247.18890,191.80540,1,1,0,0,1
106.94042,247.53439,191.74940,1,1,0,0,1
106.96026,248.23286,191.71025,1,1,0,0,1
106.98035,248.58244,191.72729,1,1,0,0,1
107.00035,248.92999,191.76868,1,1,0,0,1
107.02025,249.27380,191.83420,1,1,0,0,1
107.04004,249.61221,191.92354,1,1,0,0,1
107.06022,249.94357,192.03625,1,1,0,0,1
107.08018,250.57872,192.32953,1,1,0,0,1
107.10053,250.87941,192.50865,1,1,0,0,1
107.12030,251.16687,192.70831,1,1,0,0,1
107.14017,251.43971,192.92754,1,1,0,0,1
107.16055,251.69659,193.16525,1,0,0,0,1
107.18024,252.15759,193.69145,1,0,0,0,1
107.20037,252.37891,193.96260,1,0,0,0,1
107.22015,252.82153,194.50490,1,0,0,0,1
107.24016,253.04285,194.77605,1,0,0,0,1
107.26033,253.26416,195.04720,1,0,0,0,1
107.28063,253.48547,195.31834,1,0,0,0,1
107.30036,253.92810,195.86064,1,0,0,0,1
107.32050,254.14941,196.13179,1,0,0,0,1
107.34054,254.37073,196.40294,1,0,0,0,1
107.36013,254.59204,196.67409,1,0,0,0,1
107.38013,255.03467,197.21638,1,0,0,0,1
107.40013,255.25598,197.48753,1,0,0,0,1
107.42033,255.47729,197.75868,1,0,0,0,1
107.44021,255.69861,198.02983,1,0,0,0,1
107.46025,255.91992,198.30098,1,0,0,0,1
107.48053,256.36255,198.84328,1,0,0,0,1
107.50018,256.58386,199.11443,1,0,0,0,1
107.52045,256.80518,199.38557,1,0,0,0,1
107.54044,257.02649,199.65672,1,0,0,0,1
107.56013,257.24780,199.92787,1,0,0,0,1
107.58028,257.69043,200.47017,1,0,0,0,1
107.60053,257.91174,200.74132,1,0,0,0,1
107.62040,258.35437,201.28362,1,0,0,0,1
107.64009,258.57568,201.55476,1,0,0,0,1
107.66042,258.79700,201.82591,1,0,0,0,1
107.68012,259.23962,202.36821,1,0,0,0,1
107.70051,259.46094,202.63936,1,0,1,0,1
107.72055,259.68225,202.91051,1,0,1,0,1
107.74006,259.92197,203.16554,1,0,1,0,1
107.76039,260.17889,203.40321,1,0,1,0,1
107.78037,260.73932,203.82191,1,0,1,0,1
107.80044,261.04010,204.00090,1,0,1,0,1
107.82030,261.35263,204.15845,1,0,1,0,1
107.84013,261.67542,204.29378,1,0,1,0,1
107.86049,262.00687,204.40623,1,0,1,0,1
107.88028,262.68921,204.56046,1,0,1,0,1
107.90041,263.03680,204.60147,1,0,1,0,1
107.92050,263.38641,204.61810,1,0,1,0,1
107.94017,263.73633,204.61029,1,0,1,0,1
107.96010,264.08484,204.57805,1,0,1,0,1
107.98023,264.77084,204.44109,1,0,1,0,1
108.00045,265.43109,204.20987,1,0,1,0,1
108.02014,265.74750,204.06026,1,0,1,0,1
108.04039,266.05267,203.88892,1,0,1,0,1
108.06011,266.34515,203.69667,1,0,1,0,1
108.08008,266.88635,203.25337,1,0,1,0,1
108.10022,267.13242,203.00447,1,0,1,0,1
108.12026,267.36050,202.73898,1,0,1,0,1
108.14003,267.56949,202.45822,1,0,1,0,1
108.16018,267.75836,202.16354,1,0,1,0,1
108.18043,268.07214,201.53828,1,0,1,0,1
108.20052,268.19553,201.21075,1,0,0,0,1
108.22027,268.29575,200.87541,1,0,0,0,1
108.24051,268.39597,200.54007,1,0,0,0,1
108.26019,268.49619,200.20473,1,0,0,0,1
108.28035,268.69662,199.53404,1,0,0,0,1
108.30027,268.79684,199.19870,1,0,0,0,1
108.32043,268.89706,198.86336,1,0,0,0,1
108.34015,268.99728,198.52802,1,0,0,0,1
108.36044,269.09750,198.19267,1,0,0,0,1
108.38032,269.29794,197.52199,1,0,0,0,1
108.40043,269.49838,196.85130,1,0,0,0,1
108.42028,269.59860,196.51596,1,0,0,0,1
108.44035,269.69882,196.18062,1,0,0,0,1
108.46010,269.79904,195.84528,1,0,0,0,1
108.48043,269.99948,195.17459,1,0,0,0,1
108.50042,270.09970,194.83925,1,0,0,0,1
108.52011,270.19992,194.50391,1,0,0,0,1
108.54008,270.30014,194.16856,1,0,0,0,1
108.56045,270.40036,193.83322,1,1,0,0,1
108.58007,270.60080,193.16254,1,1,0,0,1
108.60023,270.72415,192.83499,1,1,0,0,1
108.62031,270.87006,192.51685,1,1,0,0,1
108.64042,271.03778,192.20966,1,1,0,0,1
108.66044,271.22653,191.91492,1,1,0,0,1
108.68007,271.66330,191.36844,1,1,0,0,1
108.70035,271.90918,191.11937,1,1,0,0,1
108.72004,272.17184,190.88805,1,1,0,0,1
108.74049,272.45001,190.67561,1,1,0,0,1
108.76014,272.74231,190.48309,1,1,0,0,1
108.78007,273.36356,190.16145,1,1,0,0,1
108.80046,274.02350,189.92937,1,1,0,0,1
108.82035,274.36401,189.84840,1,1,0,0,1
108.84018,274.70935,189.79138,1,1,0,0,1
108.86013,275.05780,189.75858,1,1,0,0,1
108.88040,275.75732,189.76616,1,1,0,0,1
108.90043,276.10498,189.80650,1,1,0,0,1
108.92043,276.44897,189.87100,1,1,0,0,1
108.94052,276.78766,189.95934,1,0,0,0,1
108.96022,277.11935,190.07106,1,0,0,0,1
108.98038,277.76553,190.34023,1,0,0,0,1
109.00050,278.08862,190.47481,1,0,0,0,1
109.02028,278.41171,190.60939,1,0,0,0,1
109.04043,278.73480,190.74397,1,0,0,0,1
109.06015,279.05789,190.87856,1,0,0,0,1
109.08040,279.70407,191.14772,1,0,0,0,1
109.10050,280.02716,191.28230,1,0,0,0,1
109.12018,280.35025,191.41689,1,0,0,0,1
109.14041,280.67334,191.55147,1,0,0,0,1
109.16005,280.99643,191.68605,1,0,0,0,1
109.18013,281.64261,191.95522,1,0,0,0,1
109.20037,282.28879,192.22438,1,0,0,0,1
109.22065,282.61188,192.35896,1,0,0,0,1
109.24036,282.93497,192.49355,1,0,0,0,1
109.26030,283.25806,192.62813,1,0,0,0,1
109.28019,283.90424,192.89729,1,0,0,0,1
109.30042,284.22733,193.03188,1,0,0,0,1
109.32012,284.55042,193.16646,1,0,0,0,1
109.34040,284.87350,193.30104,1,0,0,0,1
109.36048,285.19659,193.43562,1,0,0,0,1
109.38031,285.84277,193.70479,1,0,0,0,1
109.40012,286.16586,193.83937,1,0,0,0,1
109.42047,286.48895,193.97395,1,0,0,0,1
109.44016,286.81204,194.10854,1,0,0,0,1
109.46052,287.13513,194.24312,1,0,1,0,1
109.48019,287.78131,194.51228,1,0,1,0,1
109.50022,288.11301,194.62398,1,0,1,0,1
109.52024,288.45169,194.71223,1,0,1,0,1
109.54025,288.79572,194.77663,1,0,1,0,1
109.56032,289.14340,194.81683,1,0,1,0,1
109.58033,289.84293,194.82405,1,0,1,0,1
109.60036,290.19138,194.79102,1,0,1,0,1
109.62016,290.87708,194.65245,1,0,1,0,1
109.64035,291.21100,194.54761,1,0,1,0,1
109.66047,291.53680,194.41971,1,0,1,0,1
109.68026,292.15768,194.09732,1,0,1,0,1
109.70052,292.44971,193.90440,1,0,1,0,1
109.72032,292.72757,193.69157,1,0,1,0,1
109.74056,292.98987,193.45985,1,0,1,0,1
109.76025,293.23535,193.21039,1,0,1,0,1
109.78043,293.67117,192.66313,1,0,1,0,1
109.80017,293.85934,192.36803,1,0,1,0,1
109.82048,294.02646,192.06050,1,0,1,0,1
109.84023,294.17169,191.74205,1,0,1,0,1
109.86008,294.29434,191.41425,1,0,1,0,1
109.88026,294.46957,190.73697,1,0,1,0,1
109.90056,294.52130,190.39081,1,0,1,0,1
109.92014,294.54874,190.04189,1,0,0,0,1
109.94039,294.55173,189.69189,1,0,0,0,1
109.96013,294.55771,188.99191,1,0,0,0,1
109.98028,294.56070,188.64192,1,0,0,0,1
110.00018,294.56668,187.94194,1,0,0,0,1
110.02038,294.56967,187.59195,1,0,0,0,1
110.04013,294.57266,187.24196,1,0,0,0,1
110.06037,294.57565,186.89197,1,0,0,0,1
110.08008,294.58163,186.19199,1,0,0,0,1
110.10031,294.58463,185.84200,1,0,0,0,1
110.12049,294.58762,185.49200,1,0,0,0,1
110.14017,294.59061,185.14201,1,0,0,0,1
110.16034,294.59360,184.79202,1,0,0,0,1
110.18054,294.59958,184.09204,1,0,0,0,1
110.20032,294.60257,183.74205,1,0,0,0,1
110.22057,294.60556,183.39206,1,0,0,0,1
110.24024,294.60855,183.04207,1,0,0,0,1
110.26051,294.61154,182.69208,1,0,0,0,1
110.28024,294.61752,181.99210,1,0,0,0,1
110.30008,294.62051,181.64211,1,0,0,0,1
110.32032,294.62350,181.29211,1,0,0,0,1
110.34047,294.62650,180.94212,1,0,0,0,1
110.36013,294.63248,180.24214,1,0,0,0,1
110.38041,294.63547,179.89215,1,0,0,0,1
110.40023,294.64145,179.19217,1,1,0,0,1
110.42013,294.64444,178.84218,1,1,0,0,1
110.44046,294.67181,178.49326,1,1,0,0,1
110.46046,294.72348,178.14709,1,1,0,0,1
110.48018,294.89847,177.46976,1,1,0,0,1
110.50047,295.02094,177.14189,1,1,0,0,1
110.52015,295.16599,176.82336,1,1,0,0,1
110.54040,295.33289,176.51573,1,1,0,0,1
110.56016,295.52084,176.22049,1,1,0,0,1
110.58041,295.95615,175.67285,1,1,0,0,1
110.60014,296.20135,175.42313,1,1,0,0,1
110.62040,296.46341,175.19110,1,1,0,0,1
110.64013,296.74100,174.97792,1,1,0,0,1
110.66038,297.03278,174.78462,1,1,0,0,1
110.68011,297.33731,174.61214,1,1,0,0,1
110.70029,297.97873,174.33287,1,1,0,0,1
110.72055,298.65277,174.14558,1,1,0,0,1
110.74031,298.99792,174.08763,1,1,0,0,1
110.76049,299.34628,174.05389,1,1,0,0,1
110.78017,299.69617,174.04454,1,1,0,0,1
110.80053,300.39362,174.09901,1,1,0,0,1
110.82038,300.73779,174.16258,1,0,0,0,1
110.84005,301.07669,174.25000,1,0,0,0,1
110.86032,301.40869,174.36084,1,0,0,0,1
110.88012,301.74069,174.47168,1,0,0,0,1
110.90031,302.40469,174.69336,1,0,0,0,1
110.92052,302.73669,174.80420,1,0,0,0,1
110.94026,303.06870,174.91504,1,0,0,0,1
110.96047,303.40070,175.02588,1,0,0,0,1
110.98023,304.06470,175.24756,1,0,0,0,1
111.00051,304.39670,175.35840,1,0,0,0,1
111.02020,304.72870,175.46924,1,0,0,0,1
111.04041,305.06070,175.58008,1,0,0,0,1
111.06015,305.39270,175.69092,1,0,0,0,1
111.08042,305.72470,175.80176,1,0,0,0,1
111.10017,306.38870,176.02344,1,0,0,0,1
111.12010,306.72070,176.13428,1,0,0,0,1
111.14037,307.05270,176.24512,1,0,0,0,1
111.16030,307.71671,176.46680,1,0,0,0,1
111.18006,308.04871,176.57764,1,0,0,0,1
111.20044,308.71271,176.79932,1,0,0,0,1
111.22004,309.04471,176.91016,1,0,0,0,1
111.24024,309.37671,177.02100,1,0,0,0,1
111.26051,309.70871,177.13184,1,0,0,0,1
111.28050,310.04071,177.24268,1,0,1,0,1
111.30015,310.70471,177.46436,1,0,1,0,1
111.32045,311.04364,177.55174,1,0,1,0,1
111.34013,311.38782,177.61525,1,0,1,0,1
111.36009,311.73560,177.65456,1,0,1,0,1
111.38036,312.08527,177.66948,1,0,1,0,1
111.40051,312.78351,177.62602,1,0,1,0,1
111.42022,313.12863,177.56784,1,0,1,0,1
111.44023,313.46884,177.48570,1,0,1,0,1
111.46023,313.80249,177.38000,1,0,1,0,1
111.48013,314.12796,177.25127,1,0,1,0,1
111.50034,314.74799,176.92728,1,0,1,0,1
111.52018,315.03952,176.73361,1,0,1,0,1
111.54009,315.57855,176.28767,1,0,1,0,1
111.56020,315.82339,176.03757,1,0,1,0,1
111.58045,316.05017,175.77097,1,0,1,0,1
111.60014,316.44519,175.19359,1,0,1,0,1
111.62036,316.61151,174.88564,1,0,1,0,1
111.64057,316.75592,174.56682,1,0,1,0,1
111.66036,316.87772,174.23869,1,0,1,0,1
111.68054,316.97629,173.90286,1,0,1,0,1
111.70008,317.10199,173.21469,1,0,1,0,1
111.72018,317.12851,172.86569,1,0,1,0,1
111.74043,317.13058,172.51570,1,0,1,0,1
111.76004,317.10825,172.16641,1,0,0,0,1
111.78005,317.06158,171.81953,1,0,0,0,1
111.80010,316.92004,171.13399,1,0,0,0,1
111.82042,316.84927,170.79121,1,0,0,0,1
111.84024,316.77850,170.44844,1,0,0,0,1
111.86006,316.70773,170.10567,1,0,0,0,1
111.88062,316.63696,169.76289,1,0,0,0,1
111.90014,316.49542,169.07735,1,0,0,0,1
111.92039,316.35388,168.39180,1,0,0,0,1
111.94042,316.28311,168.04903,1,0,0,0,1
111.96012,316.21234,167.70625,1,0,0,0,1
111.98040,316.14157,167.36348,1,0,0,0,1
112.00024,316.00003,166.67793,1,0,0,0,1
112.02038,315.92926,166.33516,1,0,0,0,1
112.04016,315.85849,165.99239,1,0,0,0,1
112.06029,315.78772,165.64961,1,0,0,0,1
112.08036,315.71695,165.30684,1,0,0,0,1
112.10032,315.57541,164.62129,1,0,0,0,1
112.12046,315.50464,164.27852,1,0,0,0,1
112.14029,315.43387,163.93575,1,0,0,0,1
112.16043,315.36310,163.59297,1,0,0,0,1
112.18026,315.29233,163.25020,1,0,0,0,1
112.20040,315.15079,162.56465,1,0,0,0,1
112.22019,315.08002,162.22188,1,1,0,0,1
112.24045,315.00925,161.87910,1,1,0,0,1
112.26010,314.96255,161.53224,1,1,0,0,1
112.28041,314.94016,161.18295,1,1,0,0,1
112.30060,314.96860,160.48396,1,1,0,0,1
112.32018,315.09399,159.79572,1,1,0,0,1
112.34045,315.19238,159.45982,1,1,0,0,1
112.36019,315.31396,159.13162,1,1,0,0,1
112.38035,315.45813,158.81270,1,1,0,0,1
112.40048,315.81131,158.20882,1,1,0,0,1
112.42022,316.01862,157.92682,1,1,0,0,1
112.44042,316.24509,157.65996,1,1,0,0,1
112.46051,316.48962,157.40955,1,1,0,0,1
112.48023,316.75101,157.17680,1,1,0,0,1
112.50055,317.31921,156.76874,1,1,0,0,1
112.52041,317.62329,156.59541,1,1,0,0,1
112.54008,317.93869,156.44371,1,1,0,0,1
112.56026,318.26392,156.31438,1,1,0,0,1
112.58007,318.59738,156.20804,1,1,0,0,1
112.60029,319.28244,156.06630,1,1,0,0,1
112.62040,319.63071,156.03159,1,1,0,0,1
112.64018,319.98056,156.02126,1,1,0,0,1
112.66041,320.33029,156.03534,1,1,0,0,1
112.68010,320.67816,156.07378,1,1,0,0,1
112.70052,321.36166,156.22285,1,0,0,0,1
112.72041,322.01779,156.46559,1,0,0,0,1
112.74040,322.34161,156.59842,1,0,0,0,1
112.76023,322.66544,156.73125,1,0,0,0,1
112.78044,322.98926,156.86407,1,0,0,0,1
112.80019,323.63690,157.12973,1,0,0,0,1
112.82044,323.96072,157.26256,1,0,0,0,1
112.84019,324.28455,157.39539,1,0,0,0,1
112.86030,324.60837,157.52821,1,0,0,0,1
112.88015,324.93219,157.66104,1,0,0,0,1
112.90034,325.25601,157.79387,1,0,0,0,1
112.92059,325.90366,158.05952,1,0,0,0,1
112.94018,326.22748,158.19235,1,0,0,0,1
112.96052,326.55130,158.32518,1,0,0,0,1
112.98017,326.87512,158.45801,1,0,0,0,1
113.00048,327.52277,158.72366,1,0,0,0,1
113.02009,327.84659,158.85649,1,0,0,0,1
113.04053,328.17041,158.98932,1,0,0,0,1
113.06053,328.49423,159.12215,1,0,0,0,1
113.08017,328.81805,159.25497,1,0,0,0,1
113.10016,329.14188,159.38780,1,0,1,0,1
113.12020,330.12183,159.76334,1,0,1,0,1
113.14032,330.46100,159.84975,1,0,1,0,1
113.16043,330.80536,159.91226,1,0,1,0,1
113.18018,331.15326,159.95058,1,0,1,0,1
113.20017,331.85284,159.95396,1,0,1,0,1
113.22029,332.20111,159.91902,1,0,1,0,1
113.24007,332.54608,159.85985,1,0,1,0,1
113.26015,332.88608,159.77673,1,0,1,0,1
113.28036,333.21942,159.67007,1,0,1,0,1
113.30054,333.85977,159.38832,1,0,1,0,1
113.32018,334.16364,159.21461,1,0,1,0,1
113.34028,334.45462,159.02011,1,0,1,0,1
113.36048,334.73129,158.80576,1,0,1,0,1
113.38020,334.99234,158.57260,1,0,1,0,1
113.40030,335.46246,158.05455,1,0,1,0,1
113.42003,335.66925,157.77217,1,0,1,0,1
113.44018,335.85580,157.47604,1,0,1,0,1
113.46041,336.02124,157.16760,1,0,1,0,1
113.48050,336.16473,156.84837,1,0,1,0,1
113.50036,336.38321,156.18378,1,0,1,0,1
113.52012,336.50696,155.49524,1,0,1,0,1
113.54027,336.53247,155.14616,1,0,1,0,1
113.56008,336.53354,154.79617,1,0,1,0,1
113.58050,336.51019,154.44695,1,0,0,0,1
113.60009,336.39075,153.75764,1,0,0,0,1
113.62041,336.31897,153.41508,1,0,0,0,1
113.64014,336.24719,153.07253,1,0,0,0,1
113.66054,336.17542,152.72997,1,0,0,0,1
113.68038,336.10364,152.38741,1,0,0,0,1
113.70023,335.96008,151.70229,1,0,0,0,1
113.72052,335.88831,151.35973,1,0,0,0,1
113.74034,335.81653,151.01717,1,0,0,0,1
113.76017,335.74475,150.67461,1,0,0,0,1
113.78047,335.67297,150.33205,1,0,0,0,1
113.80047,335.52942,149.64693,1,0,0,0,1
113.82015,335.45764,149.30437,1,0,0,0,1
113.84032,335.38586,148.96181,1,0,0,0,1
113.86005,335.31409,148.61925,1,0,0,0,1
113.88018,335.17053,147.93413,1,0,0,0,1
113.90019,335.09875,147.59157,1,0,0,0,1
113.92030,334.95520,146.90645,1,0,0,0,1
113.94033,334.88342,146.56389,1,0,0,0,1
113.96033,334.81165,146.22133,1,0,0,0,1
113.98046,334.73987,145.87877,1,0,0,0,1
114.00045,334.59631,145.19365,1,0,0,0,1
114.02004,334.52454,144.85109,1,0,0,0,1
114.04026,334.45276,144.50853,1,0,0,0,1
114.06040,334.38098,144.16597,1,0,0,0,1
114.08005,334.30920,143.82341,1,0,0,0,1
114.10026,334.16565,143.13829,1,0,0,0,1
114.12028,334.09387,142.79573,1,0,0,0,1
114.14055,334.02209,142.45317,1,0,0,0,1
114.16023,333.87854,141.76805,1,0,0,0,1
114.18039,333.80676,141.42549,1,0,0,0,1
114.20041,333.73499,141.08293,1,0,0,0,1
114.22024,333.66321,140.74037,1,0,0,0,1
114.24005,333.51965,140.05525,1,0,0,0,1
114.26040,333.44788,139.71269,1,0,0,0,1
114.28008,333.37610,139.37013,1,0,0,0,1
114.30029,333.30432,139.02757,1,0,0,0,1
114.32050,333.16077,138.34245,1,0,0,0,1
114.34033,333.08899,137.99989,1,0,0,0,1
114.36032,333.01721,137.65733,1,0,0,0,1
114.38045,332.94543,137.31477,1,0,0,0,1
114.40026,332.80188,136.62965,1,1,0,0,1
114.42048,332.73010,136.28709,1,1,0,0,1
114.44010,332.68240,135.94035,1,1,0,0,1
114.46072,332.65900,135.59114,1,1,0,0,1
114.48042,332.66000,135.24113,1,1,0,0,1
114.50009,332.73511,134.54561,1,1,0,0,1
114.52020,332.80884,134.20346,1,1,0,0,1
114.54044,332.90625,133.86729,1,1,0,0,1
114.56009,333.02689,133.53874,1,1,0,0,1
114.58022,333.17014,133.21939,1,1,0,0,1
114.60042,333.52158,132.61450,1,1,0,0,1
114.62006,333.72806,132.33191,1,1,0,0,1
114.64033,333.95377,132.06441,1,1,0,0,1
114.66013,334.45828,131.57979,1,1,0,0,1
114.68028,334.73465,131.36504,1,1,0,0,1
114.70050,335.02533,131.17009,1,1,0,0,1
114.72042,335.64386,130.84328,1,1,0,0,1
114.74019,335.96872,130.71300,1,1,0,0,1
114.76039,336.30188,130.60570,1,1,0,0,1
114.78016,336.64169,130.52190,1,1,0,0,1
114.80034,337.33472,130.42628,1,1,0,0,1
114.82006,337.68454,130.41495,1,0,0,0,1
114.84035,338.03430,130.42802,1,0,0,0,1
114.86050,338.38406,130.44110,1,0,0,0,1
114.88052,338.73383,130.45418,1,0,0,0,1
114.90037,339.43335,130.48033,1,0,0,0,1
114.92054,339.78311,130.49341,1,0,0,0,1
114.94019,340.13287,130.50648,1,0,0,0,1
114.96050,340.48264,130.51956,1,0,0,0,1
114.98006,340.83240,130.53264,1,0,0,0,1
115.00035,341.53192,130.55879,1,0,0,0,1
115.02052,341.88168,130.57187,1,0,0,0,1
115.04020,342.58121,130.59802,1,0,0,0,1
115.06030,342.93097,130.61110,1,0,0,0,1
115.08054,343.28073,130.62418,1,0,0,0,1
115.10024,343.63049,130.63725,1,0,0,0,1
115.12050,344.33002,130.66341,1,0,0,0,1
115.14029,344.67978,130.67648,1,0,0,0,1
115.16013,345.02954,130.68956,1,0,1,0,1
115.18044,345.37930,130.70264,1,0,1,0,1
115.20026,345.72913,130.69127,1,0,1,0,1
115.22043,346.42212,130.59549,1,0,1,0,1
115.24038,346.76190,130.51155,1,0,1,0,1
115.26052,347.09500,130.40410,1,0,1,0,1
115.28048,347.41977,130.27364,1,0,1,0,1
115.30035,347.73465,130.12082,1,0,1,0,1
115.32013,348.32858,129.75117,1,0,1,0,1
115.34028,348.60474,129.53616,1,0,1,0,1
115.36040,348.86520,129.30238,1,0,1,0,1
115.38008,349.10873,129.05099,1,0,1,0,1
115.40007,349.33411,128.78320,1,0,1,0,1
115.42024,349.72607,128.20377,1,0,1,0,1
115.44011,350.03351,127.57536,1,0,1,0,1
115.46033,350.15356,127.24659,1,0,1,0,1
115.48043,350.25037,126.91024,1,0,1,0,1
115.50009,350.32346,126.56796,1,0,1,0,1
115.52031,350.39716,125.87228,1,0,1,0,1
115.54047,350.39740,125.52228,1,0,1,0,1
115.56016,350.37323,125.17311,1,0,1,0,1
115.58035,350.32474,124.82648,1,0,0,0,1
115.60044,350.25214,124.48409,1,0,0,0,1
115.62036,350.10693,123.79931,1,0,0,0,1
115.64007,350.03433,123.45692,1,0,0,0,1
115.66013,349.96173,123.11452,1,0,0,0,1
115.68034,349.88913,122.77213,1,0,0,0,1
115.70049,349.81653,122.42974,1,0,0,0,1
115.72024,349.67133,121.74496,1,0,0,0,1
115.74039,349.59872,121.40257,1,0,0,0,1
115.76028,349.52612,121.06017,1,0,0,0,1
115.78038,349.45352,120.71778,1,0,0,0,1
115.80039,349.38092,120.37539,1,0,0,0,1
115.82019,349.23572,119.69061,1,0,0,0,1
115.84041,349.09052,119.00582,1,0,0,0,1
115.86015,349.01791,118.66343,1,0,0,0,1
115.88043,348.94531,118.32104,1,0,0,0,1
115.90030,348.87271,117.97865,1,0,0,0,1
115.92040,348.72751,117.29386,1,0,0,0,1
115.94047,348.65491,116.95147,1,0,0,0,1
115.96047,348.58231,116.60908,1,0,0,0,1
115.98005,348.50970,116.26669,1,0,0,0,1
116.00041,348.43710,115.92429,1,0,0,0,1
116.02032,348.29190,115.23951,1,0,0,0,1
116.04034,348.21930,114.89712,1,1,0,0,1
116.06048,348.14670,114.55473,1,1,0,0,1
116.08048,348.07410,114.21233,1,1,0,0,1
116.10051,348.02557,113.86572,1,1,0,0,1
116.12059,348.00150,113.16656,1,1,0,0,1
116.14050,348.02606,112.81742,1,1,0,0,1
116.16037,348.07492,112.47085,1,1,0,0,1
116.18027,348.14783,112.12852,1,1,0,0,1
116.20009,348.24445,111.79212,1,1,0,0,1
116.22004,348.50677,111.14359,1,1,0,0,1
116.24049,348.85678,110.53786,1,1,0,0,1
116.26013,349.06259,110.25478,1,1,0,0,1
116.28031,349.28766,109.98673,1,1,0,0,1
116.30016,349.53085,109.73503,1,1,0,0,1
116.32037,350.06686,109.28550,1,1,0,0,1
116.34052,350.35709,109.08985,1,1,0,0,1
116.36053,350.66025,108.91492,1,1,0,0,1
116.38035,350.97485,108.76155,1,1,0,0,1
116.40005,351.29938,108.63050,1,1,0,0,1
116.42034,351.97189,108.43778,1,1,0,0,1
116.44049,352.31659,108.37705,1,1,0,0,1
116.46026,352.66467,108.34051,1,1,0,0,1
116.48004,353.01447,108.32833,1,1,0,0,1
116.50034,353.36426,108.34058,1,1,0,0,1
116.52053,354.05701,108.43798,1,1,0,0,1
116.54034,354.39661,108.52267,1,0,0,0,1
116.56026,354.72946,108.63083,1,0,0,0,1
116.58044,355.05399,108.76194,1,0,0,0,1
116.60017,355.37851,108.89305,1,0,0,0,1
116.62036,356.02756,109.15527,1,0,0,0,1
116.64050,356.67661,109.41750,1,0,0,0,1
116.66017,357.00113,109.54861,1,0,0,0,1
116.68021,357.32565,109.67972,1,0,0,0,1
116.70019,357.65018,109.81083,1,0,0,0,1
116.72049,358.29922,110.07305,1,0,0,0,1
116.74048,358.62375,110.20416,1,0,0,0,1
116.76015,358.94827,110.33527,1,0,0,0,1
116.78026,359.27280,110.46638,1,0,0,0,1
116.80049,359.59732,110.59750,1,0,0,0,1
116.82027,360.24637,110.85972,1,0,0,0,1
116.84018,360.57089,110.99083,1,0,0,0,1
116.86021,360.89542,111.12194,1,0,0,0,1
116.88054,361.21994,111.25305,1,0,0,0,1
116.90018,361.54446,111.38416,1,0,0,0,1
116.92038,362.19351,111.64639,1,0,0,0,1
116.94052,362.51804,111.77750,1,0,0,0,1
116.96031,362.84256,111.90861,1,0,0,0,1
116.98034,363.49161,112.17083,1,0,0,0,1
117.00006,363.81613,112.30194,1,0,0,0,1
117.02050,364.14066,112.43305,1,0,0,0,1
117.04021,364.78970,112.69527,1,0,1,0,1
117.06045,365.11423,112.82639,1,0,1,0,1
117.08047,365.43875,112.95750,1,0,1,0,1
117.10040,365.77164,113.06563,1,0,1,0,1
117.12048,366.45596,113.21095,1,0,1,0,1
117.14026,366.80405,113.24742,1,0,1,0,1
117.16050,367.15384,113.25950,1,0,1,0,1
117.18020,367.50363,113.24712,1,0,1,0,1
117.20029,367.85168,113.21034,1,0,1,0,1
117.22060,368.53586,113.06443,1,0,1,0,1
117.24015,368.86865,112.95601,1,0,1,0,1
117.26034,369.19305,112.82462,1,0,1,0,1
117.28019,369.50748,112.67089,1,0,1,0,1
117.30035,369.81039,112.49558,1,0,1,0,1
117.32007,370.37589,112.08374,1,0,1,0,1
117.34029,370.63568,111.84922,1,0,1,0,1
117.36009,370.87848,111.59713,1,0,1,0,1
117.38007,371.10309,111.32870,1,0,1,0,1
117.40043,371.30838,111.04523,1,0,1,0,1
117.42010,371.65720,110.43882,1,0,1,0,1
117.44042,371.91812,109.78973,1,0,1,0,1
117.46025,372.01395,109.45310,1,0,1,0,1
117.48036,372.08603,109.11061,1,0,1,0,1
117.50020,372.13403,108.76392,1,0,1,0,1
117.52031,372.15698,108.06472,1,0,0,0,1
117.54007,372.13181,107.71563,1,0,0,0,1
117.56025,372.10663,107.36654,1,0,0,0,1
117.58050,372.08145,107.01745,1,0,0,0,1
117.60036,372.05627,106.66836,1,0,0,0,1
117.62029,372.00592,105.97018,1,0,0,0,1
117.64009,371.98074,105.62109,1,0,0,0,1
117.66024,371.95557,105.27200,1,0,0,0,1
117.68045,371.93039,104.92290,1,0,0,0,1
117.70014,371.90521,104.57381,1,0,0,0,1
117.72044,371.85486,103.87563,1,0,0,0,1
117.74009,371.82968,103.52654,1,0,0,0,1
117.76033,371.80450,103.17745,1,0,0,0,1
117.78004,371.77933,102.82836,1,0,0,0,1
117.80018,371.75415,102.47927,1,0,0,0,1
117.82049,371.70380,101.78109,1,0,0,0,1
117.84043,371.65344,101.08291,1,0,0,0,1
117.86048,371.62827,100.73382,1,0,0,0,1
117.88046,371.60309,100.38473,1,0,0,0,1
117.90020,371.57791,100.03564,1,0,0,0,1
117.92036,371.52756,99.33746,1,0,0,0,1
117.94030,371.50238,98.98837,1,0,0,0,1
117.96004,371.47720,98.63927,1,1,0,0,1
117.98043,371.45203,98.29018,1,1,0,0,1
118.00052,371.45126,97.94019,1,1,0,0,1
118.02033,371.52286,97.24429,1,1,0,0,1
118.04052,371.59485,96.90177,1,1,0,0,1
118.06019,371.69055,96.56511,1,1,0,0,1
118.08041,371.80951,96.23595,1,1,0,0,1
118.10018,371.95114,95.91588,1,1,0,0,1
118.12041,372.29953,95.30922,1,1,0,0,1
118.14006,372.50458,95.02558,1,1,0,0,1
118.16036,372.72891,94.75694,1,1,0,0,1
118.18012,372.97144,94.50459,1,1,0,0,1
118.20052,373.23096,94.26976,1,1,0,0,1
118.22008,373.79590,93.85719,1,1,0,0,1
118.24009,374.41278,93.52724,1,1,0,0,1
118.26008,374.73697,93.39532,1,1,0,0,1
118.28011,375.06958,93.28632,1,1,0,0,1
118.30010,375.40897,93.20079,1,1,0,0,1
118.32016,376.10147,93.10166,1,1,0,0,1
118.34033,376.45123,93.08855,1,1,0,0,1
118.36053,376.80106,93.09985,1,1,0,0,1
118.38043,377.14923,93.13553,1,1,0,0,1
118.40015,377.49408,93.19540,1,1,0,0,1
118.42066,378.16705,93.38644,1,1,0,0,1
118.44076,378.49191,93.51668,1,1,0,0,1
118.46025,378.80692,93.66926,1,1,0,0,1
118.48045,379.11050,93.84344,1,1,0,0,1
118.50042,379.40121,94.03836,1,1,0,0,1
118.52015,379.93835,94.48656,1,1,0,0,1
118.54038,380.18219,94.73765,1,1,0,0,1
118.56019,380.40793,95.00513,1,1,0,0,1
118.58058,380.61444,95.28771,1,1,0,0,1
118.60049,380.80075,95.58400,1,1,0,0,1
118.62034,381.10922,96.21189,1,1,0,0,1
118.64033,381.32733,96.87659,1,0,0,0,1
118.66051,381.40109,97.21873,1,0,0,0,1
118.68024,381.47485,97.56087,1,0,0,0,1
118.70051,381.54861,97.90302,1,0,0,0,1
118.72013,381.69614,98.58730,1,0,0,0,1
118.74027,381.76990,98.92944,1,0,0,0,1
118.76039,381.84366,99.27158,1,0,0,0,1
118.78043,381.91742,99.61372,1,0,0,0,1
118.80027,381.99118,99.95586,1,0,0,0,1
118.82054,382.13870,100.64014,1,0,0,0,1
118.84018,382.21246,100.98228,1,0,0,0,1
118.86030,382.28622,101.32442,1,0,0,0,1
118.88026,382.35999,101.66656,1,0,0,0,1
118.90044,382.43375,102.00870,1,0,0,0,1
118.92012,382.58127,102.69298,1,0,0,0,1
118.94016,382.65503,103.03512,1,0,0,0,1
118.96028,382.72879,103.37726,1,0,0,0,1
118.98057,382.80255,103.71940,1,0,0,0,1
119.00033,382.87631,104.06154,1,0,0,0,1
119.02055,383.02383,104.74582,1,0,0,0,1
119.04038,383.17136,105.43010,1,0,0,0,1
119.06035,383.24512,105.77224,1,0,1,0,1
119.08017,383.31888,106.11438,1,0,1,0,1
119.10035,383.39264,106.45652,1,0,1,0,1
119.12009,383.61084,107.12119,1,0,1,0,1
119.14043,383.75421,107.44048,1,0,1,0,1
119.16013,383.91953,107.74898,1,0,1,0,1
119.18008,384.10599,108.04518,1,0,1,0,1
119.20045,384.31268,108.32764,1,0,1,0,1
119.22027,384.78259,108.84587,1,0,1,0,1
119.24027,384.78259,108.84587,1,0,1,0,1
119.26062,385.32016,109.29358,1,0,1,0,1
119.28048,385.91483,109.66203,1,0,1,0,1
119.30027,386.23001,109.81422,1,0,1,0,1
119.32046,386.55505,109.94402,1,0,1,0,1
119.34018,386.88837,110.05081,1,0,1,0,1
119.36026,387.57327,110.19337,1,0,1,0,1
119.38049,387.92151,110.22845,1,0,1,0,1
119.40033,388.27133,110.23911,1,0,0,0,1
119.42019,388.62106,110.22533,1,0,0,0,1
119.44014,389.31686,110.14897,1,0,0,0,1
119.46024,389.66476,110.11079,1,0,0,0,1
119.48043,390.01266,110.07262,1,0,0,0,1
119.50053,390.36057,110.03444,1,0,0,0,1
119.52034,390.70847,109.95808,1,0,0,0,1
119.54047,391.40427,109.91991,1,0,0,0,1
119.56023,391.75217,109.88173,1,0,0,0,1
119.58039,392.10007,109.84355,1,0,0,0,1
119.60046,392.44797,109.80537,1,0,0,0,1
119.62050,393.14377,109.72902,1,0,0,0,1
119.64006,393.49167,109.69084,1,0,0,0,1
119.66019,393.83957,109.65266,1,0,0,0,1
119.68043,394.18747,109.61449,1,0,0,0,1
119.70050,394.53537,109.57631,1,0,0,0,1
119.72029,394.88327,109.53813,1,0,0,0,1
119.74053,395.57907,109.46178,1,0,0,0,1
119.76048,395.92697,109.42360,1,0,0,0,1
119.78045,396.27487,109.38542,1,0,0,0,1
119.80031,396.97067,109.30907,1,0,0,0,1
119.82045,397.31857,109.27089,1,0,0,0,1
119.84031,398.01437,109.19453,1,1,0,0,1
119.86005,398.36227,109.15636,1,1,0,0,1
119.88033,398.71201,109.14253,1,1,0,0,1
119.90007,399.06186,109.15314,1,1,0,0,1
119.92051,399.41010,109.18811,1,1,0,0,1
119.94036,400.09506,109.33038,1,1,0,0,1
119.96006,400.42844,109.43697,1,1,0,0,1
119.98011,400.75357,109.56656,1,1,0,0,1
120.00012,401.06888,109.71851,1,1,0,0,1
120.02051,401.37280,109.89207,1,1,0,0,1
120.04035,401.94070,110.30057,1,1,0,0,1
120.06008,402.20193,110.53352,1,1,0,0,1
120.08033,402.44626,110.78412,1,1,0,0,1
120.10005,402.67252,111.05115,1,1,0,0,1
120.12051,402.87961,111.33331,1,1,0,0,1
120.14009,403.23233,111.93745,1,1,0,0,1
120.16027,403.37625,112.25648,1,1,0,0,1
120.18013,403.59567,112.92075,1,1,0,0,1
120.20006,403.67014,113.26273,1,1,0,0,1
120.22008,403.72055,113.60909,1,1,0,0,1
120.24020,403.74844,114.30811,1,1,0,0,1
120.26044,403.72577,114.65737,1,1,0,0,1
120.28013,403.67880,115.00420,1,1,0,0,1
120.30049,403.60776,115.34692,1,1,0,0,1
120.32035,403.51300,115.68384,1,1,0,0,1
120.34025,403.25424,116.33379,1,0,0,0,1
120.36049,403.09149,116.64366,1,0,0,0,1
120.38032,402.92874,116.95353,1,0,0,0,1
120.40020,402.76599,117.26340,1,0,0,0,1
120.42026,402.60324,117.57327,1,0,0,0,1
120.44026,402.27774,118.19300,1,0,0,0,1
120.46026,402.11499,118.50287,1,0,0,0,1
120.48025,401.95224,118.81274,1,0,0,0,1
120.50043,401.78949,119.12260,1,0,0,0,1
120.52007,401.62674,119.43247,1,0,0,0,1
120.54018,401.30124,120.05221,1,0,0,0,1
120.56011,401.13849,120.36208,1,0,0,0,1
120.58009,400.81299,120.98181,1,0,0,0,1
120.60037,400.65024,121.29168,1,0,0,0,1
120.62006,400.48749,121.60155,1,0,0,0,1
120.64038,400.16199,122.22128,1,0,0,0,1
120.66020,399.99924,122.53115,1,0,0,0,1
120.68063,399.83649,122.84102,1,0,0,0,1
120.70015,399.67374,123.15089,1,0,0,0,1
120.72042,399.51099,123.46075,1,0,1,0,1
120.74007,399.20755,124.09109,1,0,1,0,1
120.76018,399.08957,124.42062,1,0,1,0,1
120.78019,398.99490,124.75757,1,0,1,0,1
120.80041,398.92398,125.10031,1,0,1,0,1
120.82049,398.87717,125.44717,1,0,1,0,1
120.84032,398.85669,126.14644,1,0,1,0,1
120.86046,398.88312,126.49544,1,0,1,0,1
120.88035,398.93384,126.84174,1,0,1,0,1
120.90039,399.00864,127.18366,1,0,1,0,1
120.92006,399.10712,127.51952,1,0,1,0,1
120.94032,399.37314,128.16655,1,0,1,0,1
120.96049,399.72672,128.77019,1,0,1,0,1
120.98012,399.93423,129.05203,1,0,1,0,1
121.00036,400.16092,129.31870,1,0,1,0,1
121.02010,400.40570,129.56888,1,0,1,0,1
121.04017,400.94458,130.01498,1,0,1,0,1
121.06034,401.23605,130.20874,1,0,1,0,1
121.08004,401.54034,130.38167,1,0,1,0,1
121.10026,401.85599,130.53291,1,0,1,0,1
121.12016,402.18140,130.66176,1,0,1,0,1
121.14037,402.85522,130.84981,1,0,1,0,1
121.16052,403.20035,130.90810,1,0,1,0,1
121.18027,403.54868,130.94214,1,0,0,0,1
121.20043,403.89853,130.95177,1,0,0,0,1
121.22024,404.24823,130.93694,1,0,0,0,1
121.24047,404.94763,130.90727,1,0,0,0,1
121.26036,405.29733,130.89244,1,0,0,0,1
121.28038,405.64703,130.87761,1,0,0,0,1
121.30037,405.99673,130.86278,1,0,0,0,1
121.32014,406.34644,130.84795,1,0,0,0,1
121.34048,407.04584,130.81828,1,0,0,0,1
121.36026,407.74524,130.78862,1,0,0,0,1
121.38039,408.09494,130.77379,1,0,0,0,1
121.40028,408.44464,130.75896,1,0,0,0,1
121.42011,408.79434,130.74413,1,0,0,0,1
121.44033,409.49374,130.71446,1,0,0,0,1
121.46035,409.84344,130.69963,1,0,0,0,1
121.48043,410.19315,130.68480,1,0,0,0,1
121.50020,410.54285,130.66997,1,0,0,0,1
121.52009,410.89255,130.65514,1,0,0,0,1
121.54016,411.59195,130.62547,1,0,0,0,1
121.56047,411.94165,130.61064,1,0,0,0,1
121.58020,412.29135,130.59581,1,0,0,0,1
121.60046,412.64105,130.58098,1,0,0,0,1
121.62052,412.99075,130.56615,1,0,0,0,1
121.64035,413.69016,130.53648,1,0,0,0,1
121.66042,414.03986,130.52165,1,0,0,0,1
121.68026,414.38956,130.50682,1,1,0,0,1
121.70045,414.73926,130.49199,1,1,0,0,1
121.72027,415.08911,130.50159,1,1,0,0,1
121.74033,415.78259,130.59373,1,1,0,0,1
121.76005,416.45651,130.78148,1,1,0,0,1
121.78044,416.78201,130.91013,1,1,0,0,1
121.80016,417.09775,131.06116,1,1,0,0,1
121.82014,417.40219,131.23384,1,1,0,0,1
121.84057,417.97128,131.64070,1,1,0,0,1
121.86019,418.23315,131.87289,1,1,0,0,1
121.88026,418.47821,132.12279,1,1,0,0,1
121.90041,418.70523,132.38916,1,1,0,0,1
121.92025,418.91315,132.67072,1,1,0,0,1
121.94052,419.26761,133.27385,1,1,0,0,1
121.96042,419.41245,133.59248,1,1,0,0,1
121.98010,419.53470,133.92044,1,1,0,0,1
122.00018,419.63379,134.25612,1,1,0,0,1
122.02036,419.70923,134.59789,1,1,0,0,1
122.04045,419.78781,135.29303,1,1,0,0,1
122.06045,419.79056,135.64302,1,1,0,0,1
122.08012,419.76889,135.99236,1,1,0,0,1
122.10011,419.72293,136.33932,1,1,0,0,1
122.12030,419.65286,136.68224,1,0,0,0,1
122.14049,419.46524,137.35661,1,0,0,0,1
122.16036,419.27762,138.03099,1,0,0,0,1
122.18010,419.18381,138.36818,1,0,0,0,1
122.20009,419.09000,138.70537,1,0,0,0,1
122.22022,418.99619,139.04256,1,0,0,0,1
122.24022,418.80856,139.71693,1,0,0,0,1
122.26006,418.71475,140.05412,1,0,0,0,1
122.28017,418.62094,140.39131,1,0,0,0,1
122.30046,418.52713,140.72850,1,0,0,0,1
122.32010,418.43332,141.06569,1,0,0,0,1
122.34038,418.24570,141.74007,1,0,0,0,1
122.36065,418.15189,142.07726,1,0,0,0,1
122.38063,418.05807,142.41444,1,0,0,0,1
122.40007,417.96426,142.75163,1,0,0,0,1
122.42026,417.87045,143.08882,1,0,0,0,1
122.44055,417.68283,143.76320,1,0,0,0,1
122.46024,417.58902,144.10039,1,0,0,0,1
122.48034,417.49521,144.43758,1,0,0,0,1
122.50009,417.40140,144.77477,1,0,0,0,1
122.52019,417.30759,145.11195,1,0,0,0,1
122.54022,417.11996,145.78633,1,0,0,0,1
122.56010,417.02615,146.12352,1,0,0,0,1
122.58020,416.83853,146.79790,1,0,0,0,1
122.60034,416.74472,147.13509,1,0,0,0,1
122.62037,416.65091,147.47227,1,0,0,0,1
122.64038,416.46329,148.14665,1,0,1,0,1
122.66044,416.39325,148.48958,1,0,1,0,1
122.68049,416.34735,148.83655,1,0,1,0,1
122.70031,416.32578,149.18588,1,0,1,0,1
122.72032,416.32867,149.53587,1,0,1,0,1
122.74019,416.40762,150.23099,1,0,1,0,1
122.76032,416.48331,150.57271,1,0,1,0,1
122.78009,416.58264,150.90831,1,0,1,0,1
122.80031,416.70520,151.23616,1,0,1,0,1
122.82023,416.85034,151.55464,1,0,1,0,1
122.84033,417.20547,152.15738,1,0,1,0,1
122.86052,417.41373,152.43867,1,0,1,0,1
122.88020,417.64111,152.70474,1,0,1,0,1
122.90037,417.88654,152.95428,1,0,1,0,1
122.92009,418.14877,153.18608,1,0,1,0,1
122.94037,418.71857,153.59200,1,0,1,0,1
122.96006,419.33932,153.91457,1,0,1,0,1
122.98029,419.66507,154.04256,1,0,1,0,1
123.00053,419.99896,154.14749,1,0,0,0,1
123.02035,420.33939,154.22885,1,0,0,0,1
123.04015,421.02994,154.34363,1,0,0,0,1
123.06046,421.37521,154.40102,1,0,0,0,1
123.08007,421.72049,154.45840,1,0,0,0,1
123.10017,422.06577,154.51579,1,0,0,0,1
123.12039,422.41104,154.57318,1,0,0,0,1
123.14044,423.10159,154.68796,1,0,0,0,1
123.16013,423.44687,154.74535,1,0,0,0,1
123.18042,423.79214,154.80273,1,0,0,0,1
123.20006,424.13742,154.86012,1,0,0,0,1
123.22045,424.48270,154.91751,1,0,0,0,1
123.24032,425.17325,155.03229,1,0,0,0,1
123.26040,425.51852,155.08968,1,0,0,0,1
123.28046,425.86380,155.14706,1,0,0,0,1
123.30044,426.20908,155.20445,1,0,0,0,1
123.32013,426.55435,155.26184,1,0,0,0,1
123.34040,427.24490,155.37662,1,0,0,0,1
123.36016,427.93546,155.49139,1,0,0,0,1
123.38036,428.28073,155.54878,1,0,0,0,1
123.40032,428.62601,155.60617,1,0,0,0,1
123.42033,428.97128,155.66356,1,0,0,0,1
123.44008,429.31656,155.72095,1,0,0,0,1
123.46009,430.00711,155.83572,1,1,0,0,1
123.48030,430.35239,155.89311,1,1,0,0,1
123.50037,430.69281,155.97444,1,1,0,0,1
123.52040,431.02673,156.07932,1,1,0,0,1
123.54032,431.66861,156.35753,1,1,0,0,1
123.56008,431.97345,156.52951,1,1,0,0,1
123.58012,432.26553,156.72234,1,1,0,0,1
123.60037,432.54346,156.93506,1,1,0,0,1
123.62032,432.80588,157.16666,1,1,0,0,1
123.64024,433.27914,157.68184,1,1,0,0,1
123.66040,433.48770,157.96292,1,1,0,0,1
123.68033,433.84357,158.56523,1,1,0,0,1
123.70049,433.98914,158.88353,1,1,0,0,1
123.72042,434.11215,159.21120,1,1,0,0,1
123.74018,434.21201,159.54665,1,1,0,0,1
123.76042,434.34045,160.23433,1,1,0,0,1
123.78040,434.36841,160.58321,1,1,0,0,1
123.80013,434.37198,160.93318,1,1,0,0,1
123.82039,434.35110,161.28256,1,1,0,0,1
123.84053,434.23666,161.97272,1,1,0,0,1
123.86015,434.14365,162.31013,1,1,0,0,1
123.88038,434.02731,162.64024,1,1,0,0,1
123.90007,433.88824,162.96143,1,1,0,0,1
123.92019,433.72711,163.27213,1,0,0,0,1
123.94025,433.54471,163.57083,1,0,0,0,1
123.96019,433.13913,164.14136,1,0,0,0,1
123.98037,432.93634,164.42662,1,0,0,0,1
124.00045,432.73355,164.71188,1,0,0,0,1
124.02033,432.53076,164.99715,1,0,0,0,1
124.04035,432.32797,165.28241,1,0,0,0,1
124.06054,431.92239,165.85294,1,0,0,0,1
124.08029,431.71960,166.13820,1,0,0,0,1
124.10014,431.51682,166.42346,1,0,0,0,1
124.12020,431.11124,166.99399,1,0,0,0,1
124.14031,430.90845,167.27925,1,0,0,0,1
124.16006,430.70566,167.56451,1,0,0,0,1
124.18024,430.30008,168.13504,1,0,0,0,1
124.20047,430.09729,168.42030,1,0,0,0,1
124.22019,429.89450,168.70557,1,0,0,0,1
124.24029,429.69171,168.99083,1,0,0,0,1
124.26047,429.28613,169.56136,1,0,0,0,1
124.28021,429.08334,169.84662,1,0,0,0,1
124.30049,428.88055,170.13188,1,0,0,0,1
124.32041,428.67776,170.41714,1,0,0,0,1
124.34051,428.47498,170.70241,1,0,0,0,1
124.36034,428.06940,171.27293,1,0,0,0,1
124.38033,427.86661,171.55820,1,0,0,0,1
124.40022,427.66382,171.84346,1,0,0,0,1
124.42058,427.46103,172.12872,1,0,0,0,1
124.44012,427.25824,172.41399,1,0,0,0,1
124.46017,426.85266,172.98451,1,0,0,0,1
124.48035,426.64987,173.26978,1,0,0,0,1
124.50012,426.24429,173.84030,1,0,0,0,1
124.52043,426.04150,174.12556,1,0,0,0,1
124.54010,425.83871,174.41083,1,0,0,0,1
124.56042,425.43314,174.98135,1,0,0,0,1
124.58026,425.23035,175.26662,1,0,0,0,1
124.60042,425.02756,175.55188,1,0,0,0,1
124.62010,424.82477,175.83714,1,0,0,0,1
124.64035,424.62198,176.12241,1,0,0,0,1
124.66037,424.21640,176.69293,1,0,0,0,1
124.68046,424.01361,176.97820,1,0,0,0,1
124.70015,423.81082,177.26346,1,0,1,0,1
124.72013,423.60803,177.54872,1,0,1,0,1
124.74039,423.42566,177.84744,1,0,1,0,1
124.76032,423.12561,178.47940,1,0,1,0,1
124.78037,423.00940,178.80954,1,0,1,0,1
124.80037,422.91653,179.14699,1,0,1,0,1
124.82046,422.84747,179.49011,1,0,1,0,1
124.84050,422.80252,179.83722,1,0,1,0,1
124.86049,422.78577,180.53659,1,0,1,0,1
124.88042,422.81406,180.88545,1,0,1,0,1
124.90039,422.94327,181.57298,1,0,1,0,1
124.92006,423.04355,181.90831,1,0,1,0,1
124.94040,423.16699,182.23581,1,0,1,0,1
124.96007,423.48090,182.86101,1,0,1,0,1
124.98033,423.66980,183.15564,1,0,1,0,1
125.00025,423.87885,183.43636,1,0,1,0,1
125.02048,424.10696,183.70180,1,0,1,0,1
125.04048,424.35306,183.95065,1,0,1,0,1
125.06026,424.89432,184.39386,1,0,1,0,1
125.08049,425.18683,184.58604,1,0,1,0,1
125.10022,425.49207,184.75732,1,0,0,0,1
125.12052,425.80850,184.90688,1,0,0,0,1
125.14038,426.13461,185.03397,1,0,0,0,1
125.16007,426.78683,185.28815,1,0,0,0,1
125.18012,427.11295,185.41524,1,0,0,0,1
125.20025,427.43906,185.54233,1,0,0,0,1
125.22020,427.76517,185.66942,1,0,0,0,1
125.24041,428.09128,185.79651,1,0,0,0,1
125.26014,428.74350,186.05069,1,0,0,0,1
125.28009,429.39572,186.30487,1,0,0,0,1
125.30032,429.72183,186.43196,1,0,0,0,1
125.32042,430.04794,186.55905,1,0,0,0,1
125.34033,430.37405,186.68614,1,0,0,0,1
125.36050,431.02628,186.94032,1,0,0,0,1
125.38021,431.35239,187.06741,1,0,0,0,1
125.40037,431.67850,187.19450,1,0,0,0,1
125.42008,432.00461,187.32159,1,0,0,0,1
125.44046,432.33072,187.44868,1,0,0,0,1
125.46009,432.98294,187.70287,1,0,0,0,1
125.48033,433.30905,187.82996,1,0,0,0,1
125.50033,433.63516,187.95705,1,0,0,0,1
125.52018,433.96127,188.08414,1,1,0,0,1
125.54049,434.28738,188.21123,1,1,0,0,1
125.56016,434.92996,188.48784,1,1,0,0,1
125.58048,435.23523,188.65907,1,1,0,0,1
125.60017,435.52780,188.85117,1,1,0,0,1
125.62028,435.80627,189.06320,1,1,0,0,1
125.64017,436.06927,189.29414,1,1,0,0,1
125.66024,436.54382,189.80815,1,1,0,0,1
125.68005,436.94226,190.38318,1,1,0,0,1
125.70025,437.11044,190.69012,1,1,0,0,1
125.72052,437.25681,191.00806,1,1,0,0,1
125.74032,437.38065,191.33542,1,1,0,0,1
125.76050,437.55844,192.01202,1,1,0,0,1
125.78005,437.61151,192.35797,1,1,0,0,1
125.80043,437.64035,192.70679,1,1,0,0,1
125.82013,437.64478,193.05676,1,1,0,0,1
125.84035,437.62479,193.40619,1,1,0,0,1
125.86055,437.51205,194.09662,1,1,0,0,1
125.88035,437.41986,194.43427,1,1,0,0,1
125.90021,437.30435,194.76465,1,1,0,0,1
125.92029,437.16608,195.08618,1,1,0,0,1
125.94044,437.00574,195.39729,1,1,0,0,1
125.96011,436.62198,195.98222,1,1,0,0,1
125.98026,436.40045,196.25320,1,1,0,0,1
126.00015,436.16058,196.50807,1,1,0,0,1
126.02047,435.90350,196.74559,1,0,0,0,1
126.04012,435.63049,196.96460,1,0,0,0,1
126.06038,435.05524,197.36349,1,0,0,0,1
126.08020,434.47998,197.76239,1,0,0,0,1
126.10023,434.19235,197.96184,1,0,0,0,1
126.12030,433.90472,198.16129,1,0,0,0,1
126.14040,433.61710,198.36073,1,0,0,0,1
126.16011,433.04184,198.75963,1,0,0,0,1
126.18026,432.75421,198.95908,1,0,0,0,1
126.20022,432.46658,199.15852,1,0,0,0,1
126.22017,432.17896,199.35797,1,0,0,0,1
126.24033,431.89133,199.55742,1,0,0,0,1
126.26025,431.31607,199.95631,1,0,0,0,1
126.28009,431.02844,200.15576,1,0,0,0,1
126.30007,430.74081,200.35521,1,0,0,0,1
126.32031,430.45319,200.55466,1,0,0,0,1
126.34025,430.16556,200.75410,1,0,0,0,1
126.36012,429.59030,201.15300,1,0,0,0,1
126.38037,429.30267,201.35245,1,0,0,0,1
126.40036,428.72742,201.75134,1,0,1,0,1
126.42071,428.43979,201.95079,1,0,1,0,1
126.44027,428.15216,202.15024,1,0,1,0,1
126.46005,427.87918,202.36928,1,0,1,0,1
126.48019,427.38235,202.86179,1,0,1,0,1
126.50020,427.16095,203.13284,1,0,1,0,1
126.52025,426.95901,203.41870,1,0,1,0,1
126.54047,426.77753,203.71797,1,0,1,0,1
126.56049,426.47934,204.35083,1,0,1,0,1
126.58020,426.36411,204.68132,1,0,1,0,1
126.60053,426.27225,205.01904,1,0,1,0,1
126.62038,426.20419,205.36237,1,0,1,0,1
126.64032,426.16028,205.70959,1,0,1,0,1
126.66043,426.14563,206.40901,1,0,1,0,1
126.68022,426.17496,206.75778,1,0,1,0,1
126.70035,426.22858,207.10365,1,0,1,0,1
126.72009,426.30621,207.44493,1,0,1,0,1
126.74037,426.40750,207.77995,1,0,1,0,1
126.76006,426.67889,208.42473,1,0,1,0,1
126.78025,426.84769,208.73134,1,0,1,0,1
126.80062,427.03748,209.02541,1,0,1,0,1
126.82043,427.24734,209.30551,1,0,1,0,1
126.84016,427.47626,209.57027,1,0,1,0,1
126.86031,427.98669,210.04868,1,0,1,0,1
126.88035,428.55881,210.45131,1,0,1,0,1
126.90030,428.86453,210.62169,1,0,0,0,1
126.92012,429.18143,210.77029,1,0,0,0,1
126.94026,429.49832,210.91890,1,0,0,0,1
126.96026,430.13211,211.21611,1,0,0,0,1
126.98034,430.44901,211.36472,1,0,0,0,1
127.00033,430.76590,211.51332,1,0,0,0,1
127.02032,431.08279,211.66193,1,0,0,0,1
127.04033,431.39969,211.81053,1,0,0,0,1
127.06049,432.03348,212.10774,1,0,0,0,1
127.08029,432.35037,212.25635,1,0,0,0,1
127.10018,432.66727,212.40495,1,0,0,0,1
127.12051,432.98416,212.55356,1,0,0,0,1
127.14032,433.30106,212.70216,1,0,0,0,1
127.16040,433.93484,212.99937,1,0,0,0,1
127.18048,434.25174,213.14798,1,0,0,0,1
127.20017,434.56863,213.29659,1,0,0,0,1
127.22037,435.20242,213.59380,1,0,0,0,1
127.24057,435.51932,213.74240,1,0,0,0,1
127.26020,435.83621,213.89101,1,0,0,0,1
127.28039,436.47000,214.18822,1,0,0,0,1
127.30005,436.78690,214.33682,1,0,0,0,1
127.32054,437.10379,214.48543,1,0,0,0,1
127.34022,437.42068,214.63403,1,1,0,0,1
127.36045,438.04333,214.95299,1,1,0,0,1
127.38019,438.33646,215.14424,1,1,0,0,1
127.40045,438.61554,215.35547,1,1,0,0,1
127.42014,438.87921,215.58565,1,1,0,0,1
127.44040,439.12619,215.83366,1,1,0,0,1
127.46042,439.56531,216.37825,1,1,0,0,1
127.48029,439.56531,216.37825,1,1,0,0,1
127.50043,439.92441,216.97864,1,1,0,0,1
127.52038,440.19647,217.62315,1,1,0,0,1
127.54007,440.29813,217.95807,1,1,0,0,1
127.56034,440.37619,218.29926,1,1,0,0,1
127.58053,440.43027,218.64505,1,1,0,0,1
127.60023,440.46552,219.34373,1,1,0,0,1
127.62029,440.44653,219.69322,1,1,0,0,1
127.64051,440.40323,220.04053,1,1,0,0,1
127.66031,440.33582,220.38397,1,1,0,0,1
127.68039,440.13004,221.05260,1,1,0,0,1
127.70012,439.99271,221.37453,1,1,0,0,1
127.72031,439.83325,221.68610,1,1,0,0,1
127.74024,439.65247,221.98578,1,1,0,0,1
127.76042,439.23047,222.54375,1,1,0,0,1
127.78033,438.99133,222.79930,1,1,0,0,1
127.80040,438.73495,223.03757,1,1,0,0,1
127.82008,438.46259,223.25737,1,1,0,0,1
127.84043,438.17554,223.45764,1,1,0,0,1
127.86013,437.87521,223.63741,1,1,0,0,1
127.88027,437.24072,223.93202,1,1,0,0,1
127.90010,436.90961,224.04544,1,0,0,0,1
127.92045,436.57138,224.13548,1,0,0,0,1
127.94014,436.22769,224.20172,1,0,0,0,1
127.96031,435.88400,224.26796,1,0,0,0,1
127.98035,435.19662,224.40044,1,0,0,0,1
128.00017,434.85294,224.46667,1,0,0,0,1
128.02031,434.16556,224.59915,1,0,0,0,1
128.04049,433.82187,224.66539,1,0,0,0,1
128.06010,433.47818,224.73163,1,0,0,0,1
128.08032,432.79080,224.86411,1,0,0,0,1
128.10033,432.44711,224.93034,1,0,0,0,1
128.12027,432.10342,224.99658,1,0,0,0,1
128.14045,431.75974,225.06282,1,0,0,0,1
128.16026,431.41605,225.12906,1,0,0,0,1
128.18038,430.72867,225.26154,1,0,0,0,1
128.20011,430.38498,225.32777,1,0,0,0,1
128.22048,430.04129,225.39401,1,0,0,0,1
128.24034,429.35391,225.52649,1,0,0,0,1
128.26037,429.01022,225.59273,1,0,0,0,1
128.28005,428.66653,225.65897,1,0,0,0,1
128.30021,428.32285,225.72520,0,0,0,0,1
128.32053,427.97916,225.79144,0,0,0,0,1
128.34017,427.97916,225.79144,0,0,0,0,1
128.36053,427.97916,225.79144,0,0,0,0,1
128.38012,427.97916,225.79144,0,0,0,0,1
128.40037,427.97916,225.79144,0,0,0,0,1
128.42052,427.97916,225.79144,0,0,0,0,1
128.44020,427.97916,225.79144,0,0,0,0,1
128.46039,427.97916,225.79144,0,0,0,0,1
128.48011,427.97916,225.79144,0,0,0,0,1
128.50035,427.97916,225.79144,0,0,0,0,1
128.52041,427.97916,225.79144,0,0,0,0,1
128.54059,427.97916,225.79144,0,0,0,0,1
128.56041,427.97916,225.79144,0,0,0,0,1
128.58005,427.97916,225.79144,0,0,0,0,1
128.60015,427.97916,225.79144,0,0,0,0,1
128.62016,427.97916,225.79144,0,0,0,0,1
128.64031,427.97916,225.79144,0,0,0,0,1
128.66020,427.97916,225.79144,0,0,0,0,1
128.68029,427.97916,225.79144,0,0,0,0,1
128.70029,427.97916,225.79144,0,0,0,0,1
128.72003,427.97916,225.79144,0,0,0,0,1
128.74011,427.97916,225.79144,0,0,0,0,1
128.76013,427.97916,225.79144,0,0,0,0,1
128.78037,427.97916,225.79144,0,0,0,0,1
128.80011,427.97916,225.79144,0,0,0,0,1
128.82040,427.97916,225.79144,0,0,0,0,1
128.84048,427.97916,225.79144,0,0,0,0,1
128.86012,427.97916,225.79144,0,0,0,0,1
128.88047,427.97916,225.79144,0,0,0,0,1
128.90048,427.97916,225.79144,0,0,0,0,1
128.92034,427.97916,225.79144,0,0,0,0,1
128.94040,427.97916,225.79144,0,0,0,0,1
128.96007,427.97916,225.79144,0,0,0,0,1
128.98049,427.97916,225.79144,0,0,0,0,1
129.00019,427.97916,225.79144,0,0,0,0,1
129.02042,427.97916,225.79144,0,0,0,0,1
129.04004,427.97916,225.79144,0,0,0,0,1
129.06051,427.97916,225.79144,0,0,0,0,1
129.08054,427.97916,225.79144,0,0,0,0,1
129.10054,427.97916,225.79144,0,0,0,0,1
129.12026,427.97916,225.79144,0,0,0,0,1
129.14027,427.97916,225.79144,0,0,0,0,1
129.16038,427.97916,225.79144,0,0,0,0,1
129.18008,427.97916,225.79144,0,0,0,0,1
129.20007,427.97916,225.79144,0,0,0,0,1
129.22012,427.97916,225.79144,0,0,0,0,1
129.24026,427.97916,225.79144,0,0,0,0,1
129.26025,427.97916,225.79144,0,0,0,0,1
129.28029,427.97916,225.79144,0,0,0,0,1
129.30054,427.97916,225.79144,0,0,0,0,1
129.32018,427.97916,225.79144,0,1,0,0,1
129.34029,427.97916,225.79144,0,1,0,0,1
129.36045,427.97916,225.79144,0,1,0,0,1
129.38018,427.97916,225.79144,0,1,0,0,1
129.40028,427.97916,225.79144,0,1,0,0,1
129.42029,427.97916,225.79144,0,1,0,0,1
129.44036,427.97916,225.79144,0,1,0,0,1
129.46019,427.97916,225.79144,0,0,0,0,1
129.48029,427.97916,225.79144,0,0,0,0,1
129.50029,427.97916,225.79144,0,0,0,0,1
129.52047,427.97916,225.79144,0,0,0,0,1
129.54014,427.97916,225.79144,0,0,0,0,1
129.56021,427.97916,225.79144,0,0,0,0,1
129.58029,427.97916,225.79144,0,0,0,0,1
129.60047,427.97916,225.79144,0,0,0,0,1
129.62024,427.97916,225.79144,0,0,0,0,1
129.64023,427.97916,225.79144,0,0,0,0,1
129.66046,427.97916,225.79144,0,0,0,0,1
129.68029,427.97916,225.79144,0,0,0,0,1
129.70009,427.97916,225.79144,0,0,0,0,1
129.72004,427.97916,225.79144,0,0,0,0,1
129.74010,427.97916,225.79144,0,0,0,0,1
129.76008,427.97916,225.79144,0,0,0,0,1
129.78039,427.97916,225.79144,0,0,0,0,1
129.80017,427.97916,225.79144,0,0,0,0,1
129.82034,427.97916,225.79144,0,0,0,0,1
129.84010,427.97916,225.79144,0,0,0,0,1
129.86062,427.97916,225.79144,0,0,0,0,1
129.88023,427.97916,225.79144,0,0,0,0,1
129.90015,427.97916,225.79144,0,0,0,0,1
129.92023,427.97916,225.79144,0,0,0,0,1
129.94015,427.97916,225.79144,0,0,0,0,1
129.96004,427.97916,225.79144,0,0,0,0,1
129.98026,427.97916,225.79144,0,0,0,0,1
130.00039,427.97916,225.79144,0,0,0,0,1
130.02012,427.97916,225.79144,0,0,0,0,1
130.04038,427.97916,225.79144,0,0,0,0,1
130.06039,427.97916,225.79144,0,0,0,0,1
130.08049,427.97916,225.79144,0,0,0,0,1
130.10037,427.97916,225.79144,0,0,0,0,1
130.12024,427.97916,225.79144,0,0,0,0,1
130.14034,427.97916,225.79144,0,0,0,0,1
130.16006,427.97916,225.79144,0,0,0,0,1
130.18027,427.97916,225.79144,0,0,0,0,1
130.20049,427.97916,225.79144,0,0,0,0,1
130.22029,427.97916,225.79144,0,0,0,0,1
130.24029,427.97916,225.79144,0,0,0,0,1
130.26045,427.97916,225.79144,0,0,0,0,1
130.28013,427.97916,225.79144,0,0,0,0,1
130.30032,427.97916,225.79144,0,0,0,0,1
130.32041,427.97916,225.79144,0,0,0,0,1
130.34038,427.97916,225.79144,0,0,0,0,1
130.36045,427.97916,225.79144,0,0,0,0,1
130.38021,427.97916,225.79144,0,0,0,0,1
130.40047,427.97916,225.79144,0,0,0,0,1
130.42034,427.97916,225.79144,0,0,0,0,1
130.44020,427.97916,225.79144,0,0,0,0,1
130.46046,427.97916,225.79144,0,0,0,0,1
130.48035,427.97916,225.79144,0,0,0,0,1
130.50017,427.97916,225.79144,0,0,0,0,1
130.52032,427.97916,225.79144,0,0,0,0,1
130.54051,427.97916,225.79144,0,0,0,0,1
130.56053,427.97916,225.79144,0,0,0,0,1
130.58046,427.97916,225.79144,0,0,0,0,1
130.60049,427.97916,225.79144,0,0,0,0,1
130.62012,427.97916,225.79144,0,0,0,0,1
130.64044,427.97916,225.79144,0,0,0,0,1
130.66012,427.97916,225.79144,0,0,0,0,1
130.68036,427.97916,225.79144,0,0,0,0,1
130.70004,427.97916,225.79144,0,0,0,0,1
130.72007,427.97916,225.79144,0,0,0,0,1
130.74016,427.97916,225.79144,0,0,0,0,1
130.76023,427.97916,225.79144,0,0,0,0,1
130.78047,427.97916,225.79144,0,0,0,0,1
130.80008,427.97916,225.79144,0,0,0,0,1
130.82009,427.97916,225.79144,0,0,0,0,1
130.84012,427.97916,225.79144,0,0,0,0,1
130.86014,427.97916,225.79144,0,0,0,0,1
130.88051,427.97916,225.79144,0,0,0,0,1
130.90024,427.97916,225.79144,0,0,0,0,1
130.92020,427.97916,225.79144,0,0,0,0,1
130.94034,427.97916,225.79144,0,0,0,0,1
130.96005,427.97916,225.79144,0,0,0,0,1
130.98053,427.97916,225.79144,0,0,0,0,1
131.00022,427.97916,225.79144,0,0,0,0,1
131.02048,427.97916,225.79144,0,0,0,0,1
131.04037,427.97916,225.79144,0,0,0,0,1
131.06043,427.97916,225.79144,0,0,0,0,1
131.08005,427.97916,225.79144,0,0,0,0,1
131.10058,427.97916,225.79144,0,0,0,0,1
131.12037,427.97916,225.79144,0,0,0,0,1
131.14039,427.97916,225.79144,0,0,0,0,1
131.16019,427.97916,225.79144,0,0,0,0,1
131.18026,427.97916,225.79144,0,0,0,0,1
131.20015,427.97916,225.79144,0,0,0,0,1
131.22029,427.97916,225.79144,0,0,0,0,1
131.24007,427.97916,225.79144,0,0,0,0,1
131.26039,427.97916,225.79144,0,0,0,0,1
131.28046,427.97916,225.79144,0,0,0,0,1
131.30054,427.97916,225.79144,0,0,0,0,1
131.32025,427.97916,225.79144,0,0,0,0,1
131.34045,427.97916,225.79144,0,0,0,0,1
131.36008,427.97916,225.79144,0,0,0,0,1
131.38008,427.97916,225.79144,0,0,0,0,1
131.40017,427.97916,225.79144,0,0,0,0,1
131.42027,427.97916,225.79144,0,0,0,0,1
131.44029,427.97916,225.79144,0,0,0,0,1
131.46044,427.97916,225.79144,0,0,0,0,1
131.48050,427.97916,225.79144,0,0,0,0,1
131.50029,427.97916,225.79144,0,0,0,0,1
131.52055,427.97916,225.79144,0,0,0,0,1
131.54019,427.97916,225.79144,0,0,0,0,1
131.56017,427.97916,225.79144,0,0,0,0,1
131.58055,427.97916,225.79144,0,0,0,0,1
131.60058,427.97916,225.79144,0,0,0,0,1
131.62047,427.97916,225.79144,0,0,0,0,1
131.64023,427.97916,225.79144,0,0,0,0,1
131.66019,427.97916,225.79144,0,0,0,0,1
131.68004,427.97916,225.79144,0,0,0,0,1
131.70029,427.97916,225.79144,0,0,0,0,1
131.72013,427.97916,225.79144,0,0,0,0,1
131.74040,427.97916,225.79144,0,0,0,0,1
131.76006,427.97916,225.79144,0,0,0,0,1
131.78044,427.97916,225.79144,0,0,0,0,1
131.80032,427.97916,225.79144,0,0,0,0,1
131.82023,427.97916,225.79144,0,0,0,0,1
131.84038,427.97916,225.79144,0,0,0,0,1
131.86035,427.97916,225.79144,0,0,0,0,1
131.88051,427.97916,225.79144,0,0,0,0,1
131.90036,427.97916,225.79144,0,0,0,0,1
131.92033,427.97916,225.79144,0,0,0,0,1
131.94054,427.97916,225.79144,0,0,0,0,1
131.96020,427.97916,225.79144,0,0,0,0,1
131.98037,427.97916,225.79144,0,0,0,0,1
132.00008,427.97916,225.79144,0,0,0,0,1
132.02027,427.97916,225.79144,0,0,0,0,1
132.04045,427.97916,225.79144,0,0,0,0,1
132.06016,427.97916,225.79144,0,0,0,0,1
132.08046,427.97916,225.79144,0,0,0,0,1
132.10009,427.97916,225.79144,0,0,0,0,1
132.12006,427.97916,225.79144,0,0,0,0,1
132.14027,427.97916,225.79144,0,0,0,0,1
132.16047,427.97916,225.79144,0,0,0,0,1
132.18011,427.97916,225.79144,0,0,0,0,1
132.20060,427.97916,225.79144,0,0,0,0,1
132.22029,427.97916,225.79144,0,0,0,0,1
132.24050,427.97916,225.79144,0,0,0,0,1
132.26051,427.97916,225.79144,0,0,0,0,1
132.28004,427.97916,225.79144,0,0,0,0,1
132.30047,427.97916,225.79144,0,0,0,0,1
132.32059,427.97916,225.79144,0,0,0,0,1
132.34045,427.97916,225.79144,0,0,0,0,1
132.36052,427.97916,225.79144,0,0,0,0,1
132.38054,427.97916,225.79144,0,0,0,0,1
132.40034,427.97916,225.79144,0,0,0,0,1
132.42022,427.97916,225.79144,0,0,0,0,1
132.44048,427.97916,225.79144,0,0,0,0,1
132.46017,427.97916,225.79144,0,0,0,0,1
132.48027,427.97916,225.79144,0,0,0,0,1
132.50037,427.97916,225.79144,0,0,0,0,1
132.52037,427.97916,225.79144,0,0,0,0,1
132.54004,427.97916,225.79144,0,0,0,0,1
132.56031,427.97916,225.79144,0,0,0,0,1
132.58009,427.97916,225.79144,0,0,0,0,1
132.60044,427.97916,225.79144,0,0,0,0,1
132.62037,427.97916,225.79144,0,0,0,0,1
132.64035,427.97916,225.79144,0,0,0,0,1
132.66041,427.97916,225.79144,0,0,0,0,1
132.68006,427.97916,225.79144,0,0,0,0,1
132.70027,427.97916,225.79144,0,0,0,0,1
132.72011,427.97916,225.79144,0,0,0,0,1
132.74029,427.97916,225.79144,0,0,0,0,1
132.76053,427.97916,225.79144,0,0,0,0,1
132.78017,427.97916,225.79144,0,0,0,0,1
132.80013,427.97916,225.79144,0,0,0,0,1
132.82027,427.97916,225.79144,0,0,0,0,1
132.84023,427.97916,225.79144,0,0,0,0,1
132.86053,427.97916,225.79144,0,0,0,0,1
132.88022,427.97916,225.79144,0,0,0,0,1
132.90037,427.97916,225.79144,0,0,0,0,1
132.92006,427.97916,225.79144,0,0,0,0,1
132.94021,427.97916,225.79144,0,0,0,0,1
132.96034,427.97916,225.79144,0,0,0,0,1
132.98047,427.97916,225.79144,0,0,0,0,1
133.00009,427.97916,225.79144,0,0,0,0,1
133.02026,427.97916,225.79144,0,0,0,0,1
133.04057,427.97916,225.79144,0,0,0,0,1
133.06012,427.97916,225.79144,0,0,0,0,1
133.08055,427.97916,225.79144,0,0,0,0,1
133.10019,427.97916,225.79144,0,0,0,0,1
133.12022,427.97916,225.79144,0,0,0,0,1
133.14004,427.97916,225.79144,0,0,0,0,1
133.16030,427.97916,225.79144,0,0,0,0,1
133.18039,427.97916,225.79144,0,0,0,0,1
133.20023,427.97916,225.79144,0,0,0,0,1
133.22019,427.97916,225.79144,0,0,0,0,1
133.24054,427.97916,225.79144,0,0,0,0,1
133.26024,427.97916,225.79144,0,0,0,0,1
133.28025,427.97916,225.79144,0,0,0,0,1
133.30035,427.97916,225.79144,0,0,0,0,1
133.32005,427.97916,225.79144,0,0,0,0,1
133.34049,427.97916,225.79144,0,0,0,0,1
133.36019,427.97916,225.79144,0,0,0,0,1
133.38028,427.97916,225.79144,0,0,0,0,1
133.40039,427.97916,225.79144,0,0,0,0,1
133.42039,427.97916,225.79144,0,0,0,0,1
133.44011,427.97916,225.79144,0,0,0,0,1
133.46021,427.97916,225.79144,0,0,0,0,1
133.48022,427.97916,225.79144,0,0,0,0,1
133.50024,427.97916,225.79144,0,0,0,0,1
133.52028,427.97916,225.79144,0,0,0,0,1
133.54029,427.97916,225.79144,0,0,0,0,1
133.56036,427.97916,225.79144,0,0,0,0,1
133.58027,427.97916,225.79144,0,0,0,0,1
133.60036,427.97916,225.79144,0,0,0,0,1
133.62038,427.97916,225.79144,0,0,0,0,1
133.64004,427.97916,225.79144,0,0,0,0,1
133.66023,427.97916,225.79144,0,0,0,0,1
133.68013,427.97916,225.79144,0,0,0,0,1
133.70011,427.97916,225.79144,0,0,0,0,1
133.72020,427.97916,225.79144,0,0,0,0,1
133.74042,427.97916,225.79144,0,0,0,0,1
133.76030,427.97916,225.79144,0,0,0,0,1
133.78052,427.97916,225.79144,0,0,0,0,1
133.80024,427.97916,225.79144,0,0,0,0,1
133.82043,427.97916,225.79144,0,0,0,0,1
133.84049,427.97916,225.79144,0,0,0,0,1
133.86013,427.97916,225.79144,0,0,0,0,1
133.88051,427.97916,225.79144,0,0,0,0,1
133.90038,427.97916,225.79144,0,0,0,0,1
133.92032,427.97916,225.79144,0,0,0,0,1
133.94021,427.97916,225.79144,0,0,0,0,1
133.96049,427.97916,225.79144,0,0,0,0,1
133.98027,427.97916,225.79144,0,0,0,0,1
134.00032,427.97916,225.79144,0,0,0,0,1
134.02039,427.97916,225.79144,0,0,0,0,1
134.04040,427.97916,225.79144,0,0,0,0,1
134.06031,427.97916,225.79144,0,0,0,0,1
134.08049,427.97916,225.79144,0,0,0,0,1
134.10031,427.97916,225.79144,0,0,0,0,1
134.12048,427.97916,225.79144,0,0,0,0,1
134.14006,427.97916,225.79144,0,0,0,0,1
134.16010,427.97916,225.79144,0,0,0,0,1
134.18030,427.97916,225.79144,0,0,0,0,1
134.20004,427.97916,225.79144,0,0,0,0,1
134.22027,427.97916,225.79144,0,0,0,0,1
134.24042,427.97916,225.79144,0,0,0,0,1
134.26045,427.97916,225.79144,0,0,0,0,1
134.28066,427.97916,225.79144,0,0,0,0,1
134.30026,427.97916,225.79144,0,0,0,0,1
134.32029,427.97916,225.79144,0,0,0,0,1
134.34033,427.97916,225.79144,0,0,0,0,1
134.36024,427.97916,225.79144,0,0,0,0,1
134.38047,427.97916,225.79144,0,0,0,0,1
134.40036,427.97916,225.79144,0,0,0,0,1
134.42040,427.97916,225.79144,0,0,0,0,1
134.44008,427.97916,225.79144,0,0,0,0,1
134.46041,427.97916,225.79144,0,0,0,0,1
134.48054,427.97916,225.79144,0,0,0,0,1
134.50046,427.97916,225.79144,0,0,0,0,1
134.52026,427.97916,225.79144,0,0,0,0,1
134.54008,427.97916,225.79144,0,0,0,0,1
134.56020,427.97916,225.79144,0,0,0,0,1
134.58020,427.97916,225.79144,0,0,0,0,1
134.60022,427.97916,225.79144,0,0,0,0,1
134.62044,427.97916,225.79144,0,0,0,0,1
134.64006,427.97916,225.79144,0,0,0,0,1
134.66029,427.97916,225.79144,0,0,0,0,1
134.68039,427.97916,225.79144,0,0,0,0,1
134.70017,427.97916,225.79144,0,0,0,0,1
134.72031,427.97916,225.79144,0,0,0,0,1
134.74010,427.97916,225.79144,0,0,0,0,1
134.76025,427.97916,225.79144,0,0,0,0,1
134.78040,427.97916,225.79144,0,0,0,0,1
134.80048,427.97916,225.79144,0,0,0,0,1
134.82033,427.97916,225.79144,0,0,0,0,1
134.84006,427.97916,225.79144,0,0,0,0,1
134.86029,427.97916,225.79144,0,0,0,0,1
134.88018,427.97916,225.79144,0,0,0,0,1
134.90047,427.97916,225.79144,0,0,0,0,1
134.92012,427.97916,225.79144,0,0,0,0,1
134.94016,427.97916,225.79144,0,0,0,0,1
134.96048,427.97916,225.79144,0,0,0,0,1
134.98017,427.97916,225.79144,0,0,0,0,1
135.00029,427.97916,225.79144,0,0,0,0,1
135.02007,427.97916,225.79144,1,0,0,0,1
135.04020,427.65259,225.66554,1,0,0,0,1
135.06025,427.32602,225.53964,1,0,0,0,1
135.08019,426.99945,225.41374,1,0,0,0,1
135.10036,426.34631,225.16194,1,0,0,0,1
135.12035,425.69318,224.91014,1,0,0,0,1
135.14009,425.36661,224.78424,1,0,0,0,1
135.16020,425.04004,224.65834,1,0,0,0,1
135.18058,424.71347,224.53244,1,0,0,0,1
135.20017,424.06033,224.28064,1,0,0,0,1
135.22036,423.73376,224.15474,1,0,0,0,1
135.24023,423.40720,224.02884,1,0,0,0,1
135.26027,423.08063,223.90294,1,0,0,0,1
135.28047,422.75406,223.77704,1,0,0,0,1
135.30039,422.10092,223.52524,1,0,0,0,1
135.32051,421.77435,223.39934,1,0,0,0,1
135.34013,421.44778,223.27344,1,0,0,0,1
135.36054,421.12122,223.14754,1,0,0,0,1
135.38017,420.79465,223.02164,1,0,0,0,1
135.40025,420.14151,222.76984,1,0,0,0,1
135.42033,419.81494,222.64394,1,0,0,0,1
135.44031,419.48837,222.51804,1,0,0,0,1
135.46050,419.16180,222.39214,1,0,0,0,1
135.48018,418.83524,222.26624,1,0,0,0,1
135.50037,418.18210,222.01443,1,0,0,0,1
135.52026,417.52896,221.76263,1,0,0,0,1
135.54006,417.20239,221.63673,1,0,0,0,1
135.56050,416.87582,221.51083,1,0,0,0,1
135.58022,416.54926,221.38493,1,0,0,0,1
135.60050,416.22269,221.13313,1,0,0,0,1
135.62021,415.56955,221.00723,1,0,0,0,1
135.64025,415.24298,220.88133,1,0,0,0,1
135.66025,414.91641,220.75543,1,0,0,0,1
135.68048,414.58984,220.62953,1,0,0,0,1
135.70049,413.93671,220.37773,1,0,0,0,1
135.72048,413.61014,220.25183,1,0,0,0,1
135.74030,413.28357,220.12593,1,0,0,0,1
135.76043,412.95700,220.00003,1,0,0,0,1
135.78011,412.63043,219.87413,1,0,0,0,1
135.80028,412.30386,219.74823,1,0,0,0,1
135.82038,411.65073,219.49643,1,0,0,0,1
135.84022,411.32416,219.37053,1,0,0,0,1
135.86040,410.99759,219.24463,1,0,0,0,1
135.88007,410.34445,218.99283,1,0,0,0,1
135.90022,410.01788,218.86693,1,0,0,0,1
135.92015,409.36475,218.61513,1,0,0,0,1
135.94063,409.03818,218.48923,1,0,0,0,1
135.96035,408.71161,218.36333,1,0,0,0,1
135.98053,408.38504,218.23743,1,0,0,0,1
136.00026,408.05847,218.11153,1,0,0,0,1
136.02026,407.40533,217.85973,1,0,0,0,1
136.04025,407.07877,217.73383,1,0,0,0,1
136.06039,406.75220,217.60793,1,0,0,0,1
136.08040,406.42563,217.48203,1,0,0,0,1
136.10011,406.09906,217.35612,1,0,0,0,1
136.12049,405.44592,217.10432,1,0,0,0,1
136.14022,405.11935,216.97842,1,0,0,0,1
136.16025,404.79279,216.85252,1,0,0,0,1
136.18047,404.46622,216.72662,1,0,0,0,1
136.20052,404.13965,216.47482,1,0,0,0,1
136.22035,403.48651,216.34892,1,0,0,0,1
136.24043,403.15994,216.22302,1,0,0,0,1
136.26049,402.50681,215.97122,1,0,0,0,1
136.28012,402.18024,215.84532,1,0,0,0,1
136.30049,401.85367,215.71942,1,0,0,0,1
136.32039,401.20053,215.46762,1,0,0,0,1
136.34053,400.87396,215.34172,1,0,0,0,1
136.36045,400.54739,215.21582,1,0,0,0,1
136.38019,400.22083,215.08992,1,0,0,0,1
136.40011,399.89426,214.96402,1,0,0,0,1
136.42035,399.24112,214.71222,1,0,0,0,1
136.44038,398.91455,214.58632,1,0,0,0,1
136.46004,398.58798,214.46042,1,0,0,0,1
136.48022,398.26141,214.33452,1,0,0,0,1
136.50042,397.93484,214.20862,1,0,0,0,1
136.52042,397.28171,213.95682,1,0,0,0,1
136.54036,396.95514,213.83092,1,0,0,0,1
136.56004,396.62857,213.70502,1,0,0,0,1
136.58007,396.30200,213.57912,1,0,0,0,1
136.60026,395.97543,213.45322,1,0,0,0,1
136.62049,395.32230,213.20142,1,0,0,0,1
136.64034,394.66916,212.94962,1,0,0,0,1
136.66036,394.34259,212.82372,1,0,0,0,1
136.68048,394.01602,212.69781,1,0,0,0,1
136.70017,393.68945,212.57191,1,0,0,0,1
136.72053,393.03632,212.32011,1,0,0,0,1
136.74041,392.70975,212.19421,1,0,0,0,1
136.76027,392.38318,212.06831,1,0,0,0,1
136.78046,392.05661,211.94241,1,0,0,0,1
136.80015,391.40347,211.69061,1,0,0,0,1
136.82035,391.07690,211.56471,1,0,0,0,1
136.84047,390.75034,211.43881,1,0,0,0,1
136.86047,390.42377,211.31291,1,0,0,0,1
136.88058,390.09720,211.18701,1,0,0,0,1
136.90017,389.77063,211.06111,1,0,0,0,1
136.92015,389.11749,210.80931,1,0,0,0,1
136.94009,388.79092,210.68341,1,0,0,0,1
136.96010,388.46436,210.55751,1,0,0,0,1
136.98049,388.13779,210.43161,1,0,0,0,1
137.00020,387.81122,210.30571,1,0,0,0,1
137.02068,387.15808,210.05391,1,0,0,0,1
137.04015,386.83151,209.92801,1,0,0,0,1
137.06032,386.17838,209.67621,1,0,0,0,1
137.08041,385.85181,209.55031,1,0,0,0,1
137.10038,385.52524,209.42441,1,0,0,0,1
137.12016,384.87210,209.17261,1,0,1,0,1
137.14035,384.54553,209.04671,1,0,1,0,1
137.16029,384.21097,208.94392,1,0,1,0,1
137.18051,383.87003,208.86475,1,0,1,0,1
137.20052,383.52441,208.80957,1,0,1,0,1
137.22050,382.82584,208.77220,1,0,1,0,1
137.24010,382.47629,208.79018,1,0,1,0,1
137.26032,382.12885,208.83252,1,0,1,0,1
137.28052,381.78522,208.89902,1,0,1,0,1
137.30022,381.44708,208.98935,1,0,1,0,1
137.32045,380.79382,209.23965,1,0,1,0,1
137.34011,380.48190,209.39839,1,0,1,0,1
137.36022,380.18182,209.57852,1,0,1,0,1
137.38031,379.89505,209.77917,1,0,1,0,1
137.40037,379.62299,209.99936,1,0,1,0,1
137.42019,379.12823,210.49396,1,0,1,0,1
137.44034,378.70721,211.05266,1,0,1,0,1
137.46025,378.52698,211.35269,1,0,1,0,1
137.48040,378.36813,211.66458,1,0,1,0,1
137.50057,378.23148,211.98680,1,0,1,0,1
137.52029,378.02722,212.65590,1,0,1,0,1
137.54039,377.96063,212.99950,1,0,1,0,1
137.56010,377.91818,213.34691,1,0,1,0,1
137.58036,377.90012,213.69644,1,0,1,0,1
137.60031,377.90649,214.04639,1,0,1,0,1
137.62036,377.99237,214.74068,1,0,1,0,1
137.64014,378.07144,215.08163,1,0,1,0,1
137.66027,378.17413,215.41623,1,0,1,0,1
137.68041,378.29993,215.74284,1,0,1,0,1
137.70025,378.44824,216.05988,1,0,1,0,1
137.72056,378.80936,216.65904,1,0,1,0,1
137.74017,378.80936,216.65904,1,0,1,0,1
137.76036,379.49835,217.44913,1,0,1,0,1
137.78004,379.76288,217.67830,1,0,1,0,1
137.80025,380.04279,217.88843,1,0,1,0,1
137.82030,380.33667,218.07851,1,0,1,0,1
137.84031,380.96063,218.39487,1,0,1,0,1
137.86030,381.28766,218.51961,1,0,1,0,1
137.88046,381.62259,218.62120,1,0,1,0,1
137.90047,381.96381,218.69916,1,0,1,0,1
137.92042,382.65839,218.78276,1,0,1,0,1
137.94041,383.00836,218.78799,1,0,1,0,1
137.96055,383.35782,218.76878,1,0,1,0,1
137.98024,383.70511,218.72520,1,0,1,0,1
138.00051,384.04849,218.65749,1,0,1,0,1
138.02040,384.71692,218.45105,1,0,1,0,1
138.04043,385.03870,218.31334,1,0,1,0,1
138.06011,385.35007,218.15349,1,0,1,0,1
138.08029,385.64951,217.97229,1,0,1,0,1
138.10049,385.93558,217.77061,1,0,1,0,1
138.12035,386.46201,217.30989,1,0,1,0,1
138.14004,386.69983,217.05310,1,0,1,0,1
138.16021,386.91913,216.78032,1,0,1,0,1
138.18039,387.11884,216.49289,1,0,1,0,1
138.20021,387.29800,216.19221,1,0,1,0,1
138.22040,387.59125,215.55707,1,0,1,0,1
138.24043,387.79312,214.88725,1,0,1,0,1
138.26020,387.85849,214.54341,1,0,1,0,1
138.28009,387.89969,214.19585,1,0,1,0,1
138.30029,387.91653,213.84625,1,0,1,0,1
138.32017,387.87695,213.14780,1,0,1,0,1
138.34040,387.82068,212.80235,1,0,1,0,1
138.36028,387.74042,212.46167,1,0,1,0,1
138.38055,387.63657,212.12743,1,0,1,0,1
138.40021,387.50964,211.80125,1,0,1,0,1
138.42041,387.18909,211.17944,1,0,1,0,1
138.44030,386.99704,210.88684,1,0,1,0,1
138.46029,386.78503,210.60835,1,0,1,0,1
138.48053,386.55411,210.34535,1,0,1,0,1
138.50024,386.30536,210.09912,1,0,1,0,1
138.52048,385.75943,209.66170,1,0,1,0,1
138.54052,385.46487,209.47264,1,0,1,0,1
138.56036,385.15784,209.30461,1,0,1,0,1
138.58050,384.51236,209.03482,1,0,1,0,1
138.60052,384.17709,208.93437,1,0,1,0,1
138.62019,383.83563,208.85759,1,0,1,0,1
138.64028,383.14078,208.77638,1,0,1,0,1
138.66051,382.79080,208.77235,1,0,1,0,1
138.68021,382.44141,208.79279,1,0,1,0,1
138.70037,382.09427,208.83755,1,0,1,0,1
138.72019,381.41364,208.99916,1,0,1,0,1
138.74021,381.08344,209.11520,1,0,1,0,1
138.76028,380.76215,209.25403,1,0,1,0,1
138.78024,380.45132,209.41495,1,0,1,0,1
138.80030,380.15250,209.59718,1,0,1,0,1
138.82067,379.59662,210.02193,1,0,1,0,1
138.84045,379.34229,210.26236,1,0,1,0,1
138.86042,379.10535,210.51997,1,0,1,0,1
138.88030,378.88699,210.79350,1,0,1,0,1
138.90048,378.68826,211.08162,1,0,1,0,1
138.92013,378.35349,211.69589,1,0,1,0,1
138.94032,378.21909,212.01906,1,0,0,0,1
138.96020,378.10757,212.35081,1,0,0,0,1
138.98024,378.01950,212.68956,1,0,0,0,1
139.00051,377.93143,213.02831,1,0,0,0,1
139.02021,377.75528,213.70580,1,0,0,0,1
139.04018,377.57913,214.38329,1,0,0,0,1
139.06015,377.49106,214.72203,1,0,0,0,1
139.08006,377.40298,215.06078,1,0,0,0,1
139.10028,377.31491,215.39952,1,0,0,0,1
139.12092,377.13876,216.07701,1,0,0,0,1
139.14036,377.05069,216.41576,1,0,0,0,1
139.16049,376.96262,216.75450,1,0,0,0,1
139.18042,376.87454,217.09325,1,0,0,0,1
139.20023,376.78647,217.43199,1,0,0,0,1
139.22032,376.61032,218.10948,1,0,0,0,1
139.24052,376.52225,218.44823,1,0,0,0,1
139.26029,376.43417,218.78697,1,0,0,0,1
139.28014,376.25803,219.46446,1,0,0,0,1
139.30030,376.16995,219.80321,1,0,0,0,1
139.32057,376.08188,220.14195,1,1,0,0,1
139.34016,375.99380,220.48070,1,1,0,0,1
139.36031,375.74799,221.13567,1,1,0,0,1
139.38023,375.59143,221.44870,1,1,0,0,1
139.40028,375.41342,221.75006,1,1,0,0,1
139.42042,375.21484,222.03827,1,1,0,0,1
139.44018,374.75989,222.56969,1,1,0,0,1
139.46031,374.50574,222.81032,1,1,0,0,1
139.48048,374.23541,223.03264,1,1,0,0,1
139.50003,373.95026,223.23557,1,1,0,0,1
139.52039,373.34100,223.57939,1,1,0,0,1
139.54010,373.01990,223.71861,1,1,0,0,1
139.56048,372.68985,223.83510,1,1,0,0,1
139.58016,372.35248,223.92828,1,1,0,0,1
139.60037,372.00943,223.99771,1,1,0,0,1
139.62037,371.31302,224.06407,1,1,0,0,1
139.64011,370.96304,224.06068,1,1,0,0,1
139.66044,370.61414,224.03290,1,1,0,0,1
139.68019,370.26804,223.98085,1,1,0,0,1
139.70020,369.92639,223.90479,1,1,0,0,1
139.72049,369.26315,223.68222,1,1,0,0,1
139.74020,368.94479,223.53680,1,1,0,0,1
139.76052,368.63736,223.36954,1,1,0,0,1
139.78032,368.34232,223.18124,1,1,0,0,1
139.80015,367.79517,222.74532,1,1,0,0,1
139.82019,367.54572,222.49980,1,1,0,0,1
139.84043,367.10114,221.95966,1,1,0,0,1
139.86017,366.90817,221.66766,1,1,0,0,1
139.88008,366.73602,221.36292,1,1,0,0,1
139.90026,366.58557,221.04691,1,1,0,0,1
139.92043,366.45752,220.72118,1,1,0,0,1
139.94029,366.27100,220.04694,1,1,0,0,1
139.96016,366.21344,219.70171,1,1,0,0,1
139.98044,366.18011,219.35330,1,1,0,0,1
140.00030,366.17114,219.00342,1,1,0,0,1
140.02033,366.18661,218.65376,1,1,0,0,1
140.04036,366.29041,217.96193,1,1,0,0,1
140.06037,366.37820,217.62312,1,1,0,0,1
140.08036,366.48944,217.29126,1,1,0,0,1
140.10044,366.62354,216.96797,1,1,0,0,1
140.12033,366.77985,216.65482,1,1,0,0,1
140.14024,367.15598,216.06496,1,1,0,0,1
140.16037,367.37396,215.79114,1,1,0,0,1
140.18043,367.86450,215.29236,1,1,0,0,1
140.20039,368.13464,215.06982,1,1,0,0,1
140.22028,368.41965,214.86667,1,1,0,0,1
140.24047,369.02866,214.52238,1,1,0,0,1
140.26012,369.34967,214.38292,1,1,0,0,1
140.28034,369.67963,214.26617,1,1,0,0,1
140.30008,370.01691,214.17273,1,1,0,0,1
140.32026,370.35989,214.10303,1,1,0,0,1
140.34007,371.05627,214.03612,1,1,0,0,1
140.36023,371.40625,214.03925,1,1,0,0,1
140.38010,371.75516,214.06677,1,1,0,0,1
140.40018,372.10132,214.11856,1,1,0,0,1
140.42051,372.44302,214.19437,1,1,0,0,1
140.44018,373.10641,214.41641,1,1,0,0,1
140.46038,373.42490,214.56158,1,1,0,0,1
140.48041,373.73248,214.72861,1,1,0,0,1
140.50008,374.02765,214.91667,1,1,0,0,1
140.52024,374.30899,215.12486,1,1,0,0,1
140.54033,374.82477,215.59749,1,1,0,0,1
140.56051,375.05670,215.85962,1,1,0,0,1
140.58009,375.46298,216.42914,1,1,0,0,1
140.60004,375.63535,216.73375,1,1,0,0,1
140.62014,375.78604,217.04964,1,1,0,0,1
140.64042,376.01962,217.70906,1,1,0,0,1
140.66011,376.10138,218.04938,1,1,0,0,1
140.68022,376.15921,218.39456,1,1,0,0,1
140.70050,376.19281,218.74295,1,1,0,0,1
140.72012,376.20203,219.09283,1,1,0,0,1
140.74043,376.14728,219.79027,1,1,0,0,1
140.76031,376.08359,220.13441,1,1,0,0,1
140.78052,375.99603,220.47328,1,1,0,0,1
140.80031,375.88507,220.80522,1,1,0,0,1
140.82010,375.75122,221.12862,1,1,0,0,1
140.84030,375.41760,221.74352,1,1,0,0,1
140.86019,375.21945,222.03203,1,1,0,0,1
140.88004,375.00168,222.30602,1,1,0,0,1
140.90005,374.76532,222.56415,1,1,0,0,1
140.92033,374.51154,222.80518,1,1,0,0,1
140.94055,373.95670,223.23128,1,1,0,0,1
140.96017,373.34796,223.57603,1,1,0,0,1
140.98031,373.02707,223.71574,1,1,0,0,1
141.00066,372.69720,223.83273,1,1,0,0,1
141.02015,372.35999,223.92644,1,1,0,0,1
141.04028,371.67007,224.04227,1,1,0,0,1
141.06025,371.32074,224.06383,1,1,0,0,1
141.08050,370.97076,224.06097,1,1,0,0,1
141.10013,370.62183,224.03372,1,1,0,0,1
141.12063,370.27563,223.98219,1,1,0,0,1
141.14024,369.59821,223.80746,1,1,0,0,1
141.16054,369.27029,223.68510,1,1,0,0,1
141.18025,368.95172,223.54018,1,1,0,0,1
141.20011,368.64401,223.37338,1,1,0,0,1
141.22031,368.34869,223.18553,1,1,0,0,1
141.24045,367.80087,222.75044,1,1,0,0,1
141.26011,367.55106,222.50531,1,1,0,0,1
141.28015,367.31894,222.24336,1,1,0,0,1
141.30049,367.10565,221.96587,1,1,0,0,1
141.32012,366.91223,221.67416,1,1,0,0,1
141.34044,366.58868,221.05391,1,0,0,0,1
141.36011,366.35458,220.39467,1,0,0,0,1
141.38023,366.24905,220.06096,1,0,0,0,1
141.40031,366.14352,219.72725,1,0,0,0,1
141.42048,366.03799,219.39354,1,0,0,0,1
141.44021,365.82693,218.72612,1,0,0,0,1
141.46017,365.72141,218.39241,1,0,0,0,1
141.48051,365.61588,218.05870,1,0,0,0,1
141.50036,365.51035,217.72499,1,0,0,0,1
141.52028,365.40482,217.39128,1,0,0,0,1
141.54038,365.19376,216.72386,1,0,0,0,1
141.56008,365.08823,216.39015,1,0,0,0,1
141.58032,364.98270,216.05644,1,0,0,0,1
141.60031,364.87717,215.72273,1,0,0,0,1
141.62044,364.77164,215.38902,1,0,1,0,1
141.64021,364.56058,214.72160,1,0,1,0,1
141.66053,364.43198,214.39609,1,0,1,0,1
141.68039,364.28098,214.08034,1,0,1,0,1
141.70028,363.91473,213.48428,1,0,1,0,1
141.72011,363.70132,213.20688,1,0,1,0,1
141.74014,363.46906,212.94505,1,0,1,0,1
141.76020,362.95258,212.47319,1,0,1,0,1
141.78012,362.67090,212.26546,1,0,1,0,1
141.80024,362.37540,212.07790,1,0,1,0,1
141.82005,362.06750,211.91142,1,0,1,0,1
141.84031,361.42068,211.64491,1,0,1,0,1
141.86041,361.08490,211.54617,1,0,1,0,1
141.88032,360.74304,211.47113,1,0,1,0,1
141.90010,360.39679,211.42014,1,0,1,0,1
141.92050,360.04782,211.39345,1,0,1,0,1
141.94024,359.34851,211.41341,1,0,1,0,1
141.96013,359.00162,211.45995,1,0,1,0,1
141.98030,358.65881,211.53059,1,0,1,0,1
142.00048,358.32178,211.62502,1,0,1,0,1
142.02014,357.99216,211.74274,1,0,1,0,1
142.04043,357.36157,212.04568,1,0,1,0,1
142.06007,357.06369,212.22943,1,0,1,0,1
142.08005,356.50998,212.65700,1,0,1,0,1
142.10032,356.25687,212.89873,1,0,1,0,1
142.12039,356.02124,213.15755,1,0,1,0,1
142.14014,355.80426,213.43219,1,0,1,0,1
142.16029,355.43042,214.02350,1,0,1,0,1
142.18029,355.27536,214.33728,1,0,1,0,1
142.20004,355.14261,214.66112,1,0,1,0,1
142.22010,355.03278,214.99344,1,0,1,0,1
142.24016,354.88400,215.67702,1,0,1,0,1
142.26009,354.84576,216.02492,1,0,1,0,1
142.28030,354.83191,216.37465,1,0,1,0,1
142.30035,354.84250,216.72449,1,0,1,0,1
142.32036,354.87750,217.07274,1,0,1,0,1
142.34016,355.01993,217.75766,1,0,1,0,1
142.36018,355.01993,217.75766,1,0,1,0,1
142.38036,355.25638,218.41605,1,0,1,0,1
142.40009,355.58228,219.03508,1,0,1,0,1
142.42022,355.77682,219.32602,1,0,1,0,1
142.44029,355.99124,219.60266,1,0,1,0,1
142.46042,356.22443,219.86365,1,0,1,0,1
142.48028,356.74258,220.33366,1,0,1,0,1
142.50044,357.02499,220.54041,1,0,1,0,1
142.52024,357.32117,220.72691,1,0,1,0,1
142.54016,357.62964,220.89229,1,0,1,0,1
142.56047,358.27740,221.15651,1,0,1,0,1
142.58025,358.61353,221.25406,1,0,1,0,1
142.60041,358.95566,221.32790,1,0,1,0,1
142.62041,359.30209,221.37766,1,0,1,0,1
142.64033,360.00116,221.40411,1,0,1,0,1
142.66005,360.35037,221.38068,1,0,1,0,1
142.68049,360.69708,221.33290,1,0,1,0,1
142.70012,361.03961,221.26103,1,0,1,0,1
142.72041,361.37631,221.16542,1,0,1,0,1
142.74033,362.02557,220.90494,1,0,1,0,1
142.76027,362.33499,220.74135,1,0,1,0,1
142.78027,362.63223,220.55655,1,0,1,0,1
142.80049,362.91583,220.35144,1,0,1,0,1
142.82024,363.18442,220.12703,1,0,1,0,1
142.84050,363.67139,219.62476,1,0,1,0,1
142.86007,363.88739,219.34935,1,0,1,0,1
142.88026,364.08362,219.05954,1,0,1,0,1
142.90009,364.25912,218.75673,1,0,1,0,1
142.92030,364.54468,218.11809,1,0,1,0,1
142.94005,364.65332,217.78537,1,0,1,0,1
142.96014,364.79968,217.10127,1,0,1,0,1
142.98019,364.83670,216.75323,1,0,1,0,1
143.00042,364.84930,216.40346,1,0,1,0,1
143.02018,364.83749,216.05365,1,0,1,0,1
143.04051,364.74088,215.36078,1,0,1,0,1
143.06055,364.65652,215.02110,1,0,1,0,1
143.08015,364.54865,214.68814,1,0,1,0,1
143.10046,364.41779,214.36353,1,0,1,0,1
143.12039,364.26456,214.04884,1,0,1,0,1
143.14041,363.89420,213.45535,1,0,1,0,1
143.16017,363.89420,213.45535,1,0,1,0,1
143.18047,363.44473,212.91927,1,0,1,0,1
143.20045,362.92496,212.45102,1,0,1,0,1
143.22042,362.64182,212.24525,1,0,1,0,1
143.24057,362.34500,212.05977,1,0,1,0,1
143.26004,362.03598,211.89546,1,0,1,0,1
143.28028,361.38730,211.63350,1,0,1,0,1
143.30046,361.05084,211.53711,1,0,1,0,1
143.32008,360.70847,211.46446,1,0,1,0,1
143.34026,360.36185,211.41589,1,0,1,0,1
143.36038,359.66269,211.39185,1,0,1,0,1
143.38004,359.31357,211.41649,1,0,1,0,1
143.40035,358.96701,211.46545,1,0,1,0,1
143.42050,358.62473,211.53850,1,0,1,0,1
143.44035,357.95959,211.75529,1,0,1,0,1
143.46006,357.64001,211.89799,1,0,1,0,1
143.48026,357.33118,212.06265,1,0,1,0,1
143.50015,357.03458,212.24849,1,0,1,0,1
143.52027,356.75168,212.45457,1,0,1,0,1
143.54009,356.23245,212.92342,1,0,1,0,1
143.56052,356.23245,212.92342,1,0,1,0,1
143.58013,355.78363,213.46002,1,0,1,0,1
143.60050,355.41394,214.05394,1,0,1,0,1
143.62016,355.26108,214.36880,1,0,1,0,1
143.64021,355.13058,214.69357,1,0,0,0,1
143.66032,355.02310,215.02666,1,0,0,0,1
143.68051,354.80814,215.69283,1,0,0,0,1
143.70033,354.80814,215.69283,1,0,0,0,1
143.72054,354.59317,216.35899,1,0,0,0,1
143.74024,354.48569,216.69208,1,0,0,0,1
143.76053,354.27072,217.35825,1,0,0,0,1
143.78033,354.16324,217.69133,1,0,0,0,1
143.80008,354.05576,218.02441,1,0,0,0,1
143.82044,353.94827,218.35750,1,0,0,0,1
143.84039,353.73331,219.02367,1,0,0,0,1
143.86051,353.62582,219.35675,1,0,0,0,1
143.88024,353.51834,219.68983,1,0,0,0,1
143.90042,353.41086,220.02292,1,0,0,0,1
143.92012,353.30338,220.35600,1,0,0,0,1
143.94021,353.08841,221.02217,1,0,0,0,1
143.96016,352.98093,221.35526,1,1,0,0,1
143.98029,352.87344,221.68834,1,1,0,0,1
144.00044,352.74298,222.01312,1,1,0,0,1
144.02050,352.59018,222.32802,1,1,0,0,1
144.04011,352.22067,222.92206,1,1,0,0,1
144.06030,352.00577,223.19830,1,1,0,0,1
144.08048,351.77213,223.45889,1,1,0,0,1
144.10027,351.25323,223.92810,1,1,0,0,1
144.12044,350.97052,224.13443,1,1,0,0,1
144.14040,350.67410,224.32054,1,1,0,0,1
144.16012,350.04599,224.62860,1,1,0,0,1
144.18018,349.71738,224.74904,1,1,0,0,1
144.20026,349.38116,224.84627,1,1,0,0,1
144.22041,349.03897,224.91980,1,1,0,0,1
144.24046,348.34338,224.99451,1,1,0,0,1
144.26012,347.99338,224.99532,1,1,0,0,1
144.28036,347.64417,224.97171,1,1,0,0,1
144.30008,347.29745,224.92381,1,1,0,0,1
144.32046,346.95493,224.85185,1,1,0,0,1
144.34007,346.61826,224.75618,1,1,0,0,1
144.36053,345.96902,224.49567,1,1,0,0,1
144.38023,345.65961,224.33209,1,1,0,0,1
144.40031,345.36234,224.14734,1,1,0,0,1
144.42030,345.07867,223.94231,1,1,0,0,1
144.44036,344.55762,223.47548,1,1,0,0,1
144.46073,344.32278,223.21597,1,1,0,0,1
144.48041,343.91016,222.65106,1,1,0,0,1
144.50007,343.73438,222.34840,1,1,0,0,1
144.52026,343.58014,222.03423,1,1,0,0,1
144.54034,343.44818,221.71005,1,1,0,0,1
144.56019,343.25360,221.03809,1,1,0,0,1
144.58023,343.19193,220.69356,1,1,0,0,1
144.60045,343.15442,220.34558,1,1,0,0,1
144.62007,343.14127,219.99583,1,1,0,0,1
144.64053,343.15253,219.64601,1,1,0,0,1
144.66025,343.24802,218.95299,1,1,0,0,1
144.68047,343.33176,218.61316,1,1,0,0,1
144.70010,343.43900,218.28000,1,1,0,0,1
144.72033,343.56921,217.95512,1,1,0,0,1
144.74052,343.72177,217.64012,1,1,0,0,1
144.76025,344.09079,217.04581,1,1,0,0,1
144.78045,344.30548,216.76939,1,1,0,0,1
144.80033,344.53894,216.50862,1,1,0,0,1
144.82036,344.79001,216.26477,1,1,0,0,1
144.84052,345.05746,216.03902,1,1,0,0,1
144.86030,345.63629,215.64613,1,1,0,0,1
144.88043,346.26413,215.33760,1,1,0,0,1
144.90010,346.59265,215.21692,1,1,0,0,1
144.92012,346.92880,215.11943,1,1,0,0,1
144.94046,347.27094,215.04562,1,1,0,0,1
144.96029,347.96643,214.97038,1,1,0,0,1
144.98017,348.31644,214.96931,1,1,0,0,1
145.00016,348.66565,214.99265,1,1,0,0,1
145.02046,349.01239,215.04028,1,1,0,0,1
145.04025,349.35498,215.11198,1,1,0,0,1
145.06014,350.02097,215.32607,1,1,0,0,1
145.08045,350.34116,215.46741,1,1,0,0,1
145.10013,350.65070,215.63074,1,1,0,0,1
145.12038,350.94812,215.81526,1,1,0,0,1
145.14022,351.23193,216.02008,1,1,0,0,1
145.16030,351.75333,216.48650,1,1,0,0,1
145.18051,351.98837,216.74583,1,1,0,0,1
145.20012,352.20477,217.02094,1,1,0,0,1
145.22028,352.40146,217.31046,1,1,0,0,1
145.24013,352.57745,217.61298,1,1,0,0,1
145.26027,352.86414,218.25110,1,1,0,0,1
145.28024,353.05923,218.92291,1,1,0,0,1
145.30048,353.12119,219.26738,1,1,0,0,1
145.32039,353.15897,219.61534,1,1,0,0,1
145.34019,353.17239,219.96509,1,1,0,0,1
145.36044,353.12601,220.66312,1,1,0,0,1
145.38022,353.06644,221.00801,1,1,0,0,1
145.40016,352.98297,221.34792,1,1,0,0,1
145.42019,352.87598,221.68117,1,1,0,0,1
145.44020,352.74600,222.00615,1,1,0,0,1
145.46036,352.41977,222.62500,1,1,0,0,1
145.48047,352.22510,222.91586,1,1,0,0,1
145.50041,352.01062,223.19244,1,1,0,0,1
145.52017,351.77737,223.45340,1,1,0,0,1
145.54038,351.52649,223.69745,1,1,0,0,1
145.56051,350.97678,224.13017,1,1,0,0,1
145.58024,350.68063,224.31674,1,1,0,0,1
145.60033,350.37222,224.48221,1,1,0,0,1
145.62021,350.05301,224.62576,1,1,0,0,1
145.64031,349.72458,224.74670,1,1,0,0,1
145.66051,349.04642,224.91850,1,1,0,0,1
145.68009,348.35095,224.99428,1,1,0,0,1
145.70025,348.00095,224.99562,1,1,0,0,1
145.72037,347.65170,224.97255,1,1,0,0,1
145.74037,347.30493,224.92519,1,1,0,0,1
145.76019,346.62549,224.75859,1,1,0,0,1
145.78049,346.29614,224.64017,1,1,0,0,1
145.80013,345.97583,224.49907,1,1,0,0,1
145.82045,345.66614,224.33598,1,1,0,0,1
145.84058,345.36859,224.15169,1,1,0,0,1
145.86030,344.81561,223.72319,1,1,0,0,1
145.88015,344.56287,223.48108,1,1,0,0,1
145.90015,344.32764,223.22192,1,1,0,0,1
145.92018,344.11105,222.94699,1,1,0,0,1
145.94011,343.91415,222.65762,1,1,0,0,1
145.96025,343.58319,222.04129,1,1,0,0,1
145.98056,343.45074,221.71732,1,1,0,0,1
146.00006,343.34122,221.38490,1,1,0,0,1
146.02023,343.25513,221.04565,1,1,0,0,1
146.04027,343.19290,220.70123,1,1,0,0,1
146.06041,343.14114,220.00357,1,1,0,0,1
146.08021,343.18698,219.30550,1,1,0,0,1
146.10011,343.24628,218.96056,1,1,0,0,1
146.12019,343.32950,218.62059,1,1,0,0,1
146.14015,343.43622,218.28726,1,1,0,0,1
146.16030,343.71799,217.64694,1,1,0,0,1
146.18037,343.89166,217.34308,1,1,0,0,1
146.20009,344.08612,217.05206,1,1,0,0,1
146.22024,344.30038,216.77531,1,1,0,0,1
146.24045,344.53345,216.51419,1,1,0,0,1
146.26020,345.05127,216.04379,1,0,0,0,1
146.28039,345.33350,215.83681,1,0,0,0,1
146.30009,345.61572,215.62982,1,0,0,0,1
146.32006,345.89795,215.42284,1,0,0,0,1
146.34031,346.18018,215.21585,1,0,0,0,1
146.36019,346.74463,214.80188,1,0,0,0,1
146.38043,346.74463,214.80188,1,0,0,0,1
146.40014,347.30908,214.38791,1,0,0,0,1
146.42022,347.87354,213.97394,1,0,0,0,1
146.44038,348.15576,213.76695,1,0,0,0,1
146.46023,348.43799,213.55997,1,0,0,0,1
146.48043,349.00244,213.14600,1,0,0,0,1
146.50028,349.28467,212.93901,1,0,0,0,1
146.52028,349.56689,212.73203,1,0,0,0,1
146.54049,349.84912,212.52504,1,0,0,0,1
146.56005,350.41357,212.11107,1,0,0,0,1
146.58006,350.69580,211.90408,1,0,0,0,1
146.60008,350.97803,211.69710,1,0,0,0,1
146.62032,351.26025,211.49011,1,0,0,0,1
146.64051,351.54248,211.28313,1,0,0,0,1
146.66020,352.10693,210.86916,1,0,0,0,1
146.68041,352.38916,210.66217,1,0,0,0,1
146.70014,352.67139,210.45518,1,0,0,0,1
146.72053,352.95361,210.24820,1,0,0,0,1
146.74012,353.23584,210.04121,1,0,0,0,1
146.76032,353.80029,209.62724,1,0,0,0,1
146.78011,354.08252,209.42026,1,0,1,0,1
146.80029,354.36475,209.21327,1,0,1,0,1
146.82053,354.64697,209.00629,1,0,1,0,1
146.84023,354.91406,208.78011,1,0,1,0,1
146.86042,355.39767,208.27461,1,0,1,0,1
146.88024,355.80615,207.70668,1,0,1,0,1
146.90034,355.97964,207.40271,1,0,1,0,1
146.92016,356.13150,207.08737,1,0,1,0,1
146.94036,356.26096,206.76219,1,0,1,0,1
146.96056,356.45029,206.08873,1,0,1,0,1
146.98016,356.50922,205.74373,1,0,1,0,1
147.00037,356.54391,205.39545,1,0,1,0,1
147.02019,356.55423,205.04559,1,0,1,0,1
147.04005,356.54010,204.69588,1,0,1,0,1
147.06024,356.43887,204.00368,1,0,1,0,1
147.08056,356.35226,203.66457,1,0,1,0,1
147.10048,356.24219,203.33232,1,0,1,0,1
147.12044,356.10919,203.00858,1,0,1,0,1
147.14042,355.95389,202.69492,1,0,1,0,1
147.16034,355.57959,202.10390,1,0,1,0,1
147.18048,355.36243,201.82942,1,0,1,0,1
147.20035,355.12662,201.57079,1,0,1,0,1
147.22011,354.60376,201.10600,1,0,1,0,1
147.24029,354.31927,200.90211,1,0,1,0,1
147.26050,354.02124,200.71860,1,0,1,0,1
147.28023,353.39044,200.41612,1,0,1,0,1
147.30041,353.06073,200.29866,1,0,1,0,1
147.32006,352.72363,200.20450,1,0,1,0,1
147.34041,352.38080,200.13411,1,0,1,0,1
147.36040,351.68457,200.06592,1,0,1,0,1
147.38043,351.33456,200.06844,1,0,1,0,1
147.40020,350.98560,200.09538,1,0,1,0,1
147.42029,350.63937,200.14664,1,0,1,0,1
147.44041,350.29758,200.22194,1,0,1,0,1
147.46018,349.63391,200.44313,1,0,1,0,1
147.48038,349.31528,200.58794,1,0,1,0,1
147.50034,349.00754,200.75464,1,0,1,0,1
147.52050,348.71219,200.94243,1,0,1,0,1
147.54036,348.43066,201.15039,1,0,1,0,1
147.56008,347.91452,201.62265,1,0,1,0,1
147.58024,347.68243,201.88464,1,0,1,0,1
147.60035,347.46924,202.16220,1,0,1,0,1
147.62028,347.10349,202.75854,1,0,1,0,1
147.64047,346.95273,203.07440,1,0,1,0,1
147.66038,346.82440,203.40002,1,0,1,0,1
147.68045,346.63739,204.07414,1,0,1,0,1
147.70050,346.57965,204.41934,1,0,1,0,1
147.72016,346.54614,204.76773,1,0,1,0,1
147.74029,346.53705,205.11761,1,0,1,0,1
147.76028,346.59213,205.81500,1,0,1,0,1
147.78043,346.65607,206.15912,1,0,1,0,1
147.80016,346.74387,206.49792,1,0,1,0,1
147.82050,346.85513,206.82977,1,0,1,0,1
147.84019,346.98929,207.15305,1,0,1,0,1
147.86040,347.32358,207.76758,1,0,1,0,1
147.88058,347.52209,208.05585,1,0,1,0,1
147.90022,347.74023,208.32954,1,0,1,0,1
147.92032,347.97696,208.58734,1,0,1,0,1
147.94004,348.23111,208.82797,1,0,1,0,1
147.96038,348.78668,209.25314,1,0,1,0,1
147.98041,349.08536,209.43561,1,0,1,0,1
148.00054,349.39606,209.59677,1,0,1,0,1
148.02051,350.04736,209.85214,1,0,1,0,1
148.04028,350.38480,209.94510,1,0,1,0,1
148.06044,350.72791,210.01427,1,0,1,0,1
148.08012,351.42438,210.08000,1,0,1,0,1
148.10041,351.77435,210.07625,1,0,1,0,1
148.12007,352.12323,210.04807,1,0,1,0,1
148.14051,352.46927,209.99557,1,0,1,0,1
148.16027,352.81079,209.91905,1,0,1,0,1
148.18048,353.47369,209.69550,1,0,1,0,1
148.20052,353.79181,209.54956,1,0,1,0,1
148.22024,354.09897,209.38176,1,0,1,0,1
148.24042,354.39365,209.19293,1,0,1,0,1
148.26023,354.93994,208.75592,1,0,1,0,1
148.28021,355.18887,208.50989,1,0,1,0,1
148.30050,355.42001,208.24707,1,0,1,0,1
148.32024,355.63223,207.96875,1,0,1,0,1
148.34038,355.82449,207.67628,1,0,1,0,1
148.36045,355.99588,207.37111,1,0,1,0,1
148.38033,356.27274,206.72864,1,0,1,0,1
148.40025,356.37683,206.39447,1,0,1,0,1
148.42034,356.51385,205.70847,1,0,1,0,1
148.44019,356.54611,205.35995,1,0,1,0,1
148.46026,356.55396,205.01004,1,0,1,0,1
148.48046,356.49643,204.31284,1,0,1,0,1
148.50023,356.43130,203.96895,1,0,1,0,1
148.52018,356.34232,203.63045,1,0,1,0,1
148.54043,356.22992,203.29898,1,0,1,0,1
148.56044,356.09464,202.97618,1,0,1,0,1
148.58047,355.75824,202.36281,1,0,1,0,1
148.60021,355.55875,202.07523,1,0,1,0,1
148.62019,355.33966,201.80228,1,0,1,0,1
148.64014,355.10205,201.54530,1,0,1,0,1
148.66037,354.84708,201.30554,1,0,1,0,1
148.68053,354.29007,200.88229,1,0,1,0,1
148.70015,353.99075,200.70087,1,0,1,0,1
148.72031,353.67950,200.54079,1,0,1,0,1
148.74023,353.35785,200.40283,1,0,1,0,1
148.76022,353.02734,200.28767,1,0,1,0,1
148.78009,352.34628,200.12790,1,0,1,0,1
148.80015,351.64960,200.06458,1,0,1,0,1
148.82005,351.29962,200.06953,1,0,1,0,1
148.84030,350.95087,200.09892,1,0,0,0,1
148.86004,350.60501,200.15260,1,0,0,0,1
148.88044,349.92245,200.30800,1,0,0,0,1
148.90013,349.58118,200.38570,1,0,0,0,1
148.92053,349.23990,200.46339,1,0,0,0,1
148.94026,348.89862,200.54109,1,0,0,0,1
148.96004,348.55734,200.61879,1,0,0,0,1
148.98012,347.87479,200.77419,1,0,0,0,1
149.00050,347.53351,200.85188,1,0,0,0,1
149.02027,347.19223,200.92958,1,0,0,0,1
149.04047,346.85095,201.00728,1,1,0,0,1
149.06005,346.50967,201.08498,1,1,0,0,1
149.08041,345.82254,201.21638,1,1,0,0,1
149.10010,345.47379,201.24585,1,1,0,0,1
149.12025,345.12381,201.25092,1,1,0,0,1
149.14048,344.77435,201.23157,1,1,0,0,1
149.16023,344.42709,201.18790,1,1,0,0,1
149.18012,343.74591,201.02853,1,1,0,0,1
149.20013,343.09354,200.77596,1,1,0,0,1
149.22032,342.78214,200.61617,1,1,0,0,1
149.24049,342.48264,200.43504,1,1,0,0,1
149.26039,342.19650,200.23349,1,1,0,0,1
149.28046,341.66980,199.77306,1,1,0,0,1
149.30027,341.43182,199.51642,1,1,0,0,1
149.32043,341.21231,199.24380,1,1,0,0,1
149.34018,341.01236,198.95656,1,1,0,0,1
149.36035,340.83292,198.65607,1,1,0,0,1
149.38016,340.53897,198.02124,1,1,0,0,1
149.40047,340.42590,197.69000,1,1,0,0,1
149.42053,340.33621,197.35168,1,1,0,0,1
149.44045,340.27032,197.00793,1,1,0,0,1
149.46008,340.22858,196.66043,1,1,0,0,1
149.48021,340.21820,195.96094,1,1,0,0,1
149.50035,340.24960,195.61235,1,1,0,0,1
149.52038,340.30524,195.26680,1,1,0,0,1
149.54022,340.38483,194.92596,1,1,0,0,1
149.56029,340.48801,194.59152,1,1,0,0,1
149.58026,340.76297,193.94826,1,1,0,0,1
149.60017,341.12476,193.34950,1,1,0,0,1
149.62019,341.33606,193.07050,1,1,0,0,1
149.64028,341.56631,192.80690,1,1,0,0,1
149.66017,341.81439,192.56001,1,1,0,0,1
149.68040,342.35910,192.12105,1,1,0,0,1
149.70048,342.65308,191.93111,1,1,0,0,1
149.72018,342.95959,191.76213,1,1,0,0,1
149.74045,343.27713,191.61494,1,1,0,0,1
149.76016,343.60416,191.49026,1,1,0,0,1
149.78017,344.28030,191.31075,1,1,0,0,1
149.80028,344.62613,191.25677,1,1,0,0,1
149.82054,344.97485,191.22705,1,1,0,0,1
149.84022,345.32480,191.22171,1,1,0,0,1
149.86049,345.67429,191.24080,1,1,0,0,1
149.88016,346.36499,191.35173,1,1,0,0,1
149.90022,346.70288,191.44304,1,1,0,0,1
149.92039,347.03357,191.55769,1,1,0,0,1
149.94037,347.35547,191.69513,1,1,0,0,1
149.96013,347.66699,191.85468,1,1,0,0,1
149.98050,348.25290,192.23689,1,1,0,0,1
150.00026,348.77994,192.69691,1,1,0,0,1
150.02045,349.01813,192.95337,1,1,0,0,1
150.04004,349.23785,193.22581,1,1,0,0,1
150.06016,349.43805,193.51291,1,1,0,0,1
150.08030,349.77603,194.12543,1,1,0,0,1
150.10022,349.91217,194.44786,1,1,0,0,1
150.12039,350.02548,194.77901,1,1,0,0,1
150.14028,350.11542,195.11725,1,1,0,0,1
150.16050,350.18155,195.46094,1,1,0,0,1
150.18013,350.24124,196.15796,1,1,0,0,1
150.20007,350.23450,196.50789,1,1,0,0,1
150.22020,350.20337,196.85651,1,1,0,0,1
150.24026,350.14801,197.20210,1,1,0,0,1
150.26037,350.06866,197.54300,1,1,0,0,1
150.28009,349.83975,198.20407,1,1,0,0,1
150.30007,349.69128,198.52103,1,1,0,0,1
150.32006,349.52109,198.82686,1,1,0,0,1
150.34045,349.32996,199.12007,1,1,0,0,1
150.36038,349.11887,199.39925,1,1,0,0,1
150.38020,348.37640,200.13928,1,1,0,0,1
150.40047,348.09656,200.34947,1,1,0,0,1
150.42018,347.80273,200.53963,1,1,0,0,1
150.44032,347.49634,200.70883,1,1,0,0,1
150.46040,347.17889,200.85626,1,1,0,0,1
150.48007,346.51709,201.08301,1,1,0,0,1
150.50027,346.17593,201.16122,1,1,0,0,1
150.52045,345.83017,201.21547,1,1,0,0,1
150.54012,345.48145,201.24547,1,1,0,0,1
150.56031,345.13150,201.25107,1,1,0,0,1
150.58011,344.43469,201.18912,1,1,0,0,1
150.60025,344.09122,201.12186,1,1,0,0,1
150.62045,343.75327,201.03081,1,1,0,0,1
150.64011,343.42249,200.91641,1,1,0,0,1
150.66006,343.10049,200.77922,1,1,0,0,1
150.68022,342.48907,200.43927,1,1,0,0,1
150.70042,342.20264,200.23814,1,1,0,0,1
150.72011,341.93091,200.01753,1,1,0,0,1
150.74047,341.67523,199.77852,1,1,0,0,1
150.76041,341.43686,199.52225,1,1,0,0,1
150.78015,341.01651,198.96304,1,1,0,0,1
150.80030,340.67807,198.35078,1,1,0,0,1
150.82056,340.54169,198.02846,1,1,0,0,1
150.84010,340.42810,197.69740,1,1,0,0,1
150.86009,340.33789,197.35922,1,1,0,0,1
150.88011,340.22922,196.66814,1,1,0,0,1
150.90011,340.21127,196.31860,1,1,0,0,1
150.92011,340.21774,195.96866,1,1,0,0,1
150.94048,340.24860,195.62003,1,1,0,0,1
150.96045,340.30371,195.27438,1,1,0,0,1
150.98032,340.48544,194.59882,1,1,0,0,1
151.00012,340.61118,194.27219,1,1,0,0,1
151.02017,340.75940,193.95512,1,1,0,0,1
151.04053,340.92938,193.64917,1,1,0,0,1
151.06018,341.12027,193.35580,1,1,0,0,1
151.08015,341.56100,192.81253,1,1,0,0,1
151.10007,341.80872,192.56526,1,1,0,0,1
151.12048,342.07306,192.33586,1,1,0,0,1
151.14003,342.35275,192.12546,1,1,0,0,1
151.16017,342.95270,191.76564,1,1,0,0,1
151.18013,343.27002,191.61797,1,1,0,0,1
151.20038,343.93164,191.39070,1,1,0,0,1
151.22013,344.27274,191.31221,1,1,0,0,1
151.24025,344.61847,191.25771,1,1,0,0,1
151.26044,344.96716,191.22745,1,1,0,0,1
151.28015,345.66663,191.24013,1,1,0,0,1
151.30038,346.01398,191.28300,1,1,0,0,1
151.32027,346.35751,191.35001,1,1,0,0,1
151.34049,346.69553,191.44080,1,1,0,0,1
151.36025,347.02640,191.55495,1,1,0,0,1
151.38046,347.66028,191.85097,1,1,0,0,1
151.40026,347.96017,192.03139,1,1,0,0,1
151.42034,348.24677,192.23228,1,1,0,0,1
151.44052,348.51865,192.45268,1,1,0,0,1
151.46015,348.77451,192.69151,1,1,0,0,1
151.48070,349.23325,193.21970,1,1,0,0,1
151.50056,349.43387,193.50648,1,0,0,0,1
151.52050,349.61401,193.80656,1,0,0,0,1
151.54026,349.77280,194.11848,1,0,0,0,1
151.56017,349.93158,194.43040,1,0,0,0,1
151.58046,350.24915,195.05424,1,0,0,0,1
151.60029,350.56671,195.67809,1,0,0,0,1
151.62004,350.72549,195.99001,1,0,0,0,1
151.64042,350.88428,196.30193,1,0,0,0,1
151.66031,351.04306,196.61385,1,0,0,0,1
151.68060,351.36063,197.23769,1,0,0,0,1
151.70011,351.51941,197.54961,1,0,0,0,1
151.72011,351.67819,197.86153,1,0,0,0,1
151.74039,351.83698,198.17345,1,0,0,0,1
151.76014,351.99576,198.48537,1,0,0,0,1
151.78042,352.31332,199.10921,1,0,0,0,1
151.80012,352.47211,199.42113,1,0,1,0,1
151.82048,352.63089,199.73305,1,0,1,0,1
151.84023,352.81107,200.03311,1,0,1,0,1
151.86035,353.01175,200.31987,1,0,1,0,1
151.88053,353.47064,200.84790,1,0,1,0,1
151.90016,353.72662,201.08661,1,0,1,0,1
151.92013,353.99863,201.30685,1,0,1,0,1
151.94020,354.28537,201.50757,1,0,1,0,1
151.96049,354.58542,201.68776,1,0,1,0,1
151.98023,355.21954,201.98318,1,0,1,0,1
152.00043,355.88867,202.18739,1,0,1,0,1
152.02012,356.23227,202.25397,1,0,1,0,1
152.04039,356.57968,202.29637,1,0,1,0,1
152.06020,356.92923,202.31442,1,0,1,0,1
152.08025,357.62781,202.27718,1,0,1,0,1
152.10014,357.97345,202.22208,1,0,1,0,1
152.12034,358.31439,202.14297,1,0,1,0,1
152.14015,358.64899,202.04025,1,0,1,0,1
152.16022,358.97559,201.91441,1,0,1,0,1
152.18017,359.59848,201.59595,1,0,1,0,1
152.20040,359.89172,201.40489,1,0,1,0,1
152.22003,360.17093,201.19382,1,0,1,0,1
152.24026,360.43469,200.96376,1,0,1,0,1
152.26004,360.68176,200.71585,1,0,1,0,1
152.28053,360.91092,200.45129,1,0,1,0,1
152.30021,361.31107,199.87746,1,0,1,0,1
152.32020,361.62738,199.25348,1,0,1,0,1
152.34015,361.75208,198.92645,1,0,1,0,1
152.36006,361.85364,198.59151,1,0,1,0,1
152.38032,361.93158,198.25029,1,0,1,0,1
152.40059,362.01514,197.55573,1,0,1,0,1
152.42006,362.02032,197.20576,1,0,1,0,1
152.44027,362.00110,196.85629,1,0,1,0,1
152.46005,361.95752,196.50902,1,0,1,0,1
152.48013,361.79828,195.82782,1,0,1,0,1
152.50013,361.68338,195.49722,1,0,1,0,1
152.52014,361.54565,195.17546,1,0,1,0,1
152.54024,361.38580,194.86409,1,0,1,0,1
152.56025,361.20459,194.56465,1,0,1,0,1
152.58047,360.78177,194.00732,1,0,1,0,1
152.60014,360.54221,193.75215,1,0,1,0,1
152.62035,360.28540,193.51433,1,0,1,0,1
152.64053,360.01263,193.29503,1,0,1,0,1
152.66035,359.72522,193.09531,1,0,1,0,1
152.68021,359.42456,192.91615,1,0,1,0,1
152.70011,358.78943,192.62291,1,0,1,0,1
152.72051,358.45804,192.51025,1,0,1,0,1
152.74022,358.11960,192.42102,1,0,1,0,1
152.76042,357.42819,192.31442,1,0,1,0,1
152.78033,357.07858,192.29758,1,0,1,0,1
152.80049,356.38013,192.33722,1,0,1,0,1
152.82034,356.03470,192.39351,1,0,1,0,1
152.84054,355.69403,192.47379,1,0,1,0,1
152.86022,355.35980,192.57767,1,0,1,0,1
152.88012,355.03363,192.70464,1,0,1,0,1
152.90034,354.41183,193.02524,1,0,1,0,1
152.92020,354.11923,193.21732,1,0,1,0,1
152.94032,353.84076,193.42935,1,0,1,0,1
152.96051,353.57779,193.66031,1,0,1,0,1
152.98012,353.33157,193.90907,1,0,1,0,1
153.00037,352.89420,194.45506,1,0,1,0,1
153.02021,352.70517,194.74962,1,0,1,0,1
153.04045,352.53717,195.05666,1,0,1,0,1
153.06046,352.39102,195.37468,1,0,1,0,1
153.08011,352.26746,195.70213,1,0,1,0,1
153.10035,352.09030,196.37889,1,0,1,0,1
153.12035,352.03760,196.72490,1,0,1,0,1
153.14070,352.00519,197.42372,1,0,1,0,1
153.16034,352.02563,197.77312,1,0,1,0,1
153.18049,352.07043,198.12024,1,0,1,0,1
153.20048,352.23212,198.80087,1,0,1,0,1
153.22043,352.34821,199.13106,1,0,1,0,1
153.24040,352.48706,199.45233,1,0,1,0,1
153.26012,352.64801,199.76312,1,0,1,0,1
153.28010,352.83026,200.06192,1,0,1,0,1
153.30035,353.25507,200.61775,1,0,1,0,1
153.32020,353.49551,200.87207,1,0,1,0,1
153.34035,353.75314,201.10898,1,0,1,0,1
153.36051,354.02670,201.32732,1,0,1,0,1
153.38007,354.31482,201.52602,1,0,1,0,1
153.40052,354.92914,201.86072,1,0,1,0,1
153.42005,355.25232,201.99509,1,0,1,0,1
153.44033,355.58411,202.10657,1,0,1,0,1
153.46015,355.92285,202.19460,1,0,1,0,1
153.48068,356.26691,202.25876,1,0,1,0,1
153.50022,356.96426,202.31433,1,0,1,0,1
153.52021,357.31415,202.30547,1,0,1,0,1
153.54044,358.00781,202.21468,1,0,1,0,1
153.56024,358.34821,202.13318,1,0,1,0,1
153.58054,358.68207,202.02812,1,0,1,0,1
153.60028,359.32376,201.74944,1,0,1,0,1
153.62053,359.62845,201.57718,1,0,1,0,1
153.64023,359.92035,201.38406,1,0,1,0,1
153.66037,360.19806,201.17104,1,0,1,0,1
153.68047,360.46021,200.93913,1,0,1,0,1
153.70018,360.93283,200.42334,1,0,1,0,1
153.72041,361.14096,200.14195,1,0,1,0,1
153.74017,361.32895,199.84673,1,0,1,0,1
153.76036,361.49585,199.53909,1,0,1,0,1
153.78006,361.64087,199.22055,1,0,1,0,1
153.80054,361.86249,198.55701,1,0,1,0,1
153.82017,361.93802,198.21526,1,0,1,0,1
153.84039,361.98950,197.86906,1,0,1,0,1
153.86035,362.01669,197.52013,1,0,1,0,1
153.88039,362.01944,197.17014,1,0,0,0,1
153.90031,361.95175,196.47383,1,0,0,0,1
153.92034,361.90573,196.12686,1,0,0,0,1
153.94046,361.81369,195.43292,1,0,0,0,1
153.96016,361.76767,195.08595,1,0,0,0,1
153.98051,361.72165,194.73898,1,0,0,0,1
154.00026,361.62961,194.04504,1,0,0,0,1
154.02048,361.58359,193.69807,1,0,0,0,1
154.04020,361.53757,193.35110,1,0,0,0,1
154.06040,361.49155,193.00414,1,0,0,0,1
154.08029,361.44553,192.65717,1,0,0,0,1
154.10056,361.35349,191.96323,1,0,0,0,1
154.12026,361.30746,191.61626,1,0,0,0,1
154.14050,361.26144,191.26929,1,0,0,0,1
154.16020,361.21542,190.92232,1,0,0,0,1
154.18038,361.16940,190.57535,1,0,0,0,1
154.20063,361.07736,189.88141,1,0,0,0,1
154.22023,361.03134,189.53444,1,0,0,0,1
154.24021,360.98532,189.18747,1,1,0,0,1
154.26037,360.93930,188.84050,1,1,0,0,1
154.28007,360.89328,188.49353,1,1,0,0,1
154.30026,360.87430,187.79422,1,1,0,0,1
154.32008,360.90143,187.44527,1,1,0,0,1
154.34031,361.02823,186.75728,1,1,0,0,1
154.36004,361.12729,186.42159,1,1,0,0,1
154.38024,361.24951,186.09363,1,1,0,0,1
154.40023,361.56100,185.46722,1,1,0,0,1
154.42033,361.74875,185.17183,1,1,0,0,1
154.44042,361.95663,184.89024,1,1,0,0,1
154.46010,362.18365,184.62384,1,1,0,0,1
154.48028,362.42868,184.37392,1,1,0,0,1
154.50059,362.96799,183.92830,1,1,0,0,1
154.52015,363.25961,183.73477,1,1,0,0,1
154.54027,363.56403,183.56206,1,1,0,0,1
154.56009,363.87973,183.41100,1,1,0,0,1
154.58024,364.20523,183.28232,1,1,0,0,1
154.60024,364.87912,183.09451,1,1,0,0,1
154.62021,365.22424,183.03630,1,1,0,0,1
154.64031,365.57260,183.00229,1,1,0,0,1
154.66026,365.92245,182.99266,1,1,0,0,1
154.68048,366.27216,183.00746,1,1,0,0,1
154.70010,366.96420,183.10991,1,1,0,0,1
154.72041,367.63525,183.30765,1,1,0,0,1
154.74022,367.95880,183.44112,1,1,0,0,1
154.76052,368.27225,183.59683,1,1,0,0,1
154.78032,368.57407,183.77403,1,1,0,0,1
154.80008,369.13702,184.18932,1,1,0,0,1
154.82013,369.39542,184.42538,1,1,0,0,1
154.84038,369.63672,184.67889,1,1,0,0,1
154.86005,369.85977,184.94861,1,1,0,0,1
154.88041,370.06348,185.23323,1,1,0,0,1
154.90021,370.40894,185.84155,1,1,0,0,1
154.92025,370.54901,186.16229,1,1,0,0,1
154.94045,370.66638,186.49202,1,1,0,0,1
154.96022,370.76047,186.82913,1,1,0,0,1
154.98034,370.83081,187.17198,1,1,0,0,1
155.00023,370.89905,187.86821,1,1,0,0,1
155.02031,370.89661,188.21820,1,1,0,0,1
155.04009,370.86975,188.56717,1,1,0,0,1
155.06026,370.81863,188.91342,1,1,0,0,1
155.08006,370.74350,189.25526,1,1,0,0,1
155.10045,370.52271,189.91910,1,1,0,0,1
155.12029,370.21170,190.54575,1,1,0,0,1
155.14054,370.02420,190.84128,1,1,0,0,1
155.16020,369.81653,191.12302,1,1,0,0,1
155.18015,369.58972,191.38959,1,1,0,0,1
155.20028,369.08319,191.87212,1,1,0,0,1
155.22029,368.80594,192.08572,1,1,0,0,1
155.24010,368.51447,192.27948,1,1,0,0,1
155.26037,368.21017,192.45244,1,1,0,0,1
155.28037,367.89456,192.60374,1,1,0,0,1
155.30006,367.23560,192.83861,1,1,0,0,1
155.32043,366.89545,192.92101,1,1,0,0,1
155.34003,366.55035,192.97949,1,1,0,0,1
155.36019,366.20203,193.01376,1,1,0,0,1
155.38037,365.85217,193.02367,1,1,0,0,1
155.40014,365.15463,192.97026,1,1,0,0,1
155.42047,364.81036,192.90723,1,1,0,0,1
155.44030,364.47131,192.82033,1,1,0,0,1
155.46034,364.13916,192.70999,1,1,0,0,1
155.48050,363.50195,192.42130,1,1,0,0,1
155.50052,363.19998,192.24434,1,1,0,0,1
155.52018,362.63669,191.82950,1,1,0,0,1
155.54051,362.37811,191.59363,1,1,0,0,1
155.56044,362.13660,191.34030,1,1,0,0,1
155.58028,361.91333,191.07076,1,1,0,0,1
155.60052,361.52585,190.48830,1,1,0,0,1
155.62043,361.36349,190.17822,1,1,0,0,1
155.64020,361.22318,189.85759,1,1,0,0,1
155.66018,361.10556,189.52795,1,1,0,0,1
155.68029,361.01120,189.19092,1,1,0,0,1
155.70012,360.89404,188.50122,1,1,0,0,1
155.72034,360.87180,188.15193,1,1,0,0,1
155.74059,360.87396,187.80194,1,1,0,0,1
155.76017,360.90054,187.45296,1,1,0,0,1
155.78036,360.95142,187.10667,1,0,0,0,1
155.80022,361.12485,186.42894,1,0,0,0,1
155.82038,361.22339,186.09309,1,0,0,0,1
155.84006,361.32193,185.75725,1,0,0,0,1
155.86023,361.42047,185.42140,1,0,0,0,1
155.88041,361.51901,185.08556,1,0,0,0,1
155.90008,361.71609,184.41386,1,0,0,0,1
155.92028,361.91318,183.74217,1,0,0,0,1
155.94053,362.01172,183.40633,1,0,0,0,1
155.96015,362.11026,183.07048,1,0,0,0,1
155.98034,362.20880,182.73463,1,0,0,0,1
156.00052,362.40588,182.06294,1,0,0,0,1
156.02020,362.50443,181.72710,1,0,0,0,1
156.04039,362.60297,181.39125,1,0,0,0,1
156.06006,362.70151,181.05540,1,0,0,0,1
156.08028,362.80005,180.71956,1,0,0,0,1
156.10050,362.99713,180.04787,1,0,0,0,1
156.12030,363.09567,179.71202,1,0,0,0,1
156.14046,363.19421,179.37617,1,0,0,0,1
156.16013,363.29276,179.04033,1,0,0,0,1
156.18030,363.39130,178.70448,1,0,0,0,1
156.20053,363.58838,178.03279,1,0,0,0,1
156.22025,363.68692,177.69695,1,0,0,0,1
156.24045,363.68692,177.69695,1,0,0,0,1
156.26014,363.88419,177.02525,1,0,0,0,1
156.28032,363.88434,177.02525,1,0,1,0,1
156.30008,363.88452,177.02525,1,0,1,0,1
156.32040,364.01016,176.33705,1,0,1,0,1
156.34011,364.03665,175.98805,1,0,1,0,1
156.36033,364.03870,175.63806,1,0,1,0,1
156.38051,364.01633,175.28877,1,0,1,0,1
156.40019,363.89883,174.59915,1,0,1,0,1
156.42037,363.80426,174.26218,1,0,1,0,1
156.44055,363.68637,173.93262,1,0,1,0,1
156.46025,363.54578,173.61211,1,0,1,0,1
156.48042,363.38312,173.30220,1,0,1,0,1
156.50028,362.99496,172.72018,1,0,1,0,1
156.52054,362.77136,172.45091,1,0,1,0,1
156.54036,362.52951,172.19791,1,0,1,0,1
156.56036,362.27057,171.96242,1,0,1,0,1
156.58053,361.99582,171.74557,1,0,1,0,1
156.60021,361.40433,171.37202,1,0,1,0,1
156.62037,361.09048,171.21712,1,0,1,0,1
156.64054,360.76657,171.08452,1,0,1,0,1
156.66019,360.09497,170.88867,1,0,1,0,1
156.68049,359.75055,170.82639,1,0,1,0,1
156.70041,359.40262,170.78831,1,0,1,0,1
156.72050,358.70306,170.78540,1,0,1,0,1
156.74028,358.35483,170.82057,1,0,1,0,1
156.76049,358.35483,170.82057,1,0,1,0,1
156.78049,357.66998,170.96332,1,0,1,0,1
156.80013,357.01169,171.20010,1,0,1,0,1
156.82040,356.69656,171.35239,1,0,1,0,1
156.84029,356.39282,171.52631,1,0,1,0,1
156.86035,356.10199,171.72101,1,0,1,0,1
156.88007,355.56454,172.16887,1,0,1,0,1
156.90024,355.32059,172.41985,1,0,1,0,1
156.92039,355.09476,172.68724,1,0,1,0,1
156.94008,354.88815,172.96976,1,0,1,0,1
156.96023,354.53656,173.57455,1,0,1,0,1
156.98027,354.39328,173.89389,1,0,1,0,1
157.00035,354.27264,174.22244,1,0,1,0,1
157.02054,354.17526,174.55862,1,0,1,0,1
157.04048,354.05200,175.24725,1,0,1,0,1
157.06022,354.02673,175.59634,1,0,1,0,1
157.08007,354.02591,175.94635,1,0,1,0,1
157.10026,354.04953,176.29555,1,0,1,0,1
157.12042,354.16949,176.98476,1,0,1,0,1
157.14008,354.26526,177.32140,1,0,1,0,1
157.16047,354.38431,177.65053,1,0,1,0,1
157.18010,354.52606,177.97054,1,0,1,0,1
157.20003,354.68982,178.27988,1,0,1,0,1
157.22007,355.08002,178.86053,1,0,1,0,1
157.24032,355.30457,179.12901,1,0,1,0,1
157.26045,355.54730,179.38115,1,0,1,0,1
157.28030,355.80707,179.61572,1,0,1,0,1
157.30023,356.08258,179.83159,1,0,1,0,1
157.32037,356.67538,180.20305,1,0,1,0,1
157.34035,356.98978,180.35684,1,0,1,0,1
157.36026,357.31415,180.48830,1,0,1,0,1
157.38027,357.64691,180.59677,1,0,1,0,1
157.40027,357.98645,180.68175,1,0,1,0,1
157.42031,358.67914,180.77966,1,0,1,0,1
157.44019,358.67914,180.77966,1,0,1,0,1
157.46020,359.72684,180.74370,1,0,1,0,1
157.48031,360.07153,180.68307,1,0,1,0,1
157.50017,360.41116,180.59853,1,0,1,0,1
157.52026,361.06860,180.35941,1,0,1,0,1
157.54037,361.38321,180.20601,1,0,1,0,1
157.56007,361.68631,180.03102,1,0,1,0,1
157.58024,361.97647,179.83530,1,0,1,0,1
157.60026,362.25226,179.61978,1,0,1,0,1
157.62008,362.75537,179.13370,1,0,1,0,1
157.64018,362.98026,178.86549,1,0,1,0,1
157.66034,363.18585,178.58224,1,0,1,0,1
157.68051,363.37115,178.28532,1,0,1,0,1
157.70023,363.53528,177.97620,1,0,1,0,1
157.72045,363.79688,177.32738,1,0,1,0,1
157.74015,363.89307,176.99086,1,0,1,0,1
157.76030,364.01389,176.30179,1,0,1,0,1
157.78006,364.03793,175.95262,1,0,1,0,1
157.80033,364.03757,175.60262,1,0,1,0,1
157.82004,364.01276,175.25349,1,0,1,0,1
157.84034,363.96362,174.90697,1,0,1,0,1
157.86061,363.79349,174.22841,1,0,1,0,1
157.88022,363.67331,173.89969,1,0,1,0,1
157.90043,363.53046,173.58017,1,0,1,0,1
157.92042,363.17966,172.97490,1,0,1,0,1
157.94012,362.97342,172.69211,1,0,1,0,1
157.96029,362.74796,172.42441,1,0,1,0,1
157.98044,362.50433,172.17311,1,0,1,0,1
158.00020,362.24377,171.93944,1,0,1,0,1
158.02047,361.67694,171.52945,1,0,1,0,1
158.04040,361.37344,171.35513,1,0,1,0,1
158.06056,361.05850,171.20244,1,0,1,0,1
158.08015,360.73367,171.07210,1,0,1,0,1
158.10041,360.40054,170.96477,1,0,1,0,1
158.12007,359.71588,170.82109,1,0,1,0,1
158.14050,359.36771,170.78545,1,0,1,0,1
158.16016,359.01788,170.77420,1,0,1,0,1
158.18037,358.66812,170.78741,1,0,1,0,1
158.20023,358.32016,170.82503,1,0,0,0,1
158.22043,357.63635,170.97256,1,0,0,0,1
158.24011,356.95770,171.14401,1,0,0,0,1
158.26013,356.61838,171.22974,1,0,0,0,1
158.28022,356.27905,171.31546,1,0,0,0,1
158.30021,355.93973,171.40118,1,0,0,0,1
158.32015,355.60040,171.48691,1,0,0,0,1
158.34019,354.92175,171.65836,1,0,0,0,1
158.36047,354.58243,171.74408,1,0,0,0,1
158.38018,354.24310,171.82980,1,0,0,0,1
158.40026,353.90378,171.91553,1,0,0,0,1
158.42041,353.22513,172.08698,1,0,0,0,1
158.44025,352.88580,172.17270,1,0,0,0,1
158.46037,352.54648,172.25842,1,0,0,0,1
158.48004,352.20715,172.34415,1,0,0,0,1
158.50029,351.86783,172.42987,1,0,0,0,1
158.52015,351.18918,172.60132,1,0,0,0,1
158.54042,350.84985,172.68704,1,0,0,0,1
158.56044,350.51053,172.77277,1,0,0,0,1
158.58013,350.17120,172.85849,1,0,0,0,1
158.60009,349.83188,172.94421,1,0,0,0,1
158.62013,349.15323,173.11566,1,0,0,0,1
158.64037,348.47458,173.28711,1,0,0,0,1
158.66012,348.13525,173.37283,1,0,0,0,1
158.68007,347.79593,173.45856,1,0,0,0,1
158.70051,347.45660,173.54428,1,0,0,0,1
158.72023,346.77795,173.71573,1,0,0,0,1
158.74037,346.43863,173.80145,1,0,0,0,1
158.76029,346.09930,173.88718,1,0,0,0,1
158.78006,345.75998,173.97290,1,0,0,0,1
158.80020,345.42065,174.05862,1,0,0,0,1
158.82054,344.74200,174.23007,1,0,0,0,1
158.84021,344.40268,174.31580,1,0,0,0,1
158.86036,344.06335,174.40152,1,0,0,0,1
158.88021,343.72403,174.48724,1,0,0,0,1
158.90034,343.38470,174.57297,1,0,0,0,1
158.92011,342.70605,174.74442,1,0,0,0,1
158.94030,342.36673,174.83014,1,0,0,0,1
158.96030,342.02740,174.91586,1,1,0,0,1
158.98033,341.68808,175.00159,1,1,0,0,1
159.00009,341.34360,175.06345,1,1,0,0,1
159.02021,340.64590,175.11444,1,1,0,0,1
159.04053,339.94788,175.06786,1,1,0,0,1
159.06052,339.60300,175.00818,1,1,0,0,1
159.08005,339.26312,174.92461,1,1,0,0,1
159.10048,338.92990,174.81754,1,1,0,0,1
159.12054,338.28989,174.53508,1,1,0,0,1
159.14048,337.98621,174.36108,1,1,0,0,1
159.16009,337.69540,174.16632,1,1,0,0,1
159.18022,337.41888,173.95175,1,1,0,0,1
159.20048,337.15799,173.71843,1,1,0,0,1
159.22031,336.68811,173.20013,1,1,0,0,1
159.24050,336.48141,172.91768,1,1,0,0,1
159.26050,336.29492,172.62149,1,1,0,0,1
159.28019,336.12955,172.31302,1,1,0,0,1
159.30007,335.98608,171.99377,1,1,0,0,1
159.32024,335.76758,171.32919,1,1,0,0,1
159.34023,335.69360,170.98709,1,1,0,0,1
159.36036,335.64368,170.64067,1,1,0,0,1
159.38057,335.61804,170.29161,1,1,0,0,1
159.40009,335.61679,169.94162,1,1,0,0,1
159.42012,335.68741,169.24562,1,1,0,0,1
159.44040,335.85419,168.56622,1,1,0,0,1
159.46049,335.97269,168.23689,1,1,0,0,1
159.48017,336.11389,167.91664,1,1,0,0,1
159.50031,336.27707,167.60701,1,1,0,0,1
159.52049,336.66614,167.02559,1,1,0,0,1
159.54027,336.89011,166.75664,1,1,0,0,1
159.56004,337.13229,166.50397,1,1,0,0,1
159.58019,337.39151,166.26880,1,1,0,0,1
159.60020,337.66650,166.05228,1,1,0,0,1
159.62020,338.25836,165.67932,1,1,0,0,1
159.64029,338.57236,165.52469,1,1,0,0,1
159.66053,338.89636,165.39233,1,1,0,0,1
159.68029,339.22882,165.28290,1,1,0,0,1
159.70037,339.56808,165.19691,1,1,0,0,1
159.72043,340.26047,165.09685,1,1,0,0,1
159.74035,340.61020,165.08327,1,1,0,0,1
159.76013,340.96002,165.09410,1,1,0,0,1
159.78027,341.30826,165.12930,1,1,0,0,1
159.80040,341.65317,165.18871,1,1,0,0,1
159.82038,342.32642,165.37885,1,1,0,0,1
159.84012,342.96664,165.66081,1,1,0,0,1
159.86049,343.27045,165.83458,1,1,0,0,1
159.88015,343.56140,166.02911,1,1,0,0,1
159.90048,343.83807,166.24347,1,1,0,0,1
159.92012,344.34329,166.72736,1,1,0,0,1
159.94030,344.56937,166.99454,1,1,0,0,1
159.96027,344.77628,167.27684,1,1,0,0,1
159.98037,344.96298,167.57288,1,1,0,0,1
160.00050,345.12860,167.88121,1,1,0,0,1
160.02050,345.39340,168.52873,1,1,0,0,1
160.04020,345.49130,168.86476,1,1,0,0,1
160.06026,345.56552,169.20680,1,1,0,0,1
160.08050,345.61572,169.55319,1,1,0,0,1
160.10027,345.64163,169.90224,1,1,0,0,1
160.12044,345.62024,170.60147,1,1,0,0,1
160.14076,345.57303,170.94827,1,1,0,0,1
160.16036,345.40674,171.62781,1,1,0,0,1
160.18053,345.28848,171.95723,1,1,0,0,1
160.20017,345.14755,172.27760,1,1,0,0,1
160.22016,344.98462,172.58736,1,1,0,0,1
160.24022,344.59601,173.16907,1,1,0,0,1
160.26040,344.37222,173.43819,1,1,0,0,1
160.28054,344.13022,173.69104,1,1,0,0,1
160.30014,343.87119,173.92641,1,1,0,0,1
160.32004,343.30710,174.34018,1,1,0,0,1
160.34018,343.00479,174.51656,1,1,0,0,1
160.36053,342.69092,174.67143,1,1,0,0,1
160.38020,342.36700,174.80403,1,1,0,0,1
160.40050,342.03464,174.91373,1,1,0,0,1
160.42022,341.35104,175.06235,1,1,0,0,1
160.44010,341.00314,175.10056,1,1,0,0,1
160.46030,340.65341,175.11441,1,1,0,0,1
160.48011,340.30356,175.10384,1,1,0,0,1
160.50032,339.95529,175.06889,1,1,0,0,1
160.52004,339.61032,175.00975,1,1,0,0,1
160.54029,338.93695,174.82013,1,1,0,0,1
160.56042,338.61182,174.69057,1,1,0,0,1
160.58030,337.99255,174.36511,1,1,0,0,1
160.60045,337.70145,174.17081,1,1,0,0,1
160.62005,337.42459,173.95667,1,1,0,0,1
160.64046,336.91901,173.47316,1,1,0,0,1
160.66015,336.69272,173.20615,1,1,0,0,1
160.68016,336.48560,172.92401,1,1,0,0,1
160.70039,336.29865,172.62811,1,1,0,0,1
160.72014,336.13281,172.31990,1,1,0,0,1
160.74051,335.86752,171.67258,1,1,0,0,1
160.76058,335.76938,171.33662,1,1,0,0,1
160.78036,335.69489,170.99464,1,1,0,0,1
160.80033,335.64444,170.64830,1,1,0,0,1
160.82013,335.61826,170.29929,1,1,0,0,1
160.84054,335.63913,169.60002,1,1,0,0,1
160.86052,335.68607,169.25319,1,1,0,0,1
160.88025,335.75708,168.91046,1,1,0,0,1
160.90058,335.85181,168.57353,1,1,0,0,1
160.92017,335.96982,168.24402,1,1,0,0,1
160.94011,336.27322,167.61366,1,0,0,0,1
160.96031,336.45715,167.31589,1,0,0,0,1
160.98045,336.64108,167.01811,1,0,0,0,1
161.00050,337.00894,166.42256,1,0,0,0,1
161.02037,337.19287,166.12479,1,0,0,0,1
161.04022,337.56073,165.52924,1,0,0,0,1
161.06041,337.74466,165.23146,1,0,0,0,1
161.08016,337.92859,164.93369,1,0,0,0,1
161.10047,338.11252,164.63591,1,0,0,0,1
161.12012,338.29645,164.33813,1,0,0,0,1
161.14045,338.66431,163.74258,1,0,0,0,1
161.16007,338.84824,163.44481,1,0,0,0,1
161.18041,339.03217,163.14703,1,0,0,0,1
161.20029,339.21609,162.84926,1,0,0,0,1
161.22012,339.40002,162.55148,1,0,0,0,1
161.24015,339.76788,161.95593,1,0,0,0,1
161.26042,339.95181,161.65816,1,0,0,0,1
161.28011,340.13574,161.36038,1,0,0,0,1
161.30043,340.31967,161.06261,1,0,0,0,1
161.32020,340.50360,160.76483,1,0,0,0,1
161.34049,340.87146,160.16928,1,0,0,0,1
161.36014,341.05539,159.87151,1,0,0,0,1
161.38030,341.23932,159.57373,1,0,0,0,1
161.40011,341.60718,158.97818,1,0,0,0,1
161.42026,341.79111,158.68040,1,0,0,0,1
161.44035,342.15897,158.08485,1,0,0,0,1
161.46012,342.34290,157.78708,1,0,1,0,1
161.48030,342.52682,157.48930,1,0,1,0,1
161.50029,342.71075,157.19153,1,0,1,0,1
161.52010,342.87344,156.88164,1,0,1,0,1
161.54042,343.13199,156.23160,1,0,1,0,1
161.56053,343.22659,155.89462,1,0,1,0,1
161.58043,343.29745,155.55186,1,0,1,0,1
161.60012,343.34418,155.20500,1,0,1,0,1
161.62040,343.36658,154.85571,1,0,1,0,1
161.64051,343.33810,154.15672,1,0,1,0,1
161.66048,343.28735,153.81042,1,0,1,0,1
161.68012,343.21252,153.46852,1,0,1,0,1
161.70034,343.11401,153.13268,1,0,1,0,1
161.72036,342.99228,152.80452,1,0,1,0,1
161.74038,342.68167,152.17769,1,0,1,0,1
161.76040,342.49432,151.88206,1,0,1,0,1
161.78041,342.06006,151.33362,1,0,1,0,1
161.80017,341.81528,151.08347,1,0,1,0,1
161.82029,341.55362,150.85101,1,0,1,0,1
161.84009,340.98486,150.44368,1,0,1,0,1
161.86019,340.68054,150.27078,1,0,1,0,1
161.88005,340.36490,150.11957,1,0,1,0,1
161.90013,340.03946,149.99075,1,0,1,0,1
161.92041,339.70581,149.88499,1,0,1,0,1
161.94011,339.02048,149.74454,1,0,1,0,1
161.96020,338.67212,149.71053,1,0,1,0,1
161.98012,338.32227,149.70093,1,0,1,0,1
162.00021,337.97260,149.71579,1,0,1,0,1
162.02032,337.62482,149.75504,1,0,1,0,1
162.04029,336.94168,149.90579,1,0,1,0,1
162.06046,336.60968,150.01657,1,0,1,0,1
162.08040,336.28622,150.15027,1,0,1,0,1
162.10052,335.97290,150.30623,1,0,1,0,1
162.12045,335.67123,150.48369,1,0,1,0,1
162.14008,335.10867,150.89954,1,0,1,0,1
162.16007,334.60953,151.38971,1,0,1,0,1
162.18029,334.38684,151.65973,1,0,1,0,1
162.20043,334.18356,151.94464,1,0,1,0,1
162.22016,334.00067,152.24306,1,0,1,0,1
162.24034,333.69955,152.87450,1,0,1,0,1
162.26053,333.58279,153.20444,1,0,1,0,1
162.28031,333.48935,153.54173,1,0,1,0,1
162.30009,333.41968,153.88474,1,0,1,0,1
162.32034,333.37415,154.23177,1,0,1,0,1
162.34006,333.35623,154.93112,1,0,1,0,1
162.36027,333.38391,155.28003,1,0,1,0,1
162.38017,333.43588,155.62614,1,0,1,0,1
162.40035,333.51190,155.96779,1,0,1,0,1
162.42014,333.61160,156.30328,1,0,1,0,1
162.44027,333.87997,156.94933,1,0,1,0,1
162.46031,334.04733,157.25673,1,0,1,0,1
162.48051,334.23575,157.55170,1,0,1,0,1
162.50016,334.44431,157.83278,1,0,1,0,1
162.52019,334.67197,158.09862,1,0,1,0,1
162.54007,335.18011,158.57942,1,0,1,0,1
162.56045,335.75031,158.98473,1,0,1,0,1
162.58018,336.05524,159.15654,1,0,1,0,1
162.60041,336.37143,159.30664,1,0,1,0,1
162.62054,336.69733,159.43430,1,0,1,0,1
162.64015,337.37183,159.61987,1,0,1,0,1
162.66040,337.71716,159.67690,1,0,1,0,1
162.68012,338.06561,159.70967,1,0,1,0,1
162.70006,338.41553,159.71803,1,0,1,0,1
162.72009,338.76517,159.70193,1,0,1,0,1
162.74022,339.45679,159.59680,1,0,1,0,1
162.76018,339.79541,159.50829,1,0,1,0,1
162.78017,340.12701,159.39633,1,0,1,0,1
162.80050,340.45001,159.26149,1,0,1,0,1
162.82052,340.76279,159.10443,1,0,1,0,1
162.84043,341.35168,158.72679,1,0,1,0,1
162.86051,341.62491,158.50807,1,0,1,0,1
162.88016,341.88220,158.27080,1,0,1,0,1
162.90007,342.12228,158.01613,1,0,1,0,1
162.92015,342.34402,157.74532,1,0,1,0,1
162.94013,342.72812,157.16063,1,0,1,0,1
162.96034,343.02701,156.52812,1,0,1,0,1
162.98049,343.14261,156.19777,1,0,1,0,1
163.00024,343.23486,155.86014,1,0,1,0,1
163.02046,343.30331,155.51689,1,0,1,0,1
163.04007,343.36758,154.82028,1,0,1,0,1
163.06029,343.36313,154.47031,1,0,1,0,1
163.08048,343.33423,154.12151,1,0,1,0,1
163.10019,343.28104,153.77557,1,0,1,0,1
163.12041,343.20383,153.43419,1,0,1,0,1
163.14016,342.97894,152.77174,1,0,1,0,1
163.16043,342.83237,152.45392,1,0,1,0,1
163.18027,342.66394,152.14709,1,0,1,0,1
163.20033,342.47452,151.85278,1,0,1,0,1
163.22019,342.26501,151.57242,1,0,1,0,1
163.24043,341.78989,151.05894,1,0,1,0,1
163.26010,341.52661,150.82834,1,0,0,0,1
163.28027,341.24786,150.61668,1,0,0,0,1
163.30050,340.96912,150.40503,1,0,0,0,1
163.32027,340.69037,150.19337,1,0,0,0,1
163.34024,340.13287,149.77007,1,0,0,0,1
163.36028,339.57538,149.34676,1,0,0,0,1
163.38018,339.29663,149.13510,1,0,0,0,1
163.40021,339.01788,148.92345,1,0,0,0,1
163.42047,338.73914,148.71179,1,0,0,0,1
163.44024,338.18164,148.28848,1,0,0,0,1
163.46011,337.90289,148.07683,1,0,0,0,1
163.48012,337.62415,147.86517,1,0,0,0,1
163.50037,337.34540,147.65352,1,1,0,0,1
163.52013,337.06665,147.44186,1,1,0,0,1
163.54021,336.55676,146.96289,1,1,0,0,1
163.56041,336.32809,146.69791,1,1,0,0,1
163.58019,336.11847,146.41763,1,1,0,0,1
163.60011,335.92889,146.12341,1,1,0,0,1
163.62020,335.76031,145.81670,1,1,0,0,1
163.64015,335.48926,145.17177,1,1,0,0,1
163.66044,335.38812,144.83670,1,1,0,0,1
163.68019,335.31058,144.49539,1,1,0,0,1
163.70015,335.25702,144.14951,1,1,0,0,1
163.72008,335.22772,143.80074,1,1,0,0,1
163.74029,335.24234,143.10132,1,1,0,0,1
163.76017,335.35416,142.41074,1,1,0,0,1
163.78038,335.44589,142.07297,1,1,0,0,1
163.80046,335.56094,141.74242,1,1,0,0,1
163.82023,335.69879,141.42070,1,1,0,0,1
163.84012,336.03998,140.80997,1,1,0,0,1
163.86051,336.24167,140.52393,1,1,0,0,1
163.88007,336.46283,140.25266,1,1,0,0,1
163.90010,336.70236,139.99747,1,1,0,0,1
163.92021,336.95911,139.75960,1,1,0,0,1
163.94051,337.51917,139.34039,1,1,0,0,1
163.96051,337.81976,139.16109,1,1,0,0,1
163.98009,338.13211,139.00319,1,1,0,0,1
164.00023,338.45471,138.86745,1,1,0,0,1
164.02008,338.78601,138.75455,1,1,0,0,1
164.04029,339.46814,138.59930,1,1,0,0,1
164.06045,339.81567,138.55772,1,1,0,0,1
164.08052,340.16525,138.54048,1,1,0,0,1
164.10051,340.51517,138.54767,1,1,0,0,1
164.12015,341.20926,138.63504,1,1,0,0,1
164.14016,341.55005,138.71480,1,1,0,0,1
164.16008,342.21085,138.94453,1,1,0,0,1
164.18024,342.52762,139.09338,1,1,0,0,1
164.20006,342.83322,139.26396,1,1,0,0,1
164.22044,343.12619,139.45544,1,1,0,0,1
164.24024,343.66858,139.89726,1,1,0,0,1
164.26027,343.91534,140.14546,1,1,0,0,1
164.28037,344.14420,140.41026,1,1,0,0,1
164.30008,344.35403,140.69038,1,1,0,0,1
164.32030,344.54382,140.98445,1,1,0,0,1
164.34045,344.85968,141.60866,1,1,0,0,1
164.36015,344.98419,141.93576,1,1,0,0,1
164.38026,345.08560,142.27075,1,1,0,0,1
164.40038,345.16339,142.61200,1,1,0,0,1
164.42053,345.21719,142.95784,1,1,0,0,1
164.44007,345.25192,143.65656,1,1,0,0,1
164.46018,345.23267,144.00603,1,1,0,0,1
164.48044,345.18909,144.35330,1,1,0,0,1
164.50013,345.02994,145.03453,1,1,0,0,1
164.52032,344.91513,145.36516,1,1,0,0,1
164.54034,344.77753,145.68698,1,1,0,0,1
164.56012,344.61783,145.99843,1,1,0,0,1
164.58032,344.23532,146.58417,1,1,0,0,1
164.60025,344.01437,146.85561,1,1,0,0,1
164.62037,343.77502,147.11098,1,1,0,0,1
164.64042,343.24591,147.56863,1,1,0,0,1
164.66004,342.95871,147.76868,1,1,0,0,1
164.68035,342.65826,147.94821,1,1,0,0,1
164.70051,342.34604,148.10635,1,1,0,0,1
164.72041,342.02353,148.24234,1,1,0,0,1
164.74026,341.69232,148.35550,1,1,0,0,1
164.76049,341.01031,148.51126,1,1,0,0,1
164.78021,340.66281,148.55310,1,1,0,0,1
164.80006,340.31326,148.57060,1,1,0,0,1
164.82005,339.96332,148.56369,1,1,0,0,1
164.84029,339.26913,148.47687,1,1,0,0,1
164.86053,338.92828,148.39737,1,1,0,0,1
164.88024,338.59381,148.29430,1,1,0,0,1
164.90047,337.95044,148.01955,1,1,0,0,1
164.92045,337.64468,147.84920,1,1,0,0,1
164.94049,337.35156,147.65794,1,1,0,0,1
164.96020,336.80881,147.21654,1,1,0,0,1
164.98047,336.56183,146.96852,1,1,0,0,1
165.00033,336.33276,146.70389,1,1,0,0,1
165.02003,336.12271,146.42393,1,1,0,0,1
165.04007,335.93268,146.13000,1,1,0,0,1
165.06051,335.61633,145.50604,1,1,0,0,1
165.08011,335.49155,145.17903,1,1,0,0,1
165.10032,335.38989,144.84412,1,1,0,0,1
165.12020,335.31183,144.50293,1,1,0,0,1
165.14017,335.25775,144.15714,1,1,0,0,1
165.16042,335.22250,143.45845,1,1,0,0,1
165.18012,335.24149,143.10896,1,1,0,0,1
165.20049,335.28479,142.76166,1,1,0,0,1
165.22053,335.35220,142.41821,1,1,0,0,1
165.24018,335.44342,142.08031,1,1,0,0,1
165.26011,335.69531,141.42766,1,1,0,0,1
165.28025,335.85477,141.11609,1,1,0,0,1
165.30020,336.23682,140.53006,1,1,0,0,1
165.32013,336.45755,140.25844,1,1,0,0,1
165.34034,336.69669,140.00288,1,0,0,0,1
165.36021,337.22543,139.54482,1,0,0,0,1
165.38006,337.49780,139.32501,1,0,0,0,1
165.40026,337.77017,139.10521,1,0,0,0,1
165.42016,338.04254,138.88541,1,0,0,0,1
165.44012,338.31491,138.66560,1,0,0,0,1
165.46027,338.85965,138.22600,1,0,0,0,1
165.48049,339.13202,138.00620,1,0,0,0,1
165.50041,339.40439,137.78639,1,0,0,0,1
165.52016,339.67676,137.56659,1,0,0,0,1
165.54043,339.94913,137.34679,1,0,0,0,1
165.56049,340.49387,136.90718,1,0,0,0,1
165.58013,340.76624,136.68738,1,0,0,0,1
165.60034,341.03860,136.46758,1,0,0,0,1
165.62014,341.31097,136.24777,1,0,0,0,1
165.64015,341.58334,136.02797,1,0,0,0,1
165.66042,342.12808,135.58836,1,0,0,0,1
165.68055,342.67282,135.14876,1,0,0,0,1
165.70025,342.94519,134.92896,1,0,0,0,1
165.72048,343.21756,134.70915,1,0,1,0,1
165.74013,343.48993,134.48935,1,0,1,0,1
165.76044,344.01865,134.03127,1,0,1,0,1
165.78038,344.25775,133.77567,1,0,1,0,1
165.80029,344.47842,133.50398,1,0,1,0,1
165.82055,344.67957,133.21756,1,0,1,0,1
165.84037,344.86023,132.91779,1,0,1,0,1
165.86036,345.15662,132.28410,1,0,1,0,1
165.88049,345.27090,131.95329,1,0,1,0,1
165.90053,345.36182,131.61531,1,0,1,0,1
165.92044,345.42892,131.27180,1,0,1,0,1
165.94035,345.47186,130.92445,1,0,1,0,1
165.96028,345.48462,130.22501,1,0,1,0,1
165.98048,345.45435,129.87631,1,0,1,0,1
166.00020,345.39981,129.53059,1,0,1,0,1
166.02012,345.32126,129.18953,1,0,1,0,1
166.04034,345.21909,128.85478,1,0,1,0,1
166.06028,344.94595,128.21074,1,0,1,0,1
166.08034,344.58575,127.61102,1,0,1,0,1
166.10039,344.37512,127.33149,1,0,1,0,1
166.12041,344.14551,127.06734,1,0,1,0,1
166.14042,343.89801,126.81988,1,0,1,0,1
166.16062,343.35425,126.37974,1,0,1,0,1
166.18037,343.06064,126.18921,1,0,1,0,1
166.20043,342.75446,126.01965,1,0,1,0,1
166.22005,342.43716,125.87189,1,0,1,0,1
166.24013,342.11035,125.74665,1,0,1,0,1
166.26007,341.43448,125.56606,1,0,1,0,1
166.28024,341.08875,125.51158,1,0,1,0,1
166.30016,340.74005,125.48138,1,0,1,0,1
166.32051,340.39011,125.47562,1,0,1,0,1
166.34017,340.04062,125.49430,1,0,1,0,1
166.36050,339.34979,125.60454,1,0,1,0,1
166.38021,339.01184,125.69556,1,0,1,0,1
166.40038,338.68106,125.80995,1,0,1,0,1
166.42053,338.35907,125.94717,1,0,1,0,1
166.44018,337.74774,126.28728,1,0,1,0,1
166.46035,337.46136,126.48851,1,0,1,0,1
166.48036,336.93423,126.94842,1,0,1,0,1
166.50054,336.69601,127.20485,1,0,1,0,1
166.52019,336.47629,127.47729,1,0,1,0,1
166.54039,336.27612,127.76440,1,0,1,0,1
166.56017,335.93829,128.37701,1,0,1,0,1
166.58053,335.80228,128.69951,1,0,1,0,1
166.60038,335.68912,129.03072,1,0,1,0,1
166.62016,335.59937,129.36902,1,0,1,0,1
166.64052,335.53345,129.71275,1,0,1,0,1
166.66022,335.47433,130.40982,1,0,1,0,1
166.68043,335.48141,130.75975,1,0,1,0,1
166.70010,335.51291,131.10834,1,0,1,0,1
166.72037,335.56866,131.45387,1,0,1,0,1
166.74006,335.64844,131.79466,1,0,1,0,1
166.76035,335.87827,132.45541,1,0,1,0,1
166.78016,336.02722,132.77214,1,0,1,0,1
166.80033,336.19794,133.07770,1,0,1,0,1
166.82048,336.38956,133.37057,1,0,1,0,1
166.84036,336.60117,133.64937,1,0,1,0,1
166.86035,337.08011,134.15927,1,0,1,0,1
166.88006,337.62546,134.59747,1,0,1,0,1
166.90036,337.91974,134.78696,1,0,1,0,1
166.92038,338.22653,134.95543,1,0,1,0,1
166.94008,338.54434,135.10207,1,0,1,0,1
166.96026,339.20676,135.32707,1,0,1,0,1
166.98042,339.54813,135.40434,1,0,1,0,1
167.00008,339.89404,135.45760,1,0,1,0,1
167.02047,340.24283,135.48656,1,0,1,0,1
167.04014,340.59280,135.49109,1,0,1,0,1
167.06026,341.28943,135.42688,1,0,1,0,1
167.08042,341.63269,135.35846,1,0,1,0,1
167.10030,341.97034,135.26624,1,0,1,0,1
167.12013,342.30072,135.15067,1,0,1,0,1
167.14025,342.62222,135.01230,1,0,1,0,1
167.16048,343.23233,134.67001,1,0,1,0,1
167.18028,343.51797,134.46777,1,0,1,0,1
167.20037,343.78882,134.24608,1,0,1,0,1
167.22047,344.04352,134.00601,1,0,1,0,1
167.24041,344.28082,133.74873,1,0,1,0,1
167.26009,344.69870,133.18770,1,0,1,0,1
167.28035,345.03436,132.57391,1,0,1,0,1
167.30050,345.16922,132.25095,1,0,1,0,1
167.32015,345.28122,131.91934,1,0,1,0,1
167.34030,345.36978,131.58073,1,0,1,0,1
167.36047,345.47498,130.88913,1,0,1,0,1
167.38027,345.49112,130.53951,1,0,1,0,1
167.40007,345.48282,130.18961,1,0,1,0,1
167.42011,345.45010,129.84114,1,0,1,0,1
167.44014,345.39316,129.49580,1,0,1,0,1
167.46040,345.20770,128.82126,1,0,1,0,1
167.48048,345.08011,128.49535,1,0,1,0,1
167.50026,344.93008,128.17914,1,0,1,0,1
167.52003,344.75833,127.87418,1,0,1,0,1
167.54020,344.56570,127.58195,1,0,1,0,1
167.56026,344.12167,127.04137,1,0,1,0,1
167.58026,343.87244,126.79565,1,0,1,0,1
167.60046,343.60666,126.56792,1,0,1,0,1
167.62047,343.32562,126.35932,1,0,1,0,1
167.64016,343.03070,126.17085,1,0,1,0,1
167.66047,342.40503,125.85790,1,0,1,0,1
167.68015,341.74185,125.63518,1,0,1,0,1
167.70035,341.40024,125.55908,1,0,0,0,1
167.72051,341.05414,125.50703,1,0,0,0,1
167.74046,340.70804,125.45497,1,0,0,0,1
167.76052,340.01584,125.35086,1,0,0,0,1
167.78037,339.66974,125.29881,1,0,0,0,1
167.80013,339.32364,125.24675,1,0,0,0,1
167.82014,338.97754,125.19469,1,0,0,0,1
167.84021,338.63144,125.14264,1,0,0,0,1
167.86053,337.93924,125.03853,1,0,0,0,1
167.88052,337.59314,124.98647,1,0,0,0,1
167.90051,337.24704,124.93442,1,0,0,0,1
167.92007,336.90094,124.88236,1,0,0,0,1
167.94021,336.55484,124.83031,1,0,0,0,1
167.96035,335.86264,124.72620,1,1,0,0,1
167.98054,335.51654,124.67414,1,1,0,0,1
168.00025,335.17490,124.59808,1,1,0,0,1
168.02036,334.83939,124.49837,1,1,0,0,1
168.04019,334.51166,124.37552,1,1,0,0,1
168.06031,333.88586,124.06284,1,1,0,0,1
168.08021,333.30963,123.66613,1,1,0,0,1
168.10044,333.04367,123.43861,1,1,0,0,1
168.12034,332.79422,123.19310,1,1,0,0,1
168.14031,332.56250,122.93079,1,1,0,0,1
168.16005,332.15668,122.36096,1,1,0,0,1
168.18010,331.98453,122.05621,1,1,0,0,1
168.20029,331.83408,121.74020,1,1,0,0,1
168.22012,331.70602,121.41447,1,1,0,0,1
168.24010,331.60098,121.08060,1,1,0,0,1
168.26052,331.46194,120.39499,1,1,0,0,1
168.28007,331.42862,120.04658,1,1,0,0,1
168.30009,331.41965,119.69669,1,1,0,0,1
168.32022,331.43512,119.34704,1,1,0,0,1
168.34048,331.47495,118.99931,1,1,0,0,1
168.36020,331.62671,118.31640,1,1,0,0,1
168.38035,331.62671,118.31640,1,1,0,0,1
168.40006,332.02835,117.34809,1,1,0,0,1
168.42036,332.20612,117.04660,1,1,0,0,1
168.44013,332.40448,116.75824,1,1,0,0,1
168.46026,332.62247,116.48441,1,1,0,0,1
168.48056,333.11301,115.98563,1,1,0,0,1
168.50048,333.38315,115.76310,1,1,0,0,1
168.52019,333.66815,115.55995,1,1,0,0,1
168.54040,333.96664,115.37717,1,1,0,0,1
168.56009,334.59818,115.07619,1,1,0,0,1
168.58033,334.92813,114.95945,1,1,0,0,1
168.60053,335.26541,114.86600,1,1,0,0,1
168.62026,335.60840,114.79631,1,1,0,0,1
168.64007,335.95541,114.75070,1,1,0,0,1
168.66034,336.65475,114.73253,1,1,0,0,1
168.68046,337.00366,114.76005,1,1,0,0,1
168.70013,337.34982,114.81184,1,1,0,0,1
168.72044,337.69153,114.88763,1,1,0,0,1
168.74034,338.02710,114.98708,1,1,0,0,1
168.76014,338.67340,115.25486,1,1,0,0,1
168.78018,338.98099,115.42189,1,1,0,0,1
168.80043,339.27615,115.60996,1,1,0,0,1
168.82028,339.55750,115.81816,1,1,0,0,1
168.84005,340.07327,116.29079,1,1,0,0,1
168.86051,340.30521,116.55292,1,1,0,0,1
168.88014,340.71149,117.12243,1,1,0,0,1
168.90009,340.88385,117.42704,1,1,0,0,1
168.92031,341.03455,117.74294,1,1,0,0,1
168.94028,341.16284,118.06857,1,1,0,0,1
168.96049,341.34988,118.74267,1,1,0,0,1
168.98032,341.40771,119.08786,1,1,0,0,1
169.00047,341.44131,119.43624,1,1,0,0,1
169.02040,341.45053,119.78612,1,1,0,0,1
169.04022,341.43533,120.13579,1,1,0,0,1
169.06046,341.39578,120.48354,1,1,0,0,1
169.08012,341.24454,121.16657,1,1,0,0,1
169.10032,341.13358,121.49851,1,1,0,0,1
169.12033,340.99973,121.82191,1,1,0,0,1
169.14024,340.84366,122.13519,1,1,0,0,1
169.16021,340.66611,122.43681,1,1,0,0,1
169.18046,340.25018,122.99931,1,1,0,0,1
169.20070,339.76004,123.49847,1,1,0,0,1
169.22020,339.49005,123.72121,1,1,0,0,1
169.24036,339.20520,123.92458,1,1,0,0,1
169.26023,338.90686,124.10758,1,1,0,0,1
169.28022,338.27557,124.40905,1,1,0,0,1
169.30032,337.94571,124.52605,1,1,0,0,1
169.32047,337.60849,124.61975,1,1,0,0,1
169.34031,337.26556,124.68971,1,1,0,0,1
169.36017,336.91858,124.73559,1,1,0,0,1
169.38018,336.21927,124.75430,1,1,0,0,1
169.40032,335.87033,124.72704,1,1,0,0,1
169.42041,335.52414,124.67552,1,1,0,0,1
169.44013,335.18237,124.59998,1,1,0,0,1
169.46011,334.84671,124.50079,1,1,0,0,1
169.48021,334.20023,124.23351,1,1,0,0,1
169.50038,333.89252,124.06672,1,1,0,0,1
169.52007,333.59720,123.87888,1,1,0,0,1
169.54011,333.31570,123.67089,1,0,0,0,1
169.56047,332.79956,123.19866,1,0,0,0,1
169.58039,332.54974,122.95354,1,0,0,0,1
169.60031,332.29993,122.70841,1,0,0,0,1
169.62049,331.80029,122.21816,1,0,0,0,1
169.64015,331.55048,121.97304,1,0,0,0,1
169.66007,331.30066,121.72791,1,0,0,0,1
169.68006,330.80103,121.23766,1,0,0,0,1
169.70011,330.55121,120.99254,1,0,0,0,1
169.72018,330.30139,120.74741,1,0,0,0,1
169.74009,330.05157,120.50229,1,0,0,0,1
169.76044,329.80176,120.25716,1,0,0,0,1
169.78025,329.30212,119.76691,1,0,0,0,1
169.80030,329.05231,119.52179,1,0,1,0,1
169.82024,328.80249,119.27666,1,0,1,0,1
169.84040,328.53616,119.04958,1,0,1,0,1
169.86005,328.25461,118.84165,1,0,1,0,1
169.88013,327.65146,118.48722,1,0,1,0,1
169.90033,327.33279,118.34245,1,0,1,0,1
169.92058,327.00482,118.22028,1,0,1,0,1
169.94018,326.66910,118.12132,1,0,1,0,1
169.96049,326.32730,118.04604,1,0,1,0,1
169.98048,325.63211,117.96790,1,0,1,0,1
170.00045,325.28210,117.96542,1,0,1,0,1
170.02014,324.58588,118.03368,1,0,1,0,1
170.04030,324.24304,118.10410,1,0,1,0,1
170.06037,323.90594,118.19830,1,0,1,0,1
170.08045,323.25558,118.45603,1,0,1,0,1
170.10014,323.25558,118.45603,1,0,1,0,1
170.12031,322.64749,118.80187,1,0,1,0,1
170.14048,322.36304,119.00578,1,0,1,0,1
170.16049,321.84024,119.47062,1,0,1,0,1
170.18026,321.60446,119.72928,1,0,1,0,1
170.20054,321.38730,120.00377,1,0,1,0,1
170.22017,321.18985,120.29276,1,0,1,0,1
170.24022,320.85779,120.90850,1,0,1,0,1
170.26020,320.72482,121.23225,1,0,1,0,1
170.28040,320.61478,121.56451,1,0,1,0,1
170.30030,320.52820,121.90363,1,0,1,0,1
170.32045,320.42703,122.59586,1,0,1,0,1
170.34020,320.41293,122.94557,1,0,1,0,1
170.36009,320.42331,123.29542,1,0,1,0,1
170.38029,320.45807,123.64368,1,0,1,0,1
170.40048,320.60004,124.32870,1,0,1,0,1
170.42049,320.70654,124.66210,1,0,1,0,1
170.44007,320.83606,124.98725,1,0,1,0,1
170.46008,320.98798,125.30257,1,0,1,0,1
170.48038,321.35590,125.89757,1,0,1,0,1
170.50008,321.57013,126.17435,1,0,1,0,1
170.52011,321.80316,126.43550,1,0,1,0,1
170.54043,322.05386,126.67974,1,0,1,0,1
170.56006,322.32101,126.90588,1,0,1,0,1
170.58031,322.89935,127.29951,1,0,1,0,1
170.60050,323.20770,127.46510,1,0,1,0,1
170.62027,323.52686,127.60873,1,0,1,0,1
170.64051,323.85529,127.72974,1,0,1,0,1
170.66023,324.19135,127.82751,1,0,1,0,1
170.68031,324.87982,127.95157,1,0,1,0,1
170.70054,325.22888,127.97725,1,0,1,0,1
170.72021,325.57889,127.97849,1,0,1,0,1
170.74023,325.92813,127.95529,1,0,1,0,1
170.76049,326.27490,127.90775,1,0,1,0,1
170.78031,326.95425,127.74074,1,0,1,0,1
170.80012,327.60370,127.48070,1,0,1,0,1
170.82041,327.91321,127.31731,1,0,1,0,1
170.84012,328.21057,127.13270,1,0,1,0,1
170.86054,328.49432,126.92778,1,0,1,0,1
170.88021,329.01547,126.46109,1,0,1,0,1
170.90047,329.25034,126.20160,1,0,1,0,1
170.92034,329.46652,125.92634,1,0,1,0,1
170.94041,329.66293,125.63666,1,0,1,0,1
170.96040,329.83865,125.33396,1,0,1,0,1
170.98010,330.12463,124.69551,1,0,1,0,1
171.00014,330.23349,124.36287,1,0,1,0,1
171.02034,330.31885,124.02344,1,0,1,0,1
171.04011,330.38031,123.67888,1,0,1,0,1
171.06019,330.41754,123.33086,1,0,1,0,1
171.08044,330.41882,122.63129,1,0,1,0,1
171.10018,330.38284,122.28315,1,0,1,0,1
171.12050,330.32263,121.93836,1,0,1,0,1
171.14012,330.23849,121.59863,1,0,1,0,1
171.16050,330.00018,120.94090,1,0,1,0,1
171.18048,329.84717,120.62611,1,0,1,0,1
171.20008,329.47717,120.03238,1,0,1,0,1
171.22027,329.26199,119.75633,1,0,1,0,1
171.24042,329.02808,119.49599,1,0,1,0,1
171.26007,328.77655,119.25262,1,0,1,0,1
171.28022,328.22565,118.82145,1,0,1,0,1
171.30011,327.92896,118.63577,1,0,1,0,1
171.32033,327.62003,118.47125,1,0,1,0,1
171.34042,327.30035,118.32871,1,0,1,0,1
171.36011,326.97153,118.20885,1,0,1,0,1
171.38053,326.29282,118.03935,1,0,1,0,1
171.40021,325.94623,117.99055,1,0,1,0,1
171.42038,325.59708,117.96608,1,0,1,0,1
171.44013,325.24707,117.96605,1,0,1,0,1
171.46054,324.89792,117.99046,1,0,1,0,1
171.48053,324.20898,118.11200,1,0,1,0,1
171.50045,323.87256,118.20855,1,0,1,0,1
171.52042,323.54370,118.32835,1,0,1,0,1
171.54011,323.22400,118.47083,1,0,1,0,1
171.56043,322.91504,118.63529,1,0,1,0,1
171.58025,322.33530,119.02682,1,0,1,0,1
171.60041,321.81573,119.49531,1,0,1,0,1
171.62029,321.58176,119.75561,1,0,1,0,1
171.64059,321.36652,120.03161,1,0,1,0,1
171.66038,321.17108,120.32197,1,0,1,0,1
171.68036,320.84332,120.94003,1,0,1,0,1
171.70045,320.71262,121.26470,1,0,1,0,1
171.72014,320.60489,121.59772,1,0,1,0,1
171.74041,320.52069,121.93744,1,0,1,0,1
171.76038,320.46042,122.28221,1,0,1,0,1
171.78004,320.41275,122.98016,1,0,1,0,1
171.80071,320.42557,123.32992,1,0,1,0,1
171.82031,320.46277,123.67793,1,0,1,0,1
171.84037,320.52420,124.02250,1,0,1,0,1
171.86031,320.60953,124.36194,1,0,1,0,1
171.88024,320.85016,125.01882,1,0,1,0,1
171.90046,321.00427,125.33306,1,0,1,0,1
171.92029,321.17996,125.63577,1,0,1,0,1
171.94046,321.37637,125.92548,1,0,1,0,1
171.96033,321.59253,126.20076,1,0,1,0,1
171.98022,322.07977,126.70275,1,0,1,0,1
172.00026,322.63220,127.13196,1,0,1,0,1
172.02060,322.92953,127.31659,1,0,0,0,1
172.04024,323.23904,127.48001,1,0,0,0,1
172.06021,323.55920,127.62141,1,0,0,0,1
172.08046,324.19952,127.90422,1,0,0,0,1
172.10011,324.51968,128.04562,1,0,0,0,1
172.12043,324.83984,128.18703,1,0,0,0,1
172.14051,325.16000,128.32843,1,0,0,0,1
172.16028,325.48016,128.46983,1,0,0,0,1
172.18017,325.80032,128.61124,1,0,0,0,1
172.20008,326.44064,128.89404,1,0,0,0,1
172.22034,326.76080,129.03545,1,0,0,0,1
172.24040,327.40112,129.31825,1,0,0,0,1
172.26020,327.72128,129.45966,1,0,0,0,1
172.28038,328.04144,129.60106,1,0,0,0,1
172.30025,328.36160,129.74246,1,0,0,0,1
172.32041,329.00192,130.02527,1,0,0,0,1
172.34043,329.32208,130.16667,1,0,0,0,1
172.36026,329.64224,130.30807,1,0,0,0,1
172.38039,329.96240,130.44948,1,0,0,0,1
172.40039,330.60272,130.73228,1,0,0,0,1
172.42030,330.92288,130.87369,1,0,0,0,1
172.44043,331.24304,131.01509,1,0,0,0,1
172.46010,331.56320,131.15649,1,0,0,0,1
172.48013,332.20352,131.43930,1,0,0,0,1
172.50038,332.52368,131.58070,1,0,0,0,1
172.52042,332.84384,131.72211,1,0,0,0,1
172.54008,333.16400,131.86351,1,0,0,0,1
172.56017,333.48416,132.00491,1,0,0,0,1
172.58054,334.12448,132.28772,1,0,0,0,1
172.60046,334.44464,132.42912,1,0,0,0,1
172.62028,334.76480,132.57053,1,1,0,0,1
172.64027,335.08496,132.71193,1,1,0,0,1
172.66034,335.39447,132.87532,1,1,0,0,1
172.68050,335.97562,133.26476,1,1,0,0,1
172.70009,336.24442,133.48891,1,1,0,0,1
172.72013,336.49692,133.73126,1,1,0,0,1
172.74058,336.73190,133.99065,1,1,0,0,1
172.76023,336.94824,134.26578,1,1,0,0,1
172.78022,337.32080,134.85789,1,1,0,0,1
172.80042,337.60736,135.49608,1,1,0,0,1
172.82028,337.71658,135.82860,1,1,0,0,1
172.84014,337.80234,136.16792,1,1,0,0,1
172.86019,337.86423,136.51241,1,1,0,0,1
172.88017,337.91531,137.21011,1,1,0,0,1
172.90025,337.90424,137.55994,1,1,0,0,1
172.92042,337.86880,137.90814,1,1,0,0,1
172.94030,337.80917,138.25302,1,1,0,0,1
172.96018,337.72562,138.59291,1,1,0,0,1
172.98010,337.48853,139.25108,1,1,0,0,1
173.00010,337.33615,139.56618,1,1,0,0,1
173.02050,337.16217,139.86987,1,1,0,0,1
173.04015,336.96744,140.16071,1,1,0,0,1
173.06045,336.75290,140.43724,1,1,0,0,1
173.08051,336.26868,140.94215,1,1,0,0,1
173.10009,336.00134,141.16806,1,1,0,0,1
173.12031,335.71890,141.37477,1,1,0,0,1
173.14053,335.42273,141.56128,1,1,0,0,1
173.16026,334.79504,141.87018,1,1,0,0,1
173.18040,334.46658,141.99106,1,1,0,0,1
173.20028,333.78839,142.16273,1,1,0,0,1
173.22048,333.44199,142.21269,1,1,0,0,1
173.24031,333.09293,142.23837,1,1,0,0,1
173.26025,332.74292,142.23965,1,1,0,0,1
173.28021,332.04691,142.16908,1,1,0,0,1
173.30040,331.70428,142.09758,1,1,0,0,1
173.32021,331.36749,142.00235,1,1,0,0,1
173.34029,331.03815,141.88387,1,1,0,0,1
173.36010,330.71786,141.74271,1,1,0,0,1
173.38042,330.40820,141.57956,1,1,0,0,1
173.40012,329.82675,141.19057,1,1,0,0,1
173.42034,329.55777,140.96661,1,1,0,0,1
173.44043,329.30508,140.72446,1,1,0,0,1
173.46020,329.06989,140.46526,1,1,0,0,1
173.48052,328.65649,139.90089,1,1,0,0,1
173.50010,328.48032,139.59846,1,1,0,0,1
173.52005,328.32565,139.28448,1,1,0,0,1
173.54021,328.19327,138.96049,1,1,0,0,1
173.56045,327.99777,138.28879,1,1,0,0,1
173.58042,327.93561,137.94435,1,1,0,0,1
173.60055,327.88403,137.24669,1,1,0,0,1
173.62058,327.89484,136.89685,1,1,0,0,1
173.64010,327.93002,136.54863,1,1,0,0,1
173.66028,327.98941,136.20370,1,1,0,0,1
173.68044,328.07269,135.86375,1,1,0,0,1
173.70031,328.30923,135.20538,1,1,0,0,1
173.72048,328.46136,134.89017,1,1,0,0,1
173.74044,328.63510,134.58633,1,1,0,0,1
173.76031,328.82962,134.29536,1,1,0,0,1
173.78010,329.04395,134.01866,1,1,0,0,1
173.80035,329.52777,133.51340,1,1,0,0,1
173.82039,329.79492,133.28729,1,1,0,0,1
173.84055,330.07721,133.08037,1,1,0,0,1
173.86023,330.37323,132.89363,1,1,0,0,1
173.88036,330.68155,132.72800,1,1,0,0,1
173.90015,331.32904,132.46313,1,1,0,0,1
173.92044,332.00711,132.29094,1,1,0,0,1
173.94015,332.35349,132.24071,1,1,0,0,1
173.96029,332.70251,132.21475,1,1,0,0,1
173.98019,333.05252,132.21321,1,1,0,0,1
174.00035,333.74857,132.28325,1,1,0,0,1
174.02016,334.09125,132.35449,1,1,0,0,1
174.04015,334.42813,132.44946,1,1,0,0,1
174.06013,334.75757,132.56769,1,1,0,0,1
174.08048,335.07794,132.70860,1,1,0,0,1
174.10017,335.68539,133.05565,1,1,0,0,1
174.12036,335.96948,133.26009,1,1,0,0,1
174.14053,336.23862,133.48383,1,1,0,0,1
174.16022,336.49152,133.72580,1,1,0,0,1
174.18005,336.72690,133.98482,1,1,0,0,1
174.20033,337.14072,134.54886,1,1,0,0,1
174.22023,337.31714,134.85115,1,1,0,0,1
174.24007,337.47205,135.16501,1,1,0,0,1
174.26011,337.60468,135.48891,1,1,0,0,1
174.28033,337.71439,135.82126,1,1,0,0,1
174.30006,337.86307,136.50485,1,1,0,0,1
174.32026,337.91519,137.20248,1,0,0,0,1
174.34013,337.90466,137.55232,1,0,0,0,1
174.36014,337.89413,137.90216,1,0,0,0,1
174.38057,337.88361,138.25200,1,0,0,0,1
174.40020,337.86255,138.95168,1,0,0,0,1
174.42051,337.85202,139.30151,1,0,0,0,1
174.44009,337.84149,139.65135,1,0,0,0,1
174.46051,337.83096,140.00119,1,0,0,0,1
174.48044,337.82043,140.35103,1,0,0,0,1
174.50034,337.79938,141.05070,1,0,0,0,1
174.52050,337.78885,141.40054,1,0,0,0,1
174.54016,337.77832,141.75038,1,0,0,0,1
174.56014,337.76779,142.10022,1,0,0,0,1
174.58038,337.75726,142.45006,1,0,0,0,1
174.60052,337.73621,143.14973,1,0,0,0,1
174.62036,337.72568,143.49957,1,0,0,0,1
174.64025,337.71515,143.84941,1,0,0,0,1
174.66051,337.70462,144.19925,1,0,0,0,1
174.68004,337.69409,144.54909,1,0,0,0,1
174.70054,337.67303,145.24876,1,0,0,0,1
174.72008,337.67303,145.24876,1,0,0,0,1
174.74009,337.65198,145.94844,1,0,0,0,1
174.76009,337.63092,146.64812,1,0,0,0,1
174.78009,337.62039,146.99796,1,0,0,0,1
174.80009,337.59933,147.69763,1,0,0,0,1
174.82016,337.58881,148.04747,1,0,0,0,1
174.84027,337.57828,148.39731,1,0,0,0,1
174.86037,337.56775,148.74715,1,0,0,0,1
174.88037,337.55722,149.09698,1,0,0,0,1
174.90015,337.53616,149.79666,1,0,0,0,1
174.92054,337.52563,150.14650,1,0,0,0,1
174.94010,337.51511,150.49634,1,0,0,0,1
174.96031,337.50458,150.84618,1,0,0,0,1
174.98011,337.49405,151.19601,1,0,0,0,1
175.00025,337.47299,151.89569,1,0,0,0,1
175.02041,337.46246,152.24553,1,0,0,0,1
175.04051,337.45193,152.59537,1,0,0,0,1
175.06046,337.44141,152.94521,1,0,0,0,1
175.08052,337.43088,153.29504,1,0,0,0,1
175.10005,337.40982,153.99472,1,0,0,0,1
175.12024,337.38876,154.69440,1,0,0,0,1
175.14048,337.37823,155.04424,1,0,1,0,1
175.16025,337.36771,155.39407,1,0,1,0,1
175.18029,337.38162,155.74379,1,0,1,0,1
175.20049,337.48242,156.43607,1,0,1,0,1
175.22006,337.56882,156.77524,1,0,1,0,1
175.24024,337.67871,157.10754,1,0,1,0,1
175.26022,337.81152,157.43137,1,0,1,0,1
175.28034,337.96664,157.74512,1,0,1,0,1
175.30044,338.34061,158.33635,1,0,1,0,1
175.32020,338.55762,158.61095,1,0,1,0,1
175.34033,338.79327,158.86972,1,0,1,0,1
175.36004,339.04645,159.11140,1,0,1,0,1
175.38028,339.31586,159.33481,1,0,1,0,1
175.40003,339.89813,159.72255,1,0,1,0,1
175.42044,340.20816,159.88499,1,0,1,0,1
175.44007,340.52878,160.02539,1,0,1,0,1
175.46015,340.85840,160.14305,1,0,1,0,1
175.48053,341.19543,160.23740,1,0,1,0,1
175.50033,341.88513,160.35446,1,0,1,0,1
175.52042,342.58444,160.37427,1,0,1,0,1
175.54009,342.93341,160.34752,1,0,1,0,1
175.56017,343.27966,160.29646,1,0,1,0,1
175.58012,343.62152,160.22134,1,0,1,0,1
175.60014,344.28531,160.00053,1,0,1,0,1
175.62028,344.60403,159.85591,1,0,1,0,1
175.64039,344.91187,159.68939,1,0,1,0,1
175.66004,345.20734,159.50177,1,0,1,0,1
175.68029,345.48898,159.29398,1,0,1,0,1
175.70024,346.00537,158.82201,1,0,1,0,1
175.72036,346.23758,158.56013,1,0,1,0,1
175.74020,346.45096,158.28270,1,0,1,0,1
175.76036,346.64444,157.99103,1,0,1,0,1
175.78019,346.81708,157.68657,1,0,1,0,1
175.80025,347.09656,157.04524,1,0,1,0,1
175.82047,347.20203,156.71152,1,0,1,0,1
175.84015,347.28394,156.37123,1,0,1,0,1
175.86038,347.34189,156.02606,1,0,1,0,1
175.88008,347.38489,155.32780,1,0,1,0,1
175.90032,347.36975,154.97813,1,0,1,0,1
175.92010,347.26654,154.28622,1,0,1,0,1
175.94034,347.17896,153.94736,1,0,1,0,1
175.96007,347.06793,153.61543,1,0,1,0,1
175.98048,346.93399,153.29207,1,0,1,0,1
176.00021,346.60013,152.67731,1,0,1,0,1
176.02005,346.40182,152.38892,1,0,1,0,1
176.04014,346.18387,152.11507,1,0,1,0,1
176.06015,345.94730,151.85712,1,0,1,0,1
176.08043,345.69330,151.61632,1,0,1,0,1
176.10017,345.13803,151.19078,1,0,1,0,1
176.12036,344.83948,151.00812,1,0,1,0,1
176.14003,344.52890,150.84676,1,0,1,0,1
176.16023,344.20779,150.70747,1,0,1,0,1
176.18038,343.87775,150.59096,1,0,1,0,1
176.20012,343.54037,150.49777,1,0,1,0,1
176.22006,342.85028,150.38310,1,0,1,0,1
176.24040,342.50092,150.36218,1,0,1,0,1
176.26005,342.15094,150.36571,1,0,1,0,1
176.28026,341.45599,150.44591,1,0,1,0,1
176.30038,341.11441,150.52220,1,0,1,0,1
176.32015,340.45135,150.74530,1,0,1,0,1
176.34035,340.13312,150.89102,1,0,1,0,1
176.36052,339.82584,151.05861,1,0,1,0,1
176.38025,339.53101,151.24724,1,0,1,0,1
176.40052,338.98444,151.68388,1,0,1,0,1
176.42021,338.73535,151.92975,1,0,1,0,1
176.44044,338.50403,152.19241,1,0,1,0,1
176.46015,338.29163,152.47060,1,0,1,0,1
176.48004,338.09915,152.76292,1,0,1,0,1
176.50038,337.77771,153.38428,1,0,1,0,1
176.52011,337.65030,153.71027,1,0,1,0,1
176.54047,337.54596,154.04436,1,0,1,0,1
176.56045,337.46521,154.38492,1,0,1,0,1
176.58030,337.40845,154.73029,1,0,1,0,1
176.60040,337.36786,155.42867,1,0,1,0,1
176.62038,337.38422,155.77829,1,0,1,0,1
176.64024,337.42496,156.12592,1,0,1,0,1
176.66036,337.48987,156.46985,1,0,1,0,1
176.68004,337.69086,157.13992,1,0,1,0,1
176.70010,337.82593,157.46280,1,0,1,0,1
176.72010,338.16199,158.07635,1,0,1,0,1
176.74026,338.36133,158.36404,1,0,1,0,1
176.76011,338.58026,158.63712,1,0,1,0,1
176.78008,338.81772,158.89423,1,0,1,0,1
176.80041,339.34354,159.35564,1,0,1,0,1
176.82013,339.62933,159.55769,1,0,1,0,1
176.84030,339.92853,159.73930,1,0,1,0,1
176.86039,340.23969,159.89957,1,0,1,0,1
176.88047,340.56128,160.03770,1,0,0,0,1
176.90017,341.22943,160.24504,1,0,0,0,1
176.92016,341.56714,160.33704,1,0,0,0,1
176.94006,341.90485,160.42903,1,0,0,0,1
176.96006,342.24255,160.52103,1,0,0,0,1
176.98016,342.58026,160.61302,1,0,0,0,1
177.00052,343.25568,160.79701,1,0,0,0,1
177.02027,343.59338,160.88901,1,0,0,0,1
177.04033,343.93109,160.98100,1,0,0,0,1
177.06020,344.26880,161.07300,1,0,0,0,1
177.08029,344.94421,161.25699,1,0,0,0,1
177.10026,345.28192,161.34898,1,0,0,0,1
177.12051,345.95734,161.53297,1,0,0,0,1
177.14012,346.29504,161.62497,1,0,0,0,1
177.16025,346.63275,161.71696,1,0,0,0,1
177.18047,346.97046,161.80896,1,0,0,0,1
177.20022,347.64587,161.99295,1,0,0,0,1
177.22019,347.98358,162.08495,1,0,0,0,1
177.24028,348.32129,162.17694,1,0,0,0,1
177.26045,348.65900,162.26894,1,0,0,0,1
177.28011,348.99670,162.36093,1,0,0,0,1
177.30026,349.67212,162.54492,1,0,0,0,1
177.32044,350.00983,162.63692,1,0,0,0,1
177.34008,350.34753,162.72891,1,0,0,0,1
177.36024,350.68524,162.82091,1,0,0,0,1
177.38038,351.02295,162.91290,1,0,0,0,1
177.40004,351.36066,163.00490,1,0,0,0,1
177.42051,352.03607,163.18889,1,0,0,0,1
177.44022,352.71149,163.37288,1,0,0,0,1
177.46047,353.04919,163.46487,1,0,0,0,1
177.48053,353.38690,163.55687,1,0,0,0,1
177.50033,353.72461,163.64886,1,1,0,0,1
177.52044,354.40002,163.83286,1,1,0,0,1
177.54008,354.73047,163.94817,1,1,0,0,1
177.56034,355.05209,164.08624,1,1,0,0,1
177.58045,355.36328,164.24641,1,1,0,0,1
177.60022,355.66254,164.42790,1,1,0,0,1
177.62036,356.21954,164.85118,1,1,0,0,1
177.64017,356.47455,165.09091,1,1,0,0,1
177.66016,356.71222,165.34784,1,1,0,0,1
177.68039,356.93140,165.62071,1,1,0,0,1
177.70010,357.13101,165.90822,1,1,0,0,1
177.72031,357.46774,166.52142,1,1,0,0,1
177.74012,357.60324,166.84413,1,1,0,0,1
177.76041,357.71588,167.17551,1,1,0,0,1
177.78013,357.80515,167.51393,1,1,0,0,1
177.80018,357.87061,167.85776,1,1,0,0,1
177.82012,357.92889,168.55490,1,1,0,0,1
177.84039,357.92145,168.90482,1,1,0,0,1
177.86040,357.88962,169.25337,1,1,0,0,1
177.88030,357.75354,169.93958,1,1,0,0,1
177.90055,357.64996,170.27390,1,1,0,0,1
177.92024,357.37421,170.91682,1,1,0,0,1
177.94031,357.20340,171.22231,1,1,0,0,1
177.96040,357.01169,171.51514,1,1,0,0,1
177.98028,356.80002,171.79388,1,1,0,0,1
178.00039,356.56943,172.05719,1,1,0,0,1
178.02042,356.05606,172.53244,1,1,0,0,1
178.04017,355.77579,172.74207,1,1,0,0,1
178.06045,355.48157,172.93164,1,1,0,0,1
178.08033,355.17484,173.10023,1,1,0,0,1
178.10055,354.85712,173.24702,1,1,0,0,1
178.12041,354.19485,173.47244,1,1,0,0,1
178.14013,353.85355,173.54997,1,1,0,0,1
178.16041,353.50766,173.60352,1,1,0,0,1
178.18046,353.15887,173.63281,1,1,0,0,1
178.20014,352.80890,173.63771,1,1,0,0,1
178.22032,352.11221,173.57436,1,1,0,0,1
178.24039,351.43109,173.41467,1,1,0,0,1
178.26048,351.10056,173.29961,1,1,0,0,1
178.28010,350.77884,173.16177,1,1,0,0,1
178.30029,350.46753,173.00183,1,1,0,0,1
178.32049,349.88208,172.61888,1,1,0,0,1
178.34028,349.61081,172.39772,1,1,0,0,1
178.36036,349.35562,172.15819,1,1,0,0,1
178.38003,349.11777,171.90144,1,1,0,0,1
178.40037,348.89838,171.62874,1,1,0,0,1
178.42033,348.51926,171.04080,1,1,0,0,1
178.44044,348.36136,170.72844,1,1,0,0,1
178.46006,348.22562,170.40584,1,1,0,0,1
178.48053,348.11270,170.07455,1,1,0,0,1
178.50030,348.02316,169.73619,1,1,0,0,1
178.52046,347.91589,169.04489,1,1,0,0,1
178.54019,347.89865,168.69531,1,1,0,0,1
178.56041,347.90582,168.34538,1,1,0,0,1
178.58015,347.93738,167.99681,1,1,0,0,1
178.60041,347.99316,167.65129,1,1,0,0,1
178.62008,348.17627,166.97610,1,1,0,0,1
178.64029,348.45154,166.33295,1,1,0,0,1
178.66045,348.62213,166.02733,1,1,0,0,1
178.68055,348.81360,165.73436,1,1,0,0,1
178.70017,349.02505,165.45544,1,1,0,0,1
178.72015,349.50363,164.94518,1,1,0,0,1
178.74030,349.76843,164.71631,1,1,0,0,1
178.76044,350.04855,164.50647,1,1,0,0,1
178.78008,350.34262,164.31668,1,1,0,0,1
178.80035,350.64920,164.14786,1,1,0,0,1
178.82007,351.29391,163.87630,1,1,0,0,1
178.84044,351.62891,163.77489,1,1,0,0,1
178.86034,351.97015,163.69708,1,1,0,0,1
178.88058,352.31598,163.64326,1,1,0,0,1
178.90014,352.66473,163.61371,1,1,0,0,1
178.92012,353.36417,163.62779,1,1,0,0,1
178.94032,353.71146,163.67137,1,1,0,0,1
178.96053,354.05484,163.73906,1,1,0,0,1
178.98019,354.39267,163.83054,1,1,0,0,1
179.00028,354.72330,163.94534,1,1,0,0,1
179.02062,355.35654,164.24263,1,1,0,0,1
179.04047,355.94229,164.62514,1,1,0,0,1
179.06014,356.21375,164.84608,1,1,0,0,1
179.08015,356.46912,165.08542,1,1,0,0,1
179.10016,356.70718,165.34198,1,1,0,0,1
179.12016,357.12683,165.90172,1,1,0,0,1
179.14016,357.30637,166.20216,1,1,0,0,1
179.16024,357.46451,166.51440,1,1,0,0,1
179.18010,357.60049,166.83691,1,1,0,0,1
179.20053,357.71365,167.16812,1,1,0,0,1
179.22031,357.86942,167.85013,1,1,0,0,1
179.24015,357.91125,168.19762,1,1,0,0,1
179.26029,357.92877,168.54718,1,1,0,0,1
179.28052,357.92188,168.89711,1,0,0,0,1
179.30024,357.89056,169.24571,1,0,0,0,1
179.32011,357.77948,169.93684,1,0,0,0,1
179.34013,357.72394,170.28241,1,0,0,0,1
179.36038,357.66840,170.62798,1,0,0,0,1
179.38046,357.61285,170.97354,1,0,0,0,1
179.40024,357.55731,171.31911,1,0,0,0,1
179.42046,357.44623,172.01024,1,0,0,0,1
179.44010,357.33514,172.70137,1,0,0,0,1
179.46022,357.27960,173.04694,1,0,0,0,1
179.48038,357.22406,173.39250,1,0,0,0,1
179.50051,357.16852,173.73807,1,0,0,0,1
179.52037,357.05743,174.42920,1,0,0,0,1
179.54007,357.00189,174.77477,1,0,0,0,1
179.56022,356.94635,175.12033,1,0,0,0,1
179.58006,356.89081,175.46590,1,0,0,0,1
179.60017,356.83527,175.81146,1,0,0,0,1
179.62060,356.72418,176.50259,1,0,0,0,1
179.64049,356.66864,176.84816,1,0,0,0,1
179.66054,356.61310,177.19373,1,0,0,0,1
179.68024,356.55756,177.53929,1,0,0,0,1
179.70035,356.50201,177.88486,1,0,0,0,1
179.72066,356.39093,178.57599,1,0,0,0,1
179.74037,356.33539,178.92155,1,0,0,0,1
179.76049,356.27985,179.26712,1,0,0,0,1
179.78012,356.22430,179.61269,1,0,0,0,1
179.80045,356.16876,179.95825,1,0,0,0,1
179.82018,356.05768,180.64938,1,0,0,0,1
179.84012,355.94659,181.34052,1,0,0,0,1
179.86037,355.89105,181.68608,1,0,0,0,1
179.88011,355.83551,182.03165,1,0,0,0,1
179.90049,355.77997,182.37721,1,0,0,0,1
179.92043,355.72443,182.72278,1,0,0,0,1
179.94037,355.66888,183.06834,1,0,0,0,1
179.96055,355.55780,183.75948,1,0,0,0,1
179.98021,355.50226,184.10504,1,0,0,0,1
180.00004,355.44672,184.45061,1,0,0,0,1
180.02041,355.33563,185.14174,1,0,0,0,1
180.04004,355.28009,185.48730,1,0,0,0,1
180.06062,355.22455,185.83287,1,0,0,0,1
180.08033,355.16901,186.17844,1,0,0,0,1
180.10046,355.11346,186.52400,1,0,0,0,1
180.12035,355.00238,187.21513,1,0,0,0,1
180.14052,354.94684,187.56070,1,0,0,0,1
180.16019,354.89130,187.90627,1,0,0,0,1
180.18059,354.83575,188.25183,1,0,0,0,1
180.20025,354.78021,188.59740,1,0,0,0,1
180.22037,354.66913,189.28853,1,0,1,0,1
180.24027,354.58231,189.98270,1,0,1,0,1
180.26046,354.57547,190.33263,1,0,1,0,1
180.28011,354.59308,190.68219,1,0,1,0,1
180.30040,354.63507,191.02966,1,0,1,0,1
180.32036,354.79120,191.71159,1,0,1,0,1
180.34040,354.90457,192.04272,1,0,1,0,1
180.36045,355.04080,192.36513,1,0,1,0,1
180.38011,355.19922,192.67723,1,0,1,0,1
180.40044,355.37903,192.97751,1,0,1,0,1
180.42030,355.79929,193.53679,1,0,1,0,1
180.44036,356.03766,193.79306,1,0,1,0,1
180.46054,356.29337,194.03206,1,0,1,0,1
180.48029,356.56512,194.25261,1,0,1,0,1
180.50014,356.85162,194.45364,1,0,1,0,1
180.52026,357.46317,194.79335,1,0,1,0,1
180.54045,357.78525,194.93036,1,0,1,0,1
180.56009,358.11609,195.04454,1,0,1,0,1
180.58022,358.45410,195.13533,1,0,1,0,1
180.60034,359.14502,195.24512,1,0,1,0,1
180.62005,359.49454,195.26357,1,0,1,0,1
180.64019,360.19315,195.22713,1,0,1,0,1
180.66039,360.53885,195.17242,1,0,1,0,1
180.68047,360.87988,195.09370,1,0,1,0,1
180.70034,361.21460,194.99136,1,0,1,0,1
180.72049,361.85852,194.71793,1,0,1,0,1
180.74047,362.16458,194.54816,1,0,1,0,1
180.76018,362.45804,194.35744,1,0,1,0,1
180.78022,362.73749,194.14668,1,0,1,0,1
180.80053,363.00153,193.91693,1,0,1,0,1
180.82017,363.47833,193.40500,1,0,1,0,1
180.84035,363.68875,193.12532,1,0,1,0,1
180.86004,363.87915,192.83163,1,0,1,0,1
180.88019,364.04855,192.52536,1,0,1,0,1
180.90033,364.19617,192.20801,1,0,1,0,1
180.92049,364.42322,191.54630,1,0,1,0,1
180.94054,364.50153,191.20517,1,0,1,0,1
180.96050,364.55585,190.85941,1,0,1,0,1
180.98025,364.58588,190.51070,1,0,1,0,1
181.00044,364.57266,189.81125,1,0,1,0,1
181.02065,364.52948,189.46393,1,0,1,0,1
181.04018,364.37100,188.78255,1,0,1,0,1
181.06035,364.25647,188.45181,1,0,1,0,1
181.08005,364.11914,188.12988,1,0,1,0,1
181.10040,363.95966,187.81833,1,0,1,0,1
181.12029,363.57745,187.23239,1,0,1,0,1
181.14047,363.35660,186.96086,1,0,1,0,1
181.16028,363.11734,186.70541,1,0,1,0,1
181.18012,362.86081,186.46730,1,0,1,0,1
181.20041,362.58829,186.24768,1,0,1,0,1
181.22053,362.00061,185.86813,1,0,1,0,1
181.24051,361.68835,185.71005,1,0,1,0,1
181.26051,361.36581,185.57416,1,0,1,0,1
181.28052,361.03458,185.46112,1,0,1,0,1
181.30005,360.69626,185.37149,1,0,1,0,1
181.32005,360.35251,185.30571,1,0,1,0,1
181.34039,359.65543,185.24686,1,0,1,0,1
181.36061,359.30551,185.25407,1,0,1,0,1
181.38031,358.61142,185.34160,1,0,1,0,1
181.40036,358.27066,185.42149,1,0,1,0,1
181.42049,357.93631,185.52498,1,0,1,0,1
181.44049,357.29333,185.80063,1,0,1,0,1
181.46014,356.98785,185.97145,1,0,1,0,1
181.48040,356.69504,186.16319,1,0,1,0,1
181.50031,356.41632,186.37491,1,0,1,0,1
181.52042,355.90659,186.85406,1,0,1,0,1
181.54028,355.67804,187.11916,1,0,1,0,1
181.56053,355.46857,187.39955,1,0,1,0,1
181.58020,355.27921,187.69389,1,0,1,0,1
181.60039,355.11084,188.00075,1,0,1,0,1
181.62012,354.96432,188.31860,1,0,1,0,1
181.64048,354.73956,188.98109,1,0,1,0,1
181.66046,354.66241,189.32248,1,0,1,0,1
181.68024,354.60931,189.66843,1,0,1,0,1
181.70029,354.58047,190.01724,1,0,1,0,1
181.72021,354.59613,190.71664,1,0,1,0,1
181.74041,354.64053,191.06381,1,0,1,0,1
181.76037,354.70908,191.40703,1,0,1,0,1
181.78022,354.80142,191.74463,1,0,1,0,1
181.80023,355.05560,192.39639,1,0,1,0,1
181.82035,355.21619,192.70738,1,0,1,0,1
181.84049,355.60046,193.29196,1,0,1,0,1
181.86015,355.82227,193.56271,1,0,1,0,1
181.88035,356.06244,193.81731,1,0,1,0,1
181.90003,356.31979,194.05450,1,0,1,0,1
181.92050,356.88098,194.47218,1,0,1,0,1
181.94027,357.18207,194.65062,1,0,1,0,1
181.96031,357.49490,194.80759,1,0,1,0,1
181.98047,357.81793,194.94234,1,0,1,0,1
182.00054,358.14957,195.05420,1,0,1,0,1
182.02026,358.48822,195.14262,1,0,1,0,1
182.04051,359.17987,195.24756,1,0,1,0,1
182.06036,359.52951,195.26357,1,0,0,0,1
182.08045,359.87939,195.25511,1,0,0,0,1
182.10010,360.22928,195.24666,1,0,0,0,1
182.12014,360.57916,195.23820,1,0,0,0,1
182.14052,361.27893,195.22130,1,0,0,0,1
182.16054,361.62881,195.21284,1,0,0,0,1
182.18045,362.32858,195.19594,1,0,0,0,1
182.20027,362.67847,195.18748,1,0,0,0,1
182.22047,363.02835,195.17903,1,0,0,0,1
182.24034,363.72812,195.16212,1,0,0,0,1
182.26044,364.07800,195.15367,1,0,0,0,1
182.28011,364.42789,195.14522,1,0,0,0,1
182.30029,364.77777,195.13676,1,0,0,0,1
182.32049,365.12766,195.12831,1,0,0,0,1
182.34016,365.82742,195.11140,1,0,0,0,1
182.36037,366.17731,195.10295,1,0,0,0,1
182.38033,366.52719,195.09450,1,0,0,0,1
182.40006,366.87708,195.08604,1,0,0,0,1
182.42029,367.22696,195.07759,1,0,0,0,1
182.44014,367.92673,195.06068,1,0,0,0,1
182.46022,368.27661,195.05223,1,0,0,0,1
182.48053,368.62650,195.04378,1,0,0,0,1
182.50003,368.97638,195.03532,1,0,0,0,1
182.52013,369.32626,195.02687,1,1,0,0,1
182.54054,370.02603,195.00996,1,1,0,0,1
182.56011,370.72333,195.06624,1,1,0,0,1
182.58010,371.06735,195.13069,1,1,0,0,1
182.60037,371.40604,195.21898,1,1,0,0,1
182.62026,371.73773,195.33067,1,1,0,0,1
182.64004,372.37375,195.62199,1,1,0,0,1
182.66061,372.67499,195.80020,1,1,0,0,1
182.68042,372.96307,195.99898,1,1,0,0,1
182.70052,373.23657,196.21736,1,1,0,0,1
182.72032,373.49417,196.45428,1,1,0,0,1
182.74051,373.95676,196.97906,1,1,0,0,1
182.76027,374.15948,197.26437,1,1,0,0,1
182.78027,374.34183,197.56313,1,1,0,0,1
182.80051,374.50290,197.87386,1,1,0,0,1
182.82024,374.64191,198.19507,1,1,0,0,1
182.84026,374.85114,198.86263,1,1,0,0,1
182.86048,374.92035,199.20572,1,1,0,0,1
182.88024,374.96545,199.55280,1,1,0,0,1
182.90044,374.98624,199.90218,1,1,0,0,1
182.92038,374.98260,200.25215,1,1,0,0,1
182.94046,374.90231,200.94710,1,1,0,0,1
182.96015,374.72610,201.62411,1,1,0,0,1
182.98038,374.60303,201.95177,1,1,0,0,1
183.00038,374.45740,202.27003,1,1,0,0,1
183.02040,374.28992,202.57736,1,1,0,0,1
183.04027,373.89282,203.15331,1,1,0,0,1
183.06006,373.66513,203.41911,1,1,0,0,1
183.08037,373.41946,203.66840,1,1,0,0,1
183.10044,373.15701,203.89993,1,1,0,0,1
183.12047,372.87903,204.11261,1,1,0,0,1
183.14012,372.28204,204.47733,1,1,0,0,1
183.16028,371.96594,204.62758,1,1,0,0,1
183.18050,371.64014,204.75542,1,1,0,0,1
183.20027,371.30618,204.86023,1,1,0,0,1
183.22014,370.96576,204.94150,1,1,0,0,1
183.24020,370.27206,205.03192,1,1,0,0,1
183.26033,369.92218,205.04065,1,1,0,0,1
183.28034,369.57254,205.02495,1,1,0,0,1
183.30009,369.22485,204.98491,1,1,0,0,1
183.32040,368.88080,204.92072,1,1,0,0,1
183.34046,368.21027,204.72124,1,1,0,0,1
183.36040,367.57401,204.43040,1,1,0,0,1
183.38045,367.27264,204.25243,1,1,0,0,1
183.40013,366.98441,204.05386,1,1,0,0,1
183.42025,366.71072,203.83569,1,1,0,0,1
183.44009,366.21228,203.34483,1,1,0,0,1
183.46020,365.98993,203.07454,1,1,0,0,1
183.48021,365.78699,202.78940,1,1,0,0,1
183.50045,365.60440,202.49080,1,1,0,0,1
183.52022,365.44308,202.18019,1,1,0,0,1
183.54042,365.18732,201.52905,1,1,0,0,1
183.56043,365.09409,201.19170,1,1,0,0,1
183.58045,365.02463,200.84866,1,1,0,0,1
183.60037,364.97925,200.50162,1,1,0,0,1
183.62046,364.95819,200.15225,1,1,0,0,1
183.64048,364.98929,199.45337,1,1,0,0,1
183.66011,365.04132,199.10725,1,1,0,0,1
183.68014,365.11734,198.76561,1,1,0,0,1
183.70037,365.21701,198.43010,1,1,0,0,1
183.72026,365.33984,198.10236,1,1,0,0,1
183.74040,365.65247,197.47652,1,1,0,0,1
183.76007,366.04910,196.90027,1,1,0,0,1
183.78009,366.27658,196.63428,1,1,0,0,1
183.80051,366.52206,196.38481,1,1,0,0,1
183.82027,366.78436,196.15306,1,1,0,0,1
183.84036,367.35416,195.74718,1,1,0,0,1
183.86036,367.65887,195.57501,1,1,0,0,1
183.88053,367.97485,195.42451,1,1,0,0,1
183.90029,368.30057,195.29643,1,1,0,0,1
183.92045,368.63443,195.19138,1,1,0,0,1
183.94009,369.32001,195.05226,1,1,0,0,1
183.96005,369.66843,195.01889,1,1,0,0,1
183.98040,370.01831,195.00990,1,1,0,0,1
184.00009,370.36798,195.02533,1,1,0,0,1
184.02023,370.71570,195.06511,1,1,0,0,1
184.04003,371.39862,195.21681,1,1,0,0,1
184.06025,371.73050,195.32800,1,1,0,0,1
184.08016,372.05380,195.46207,1,1,0,0,1
184.10034,372.36697,195.61835,1,1,0,0,1
184.12025,372.66849,195.79610,1,1,0,0,1
184.14043,373.23071,196.21240,1,1,0,0,1
184.16054,373.72952,196.70288,1,1,0,0,1
184.18005,373.95209,196.97301,1,1,0,0,1
184.20020,374.15527,197.25800,1,1,0,0,1
184.22031,374.33807,197.55646,1,1,0,0,1
184.24005,374.63913,198.18794,1,1,0,0,1
184.26031,374.75589,198.51788,1,1,0,0,1
184.28005,374.84937,198.85516,1,1,0,0,1
184.30010,374.91910,199.19815,1,1,0,0,1
184.32042,374.96475,199.54517,1,1,0,0,1
184.34055,374.98300,200.24451,1,1,0,0,1
184.36025,374.95551,200.59343,1,1,0,0,1
184.38046,374.90375,200.93958,1,1,0,0,1
184.40019,374.82797,201.28128,1,1,0,0,1
184.42010,374.72855,201.61687,1,1,0,0,1
184.44020,374.46082,202.26318,1,1,0,0,1
184.46034,374.29382,202.57077,1,1,0,0,1
184.48024,374.10577,202.86597,1,1,0,0,1
184.50051,373.67032,203.41348,1,0,0,0,1
184.52016,373.42502,203.66315,1,0,0,0,1
184.54031,373.16290,203.89510,1,0,0,0,1
184.56055,372.63867,204.35899,1,0,0,0,1
184.58024,372.37656,204.59094,1,0,0,0,1
184.60017,372.11444,204.82289,1,0,0,0,1
184.62052,371.85233,205.05484,1,0,0,0,1
184.64036,371.32809,205.51874,1,0,0,0,1
184.66027,371.06598,205.75069,1,0,0,0,1
184.68030,370.80386,205.98264,1,0,0,0,1
184.70049,370.54175,206.21458,1,0,0,0,1
184.72028,370.27963,206.44653,1,0,0,0,1
184.74045,369.75540,206.91043,1,0,0,0,1
184.76012,369.49329,207.14238,1,0,0,0,1
184.78050,369.23117,207.37433,1,0,0,0,1
184.80004,368.96906,207.60628,1,0,0,0,1
184.82031,368.70694,207.83823,1,0,0,0,1
184.84005,368.18271,208.30212,1,0,0,0,1
184.86031,367.92059,208.53407,1,0,0,0,1
184.88035,367.65848,208.76602,1,0,0,0,1
184.90005,367.39636,208.99797,1,0,0,0,1
184.92026,367.13425,209.22992,1,0,0,0,1
184.94067,366.61002,209.69382,1,0,0,0,1
184.96046,366.08578,210.15771,1,0,0,0,1
184.98013,365.82367,210.38966,1,0,0,0,1
185.00012,365.56155,210.62161,1,0,0,0,1
185.02042,365.29944,210.85356,1,0,0,0,1
185.04059,364.77521,211.31746,1,0,0,0,1
185.06054,364.51309,211.54941,1,0,0,0,1
185.08025,364.25098,211.78136,1,0,1,0,1
185.10017,363.98886,212.01331,1,0,1,0,1
185.12028,363.74359,212.26299,1,0,1,0,1
185.14047,363.30826,212.81061,1,0,1,0,1
185.16020,363.12033,213.10588,1,0,1,0,1
185.18010,362.95349,213.41354,1,0,1,0,1
185.20030,362.80853,213.73212,1,0,1,0,1
185.22051,362.68619,214.06003,1,0,1,0,1
185.24009,362.51157,214.73746,1,0,1,0,1
185.26017,362.46014,215.08366,1,0,1,0,1
185.28035,362.43301,215.43262,1,0,1,0,1
185.30016,362.43033,215.78261,1,0,1,0,1
185.32042,362.49820,216.47888,1,0,1,0,1
185.34046,362.56842,216.82176,1,0,1,0,1
185.36018,362.66241,217.15891,1,0,1,0,1
185.38024,362.77972,217.48866,1,0,1,0,1
185.40048,363.08188,218.11961,1,0,1,0,1
185.42008,363.26526,218.41772,1,0,1,0,1
185.44035,363.69211,218.97195,1,0,1,0,1
185.46049,363.93353,219.22537,1,0,1,0,1
185.48010,364.19205,219.46132,1,0,1,0,1
185.50033,364.46640,219.67863,1,0,1,0,1
185.52006,364.75528,219.87625,1,0,1,0,1
185.54024,365.37085,220.20865,1,0,1,0,1
185.56041,365.69452,220.34181,1,0,1,0,1
185.58047,366.02670,220.45204,1,0,1,0,1
185.60049,366.36578,220.53880,1,0,1,0,1
185.62048,366.71008,220.60168,1,0,1,0,1
185.64046,367.40765,220.65466,1,0,1,0,1
185.66011,367.75751,220.64450,1,0,1,0,1
185.68041,368.10580,220.60992,1,0,1,0,1
185.70049,368.45084,220.55112,1,0,1,0,1
185.72025,369.12439,220.36205,1,0,1,0,1
185.74008,369.44962,220.23271,1,0,1,0,1
185.76037,370.06906,219.90759,1,0,1,0,1
185.78006,370.36023,219.71339,1,0,1,0,1
185.80053,370.63715,219.49933,1,0,1,0,1
185.82052,370.89844,219.26645,1,0,1,0,1
185.84040,371.14282,219.01590,1,0,1,0,1
185.86048,371.57620,218.46672,1,0,1,0,1
185.88051,371.76309,218.17079,1,0,1,0,1
185.90009,371.92886,217.86253,1,0,1,0,1
185.92049,372.07269,217.54346,1,0,1,0,1
185.94022,372.19388,217.21510,1,0,1,0,1
185.96042,372.36609,216.53706,1,0,1,0,1
185.98024,372.41629,216.19067,1,0,1,0,1
186.00009,372.44217,215.84163,1,0,1,0,1
186.02017,372.44360,215.49164,1,0,1,0,1
186.04055,372.42062,215.14240,1,0,1,0,1
186.06024,372.30191,214.45297,1,0,1,0,1
186.08006,372.20676,214.11615,1,0,1,0,1
186.10045,372.08832,213.78680,1,0,1,0,1
186.12018,371.78397,213.15691,1,0,1,0,1
186.14043,371.59955,212.85942,1,0,1,0,1
186.16011,371.17075,212.30666,1,0,1,0,1
186.18027,370.92847,212.05408,1,0,1,0,1
186.20042,370.66913,211.81903,1,0,1,0,1
186.22051,370.39401,211.60268,1,0,1,0,1
186.24013,370.10446,211.40605,1,0,1,0,1
186.26046,369.48776,211.07578,1,0,1,0,1
186.28010,369.16364,210.94373,1,0,1,0,1
186.30030,368.83105,210.83464,1,0,1,0,1
186.32046,368.49167,210.74904,1,0,1,0,1
186.34006,368.14716,210.68735,1,0,1,0,1
186.36024,367.44940,210.63680,1,0,1,0,1
186.38042,367.09958,210.64816,1,0,1,0,1
186.40011,366.75140,210.68394,1,0,1,0,1
186.42025,366.40659,210.74394,1,0,1,0,1
186.44043,366.06680,210.82788,1,0,1,0,1
186.46012,365.40894,211.06581,1,0,1,0,1
186.48028,365.09406,211.21863,1,0,1,0,1
186.50053,364.50012,211.58827,1,0,1,0,1
186.52010,364.22394,211.80328,1,0,1,0,1
186.54038,363.96347,212.03706,1,0,1,0,1
186.56027,363.49457,212.55624,1,0,1,0,1
186.58052,363.28845,212.83911,1,0,1,0,1
186.60018,363.10260,213.13568,1,0,1,0,1
186.62032,362.93790,213.44452,1,0,1,0,1
186.64006,362.79517,213.76410,1,0,1,0,1
186.66019,362.57831,214.42921,1,0,1,0,1
186.68040,362.50522,214.77150,1,0,1,0,1
186.70007,362.45621,215.11806,1,0,1,0,1
186.72025,362.43152,215.46719,1,0,1,0,1
186.74041,362.43127,215.81720,1,0,1,0,1
186.76014,362.50400,216.51299,1,0,1,0,1
186.78010,362.57663,216.85536,1,0,1,0,1
186.80025,362.67297,217.19183,1,0,1,0,1
186.82041,362.79260,217.52075,1,0,1,0,1
186.84006,362.93491,217.84052,1,0,1,0,1
186.86050,363.28464,218.44640,1,0,1,0,1
186.88035,363.49039,218.72954,1,0,1,0,1
186.90044,363.95859,219.24934,1,0,1,0,1
186.92009,364.21875,219.48347,1,0,1,0,1
186.94031,364.49463,219.69885,1,0,1,0,1
186.96051,365.08807,220.06929,1,0,1,0,1
186.98016,365.40274,220.22253,1,0,1,0,1
187.00037,365.72736,220.35342,1,0,1,0,1
187.02048,366.06030,220.46133,1,0,1,0,1
187.04027,366.39996,220.54573,1,0,1,0,1
187.06048,367.09280,220.64244,1,0,1,0,1
187.08014,367.44260,220.65428,1,0,1,0,1
187.10043,367.79236,220.64166,1,0,1,0,1
187.12018,368.14038,220.60466,1,0,1,0,1
187.14042,368.48499,220.54344,1,0,1,0,1
187.16048,369.15717,220.34966,1,0,1,0,1
187.18035,369.48148,220.21805,1,0,1,0,1
187.20039,369.79581,220.06412,1,0,1,0,1
187.22003,370.09863,219.88861,1,0,1,0,1
187.24025,370.38846,219.69238,1,0,1,0,1
187.26042,370.92349,219.24170,1,0,1,0,1
187.28042,371.39053,218.72086,1,0,1,0,1
187.30012,371.59564,218.43726,1,0,1,0,1
187.32054,371.78046,218.14003,1,0,1,0,1
187.34021,371.94406,217.83061,1,0,1,0,1
187.36039,372.20456,217.18134,1,0,1,0,1
187.38039,372.30017,216.84465,1,0,1,0,1
187.40006,372.37204,216.50211,1,0,1,0,1
187.42027,372.41980,216.15538,1,0,1,0,1
187.44019,372.44324,215.80617,1,0,1,0,1
187.46015,372.41684,215.10709,1,0,1,0,1
187.48011,372.36710,214.76064,1,0,1,0,1
187.50053,372.29330,214.41850,1,0,1,0,1
187.52027,372.19580,214.08237,1,0,1,0,1
187.54026,372.07504,213.75386,1,0,1,0,1
187.56043,371.76630,213.12610,1,0,1,0,1
187.58050,371.76630,213.12610,1,0,1,0,1
187.60022,371.14716,212.28017,1,0,1,0,1
187.62048,370.90311,212.02928,1,0,1,0,1
187.64023,370.64212,211.79605,1,0,1,0,1
187.66037,370.36551,211.58162,1,0,1,0,1
187.68004,369.77078,211.21323,1,0,0,0,1
187.70053,369.45560,211.06107,1,0,0,0,1
187.72037,369.14041,210.90891,1,0,0,0,1
187.74029,368.82523,210.75674,1,0,0,0,1
187.76042,368.19485,210.45242,1,0,0,0,1
187.78054,367.87967,210.30026,1,0,0,0,1
187.80022,367.56448,210.14810,1,0,0,0,1
187.82015,367.24930,209.99594,1,0,0,0,1
187.84043,366.93411,209.84378,1,0,0,0,1
187.86022,366.30374,209.53946,1,0,0,0,1
187.88046,365.98856,209.38730,1,0,0,0,1
187.90011,365.67337,209.23514,1,0,0,0,1
187.92022,365.35818,209.08298,1,0,0,0,1
187.94035,365.04300,208.93082,1,0,0,0,1
187.96044,364.41263,208.62650,1,0,0,0,1
187.98046,364.09744,208.47433,1,0,0,0,1
188.00010,363.78226,208.32217,1,0,0,0,1
188.02038,363.46707,208.17001,1,0,0,0,1
188.04053,363.15189,208.01785,1,0,0,0,1
188.06027,362.52151,207.56137,1,0,0,0,1
188.08039,361.89114,207.40921,1,0,0,0,1
188.10051,361.57596,207.25705,1,0,0,0,1
188.12050,361.26077,207.10489,1,0,0,0,1
188.14023,360.94559,206.95273,1,0,0,0,1
188.16044,360.31522,206.64841,1,0,0,0,1
188.18018,360.00003,206.49625,1,0,0,0,1
188.20047,359.68484,206.34409,1,0,0,0,1
188.22020,359.36966,206.19193,1,0,0,0,1
188.24015,359.05447,206.03976,1,0,0,0,1
188.26009,358.42410,205.73544,1,0,0,0,1
188.28041,358.10892,205.58328,1,1,0,0,1
188.30046,357.79373,205.43112,1,1,0,0,1
188.32014,357.19897,205.06282,1,1,0,0,1
188.34023,356.92230,204.84846,1,1,0,0,1
188.36051,356.66125,204.61534,1,1,0,0,1
188.38036,356.41708,204.36458,1,1,0,0,1
188.40042,355.98410,203.81509,1,1,0,0,1
188.42009,355.79739,203.51906,1,1,0,0,1
188.44035,355.63177,203.21072,1,1,0,0,1
188.46014,355.48807,202.89159,1,1,0,0,1
188.48046,355.26907,202.22717,1,1,0,0,1
188.50036,355.19485,201.88513,1,1,0,0,1
188.52011,355.14465,201.53876,1,1,0,0,1
188.54041,355.11874,201.18971,1,1,0,0,1
188.56058,355.14014,200.49048,1,1,0,0,1
188.58044,355.18735,200.14368,1,1,0,0,1
188.60025,355.25864,199.80101,1,1,0,0,1
188.62040,355.35364,199.46414,1,1,0,0,1
188.64011,355.47189,199.13472,1,1,0,0,1
188.66027,355.77576,198.50459,1,1,0,0,1
188.68036,355.95990,198.20695,1,1,0,0,1
188.70035,356.16437,197.92288,1,1,0,0,1
188.72046,356.38815,197.65376,1,1,0,0,1
188.74010,356.63016,197.40091,1,1,0,0,1
188.76040,357.16400,196.94881,1,1,0,0,1
188.78036,357.45328,196.75177,1,1,0,0,1
188.80054,357.75558,196.57539,1,1,0,0,1
188.82040,358.06946,196.42052,1,1,0,0,1
188.84046,358.39337,196.28792,1,1,0,0,1
188.86024,359.06494,196.09198,1,1,0,0,1
188.88050,359.40933,196.02960,1,1,0,0,1
188.90057,360.10696,195.97754,1,1,0,0,1
188.92031,360.45682,195.98811,1,1,0,0,1
188.94021,360.80508,196.02306,1,1,0,0,1
188.96040,361.49005,196.16525,1,1,0,0,1
188.98010,361.82343,196.27182,1,1,0,0,1
189.00024,362.14856,196.40138,1,1,0,0,1
189.02043,362.46387,196.55330,1,1,0,0,1
189.04016,362.76782,196.72684,1,1,0,0,1
189.06021,363.33578,197.13528,1,1,0,0,1
189.08037,363.59702,197.36821,1,1,0,0,1
189.10064,363.84137,197.61879,1,1,0,0,1
189.12037,364.06766,197.88580,1,1,0,0,1
189.14004,364.27478,198.16794,1,1,0,0,1
189.16049,364.62756,198.77205,1,1,0,0,1
189.18045,364.77151,199.09108,1,1,0,0,1
189.20011,364.89285,199.41937,1,1,0,0,1
189.22034,364.99100,199.75533,1,1,0,0,1
189.24035,365.11594,200.44365,1,1,0,0,1
189.26054,365.14212,200.79266,1,1,0,0,1
189.28023,365.12125,201.49193,1,1,0,0,1
189.30045,365.07431,201.83876,1,1,0,0,1
189.32014,365.00330,202.18149,1,1,0,0,1
189.34037,364.90857,202.51842,1,1,0,0,1
189.36052,364.64987,203.16841,1,1,0,0,1
189.38041,364.48715,203.47829,1,1,0,0,1
189.40009,364.30322,203.77606,1,1,0,0,1
189.42042,364.09897,204.06029,1,1,0,0,1
189.44008,363.87540,204.32957,1,1,0,0,1
189.46013,363.63361,204.58263,1,1,0,0,1
189.48021,363.10010,205.03513,1,1,0,0,1
189.50043,362.81097,205.23239,1,1,0,0,1
189.52027,362.50879,205.40901,1,1,0,0,1
189.54041,362.19504,205.56412,1,1,0,0,1
189.56011,361.53897,205.80693,1,1,0,0,1
189.58044,361.19983,205.89343,1,1,0,0,1
189.60048,360.85547,205.95607,1,1,0,0,1
189.62049,360.50760,205.99455,1,1,0,0,1
189.64019,360.15790,206.00868,1,1,0,0,1
189.66044,359.45978,205.96371,1,1,0,0,1
189.68022,358.77472,205.82204,1,1,0,0,1
189.70036,358.44125,205.71573,1,1,0,0,1
189.72040,358.11603,205.58643,1,1,0,0,1
189.74045,357.80060,205.43475,1,1,0,0,1
189.76012,357.49652,205.26144,1,1,0,0,1
189.78028,356.92825,204.85342,1,1,0,0,1
189.80048,356.92825,204.85342,1,1,0,0,1
189.82019,356.42230,204.37032,1,1,0,0,1
189.84027,356.19580,204.10349,1,1,0,0,1
189.86058,355.80130,203.52576,1,1,0,0,1
189.88025,355.63522,203.21767,1,1,0,0,1
189.90045,355.49103,202.89874,1,1,0,0,1
189.92017,355.36942,202.57054,1,1,0,0,1
189.94034,355.27100,202.23466,1,1,0,0,1
189.96036,355.19626,201.89275,1,1,0,0,1
189.98049,355.11908,201.19745,1,1,0,0,1
190.00048,355.11703,200.84746,1,1,0,0,1
190.02051,355.13940,200.49817,1,1,0,0,1
190.04053,355.25681,199.80852,1,1,0,0,1
190.06034,355.35129,199.47151,1,1,0,0,1
190.08007,355.60950,198.82133,1,1,0,0,1
190.10006,355.77197,198.51132,1,1,0,0,1
190.12039,355.95566,198.21339,1,1,0,0,1
190.14018,356.15967,197.92902,1,0,0,0,1
190.16041,356.62463,197.40631,1,0,0,0,1
190.18055,356.86624,197.15308,1,0,0,0,1
190.20050,357.10785,196.89984,1,0,0,0,1
190.22043,357.34946,196.64661,1,0,0,0,1
190.24030,357.59106,196.39337,1,0,0,0,1
190.26048,358.07428,195.88690,1,0,0,0,1
190.28022,358.31589,195.63367,1,0,0,0,1
190.30050,358.55750,195.38043,1,0,0,0,1
190.32029,358.79910,195.12720,1,0,0,0,1
190.34047,359.04071,194.87396,1,0,0,0,1
190.36046,359.52393,194.36749,1,0,0,0,1
190.38045,359.76553,194.11426,1,0,0,0,1
190.40013,360.00714,193.86102,1,0,0,0,1
190.42055,360.24875,193.60779,1,0,0,0,1
190.44017,360.73196,193.10132,1,0,0,0,1
190.46040,360.97357,192.84808,1,0,0,0,1
190.48011,361.45679,192.34161,1,0,0,0,1
190.50034,361.69839,192.08838,1,0,0,0,1
190.52007,361.94000,191.83514,1,0,0,0,1
190.54025,362.18161,191.58191,1,0,0,0,1
190.56049,362.42322,191.32867,1,0,0,0,1
190.58025,362.90643,190.82220,1,0,0,0,1
190.60045,363.14804,190.56897,1,0,0,0,1
190.62022,363.38965,190.31573,1,0,0,0,1
190.64039,363.63126,190.06250,1,0,0,0,1
190.66008,363.87286,189.80927,1,0,0,0,1
190.68009,364.35608,189.30280,1,0,0,0,1
190.70022,364.59769,189.04956,1,0,0,0,1
190.72014,364.83929,188.79633,1,0,0,0,1
190.74030,365.08090,188.54309,1,0,0,0,1
190.76041,365.32251,188.28986,1,0,0,0,1
190.78043,365.80573,187.78339,1,0,0,0,1
190.80030,366.04733,187.53015,1,0,0,0,1
190.82005,366.53055,187.02368,1,0,0,0,1
190.84021,366.77216,186.77045,1,0,0,0,1
190.86038,367.01376,186.51721,1,0,0,0,1
190.88007,367.49698,186.01074,1,0,0,0,1
190.90046,367.73859,185.75751,1,0,0,0,1
190.92020,367.98019,185.50427,1,0,0,0,1
190.94046,368.22180,185.25104,1,0,0,0,1
190.96007,368.46341,184.99780,1,0,0,0,1
190.98043,368.94662,184.49133,1,0,0,0,1
191.00049,369.18823,184.23810,1,0,0,0,1
191.02036,369.42984,183.98486,1,0,0,0,1
191.04003,369.67145,183.73163,1,0,0,0,1
191.06020,369.91306,183.47839,1,0,0,0,1
191.08047,370.39627,182.97192,1,0,0,0,1
191.10023,370.63788,182.71869,1,0,0,0,1
191.12044,370.87949,182.46545,1,0,0,0,1
191.14046,371.12109,182.21222,1,0,0,0,1
191.16013,371.36270,181.95898,1,0,0,0,1
191.18010,371.84592,181.45251,1,0,0,0,1
191.20017,372.08752,181.19928,1,0,0,0,1
191.22036,372.57074,180.69281,1,0,0,0,1
191.24014,372.81235,180.43958,1,0,0,0,1
191.26043,373.05396,180.18634,1,0,0,0,1
191.28059,373.53717,179.67987,1,0,0,0,1
191.30008,373.77878,179.42664,1,0,0,0,1
191.32042,374.02039,179.17340,1,0,0,0,1
191.34008,374.26199,178.92017,1,0,0,0,1
191.36024,374.50360,178.66693,1,0,0,0,1
191.38042,374.98682,178.16046,1,0,0,0,1
191.40015,375.22842,177.90723,1,0,0,0,1
191.42047,375.47003,177.65399,1,0,0,0,1
191.44012,375.71164,177.40076,1,0,0,0,1
191.46033,375.95325,177.14752,1,0,0,0,1
191.48047,376.43646,176.64105,1,0,0,0,1
191.50007,376.67807,176.38782,1,0,0,0,1
191.52054,376.91968,176.13458,1,0,0,0,1
191.54026,377.16129,175.88135,1,0,0,0,1
191.56048,377.40289,175.62811,1,0,0,0,1
191.58048,377.88611,175.12164,1,0,0,0,1
191.60013,378.36932,174.61517,1,0,0,0,1
191.62054,378.61093,174.36194,1,0,0,0,1
191.64049,378.85254,174.10870,1,0,0,0,1
191.66020,379.09415,173.85547,1,0,0,0,1
191.68020,379.57736,173.34900,1,0,0,0,1
191.70044,379.81897,173.09576,1,0,0,0,1
191.72011,380.06058,172.84253,1,0,0,0,1
191.74062,380.30219,172.58929,1,0,0,0,1
191.76010,380.54379,172.33606,1,0,0,0,1
191.78006,381.02701,171.82959,1,0,1,0,1
191.80038,381.26862,171.57635,1,0,1,0,1
191.82011,381.49194,171.30687,1,0,1,0,1
191.84012,381.69592,171.02245,1,0,1,0,1
191.86008,381.87952,170.72447,1,0,1,0,1
191.88052,382.18216,170.09375,1,0,1,0,1
191.90100,382.29971,169.76408,1,0,1,0,1
191.92023,382.39398,169.42702,1,0,1,0,1
191.94021,382.46448,169.08418,1,0,1,0,1
191.96035,382.51086,168.73727,1,0,1,0,1
191.98050,382.53052,168.03798,1,0,1,0,1
192.00030,382.45258,167.34276,1,0,1,0,1
192.02010,382.37741,167.00093,1,0,1,0,1
192.04048,382.27853,166.66519,1,0,1,0,1
192.06036,382.15646,166.33717,1,0,1,0,1
192.08029,381.84518,165.71066,1,0,1,0,1
192.10025,381.65750,165.41524,1,0,1,0,1
192.12042,381.44965,165.13364,1,0,1,0,1
192.14040,381.22263,164.86723,1,0,1,0,1
192.16049,380.97757,164.61734,1,0,1,0,1
192.18045,380.43817,164.17184,1,0,1,0,1
192.20046,380.14645,163.97842,1,0,1,0,1
192.22067,379.84195,163.80585,1,0,1,0,1
192.24052,379.52615,163.65495,1,0,1,0,1
192.26005,379.20059,163.52649,1,0,1,0,1
192.28036,378.52655,163.33923,1,0,1,0,1
192.30051,378.18137,163.28134,1,0,1,0,1
192.32058,377.83298,163.24770,1,0,1,0,1
192.34026,377.48309,163.23846,1,0,1,0,1
192.36019,377.13342,163.25369,1,0,1,0,1
192.38042,376.44153,163.35710,1,0,1,0,1
192.40052,375.77081,163.55591,1,0,1,0,1
192.42021,375.44748,163.68994,1,0,1,0,1
192.44035,375.13431,163.84622,1,0,1,0,1
192.46050,374.83282,164.02400,1,0,1,0,1
192.48010,374.27072,164.44044,1,0,1,0,1
192.50025,374.01285,164.67708,1,0,1,0,1
192.52053,373.77213,164.93114,1,0,1,0,1
192.54041,373.54971,165.20139,1,0,1,0,1
192.56014,373.34674,165.48651,1,0,1,0,1
192.58051,373.00287,166.09573,1,0,1,0,1
192.60004,372.86368,166.41687,1,0,1,0,1
192.62030,372.74725,166.74693,1,0,1,0,1
192.64036,372.65417,167.08432,1,0,1,0,1
192.66004,372.58487,167.42738,1,0,1,0,1
192.68042,372.51889,168.12384,1,0,1,0,1
192.70047,372.52252,168.47382,1,0,1,0,1
192.72017,372.55057,168.82269,1,0,1,0,1
192.74031,372.60291,169.16876,1,0,1,0,1
192.76007,372.77936,169.84572,1,0,1,0,1
192.78050,372.90259,170.17331,1,0,1,0,1
192.80040,373.21606,170.79871,1,0,1,0,1
192.82009,373.40479,171.09346,1,0,1,0,1
192.84042,373.61362,171.37433,1,0,1,0,1
192.86005,373.84155,171.63992,1,0,1,0,1
192.88016,374.35022,172.12019,1,0,1,0,1
192.90030,374.62845,172.33252,1,0,1,0,1
192.92038,374.92084,172.52490,1,0,1,0,1
192.94050,375.22595,172.69640,1,0,1,0,1
192.96036,375.54230,172.84616,1,0,1,0,1
192.98040,376.20242,173.07770,1,0,1,0,1
193.00010,376.54300,173.15834,1,0,1,0,1
193.02004,376.88840,173.21500,1,0,1,0,1
193.04036,377.23691,173.24739,1,0,1,0,1
193.06047,377.58682,173.25537,1,0,1,0,1
193.08018,378.28403,173.19806,1,0,1,0,1
193.10050,378.62793,173.13304,1,0,1,0,1
193.12022,378.96646,173.04416,1,0,1,0,1
193.14003,379.29794,172.93185,1,0,1,0,1
193.16026,379.93341,172.63928,1,0,1,0,1
193.18006,380.23428,172.46043,1,0,1,0,1
193.20044,380.79492,172.04201,1,0,1,0,1
193.22032,381.05197,171.80446,1,0,1,0,1
193.24051,381.29181,171.54955,1,0,1,0,1
193.26015,381.51324,171.27850,1,0,1,0,1
193.28048,381.89673,170.69341,1,0,1,0,1
193.30017,382.05692,170.38220,1,0,1,0,1
193.32031,382.19498,170.06058,1,0,1,0,1
193.34010,382.31024,169.73010,1,0,1,0,1
193.36005,382.40213,169.39238,1,0,1,0,1
193.38055,382.51416,168.70184,1,0,1,0,1
193.40010,382.53375,168.35239,1,0,1,0,1
193.42053,382.52893,168.00243,1,0,1,0,1
193.44004,382.49966,167.65366,1,0,1,0,1
193.46050,382.44611,167.30777,1,0,1,0,1
193.48013,382.26730,166.63142,1,0,1,0,1
193.50028,382.14294,166.30426,1,0,1,0,1
193.52005,381.99603,165.98659,1,0,1,0,1
193.54022,381.82730,165.67995,1,0,1,0,1
193.56013,381.42776,165.10570,1,0,1,0,1
193.58062,381.19891,164.84090,1,0,1,0,1
193.60021,380.68860,164.36240,1,0,1,0,1
193.62050,380.40964,164.15103,1,0,1,0,1
193.64039,380.11658,163.95966,1,0,0,0,1
193.66045,379.81088,163.78922,1,0,0,0,1
193.68026,379.19949,163.44833,1,0,0,0,1
193.70053,378.89380,163.27789,1,0,0,0,1
193.72028,378.58810,163.10745,1,0,0,0,1
193.74045,378.28241,162.93701,1,0,0,0,1
193.76041,377.97672,162.76657,1,0,0,0,1
193.78010,377.67102,162.59613,1,0,0,0,1
193.80022,377.05963,162.25525,1,0,0,0,1
193.82035,376.75394,162.08481,1,0,0,0,1
193.84010,376.44824,161.91437,1,0,0,0,1
193.86052,376.14255,161.74393,1,0,0,0,1
193.88045,375.53116,161.40305,1,0,0,0,1
193.90010,375.22546,161.23260,1,0,0,0,1
193.92033,374.91977,161.06216,1,0,0,0,1
193.94035,374.61407,160.89172,1,0,0,0,1
193.96005,374.30838,160.72128,1,0,0,0,1
193.98021,373.69699,160.38040,1,0,0,0,1
194.00008,373.08560,160.03952,1,0,0,0,1
194.02043,372.77991,159.86908,1,0,0,0,1
194.04057,372.47421,159.69864,1,0,0,0,1
194.06050,372.16852,159.52820,1,0,0,0,1
194.08009,371.86282,159.35776,1,0,0,0,1
194.10025,371.25143,159.01688,1,0,0,0,1
194.12032,370.94574,158.84644,1,0,0,0,1
194.14020,370.64005,158.67599,1,0,0,0,1
194.16043,370.33435,158.50555,1,0,0,0,1
194.18050,369.72296,158.16467,1,1,0,0,1
194.20037,369.42990,157.97333,1,1,0,0,1
194.22024,369.15088,157.76201,1,1,0,0,1
194.24010,368.88730,157.53175,1,1,0,0,1
194.26047,368.64041,157.28368,1,1,0,0,1
194.28049,368.20145,156.73897,1,1,0,0,1
194.30014,368.01151,156.44499,1,1,0,0,1
194.32018,367.84253,156.13847,1,1,0,0,1
194.34031,367.69534,155.82092,1,1,0,0,1
194.36030,367.46912,155.15894,1,1,0,0,1
194.38030,367.39114,154.81773,1,1,0,0,1
194.40070,367.30743,154.12318,1,1,0,0,1
194.42025,367.30209,153.77322,1,1,0,0,1
194.44049,367.32117,153.42375,1,1,0,0,1
194.46015,367.36456,153.07646,1,1,0,0,1
194.48041,367.43210,152.73303,1,1,0,0,1
194.50011,367.63806,152.06447,1,1,0,0,1
194.52051,367.77548,151.74258,1,1,0,0,1
194.54023,367.93503,151.43106,1,1,0,0,1
194.56006,368.11591,151.13142,1,1,0,0,1
194.58049,368.53809,150.57359,1,1,0,0,1
194.60026,368.77731,150.31810,1,1,0,0,1
194.62015,369.03375,150.07991,1,1,0,0,1
194.64034,369.30618,149.86018,1,1,0,0,1
194.66025,369.59329,149.66000,1,1,0,0,1
194.68044,369.89365,149.48033,1,1,0,0,1
194.70028,370.52826,149.18590,1,1,0,0,1
194.72044,370.85941,149.07259,1,1,0,0,1
194.74016,371.19766,148.98264,1,1,0,0,1
194.76038,371.88882,148.87448,1,1,0,0,1
194.78004,372.23837,148.85681,1,1,0,0,1
194.80046,372.93692,148.89468,1,1,0,0,1
194.82040,373.28250,148.95006,1,1,0,0,1
194.84029,373.62338,149.02939,1,1,0,0,1
194.86007,373.95792,149.13231,1,1,0,0,1
194.88046,374.28445,149.25830,1,1,0,0,1
194.90033,374.90723,149.57695,1,1,0,0,1
194.92050,375.20044,149.76807,1,1,0,0,1
194.94045,375.47961,149.97917,1,1,0,0,1
194.96029,375.74338,150.20923,1,1,0,0,1
194.98041,375.99045,150.45712,1,1,0,0,1
195.00011,376.42981,151.00150,1,1,0,0,1
195.02030,376.61996,151.29533,1,1,0,0,1
195.04012,376.78918,151.60172,1,1,0,0,1
195.06028,376.93661,151.91914,1,1,0,0,1
195.08047,377.06155,152.24609,1,1,0,0,1
195.10025,377.24161,152.92209,1,1,0,0,1
195.12040,377.29584,153.26785,1,1,0,0,1
195.14011,377.33145,153.96652,1,1,0,0,1
195.16032,377.31262,154.31601,1,1,0,0,1
195.18009,377.26947,154.66335,1,1,0,0,1
195.20054,377.11115,155.34477,1,1,0,0,1
195.22022,376.99673,155.67555,1,1,0,0,1
195.24048,376.85956,155.99754,1,1,0,0,1
195.26019,376.70026,156.30919,1,1,0,0,1
195.28042,376.51959,156.60896,1,1,0,0,1
195.30036,376.09787,157.16711,1,1,0,0,1
195.32053,375.85886,157.42279,1,1,0,0,1
195.34026,375.60260,157.66118,1,1,0,0,1
195.36042,375.33032,157.88110,1,1,0,0,1
195.38038,375.04337,158.08151,1,1,0,0,1
195.40033,374.43109,158.41995,1,1,0,0,1
195.42045,374.10876,158.55634,1,1,0,0,1
195.44030,373.77771,158.66991,1,1,0,0,1
195.46048,373.43954,158.76012,1,1,0,0,1
195.48046,373.09592,158.82652,1,1,0,0,1
195.50030,372.39893,158.88675,1,1,0,0,1
195.52025,372.04898,158.88028,1,1,0,0,1
195.54034,371.35471,158.79431,1,1,0,0,1
195.56035,371.01376,158.71524,1,1,0,0,1
195.58004,370.67917,158.61258,1,1,0,0,1
195.60043,370.03546,158.33861,1,1,0,0,1
195.62049,369.72949,158.16864,1,1,0,0,1
195.64012,369.43613,157.97775,1,1,0,0,1
195.66040,369.15680,157.76686,1,1,0,0,1
195.68052,368.89285,157.53700,1,1,0,0,1
195.70039,368.41617,157.02496,1,1,0,0,1
195.72023,368.20575,156.74527,1,1,0,0,1
195.74034,368.01535,156.45158,1,1,0,0,1
195.76003,367.84592,156.14532,1,1,0,0,1
195.78028,367.69824,155.82800,1,1,0,0,1
195.80046,367.47098,155.16638,1,1,0,0,1
195.82017,367.39249,154.82530,1,1,0,0,1
195.84027,367.33798,154.47957,1,1,0,0,1
195.86012,367.30771,154.13087,1,1,0,0,1
195.88034,367.30185,153.78093,1,1,0,0,1
195.90026,367.36328,153.08406,1,1,0,0,1
195.92021,367.52106,152.40253,1,1,0,0,1
195.94042,367.63519,152.07166,1,1,0,0,1
195.96017,367.77213,151.74956,1,1,0,0,1
195.98054,367.93118,151.43779,1,1,0,0,1
196.00045,368.31250,150.85127,1,1,0,0,1
196.02026,368.53290,150.57938,1,1,0,0,1
196.04049,368.77173,150.32352,1,1,0,0,1
196.06013,369.02780,150.08493,1,1,0,0,1
196.08014,369.29990,149.86479,1,1,0,0,1
196.10026,369.88678,149.48404,1,1,0,0,1
196.12037,370.19870,149.32527,1,1,0,0,1
196.14011,370.52094,149.18864,1,1,0,0,1
196.16021,370.85190,149.07481,1,0,0,0,1
196.18041,371.19000,148.98434,1,0,0,0,1
196.20047,371.86621,148.80341,1,0,0,0,1
196.22013,372.20432,148.71294,1,0,0,0,1
196.24013,372.54242,148.62247,1,0,0,0,1
196.26045,372.88052,148.53200,1,0,0,0,1
196.28041,373.21863,148.44153,1,0,0,0,1
196.30048,373.89484,148.26059,1,0,0,0,1
196.32026,374.57104,148.07965,1,0,0,0,1
196.34045,374.90915,147.98918,1,0,0,0,1
196.36053,375.24725,147.89871,1,0,0,0,1
196.38053,375.58536,147.80824,1,0,0,0,1
196.40017,376.26157,147.62730,1,0,0,0,1
196.42041,376.59967,147.53683,1,0,0,0,1
196.44027,376.93777,147.44637,1,0,0,0,1
196.46016,377.27588,147.35590,1,0,0,0,1
196.48043,377.61398,147.26543,1,0,0,0,1
196.50044,378.29019,147.08449,1,0,0,0,1
196.52016,378.62830,146.99402,1,0,0,0,1
196.54020,378.96640,146.90355,1,0,0,0,1
196.56019,379.30450,146.81308,1,0,0,0,1
196.58037,379.64261,146.72261,1,0,0,0,1
196.60021,380.31882,146.54167,1,0,0,0,1
196.62027,380.65692,146.45120,1,0,0,0,1
196.64048,380.99503,146.36073,1,0,0,0,1
196.66006,381.33313,146.27026,1,0,0,0,1
196.68040,381.67123,146.17979,1,0,0,0,1
196.70017,382.34744,145.99886,1,0,0,0,1
196.72029,383.02365,145.81792,1,0,0,0,1
196.74032,383.36176,145.72745,1,0,0,0,1
196.76015,383.69986,145.63698,1,0,0,0,1
196.78042,384.03796,145.54651,1,0,0,0,1
196.80040,384.71417,145.36557,1,0,0,0,1
196.82017,385.05228,145.27510,1,0,1,0,1
196.84044,385.39038,145.18463,1,0,1,0,1
196.86004,385.72134,145.07077,1,0,1,0,1
196.88050,386.04355,144.93408,1,0,1,0,1
196.90010,386.65543,144.59497,1,0,1,0,1
196.92028,386.94211,144.39421,1,0,1,0,1
196.94043,387.21408,144.17392,1,0,1,0,1
196.96020,387.47000,143.93517,1,0,1,0,1
196.98028,387.70862,143.67912,1,0,1,0,1
197.00048,388.12939,143.12025,1,0,1,0,1
197.02034,388.30951,142.82016,1,0,1,0,1
197.04051,388.60477,142.18594,1,0,1,0,1
197.06022,388.71848,141.85492,1,0,1,0,1
197.08013,388.80878,141.51677,1,0,1,0,1
197.10056,388.87524,141.17314,1,0,1,0,1
197.12037,388.93549,140.47618,1,0,1,0,1
197.14008,388.92902,140.12624,1,0,1,0,1
197.16048,388.89813,139.77760,1,0,1,0,1
197.18045,388.84296,139.43198,1,0,1,0,1
197.20018,388.66101,138.75648,1,0,1,0,1
197.22027,388.53510,138.42992,1,0,1,0,1
197.24036,388.38669,138.11293,1,0,1,0,1
197.26052,388.21652,137.80708,1,0,1,0,1
197.28014,388.02539,137.51387,1,0,1,0,1
197.30054,387.58417,136.97099,1,0,1,0,1
197.32035,387.33621,136.72398,1,0,1,0,1
197.34029,387.07159,136.49489,1,0,1,0,1
197.36021,386.79163,136.28484,1,0,1,0,1
197.38044,386.49768,136.09485,1,0,1,0,1
197.40049,385.87366,135.77866,1,0,1,0,1
197.42021,385.54660,135.65401,1,0,1,0,1
197.44023,385.21164,135.55251,1,0,1,0,1
197.46054,384.87042,135.47464,1,0,1,0,1
197.48039,384.17584,135.39124,1,0,1,0,1
197.50063,383.82587,135.38611,1,0,1,0,1
197.52013,383.12915,135.44910,1,0,1,0,1
197.54007,382.78580,135.51692,1,0,1,0,1
197.56015,382.44800,135.60855,1,0,1,0,1
197.58020,382.11743,135.72356,1,0,1,0,1
197.60066,381.48441,136.02130,1,0,1,0,1
197.62029,381.18503,136.20259,1,0,1,0,1
197.64050,380.89902,136.40434,1,0,1,0,1
197.66040,380.62781,136.62558,1,0,1,0,1
197.68016,380.37271,136.86522,1,0,1,0,1
197.70072,379.91574,137.39493,1,0,1,0,1
197.72021,379.71609,137.68240,1,0,1,0,1
197.74040,379.53702,137.98312,1,0,1,0,1
197.76035,379.37939,138.29562,1,0,1,0,1
197.78037,379.24396,138.61836,1,0,1,0,1
197.80084,379.04227,139.28822,1,0,1,0,1
197.82039,378.97699,139.63208,1,0,1,0,1
197.84006,378.93588,139.97966,1,0,1,0,1
197.86054,378.91916,140.32925,1,0,1,0,1
197.88010,378.95901,141.02769,1,0,1,0,1
197.90044,379.01541,141.37312,1,0,1,0,1
197.92029,379.19977,142.04797,1,0,1,0,1
197.94034,379.32681,142.37410,1,0,1,0,1
197.96045,379.47635,142.69055,1,0,1,0,1
197.98050,379.64761,142.99579,1,0,1,0,1
198.00015,380.05191,143.56673,1,0,1,0,1
198.02039,380.28296,143.82964,1,0,1,0,1
198.04049,380.53180,144.07576,1,0,1,0,1
198.06033,380.79721,144.30391,1,0,1,0,1
198.08020,381.07791,144.51297,1,0,1,0,1
198.10017,381.37253,144.70192,1,0,1,0,1
198.12044,381.99768,145.01588,1,0,1,0,1
198.14005,382.32516,145.13937,1,0,1,0,1
198.16018,382.66049,145.23969,1,0,1,0,1
198.18050,383.34799,145.36896,1,0,1,0,1
198.20019,383.69684,145.39728,1,0,1,0,1
198.22046,384.04681,145.40117,1,0,1,0,1
198.24028,384.74332,145.33571,1,0,1,0,1
198.26039,385.08643,145.26668,1,0,1,0,1
198.28009,385.42389,145.17384,1,0,1,0,1
198.30045,385.75406,145.05768,1,0,1,0,1
198.32032,386.38605,144.75769,1,0,1,0,1
198.34039,386.68478,144.57535,1,0,1,0,1
198.36004,386.97006,144.37259,1,0,1,0,1
198.38028,387.24048,144.15039,1,0,1,0,1
198.40036,387.73154,143.65215,1,0,1,0,1
198.42081,387.94980,143.37852,1,0,1,0,1
198.44040,388.14841,143.09033,1,0,1,0,1
198.46011,388.32642,142.78897,1,0,1,0,1
198.48033,388.48294,142.47592,1,0,1,0,1
198.50018,388.61722,142.15271,1,0,1,0,1
198.52038,388.81656,141.48213,1,0,1,0,1
198.54052,388.88062,141.13805,1,0,1,0,1
198.56006,388.92050,140.79033,1,0,1,0,1
198.58020,388.92709,140.09079,1,0,1,0,1
198.60044,388.89377,139.74239,1,0,1,0,1
198.62009,388.83618,139.39716,1,0,1,0,1
198.64021,388.64951,138.72296,1,0,1,0,1
198.66037,388.52133,138.39728,1,0,1,0,1
198.68037,388.37073,138.08134,1,0,1,0,1
198.70046,388.19843,137.77670,1,0,1,0,1
198.72049,387.79218,137.20717,1,0,1,0,1
198.74039,387.56024,136.94505,1,0,1,0,1
198.76043,387.31055,136.69978,1,0,0,0,1
198.78004,387.04434,136.47255,1,0,0,0,1
198.80050,386.51193,136.01808,1,0,0,0,1
198.82025,386.24573,135.79085,1,0,0,0,1
198.84019,385.97952,135.56361,1,0,0,0,1
198.86039,385.71332,135.33638,1,0,0,0,1
198.88014,385.44711,135.10915,1,0,0,0,1
198.90046,385.18091,134.88191,1,0,0,0,1
198.92014,384.64850,134.42744,1,0,0,0,1
198.94030,384.38229,134.20021,1,0,0,0,1
198.96043,384.11609,133.97298,1,0,0,0,1
198.98044,383.84988,133.74574,1,0,0,0,1
199.00028,383.58368,133.51851,1,0,0,0,1
199.02050,383.05127,133.06404,1,0,0,0,1
199.04079,382.78506,132.83681,1,0,0,0,1
199.06045,382.25266,132.38234,1,0,0,0,1
199.08008,381.98645,132.15511,1,0,0,0,1
199.10023,381.72025,131.92787,1,0,0,0,1
199.12043,381.18784,131.47340,1,0,0,0,1
199.14007,380.92163,131.24617,1,0,0,0,1
199.16025,380.65543,131.01894,1,0,0,0,1
199.18016,380.38922,130.79170,1,0,0,0,1
199.20025,380.12302,130.56447,1,0,0,0,1
199.22040,379.59061,130.11000,1,0,0,0,1
199.24006,379.32440,129.88277,1,0,0,0,1
199.26026,379.05820,129.65553,1,1,0,0,1
199.28008,378.79199,129.42830,1,1,0,0,1
199.30036,378.52579,129.20107,1,1,0,0,1
199.32019,378.04410,128.69374,1,1,0,0,1
199.34030,377.83093,128.41614,1,1,0,0,1
199.36005,377.63766,128.12434,1,1,0,0,1
199.38052,377.46521,127.81978,1,1,0,0,1
199.40017,377.31442,127.50393,1,1,0,0,1
199.42030,377.08066,126.84457,1,1,0,0,1
199.44051,376.99881,126.50428,1,1,0,0,1
199.46044,376.90720,125.81073,1,1,0,0,1
199.48010,376.89786,125.46085,1,1,0,0,1
199.50037,376.91296,125.11118,1,1,0,0,1
199.52026,377.01602,124.41924,1,1,0,0,1
199.54004,377.10349,124.08034,1,1,0,0,1
199.56022,377.21436,123.74836,1,1,0,0,1
199.58032,377.34811,123.42493,1,1,0,0,1
199.60030,377.50409,123.11161,1,1,0,0,1
199.62025,377.87961,122.52136,1,1,0,0,1
199.64037,378.09732,122.24731,1,1,0,0,1
199.66042,378.33362,121.98911,1,1,0,0,1
199.68008,378.58734,121.74801,1,1,0,0,1
199.70047,378.85727,121.52519,1,1,0,0,1
199.72011,379.44034,121.13866,1,1,0,0,1
199.74015,379.75067,120.97681,1,1,0,0,1
199.76029,380.07153,120.83701,1,1,0,0,1
199.78043,380.40137,120.71992,1,1,0,0,1
199.80011,380.73856,120.62611,1,1,0,0,1
199.82019,381.42844,120.51008,1,1,0,0,1
199.84040,382.12775,120.49117,1,1,0,0,1
199.86016,382.47668,120.51833,1,1,0,0,1
199.88011,382.82288,120.56975,1,1,0,0,1
199.90040,383.16464,120.64519,1,1,0,0,1
199.92027,383.82828,120.86654,1,1,0,0,1
199.94049,384.14691,121.01138,1,1,0,0,1
199.96043,384.45465,121.17808,1,1,0,0,1
199.98045,384.75003,121.36584,1,1,0,0,1
200.00039,385.03159,121.57374,1,1,0,0,1
200.02044,385.54788,122.04582,1,1,0,0,1
200.04015,385.78009,122.30771,1,1,0,0,1
200.06021,385.99347,122.58515,1,1,0,0,1
200.08054,386.18698,122.87680,1,1,0,0,1
200.10022,386.35968,123.18123,1,1,0,0,1
200.12004,386.63937,123.82246,1,1,0,0,1
200.14034,386.74503,124.15614,1,1,0,0,1
200.16020,386.82715,124.49638,1,1,0,0,1
200.18027,386.88535,124.84151,1,1,0,0,1
200.20048,386.91931,125.18986,1,1,0,0,1
200.22027,386.91406,125.88941,1,1,0,0,1
200.24007,386.81155,126.58144,1,1,0,0,1
200.26051,386.72437,126.92040,1,1,0,0,1
200.28027,386.61374,127.25246,1,1,0,0,1
200.30054,386.48022,127.57600,1,1,0,0,1
200.32013,386.14728,128.19125,1,1,0,0,1
200.34039,385.94943,128.47998,1,1,0,0,1
200.36026,385.73193,128.75420,1,1,0,0,1
200.38052,385.49585,129.01257,1,1,0,0,1
200.40027,385.24231,129.25386,1,1,0,0,1
200.42006,384.68793,129.68056,1,1,0,0,1
200.44044,384.38977,129.86388,1,1,0,0,1
200.46014,384.07956,130.02596,1,1,0,0,1
200.48044,383.75879,130.16602,1,1,0,0,1
200.50019,383.42905,130.28336,1,1,0,0,1
200.52040,382.74905,130.44774,1,1,0,0,1
200.54049,382.40213,130.49397,1,1,0,0,1
200.56020,382.05283,130.51590,1,1,0,0,1
200.58053,381.70282,130.51341,1,1,0,0,1
200.60043,381.35385,130.48653,1,1,0,0,1
200.62040,380.66577,130.36018,1,1,0,0,1
200.64006,380.00198,130.13934,1,1,0,0,1
200.66024,379.68326,129.99475,1,1,0,0,1
200.68042,379.37537,129.82828,1,1,0,0,1
200.70033,379.07983,129.64075,1,1,0,0,1
200.72036,378.53159,129.20624,1,1,0,0,1
200.74036,378.28149,128.96138,1,1,0,0,1
200.76036,378.04910,128.69968,1,1,0,0,1
200.78056,377.83551,128.42239,1,1,0,0,1
200.80013,377.64178,128.13089,1,1,0,0,1
200.82042,377.31760,127.51097,1,1,0,0,1
200.84063,377.18869,127.18557,1,1,0,0,1
200.86014,377.08279,126.85197,1,1,0,0,1
200.88014,377.00043,126.51180,1,1,0,0,1
200.90032,376.94199,126.16672,1,1,0,0,1
200.92031,376.89789,125.46854,1,1,0,0,1
200.94032,376.91245,125.11884,1,1,0,0,1
200.96032,376.95135,124.77101,1,1,0,0,1
200.98003,377.01443,124.42674,1,1,0,0,1
201.00020,377.10138,124.08771,1,1,0,0,1
201.02049,377.34500,123.43192,1,1,0,0,1
201.04035,377.67752,122.81641,1,1,0,0,1
201.06039,377.87515,122.52754,1,1,0,0,1
201.08009,378.09244,122.25316,1,1,0,0,1
201.10024,378.32834,121.99459,1,1,0,0,1
201.12045,378.85126,121.52988,1,1,0,0,1
201.14007,379.13574,121.32599,1,1,0,0,1
201.16022,379.43375,121.14244,1,1,0,0,1
201.18048,379.74384,120.98012,1,1,0,0,1
201.20044,380.06448,120.83982,1,1,0,0,1
201.22028,380.73120,120.62791,1,1,0,0,1
201.24050,381.07401,120.55732,1,1,0,0,1
201.26036,381.42090,120.51082,1,0,0,0,1
201.28049,381.77020,120.48862,1,0,0,0,1
201.30011,382.12021,120.49083,1,0,0,0,1
201.32055,382.82022,120.49525,1,0,0,0,1
201.34052,383.17023,120.49747,1,0,0,0,1
201.36027,383.52023,120.49968,1,0,0,0,1
201.38026,383.87024,120.50189,1,0,0,0,1
201.40053,384.22025,120.50410,1,0,0,0,1
201.42050,384.92026,120.50853,1,0,0,0,1
201.44041,385.62027,120.51295,1,0,0,0,1
201.46010,385.97028,120.51517,1,0,0,0,1
201.48009,386.32028,120.51738,1,0,0,0,1
201.50020,386.67029,120.51959,1,0,0,0,1
201.52035,387.37030,120.52402,1,0,0,0,1
201.54015,387.72031,120.52623,1,0,0,0,1
201.56027,388.07031,120.52844,1,0,0,0,1
201.58036,388.42032,120.53065,1,0,0,0,1
201.60053,388.77032,120.53287,1,0,0,0,1
201.62048,389.47034,120.53729,1,0,0,0,1
201.64036,389.82034,120.53951,1,0,0,0,1
201.66047,390.17035,120.54172,1,0,0,0,1
201.68021,390.52036,120.54393,1,0,0,0,1
201.70042,390.87036,120.54614,1,0,1,0,1
201.72008,391.57037,120.55057,1,0,1,0,1
201.74040,391.91968,120.52834,1,0,1,0,1
201.76016,392.26657,120.48177,1,0,1,0,1
201.78028,392.60934,120.41109,1,0,1,0,1
201.80035,392.94635,120.31664,1,0,1,0,1
201.82020,393.59650,120.05840,1,0,1,0,1
201.84048,394.20435,119.71210,1,0,1,0,1
201.86036,394.48865,119.50797,1,0,1,0,1
201.88052,394.75800,119.28448,1,0,1,0,1
201.90024,395.01108,119.04272,1,0,1,0,1
201.92046,395.46362,118.50923,1,0,1,0,1
201.94047,395.66086,118.22009,1,0,1,0,1
201.96039,395.83740,117.91788,1,0,1,0,1
201.98044,395.99243,117.60409,1,0,1,0,1
202.00013,396.12515,117.28023,1,0,1,0,1
202.02043,396.32126,116.60870,1,0,1,0,1
202.04016,396.38367,116.26431,1,0,1,0,1
202.06046,396.42188,115.91640,1,0,1,0,1
202.08016,396.43570,115.56668,1,0,1,0,1
202.10037,396.42511,115.21684,1,0,1,0,1
202.12037,396.33087,114.52365,1,0,1,0,1
202.14007,396.24768,114.18368,1,0,1,0,1
202.16024,396.14096,113.85035,1,0,1,0,1
202.18045,396.01123,113.52528,1,0,1,0,1
202.20020,395.85910,113.21008,1,0,1,0,1
202.22048,395.49078,112.61532,1,0,1,0,1
202.24023,395.04318,112.07768,1,0,1,0,1
202.26042,395.04318,112.07768,1,0,1,0,1
202.28009,394.52502,111.60765,1,0,1,0,1
202.30031,394.24261,111.40091,1,0,1,0,1
202.32033,393.63797,111.04903,1,0,1,0,1
202.34053,393.31870,110.90560,1,0,1,0,1
202.36046,392.99020,110.78482,1,0,1,0,1
202.38054,392.65408,110.68727,1,0,1,0,1
202.40007,392.31195,110.61343,1,0,1,0,1
202.42034,391.61646,110.53823,1,0,1,0,1
202.44018,391.26645,110.53722,1,0,1,0,1
202.46037,390.91724,110.56066,1,0,1,0,1
202.48033,390.57053,110.60843,1,0,1,0,1
202.50046,390.22800,110.68030,1,0,1,0,1
202.52049,389.56210,110.89480,1,0,1,0,1
202.54018,389.24203,111.03638,1,0,1,0,1
202.56036,388.93262,111.19998,1,0,1,0,1
202.58054,388.35178,111.58990,1,0,1,0,1
202.60032,388.08319,111.81432,1,0,1,0,1
202.62040,387.83093,112.05694,1,0,1,0,1
202.64033,387.38022,112.59200,1,0,1,0,1
202.66038,387.18399,112.88181,1,0,1,0,1
202.68022,387.00848,113.18462,1,0,1,0,1
202.70040,386.85455,113.49895,1,0,1,0,1
202.72036,386.61429,114.15598,1,0,1,0,1
202.74005,386.52914,114.49546,1,0,1,0,1
202.76011,386.46793,114.84007,1,0,1,0,1
202.78035,386.43091,115.18810,1,0,1,0,1
202.80047,386.41830,115.53787,1,0,1,0,1
202.82040,386.43015,115.88767,1,0,1,0,1
202.84036,386.52686,116.58053,1,0,1,0,1
202.86048,386.61124,116.92020,1,0,1,0,1
202.88005,386.71915,117.25315,1,0,1,0,1
202.90023,386.85004,117.57775,1,0,1,0,1
202.92028,387.17813,118.19562,1,0,1,0,1
202.94043,387.37372,118.48586,1,0,1,0,1
202.96010,387.82324,119.02190,1,0,1,0,1
202.98041,388.07495,119.26508,1,0,1,0,1
203.00055,388.34305,119.49009,1,0,1,0,1
203.02040,388.92300,119.88129,1,0,1,0,1
203.04043,389.23206,120.04556,1,0,1,0,1
203.06042,389.55182,120.18786,1,0,1,0,1
203.08041,389.88074,120.30747,1,0,1,0,1
203.10007,390.21722,120.40382,1,0,1,0,1
203.12023,390.55960,120.47644,1,0,1,0,1
203.14031,391.25537,120.54918,1,0,1,0,1
203.16051,391.60538,120.54894,1,0,1,0,1
203.18005,391.95450,120.52427,1,0,1,0,1
203.20011,392.30106,120.47527,1,0,1,0,1
203.22045,392.64334,120.40219,1,0,1,0,1
203.24015,393.30844,120.18533,1,0,1,0,1
203.26031,393.62802,120.04261,1,0,1,0,1
203.28048,393.93686,119.87791,1,0,1,0,1
203.30052,394.23343,119.69205,1,0,1,0,1
203.32027,394.51630,119.48594,1,0,1,0,1
203.34042,395.03549,119.01706,1,0,1,0,1
203.36005,395.26926,118.75658,1,0,1,0,1
203.38022,395.67947,118.18990,1,0,1,0,1
203.40031,395.85391,117.88646,1,0,1,0,1
203.42053,396.00674,117.57159,1,0,1,0,1
203.44035,396.24466,116.91372,1,0,1,0,1
203.46003,396.32858,116.57394,1,0,1,0,1
203.48007,396.38858,116.22912,1,0,1,0,1
203.50043,396.42435,115.88095,1,0,1,0,1
203.52014,396.43573,115.53114,1,0,1,0,1
203.54058,396.38522,114.83339,1,0,1,0,1
203.56015,396.32358,114.48886,1,0,1,0,1
203.58049,396.23801,114.14948,1,0,1,0,1
203.60016,396.12894,113.81691,1,0,1,0,1
203.62027,395.99692,113.49276,1,0,1,0,1
203.64025,395.66669,112.87603,1,0,1,0,1
203.66049,395.47009,112.58646,1,0,1,0,1
203.68046,395.25375,112.31133,1,0,1,0,1
203.70024,395.01874,112.05197,1,0,1,0,1
203.72049,394.76617,111.80966,1,0,1,0,1
203.74028,394.21347,111.38082,1,0,1,0,1
203.76034,393.60638,111.03318,1,0,1,0,1
203.78053,393.28613,110.89199,1,0,1,0,1
203.80006,392.95679,110.77351,1,0,1,0,1
203.82036,392.62000,110.67832,1,0,1,0,1
203.84033,391.93060,110.55955,1,0,0,0,1
203.86012,391.58136,110.53654,1,0,0,0,1
203.88003,391.23212,110.51354,1,0,0,0,1
203.90006,390.88287,110.49054,1,0,0,0,1
203.92025,390.53363,110.46754,1,0,0,0,1
203.94034,389.83514,110.42153,1,0,0,0,1
203.96018,389.48590,110.39853,1,0,0,0,1
203.98035,389.13666,110.37553,1,0,0,0,1
204.00014,388.78741,110.35252,1,0,0,0,1
204.02023,388.43817,110.32952,1,0,0,0,1
204.04051,387.73969,110.28352,1,0,0,0,1
204.06021,387.39044,110.26051,1,0,0,0,1
204.08050,387.04120,110.23751,1,0,0,0,1
204.10022,386.69196,110.21451,1,0,0,0,1
204.12050,386.34271,110.19151,1,0,0,0,1
204.14018,385.64423,110.14550,1,0,0,0,1
204.16041,384.94574,110.09949,1,0,0,0,1
204.18006,384.59650,110.07649,1,0,0,0,1
204.20030,384.24725,110.05349,1,0,0,0,1
204.22045,383.89801,110.03049,1,1,0,0,1
204.24050,383.19952,109.98448,1,1,0,0,1
204.26021,382.85272,109.93718,1,1,0,0,1
204.28043,382.51007,109.86581,1,1,0,0,1
204.30017,382.17325,109.77071,1,1,0,0,1
204.32007,381.84387,109.65236,1,1,0,0,1
204.34030,381.21384,109.34829,1,1,0,0,1
204.36026,380.91626,109.16405,1,1,0,0,1
204.38024,380.63223,108.95952,1,1,0,0,1
204.40026,380.36319,108.73567,1,1,0,0,1
204.42003,380.11041,108.49361,1,1,0,0,1
204.44025,379.65848,107.95961,1,1,0,0,1
204.46006,379.46152,107.67029,1,1,0,0,1
204.48049,379.28522,107.36793,1,1,0,0,1
204.50051,379.13043,107.05401,1,1,0,0,1
204.52018,378.99792,106.73006,1,1,0,0,1
204.54053,378.80219,106.05843,1,1,0,0,1
204.56026,378.70178,105.36610,1,1,0,0,1
204.58043,378.68802,105.01637,1,1,0,0,1
204.60010,378.69870,104.66653,1,1,0,0,1
204.62042,378.73373,104.31829,1,1,0,0,1
204.64008,378.87613,103.63336,1,1,0,0,1
204.66038,378.98279,103.30001,1,1,0,0,1
204.68014,379.11243,102.97491,1,1,0,0,1
204.70027,379.26443,102.65964,1,1,0,0,1
204.72032,379.43805,102.35574,1,1,0,0,1
204.74051,379.84668,101.78790,1,1,0,0,1
204.76024,380.07968,101.52673,1,1,0,0,1
204.78037,380.33032,101.28244,1,1,0,0,1
204.80027,380.59738,101.05623,1,1,0,0,1
204.82037,380.87958,100.84919,1,1,0,0,1
204.84016,381.48380,100.49658,1,1,0,0,1
204.86015,381.80286,100.35272,1,1,0,0,1
204.88011,382.13120,100.23147,1,1,0,0,1
204.90036,382.46716,100.13341,1,1,0,0,1
204.92031,382.80917,100.05901,1,1,0,0,1
204.94033,383.50455,99.98257,1,1,0,0,1
204.96013,384.20383,100.00362,1,1,0,0,1
204.98031,384.55066,100.05066,1,1,0,0,1
205.00043,384.89337,100.12177,1,1,0,0,1
205.02010,385.23029,100.21660,1,1,0,0,1
205.04033,385.88019,100.47549,1,1,0,0,1
205.06031,386.19003,100.63829,1,1,0,0,1
205.08019,386.48776,100.82230,1,1,0,0,1
205.10025,386.77194,101.02662,1,1,0,0,1
205.12021,387.04117,101.25026,1,1,0,0,1
205.14030,387.52966,101.75106,1,1,0,0,1
205.16015,387.74652,102.02578,1,1,0,0,1
205.18045,387.94370,102.31496,1,1,0,0,1
205.20026,388.12021,102.61718,1,1,0,0,1
205.22047,388.27524,102.93098,1,1,0,0,1
205.24034,388.51785,103.58714,1,1,0,0,1
205.26034,388.60425,103.92630,1,1,0,0,1
205.28038,388.66681,104.27067,1,1,0,0,1
205.30041,388.70520,104.61856,1,1,0,0,1
205.32045,388.71921,104.96828,1,1,0,0,1
205.34027,388.67404,105.66639,1,1,0,0,1
205.36046,388.53217,106.35143,1,1,0,0,1
205.38010,388.42575,106.68486,1,1,0,0,1
205.40028,388.29636,107.01006,1,1,0,0,1
205.42036,388.14459,107.32545,1,1,0,0,1
205.44027,387.77701,107.92068,1,1,0,0,1
205.46016,387.56299,108.19762,1,1,0,0,1
205.48046,387.33020,108.45898,1,1,0,0,1
205.50035,387.07974,108.70345,1,1,0,0,1
205.52006,386.81284,108.92987,1,1,0,0,1
205.54032,386.23499,109.32420,1,0,0,0,1
205.56025,385.92685,109.49020,1,0,0,0,1
205.58022,385.61871,109.65619,0,0,0,0,1
205.60045,385.61871,109.65619,0,0,0,0,1
205.62018,385.61871,109.65619,0,0,0,0,1
205.64018,385.61871,109.65619,0,0,0,0,1
205.66030,385.61871,109.65619,0,0,0,0,1
205.68088,385.61871,109.65619,0,0,0,0,1
205.70036,385.61871,109.65619,0,0,0,0,1
205.72028,385.61871,109.65619,0,0,0,0,1
205.74045,385.61871,109.65619,0,0,0,0,1
205.76019,385.61871,109.65619,0,0,0,0,1
205.78046,385.61871,109.65619,0,0,0,0,1
205.80013,385.61871,109.65619,0,0,0,0,1
205.82013,385.61871,109.65619,0,0,0,0,1
205.84017,385.61871,109.65619,0,0,0,0,1
205.86043,385.61871,109.65619,0,0,0,0,1
205.88012,385.61871,109.65619,0,0,0,0,1
205.90046,385.61871,109.65619,0,0,0,0,1
205.92012,385.61871,109.65619,0,0,0,0,1
205.94040,385.61871,109.65619,0,0,0,0,1
205.96010,385.61871,109.65619,0,0,0,0,1
205.98006,385.61871,109.65619,0,0,0,0,1
206.00047,385.61871,109.65619,0,0,0,0,1
206.02016,385.61871,109.65619,0,0,0,0,1
206.04034,385.61871,109.65619,0,0,0,0,1
206.06015,385.61871,109.65619,0,0,0,0,1
206.08036,385.61871,109.65619,0,0,0,0,1
206.10040,385.61871,109.65619,0,0,0,0,1
206.12053,385.61871,109.65619,0,0,0,0,1
206.14015,385.61871,109.65619,0,0,0,0,1
206.16043,385.61871,109.65619,0,0,0,0,1
206.18018,385.61871,109.65619,0,0,0,0,1
206.20036,385.61871,109.65619,0,0,0,0,1
206.22053,385.61871,109.65619,0,0,0,0,1
206.24023,385.61871,109.65619,0,0,0,0,1
206.26042,385.61871,109.65619,0,0,0,0,1
206.28023,385.61871,109.65619,0,0,0,0,1
206.30041,385.61871,109.65619,0,0,0,0,1
206.32036,385.61871,109.65619,0,0,0,0,1
206.34034,385.61871,109.65619,0,0,0,0,1
206.36023,385.61871,109.65619,0,0,0,0,1
206.38043,385.61871,109.65619,0,0,1,0,1
206.40050,385.61871,109.65619,0,0,1,0,1
206.42051,385.61871,109.65619,0,0,1,0,1
206.44050,385.61871,109.65619,0,0,1,0,1
206.46052,385.61871,109.65619,0,0,1,0,1
206.48023,385.61871,109.65619,0,0,1,0,1
206.50048,385.61871,109.65619,0,0,1,0,1
206.52017,385.61871,109.65619,0,0,1,0,1
206.54039,385.61871,109.65619,0,0,1,0,1
206.56014,385.61871,109.65619,0,0,1,0,1
206.58033,385.61871,109.65619,0,0,0,0,1
206.60007,385.61871,109.65619,0,0,0,0,1
206.62053,385.61871,109.65619,0,0,0,0,1
206.64031,385.61871,109.65619,0,0,0,0,1
206.66008,385.61871,109.65619,0,0,0,0,1
206.68050,385.61871,109.65619,0,0,0,0,1
206.70021,385.61871,109.65619,0,0,0,0,1
206.72010,385.61871,109.65619,0,0,0,0,1
206.74059,385.61871,109.65619,0,0,0,0,1
206.76018,385.61871,109.65619,0,0,0,0,1
206.78026,385.61871,109.65619,0,0,0,0,1
206.80051,385.61871,109.65619,1,0,0,0,1
206.82021,385.61871,109.65619,1,0,0,0,1
206.84039,385.50165,110.34633,1,0,0,0,1
206.86010,385.44312,110.69140,1,0,0,0,1
206.88023,385.38458,111.03647,1,0,0,0,1
206.90058,385.26752,111.72661,1,0,0,0,1
206.92042,385.20898,112.07168,1,0,0,0,1
206.94042,385.15045,112.41675,1,0,0,0,1
206.96020,385.03339,113.10689,1,0,0,0,1
206.98030,384.97485,113.45196,1,0,0,0,1
207.00046,384.91632,113.79703,1,0,0,0,1
207.02043,384.85779,114.14210,1,0,0,0,1
207.04008,384.79926,114.48717,1,0,0,0,1
207.06025,384.68219,115.17731,1,0,0,0,1
207.08007,384.62366,115.52238,1,0,0,0,1
207.10026,384.56512,115.86745,1,0,0,0,1
207.12027,384.50659,116.21252,1,0,0,0,1
207.14015,384.44806,116.55759,1,0,0,0,1
207.16046,384.33099,117.24773,1,0,0,0,1
207.18006,384.27246,117.59280,1,0,0,0,1
207.20012,384.21393,117.93787,1,0,0,0,1
207.22026,384.15540,118.28294,1,0,0,0,1
207.24042,384.09686,118.62801,1,0,0,0,1
207.26015,383.97980,119.31815,1,0,0,0,1
207.28042,383.92126,119.66322,1,0,0,0,1
207.30034,383.80420,120.35336,1,0,0,0,1
207.32044,383.74567,120.69843,1,0,0,0,1
207.34021,383.68713,121.04350,1,0,0,0,1
207.36025,383.57007,121.73363,1,0,0,0,1
207.38016,383.51154,122.07870,1,0,0,0,1
207.40035,383.45300,122.42377,1,0,0,0,1
207.42038,383.39447,122.76884,1,0,0,0,1
207.44041,383.33594,123.11391,1,0,0,0,1
207.46043,383.21887,123.80405,1,0,0,0,1
207.48046,383.16034,124.14912,1,0,0,0,1
207.50044,383.10181,124.49419,0,0,0,0,1
207.52019,383.10181,124.49419,0,0,0,0,1
207.54018,383.10181,124.49419,0,0,0,0,1
207.56038,383.10181,124.49419,0,0,0,0,1
207.58022,383.10181,124.49419,0,0,0,0,1
207.60031,383.10181,124.49419,0,0,0,0,1
207.62016,383.10181,124.49419,0,0,0,0,1
207.64030,383.10181,124.49419,0,0,0,0,1
207.66032,383.10181,124.49419,0,0,0,0,1
207.68046,383.10181,124.49419,0,0,0,0,1
207.70024,383.10181,124.49419,0,0,0,0,1
207.72047,383.10181,124.49419,0,0,0,0,1
207.74022,383.10181,124.49419,0,0,0,0,1
207.76055,383.10181,124.49419,0,0,0,0,1
207.78027,383.10181,124.49419,0,0,0,0,1
207.80042,383.10181,124.49419,0,0,0,0,1
207.82054,383.10181,124.49419,0,0,0,0,1
207.84017,383.10181,124.49419,0,0,0,0,1
207.86044,383.10181,124.49419,0,0,0,0,1
207.88038,383.10181,124.49419,0,0,0,0,1
207.90052,383.10181,124.49419,0,0,0,0,1
207.92016,383.10181,124.49419,0,0,0,0,1
207.94033,383.10181,124.49419,0,0,0,0,1
207.96050,383.10181,124.49419,0,0,0,0,1
207.98013,383.10181,124.49419,0,0,0,0,1
208.00038,383.10181,124.49419,0,0,0,0,1
208.02043,383.10181,124.49419,0,0,0,0,1
208.04010,383.10181,124.49419,0,0,0,0,1
208.06034,383.10181,124.49419,0,0,0,0,1
208.08005,383.10181,124.49419,0,0,0,0,1
208.10052,383.10181,124.49419,0,0,0,0,1
208.12038,383.10181,124.49419,0,0,0,0,1
208.14016,383.10181,124.49419,0,0,0,0,1
208.16026,383.10181,124.49419,0,0,0,0,1
208.18047,383.10181,124.49419,0,0,0,0,1
208.20012,383.10181,124.49419,0,0,0,0,1
208.22037,383.10181,124.49419,0,0,0,0,1
208.24054,383.10181,124.49419,0,0,0,0,1
208.26027,383.10181,124.49419,0,0,0,0,1
208.28061,383.10181,124.49419,0,0,0,0,1
208.30024,383.10181,124.49419,0,0,0,0,1
208.32051,383.10181,124.49419,0,0,0,0,1
208.34043,383.10181,124.49419,0,0,0,0,1
208.36047,383.10181,124.49419,0,0,0,0,1
208.38017,383.10181,124.49419,0,0,0,0,1
208.40043,383.10181,124.49419,0,0,0,0,1
208.42010,383.10181,124.49419,0,0,0,0,1
208.44028,383.10181,124.49419,0,0,0,0,1
208.46022,383.10181,124.49419,0,0,0,0,1
208.48039,383.10181,124.49419,0,0,0,0,1
208.50016,383.10181,124.49419,0,0,0,0,1
208.52029,383.10181,124.49419,0,0,0,0,1
208.54044,383.10181,124.49419,0,0,0,0,1
208.56009,383.10181,124.49419,0,0,0,0,1
208.58034,383.10181,124.49419,0,0,0,0,1
208.60009,383.10181,124.49419,0,0,0,0,1
208.62036,383.10181,124.49419,0,0,0,0,1
208.64030,383.10181,124.49419,0,0,0,0,1
208.66040,383.10181,124.49419,0,0,0,0,1
208.68029,383.10181,124.49419,0,0,0,0,1
208.70049,383.10181,124.49419,0,0,0,0,1
208.72008,383.10181,124.49419,0,0,0,0,1
208.74006,383.10181,124.49419,0,0,0,0,1
208.76025,383.10181,124.49419,0,0,0,0,1
208.78006,383.10181,124.49419,0,0,0,0,1
208.80043,383.10181,124.49419,0,0,0,0,1
208.82042,383.10181,124.49419,0,0,0,0,1
208.84014,383.10181,124.49419,0,0,0,0,1
208.86029,383.10181,124.49419,0,0,0,0,1
208.88040,383.10181,124.49419,0,0,0,0,1
208.90007,383.10181,124.49419,0,0,0,0,1
208.92019,383.10181,124.49419,0,0,0,0,1
208.94035,383.10181,124.49419,0,0,0,0,1
208.96022,383.10181,124.49419,0,0,0,0,1
208.98022,383.10181,124.49419,0,0,0,0,1
209.00046,383.10181,124.49419,0,0,0,0,1
209.02035,383.10181,124.49419,0,0,0,0,1
209.04014,383.10181,124.49419,0,0,0,0,1
209.06025,383.10181,124.49419,0,0,0,0,1
209.08049,383.10181,124.49419,0,0,0,0,1
209.10008,383.10181,124.49419,0,0,0,0,1
209.12044,383.10181,124.49419,0,0,0,0,1
209.14014,383.10181,124.49419,0,0,0,0,1
209.16033,383.10181,124.49419,0,0,0,0,1
209.18007,383.10181,124.49419,0,0,0,0,1
209.20026,383.10181,124.49419,0,0,0,0,1
209.22051,383.10181,124.49419,0,0,0,0,1
209.24014,383.10181,124.49419,0,0,0,0,1
209.26032,383.10181,124.49419,0,0,0,0,1
209.28050,383.10181,124.49419,0,0,0,0,1
209.30021,383.10181,124.49419,0,0,0,0,1
209.32039,383.10181,124.49419,0,0,0,0,1
209.34045,383.10181,124.49419,0,0,0,0,1
209.36044,383.10181,124.49419,0,0,0,0,1
209.38050,383.10181,124.49419,0,0,0,0,1
209.40039,383.10181,124.49419,0,0,0,0,1
209.42024,383.10181,124.49419,0,0,0,0,1
209.44045,383.10181,124.49419,0,0,0,0,1
209.46028,383.10181,124.49419,0,0,0,0,1
209.48021,383.10181,124.49419,0,0,0,0,1
209.50039,383.10181,124.49419,0,0,0,0,1
209.52042,383.10181,124.49419,0,0,0,0,1
209.54025,383.10181,124.49419,0,0,0,0,1
209.56059,383.10181,124.49419,0,0,0,0,1
209.58054,383.10181,124.49419,0,0,0,0,1
209.60014,383.10181,124.49419,0,0,0,0,1
209.62013,383.10181,124.49419,0,0,0,0,1
209.64015,383.10181,124.49419,0,0,0,0,1
209.66039,383.10181,124.49419,0,0,0,0,1
209.68015,383.10181,124.49419,0,0,0,0,1
209.70019,383.10181,124.49419,0,0,0,0,1
209.72032,383.10181,124.49419,0,0,0,0,1
209.74025,383.10181,124.49419,0,0,0,0,1
209.76040,383.10181,124.49419,0,0,0,0,1
209.78050,383.10181,124.49419,0,0,0,0,1
209.80024,383.10181,124.49419,0,0,0,0,1
209.82025,383.10181,124.49419,0,0,0,0,1
209.84045,383.10181,124.49419,0,0,0,0,1
209.86017,383.10181,124.49419,0,0,0,0,1
209.88043,383.10181,124.49419,0,0,0,0,1
209.90008,383.10181,124.49419,0,0,0,0,1
209.92028,383.10181,124.49419,0,0,0,0,1
209.94011,383.10181,124.49419,0,0,0,0,1
209.96030,383.10181,124.49419,0,0,0,0,1
209.98038,383.10181,124.49419,0,0,0,0,1
210.00039,383.10181,124.49419,0,0,0,0,1
210.02050,383.10181,124.49419,0,0,0,0,1
210.04017,383.10181,124.49419,0,0,0,0,1
210.06017,383.10181,124.49419,0,0,0,0,1
210.08029,383.10181,124.49419,0,0,0,0,1
210.10044,383.10181,124.49419,0,0,0,0,1
210.12035,383.10181,124.49419,0,0,0,0,1
210.14043,383.10181,124.49419,0,0,0,0,1
210.16015,383.10181,124.49419,0,0,0,0,1
210.18013,383.10181,124.49419,0,0,0,0,1
210.20037,383.10181,124.49419,0,0,0,0,1
210.22048,383.10181,124.49419,0,0,0,0,1
210.24047,383.10181,124.49419,0,0,0,0,1
210.26082,383.10181,124.49419,0,0,0,0,1
210.28033,383.10181,124.49419,0,0,0,0,1
210.30018,383.10181,124.49419,0,0,0,0,1
210.32040,383.10181,124.49419,0,0,0,0,1
210.34027,383.10181,124.49419,0,0,0,0,1
210.36030,383.10181,124.49419,0,0,0,0,1
210.38050,383.10181,124.49419,0,0,0,0,1
210.40004,383.10181,124.49419,0,0,0,0,1
210.42038,383.10181,124.49419,0,0,0,0,1
210.44008,383.10181,124.49419,0,0,0,0,1
210.46032,383.10181,124.49419,0,0,0,0,1
210.48018,383.10181,124.49419,0,0,0,0,1
210.50027,383.10181,124.49419,0,0,0,0,1
210.52046,383.10181,124.49419,0,0,0,0,1
210.54009,383.10181,124.49419,0,0,0,0,1
210.56048,383.10181,124.49419,0,0,0,0,1
210.58020,383.10181,124.49419,0,0,0,0,1
210.60053,383.10181,124.49419,0,0,0,0,1
210.62019,383.10181,124.49419,0,0,0,0,1
210.64049,383.10181,124.49419,0,0,0,0,1
210.66037,383.10181,124.49419,0,0,0,0,1
210.68007,383.10181,124.49419,0,0,0,0,1
210.70030,383.10181,124.49419,0,0,0,0,1
210.72037,383.10181,124.49419,0,0,0,0,1
210.74026,383.10181,124.49419,0,0,0,0,1
210.76010,383.10181,124.49419,0,0,0,0,1
210.78032,383.10181,124.49419,0,0,0,0,1
210.80053,383.10181,124.49419,0,0,0,0,1
210.82042,383.10181,124.49419,0,0,0,0,1
210.84012,383.10181,124.49419,0,0,0,0,1
210.86018,383.10181,124.49419,0,0,0,0,1
210.88041,383.10181,124.49419,0,0,0,0,1
210.90010,383.10181,124.49419,0,0,0,0,1
210.92050,383.10181,124.49419,0,0,0,0,1
210.94051,383.10181,124.49419,0,0,0,0,1
210.96047,383.10181,124.49419,0,0,0,0,1
210.98014,383.10181,124.49419,0,0,0,0,1
211.00021,383.10181,124.49419,0,0,0,0,1
211.02035,383.10181,124.49419,1,0,0,0,1
211.04009,383.04327,124.83926,1,0,0,0,1
211.06043,382.92621,125.52940,1,0,0,0,1
211.08008,382.86768,125.87447,1,0,0,0,1
211.10003,382.80914,126.21954,1,0,0,0,1
211.12018,382.75061,126.56461,1,0,0,0,1
211.14018,382.69208,126.90968,1,0,0,0,1
211.16016,382.63354,127.25475,1,0,0,0,1
211.18035,382.51648,127.94489,1,0,0,0,1
211.20008,382.45795,128.28996,1,0,0,0,1
211.22026,382.34088,128.98009,1,0,0,0,1
211.24050,382.28235,129.32515,1,0,0,0,1
211.26052,382.22382,129.67021,1,0,0,0,1
211.28025,382.10675,130.36034,1,0,0,0,1
211.30037,382.04822,130.70540,1,0,0,0,1
211.32052,381.98969,131.05046,1,0,0,0,1
211.34018,381.93115,131.39552,1,0,0,0,1
211.36046,381.87262,131.74059,1,0,0,0,1
211.38030,381.75555,132.43071,1,0,0,0,1
211.40008,381.69702,132.77577,1,0,0,0,1
211.42039,381.63849,133.12083,1,0,0,0,1
211.44007,381.57996,133.46590,1,0,0,0,1
211.46030,381.52142,133.81096,1,0,0,0,1
211.48044,381.40436,134.50108,1,0,0,0,1
211.50032,381.34583,134.84615,1,0,0,0,1
211.52041,381.28729,135.19121,1,0,0,0,1
211.54047,381.22876,135.53627,1,0,0,0,1
211.56020,381.17023,135.88133,1,0,0,0,1
211.58046,381.05316,136.57146,1,0,0,0,1
211.60040,380.93610,137.26158,1,0,0,0,1
211.62029,380.87756,137.60664,1,0,0,0,1
211.64050,380.81903,137.95171,1,0,0,0,1
211.66032,380.76050,138.29677,1,0,0,0,1
211.68053,380.64343,138.98689,1,0,0,0,1
211.70023,380.58490,139.33195,1,0,0,0,1
211.72026,380.52637,139.67702,1,0,0,0,1
211.74050,380.46783,140.02208,1,0,0,0,1
211.76025,380.40930,140.36714,1,0,0,0,1
211.78050,380.29224,141.05727,1,0,0,0,1
211.80051,380.23370,141.40233,1,0,1,0,1
211.82016,380.17517,141.74739,1,0,1,0,1
211.84023,380.14087,142.09570,1,0,1,0,1
211.86023,380.13098,142.44556,1,0,1,0,1
211.88033,380.18448,143.14308,1,0,1,0,1
211.90043,380.24762,143.48734,1,0,1,0,1
211.92009,380.33466,143.82634,1,0,1,0,1
211.94038,380.44516,144.15845,1,0,1,0,1
211.96019,380.57858,144.48203,1,0,1,0,1
211.98030,380.91144,145.09732,1,0,1,0,1
212.00017,381.10928,145.38605,1,0,1,0,1
212.02032,381.56296,145.91859,1,0,1,0,1
212.04046,381.81656,146.15981,1,0,1,0,1
212.06020,382.08640,146.38272,1,0,1,0,1
212.08008,382.66937,146.76941,1,0,1,0,1
212.10006,382.97968,146.93129,1,0,1,0,1
212.12027,383.30054,147.07109,1,0,1,0,1
212.14012,383.63037,147.18816,1,0,1,0,1
212.16037,383.96759,147.28189,1,0,1,0,1
212.18048,384.65750,147.39769,1,0,1,0,1
212.20011,385.00684,147.41919,1,0,1,0,1
212.22047,385.35681,147.41623,1,0,1,0,1
212.24043,385.70575,147.38884,1,0,1,0,1
212.26011,386.05191,147.33716,1,0,1,0,1
212.28039,386.72919,147.16202,1,0,1,0,1
212.30005,387.05701,147.03941,1,0,1,0,1
212.32032,387.37546,146.89421,1,0,1,0,1
212.34036,387.68301,146.72713,1,0,1,0,1
212.36006,387.97815,146.53897,1,0,1,0,1
212.38025,388.52542,146.10323,1,0,1,0,1
212.40015,389.00665,145.59547,1,0,1,0,1
212.42046,389.21951,145.31764,1,0,1,0,1
212.44032,389.41245,145.02562,1,0,1,0,1
212.46031,389.58453,144.72084,1,0,1,0,1
212.48025,389.86282,144.07901,1,0,1,0,1
212.50009,389.96768,143.74509,1,0,1,0,1
212.52010,390.04898,143.40466,1,0,1,0,1
212.54027,390.10629,143.05939,1,0,1,0,1
212.56050,390.13937,142.71095,1,0,1,0,1
212.58036,390.13226,142.01141,1,0,1,0,1
212.60043,390.09213,141.66373,1,0,1,0,1
212.62030,390.02780,141.31969,1,0,1,0,1
212.64050,389.93961,140.98099,1,0,1,0,1
212.66020,389.82797,140.64926,1,0,1,0,1
212.68054,389.53668,140.01321,1,0,1,0,1
212.70033,389.35846,139.71199,1,0,1,0,1
212.72041,389.15964,139.42395,1,0,1,0,1
212.74013,388.94116,139.15050,1,0,1,0,1
212.76016,388.70413,138.89297,1,0,1,0,1
212.78063,388.17911,138.43065,1,0,1,0,1
212.80005,387.59479,138.04599,1,0,1,0,1
212.82035,387.28391,137.88519,1,0,1,0,1
212.84007,386.96255,137.74649,1,0,1,0,1
212.86010,386.63229,137.63057,1,0,1,0,1
212.88031,385.95160,137.46922,1,0,1,0,1
212.90052,385.60446,137.42458,1,0,1,0,1
212.92033,385.25504,137.40428,1,0,1,0,1
212.94038,384.90506,137.40845,1,0,1,0,1
212.96018,384.55624,137.43704,1,0,1,0,1
212.98028,383.86884,137.56685,1,0,1,0,1
213.00048,383.53360,137.66742,1,0,1,0,1
213.02022,383.20621,137.79115,1,0,1,0,1
213.04047,382.88824,137.93745,1,0,1,0,1
213.06013,382.58127,138.10561,1,0,1,0,1
213.08028,382.00626,138.50406,1,0,1,0,1
213.10045,381.74103,138.73242,1,0,1,0,1
213.12016,381.49237,138.97874,1,0,1,0,1
213.14012,381.26154,139.24184,1,0,1,0,1
213.16028,380.85770,139.81308,1,0,1,0,1
213.18041,380.68668,140.11845,1,0,1,0,1
213.20043,380.41058,140.76125,1,0,1,0,1
213.22036,380.30685,141.09552,1,0,1,0,1
213.24037,380.22675,141.43623,1,0,1,0,1
213.26029,380.17062,141.78171,1,0,1,0,1
213.28039,380.13132,142.48016,1,0,1,0,1
213.30011,380.14832,142.82976,1,0,1,0,1
213.32036,380.18970,143.17731,1,0,1,0,1
213.34052,380.25525,143.52112,1,0,1,0,1
213.36023,380.34464,143.85951,1,0,1,0,1
213.38040,380.59314,144.51346,1,0,1,0,1
213.40007,380.75101,144.82584,1,0,1,0,1
213.42008,380.93030,145.12642,1,0,1,0,1
213.44022,381.13016,145.41374,1,0,1,0,1
213.46028,381.34958,145.68642,1,0,1,0,1
213.48019,381.84280,146.18254,1,0,1,0,1
213.50043,382.11420,146.40356,1,0,1,0,1
213.52009,382.40036,146.60510,1,0,1,0,1
213.54026,382.69989,146.78616,1,0,1,0,1
213.56044,383.33316,147.08342,1,0,1,0,1
213.58009,383.66382,147.19817,1,0,1,0,1
213.60014,384.34509,147.35709,1,0,1,0,1
213.62035,384.69238,147.40050,1,0,1,0,1
213.64048,385.04187,147.41954,1,0,1,0,1
213.66018,385.39182,147.41414,1,0,0,0,1
213.68031,386.08633,147.33020,1,0,0,0,1
213.70046,386.43213,147.27609,1,0,0,0,1
213.72023,386.77792,147.22198,1,0,0,0,1
213.74049,387.12372,147.16788,1,0,0,0,1
213.76021,387.46951,147.11377,1,0,0,0,1
213.78015,388.16110,147.00555,1,0,0,0,1
213.80033,388.50690,146.95145,1,0,0,0,1
213.82029,388.85269,146.89734,1,0,0,0,1
213.84046,389.19849,146.84323,1,0,0,0,1
213.86015,389.54428,146.78912,1,0,0,0,1
213.88044,390.23587,146.68091,1,0,0,0,1
213.90011,390.58167,146.62680,1,0,0,0,1
213.92040,390.92746,146.57269,1,0,0,0,1
213.94026,391.27325,146.51859,1,0,0,0,1
213.96048,391.61905,146.46448,1,0,0,0,1
213.98015,392.31064,146.35626,1,0,0,0,1
214.00045,393.00223,146.24805,1,0,0,0,1
214.02047,393.34802,146.19394,1,1,0,0,1
214.04053,393.69382,146.13983,1,1,0,0,1
214.06051,394.03961,146.08572,1,1,0,0,1
214.08032,394.73828,146.05040,1,1,0,0,1
214.10026,395.08777,146.06935,1,1,0,0,1
214.12040,395.43509,146.11263,1,1,0,0,1
214.14017,395.77853,146.18002,1,1,0,0,1
214.16030,396.11646,146.27121,1,1,0,0,1
214.18062,396.76910,146.52304,1,1,0,0,1
214.20024,397.08069,146.68246,1,1,0,0,1
214.22044,397.38040,146.86324,1,1,0,0,1
214.24033,397.66678,147.06447,1,1,0,0,1
214.26052,397.93842,147.28519,1,1,0,0,1
214.28022,398.43228,147.78067,1,1,0,0,1
214.30036,398.65210,148.05302,1,1,0,0,1
214.32006,398.85239,148.34004,1,1,0,0,1
214.34018,399.03217,148.64034,1,1,0,0,1
214.36012,399.19058,148.95244,1,1,0,0,1
214.38035,399.44028,149.60593,1,1,0,0,1
214.40017,399.59665,150.28781,1,1,0,0,1
214.42042,399.63879,150.63527,1,1,0,0,1
214.44038,399.65662,150.98482,1,1,0,0,1
214.46038,399.64999,151.33476,1,1,0,0,1
214.48039,399.56375,152.02899,1,1,0,0,1
214.50024,399.48456,152.36992,1,1,0,0,1
214.52041,399.38177,152.70448,1,1,0,0,1
214.54013,399.25592,153.03107,1,1,0,0,1
214.56029,399.10757,153.34808,1,1,0,0,1
214.58038,398.74649,153.94727,1,1,0,0,1
214.60024,398.53549,154.22652,1,1,0,0,1
214.62088,398.30554,154.49037,1,1,0,0,1
214.64006,398.05774,154.73755,1,1,0,0,1
214.66017,397.79330,154.96684,1,1,0,0,1
214.68045,397.21976,155.36742,1,1,0,0,1
214.70043,396.91345,155.53674,1,1,0,0,1
214.72016,396.59607,155.68430,1,1,0,0,1
214.74034,396.26917,155.80936,1,1,0,0,1
214.76006,395.93436,155.91132,1,1,0,0,1
214.78026,395.24747,156.04404,1,1,0,0,1
214.80052,394.54883,156.07991,1,1,0,0,1
214.82030,394.19934,156.06123,1,1,0,0,1
214.84031,393.85199,156.01822,1,1,0,0,1
214.86054,393.50848,155.95110,1,1,0,0,1
214.88016,393.17050,155.86017,1,1,0,0,1
214.90019,392.51764,155.60883,1,1,0,0,1
214.92028,392.20593,155.44963,1,1,0,0,1
214.94018,391.90610,155.26909,1,1,0,0,1
214.96030,391.61957,155.06808,1,1,0,0,1
214.98044,391.09198,154.60866,1,1,0,0,1
215.00037,390.85349,154.35248,1,1,0,0,1
215.02023,390.63345,154.08029,1,1,0,0,1
215.04040,390.43292,153.79343,1,1,0,0,1
215.06015,390.25290,153.49327,1,1,0,0,1
215.08027,389.95773,152.85901,1,1,0,0,1
215.10050,389.84402,152.52798,1,1,0,0,1
215.12008,389.75369,152.18985,1,1,0,0,1
215.14034,389.64474,151.49881,1,1,0,0,1
215.16051,389.62668,151.14928,1,1,0,0,1
215.18016,389.63303,150.79933,1,1,0,0,1
215.20028,389.71872,150.10503,1,1,0,0,1
215.22016,389.79767,149.76404,1,1,0,0,1
215.24050,389.90021,149.42940,1,1,0,0,1
215.26019,390.02582,149.10272,1,1,0,0,1
215.28046,390.17392,148.78560,1,1,0,0,1
215.30017,390.53455,148.18614,1,1,0,0,1
215.32011,390.74533,147.90672,1,1,0,0,1
215.34028,390.97510,147.64268,1,1,0,0,1
215.36050,391.22272,147.39531,1,1,0,0,1
215.38042,391.48697,147.16582,1,1,0,0,1
215.40010,392.06018,146.76482,1,1,0,0,1
215.42023,392.36636,146.59526,1,1,0,0,1
215.44004,392.68362,146.44746,1,1,0,0,1
215.46040,393.01044,146.32216,1,1,0,0,1
215.48011,393.34518,146.21996,1,1,0,0,1
215.50031,394.03195,146.08670,1,1,0,0,1
215.52010,394.38062,146.05630,1,1,0,0,1
215.54042,395.08008,146.06871,1,1,0,0,1
215.56040,395.42746,146.11145,1,1,0,0,1
215.58021,395.77103,146.17831,1,1,0,0,1
215.60036,396.43997,146.38300,1,1,0,0,1
215.62049,396.76212,146.51981,1,1,0,0,1
215.64010,397.07394,146.67876,1,1,0,0,1
215.66032,397.37393,146.85907,1,1,0,0,1
215.68032,397.66061,147.05986,1,1,0,0,1
215.70052,398.18854,147.51888,1,1,0,0,1
215.72024,398.42722,147.77487,1,1,0,0,1
215.74043,398.64746,148.04689,1,1,0,0,1
215.76008,398.84821,148.33360,1,1,0,0,1
215.78038,399.02847,148.63362,1,1,0,0,1
215.80015,399.32413,149.26765,1,1,0,0,1
215.82005,399.43808,149.59859,1,1,0,0,1
215.84009,399.52869,149.93666,1,1,0,0,1
215.86006,399.59549,150.28023,1,1,0,0,1
215.88031,399.63815,150.62761,1,1,0,0,1
215.90044,399.65042,151.32707,1,1,0,0,1
215.92014,399.56525,152.02145,1,1,0,0,1
215.94048,399.48657,152.36249,1,1,0,0,1
215.96017,399.38431,152.69720,1,1,0,0,1
215.98086,399.25894,153.02399,1,1,0,0,1
216.00011,398.94147,153.64737,1,1,0,0,1
216.02025,398.75092,153.94095,1,1,0,0,1
216.04057,398.54034,154.22052,1,1,0,0,1
216.06009,398.31079,154.48473,1,1,0,0,1
216.08028,398.06339,154.73228,1,1,0,0,1
216.10052,397.51987,155.17271,1,1,0,0,1
216.12058,397.22641,155.36343,1,1,0,0,1
216.14015,396.92035,155.53323,1,1,0,0,1
216.16036,396.60321,155.68127,1,1,0,0,1
216.18053,396.27652,155.80682,1,1,0,0,1
216.20039,395.60086,155.98816,1,1,0,0,1
216.22041,395.25519,156.04306,1,0,0,0,1
216.24056,394.90652,156.07373,1,0,0,0,1
216.26028,394.55786,156.10440,1,0,0,0,1
216.28029,394.20920,156.13507,1,0,0,0,1
216.30035,393.86053,156.16574,1,0,0,0,1
216.32022,393.16321,156.22708,1,0,0,0,1
216.34034,392.46588,156.28842,1,0,0,0,1
216.36055,392.11722,156.31909,1,0,0,0,1
216.38017,391.76855,156.34976,1,0,0,0,1
216.40037,391.07123,156.41110,1,0,0,0,1
216.42007,390.72256,156.44177,1,0,0,0,1
216.44010,390.37390,156.47244,1,0,0,0,1
216.46012,390.02524,156.50311,1,0,0,0,1
216.48044,389.67657,156.53378,1,0,0,0,1
216.50013,388.97925,156.59512,1,0,0,0,1
216.52050,388.63058,156.62579,1,0,0,0,1
216.54021,388.28192,156.65646,1,0,0,0,1
216.56048,387.93326,156.68713,1,0,1,0,1
216.58020,387.58459,156.71780,1,0,1,0,1
216.60009,386.89026,156.80341,1,0,1,0,1
216.62034,386.54929,156.88235,1,0,1,0,1
216.64050,386.21466,156.98492,1,0,1,0,1
216.66046,385.88800,157.11061,1,0,1,0,1
216.68053,385.57092,157.25880,1,0,1,0,1
216.70019,384.69232,157.83063,1,0,1,0,1
216.72078,384.42844,158.06056,1,0,1,0,1
216.74041,384.18124,158.30836,1,0,1,0,1
216.76023,383.95197,158.57281,1,0,1,0,1
216.78040,383.74173,158.85263,1,0,1,0,1
216.80045,383.38232,159.45284,1,0,1,0,1
216.82015,383.23492,159.77028,1,0,1,0,1
216.84020,383.11005,160.09724,1,0,1,0,1
216.86035,383.00833,160.43213,1,0,1,0,1
216.88054,382.93024,160.77330,1,0,1,0,1
216.90033,382.84637,161.46782,1,0,1,0,1
216.92029,382.84100,161.81778,1,0,1,0,1
216.94048,382.86008,162.16725,1,0,1,0,1
216.96022,382.90353,162.51454,1,0,1,0,1
216.98038,382.97113,162.85796,1,0,1,0,1
217.00033,383.17731,163.52646,1,0,1,0,1
217.02042,383.31491,163.84828,1,0,1,0,1
217.04045,383.47464,164.15971,1,0,1,0,1
217.06052,383.65573,164.45923,1,0,1,0,1
217.08023,383.85730,164.74536,1,0,1,0,1
217.10029,384.31781,165.27199,1,0,1,0,1
217.12032,384.84723,165.72931,1,0,1,0,1
217.14035,385.13458,165.92914,1,0,1,0,1
217.16053,385.43518,166.10841,1,0,1,0,1
217.18030,385.74756,166.26625,1,0,1,0,1
217.20055,386.40152,166.51466,1,0,1,0,1
217.22015,386.73993,166.60403,1,0,1,0,1
217.24025,387.08374,166.66956,1,0,1,0,1
217.26035,387.43127,166.71091,1,0,1,0,1
217.28030,387.78085,166.72787,1,0,1,0,1
217.30006,388.47931,166.68849,1,0,1,0,1
217.32021,388.82477,166.63232,1,0,1,0,1
217.34027,389.16547,166.55217,1,0,1,0,1
217.36038,389.49973,166.44843,1,0,1,0,1
217.38022,389.82593,166.32158,1,0,1,0,1
217.40006,390.44785,166.00122,1,0,1,0,1
217.42022,390.74051,165.80927,1,0,1,0,1
217.44033,391.01904,165.59734,1,0,1,0,1
217.46035,391.28210,165.36647,1,0,1,0,1
217.48013,391.52841,165.11780,1,0,1,0,1
217.50028,391.96600,164.57198,1,0,1,0,1
217.52049,392.32327,163.97050,1,0,1,0,1
217.54033,392.46954,163.65253,1,0,1,0,1
217.56049,392.59326,163.32512,1,0,1,0,1
217.58036,392.69379,162.98987,1,0,1,0,1
217.60014,392.82352,162.30243,1,0,1,0,1
217.62043,392.85208,161.95360,1,0,1,0,1
217.64016,392.85620,161.60362,1,0,1,0,1
217.66055,392.83591,161.25421,1,0,1,0,1
217.68024,392.79126,160.90707,1,0,1,0,1
217.70057,392.62991,160.22636,1,0,1,0,1
217.72023,392.51401,159.89612,1,0,1,0,1
217.74049,392.37531,159.57477,1,0,1,0,1
217.76030,392.21451,159.26390,1,0,1,0,1
217.78049,392.03238,158.96501,1,0,1,0,1
217.80014,391.60785,158.40898,1,0,1,0,1
217.82054,391.36752,158.15454,1,0,1,0,1
217.84021,391.11002,157.91751,1,0,1,0,1
217.86042,390.83658,157.69905,1,0,1,0,1
217.88006,390.24734,157.32198,1,0,1,0,1
217.90033,389.93442,157.16521,1,0,1,0,1
217.92011,389.27957,156.91905,1,0,1,0,1
217.94031,388.94086,156.83086,1,0,1,0,1
217.96033,388.59683,156.76653,1,0,1,0,1
217.98063,388.24915,156.72638,1,0,1,0,1
218.00032,387.54962,156.71931,1,0,1,0,1
218.02015,387.20120,156.75241,1,0,1,0,1
218.04017,386.85593,156.80977,1,0,1,0,1
218.06051,386.51550,156.89110,1,0,1,0,1
218.08045,386.18158,156.99600,1,0,1,0,1
218.10012,385.53976,157.27437,1,0,1,0,1
218.12040,385.23502,157.44647,1,0,1,0,1
218.14008,384.94302,157.63943,1,0,1,0,1
218.16030,384.66522,157.85233,1,0,1,0,1
218.18048,384.40295,158.08409,1,0,1,0,1
218.20026,383.93008,158.59967,1,0,1,0,1
218.22037,383.72180,158.88095,1,0,1,0,1
218.24046,383.53366,159.17609,1,0,1,0,1
218.26032,383.22144,159.80211,1,0,1,0,1
218.28049,383.09885,160.12994,1,0,1,0,1
218.30054,382.99945,160.46553,1,0,1,0,1
218.32023,382.87207,161.15341,1,0,1,0,1
218.34046,382.84473,161.50233,1,0,1,0,1
218.36016,382.84180,161.85233,1,0,1,0,1
218.38029,382.86331,162.20166,1,0,1,0,1
218.40055,382.97919,162.89157,1,0,1,0,1
218.42052,383.07297,163.22878,1,0,1,0,1
218.44049,383.19006,163.55861,1,0,1,0,1
218.46049,383.32990,163.87946,1,0,0,0,1
218.48049,383.49179,164.18976,1,0,0,0,1
218.50026,383.85812,164.78622,1,0,0,0,1
218.52042,384.04129,165.08446,1,0,0,0,1
218.54055,384.22446,165.38269,1,0,0,0,1
218.56028,384.40762,165.68092,1,0,0,0,1
218.58010,384.59079,165.97916,1,0,0,0,1
218.60059,384.95712,166.57562,1,0,0,0,1
218.62014,385.14029,166.87386,1,0,0,0,1
218.64026,385.32346,167.17209,1,0,0,0,1
218.66039,385.50662,167.47032,1,0,0,0,1
218.68025,385.68979,167.76855,1,0,0,0,1
218.70043,386.05612,168.36502,1,0,0,0,1
218.72016,386.42245,168.96149,1,0,0,0,1
218.74041,386.60562,169.25972,1,0,0,0,1
218.76009,386.78879,169.55795,1,0,0,0,1
218.78030,386.97195,169.85619,1,0,0,0,1
218.80050,387.33829,170.45265,1,0,0,0,1
218.82017,387.52145,170.75089,1,0,0,0,1
218.84042,387.70462,171.04912,1,1,0,0,1
218.86007,387.88779,171.34735,1,1,0,0,1
218.88020,388.07095,171.64558,1,1,0,0,1
218.90012,388.37277,172.27670,1,1,0,0,1
218.92030,388.48996,172.60651,1,1,0,0,1
218.94021,388.58386,172.94368,1,1,0,0,1
218.96046,388.65402,173.28658,1,1,0,0,1
218.98015,388.70010,173.63353,1,1,0,0,1
219.00029,388.71921,174.33284,1,1,0,0,1
219.02041,388.69217,174.68179,1,1,0,0,1
219.04014,388.64084,175.02802,1,1,0,0,1
219.06052,388.56549,175.36981,1,1,0,0,1
219.08010,388.34433,176.03351,1,1,0,0,1
219.10059,388.19958,176.35217,1,1,0,0,1
219.12027,387.84528,176.95540,1,1,0,0,1
219.14053,387.63745,177.23701,1,1,0,0,1
219.16018,387.41049,177.50346,1,1,0,0,1
219.18021,387.16550,177.75343,1,1,0,0,1
219.20033,386.62631,178.19916,1,1,0,0,1
219.22023,386.33472,178.39275,1,1,0,0,1
219.24015,386.03033,178.56552,1,1,0,0,1
219.26032,385.71463,178.71664,1,1,0,0,1
219.28006,385.38916,178.84538,1,1,0,0,1
219.30025,385.05551,178.95111,1,1,0,0,1
219.32036,384.37018,179.09161,1,1,0,0,1
219.34052,384.02185,179.12569,1,1,0,0,1
219.36014,383.67200,179.13538,1,1,0,0,1
219.38028,383.32230,179.12065,1,1,0,0,1
219.40050,382.63025,179.01834,1,1,0,0,1
219.42007,382.29126,178.93124,1,1,0,0,1
219.44024,381.95917,178.82072,1,1,0,0,1
219.46046,381.32211,178.53166,1,1,0,0,1
219.48050,381.02023,178.35452,1,1,0,0,1
219.50047,380.73145,178.15677,1,1,0,0,1
219.52037,380.19870,177.70335,1,1,0,0,1
219.54020,379.95734,177.44989,1,1,0,0,1
219.56035,379.73422,177.18021,1,1,0,0,1
219.58048,379.53049,176.89563,1,1,0,0,1
219.60036,379.34708,176.59753,1,1,0,0,1
219.62006,379.04477,175.96666,1,1,0,0,1
219.64017,378.92734,175.63695,1,1,0,0,1
219.66033,378.83319,175.29985,1,1,0,0,1
219.68009,378.76276,174.95700,1,1,0,0,1
219.70018,378.71643,174.61008,1,1,0,0,1
219.72049,378.69678,173.91078,1,1,0,0,1
219.74014,378.72357,173.56181,1,1,0,0,1
219.76046,378.77463,173.21556,1,1,0,0,1
219.78018,378.84970,172.87370,1,1,0,0,1
219.80029,378.94843,172.53792,1,1,0,0,1
219.82039,379.21484,171.89105,1,1,0,0,1
219.84032,379.38123,171.58313,1,1,0,0,1
219.86043,379.77628,171.00577,1,1,0,0,1
219.88031,380.00302,170.73915,1,1,0,0,1
219.90051,380.24780,170.48900,1,1,0,0,1
219.92005,380.78665,170.04288,1,1,0,0,1
219.94036,381.07809,169.84908,1,1,0,0,1
219.96030,381.38235,169.67607,1,1,0,0,1
219.98050,381.69794,169.52470,1,1,0,0,1
220.00025,382.02328,169.39571,1,1,0,0,1
220.02039,382.69699,169.20724,1,1,0,0,1
220.04025,383.04205,169.14870,1,1,0,0,1
220.06037,383.39035,169.11436,1,1,0,0,1
220.08017,383.74020,169.10440,1,1,0,0,1
220.10034,384.08990,169.11887,1,1,0,0,1
220.12026,384.78204,169.22066,1,1,0,0,1
220.14017,385.12109,169.30750,1,1,0,0,1
220.16026,385.45328,169.41776,1,1,0,0,1
220.18051,385.77695,169.55092,1,1,0,0,1
220.20025,386.09055,169.70633,1,1,0,0,1
220.22024,386.68149,170.08078,1,1,0,0,1
220.24035,387.21457,170.53380,1,1,0,0,1
220.26047,387.45612,170.78708,1,1,0,0,1
220.28032,387.67941,171.05658,1,1,0,0,1
220.30040,387.88339,171.34100,1,1,0,0,1
220.32023,388.22943,171.94901,1,1,0,0,1
220.34038,388.36981,172.26961,1,1,0,0,1
220.36022,388.48749,172.59923,1,1,0,0,1
220.38030,388.58191,172.93625,1,1,0,0,1
220.40006,388.65259,173.27904,1,1,0,0,1
220.42037,388.72150,173.97520,1,1,0,0,1
220.44046,388.71939,174.32520,1,1,0,0,1
220.46040,388.69287,174.67419,1,1,0,0,1
220.48032,388.64209,175.02049,1,1,0,0,1
220.50043,388.56726,175.36240,1,1,0,0,1
220.52016,388.34711,176.02643,1,1,0,0,1
220.54026,388.20285,176.34532,1,1,0,0,1
220.56052,388.03671,176.65338,1,1,0,0,1
220.58019,387.84949,176.94910,1,1,0,0,1
220.60007,387.64209,177.23103,1,1,0,0,1
220.62007,387.17096,177.74815,1,1,0,0,1
220.64011,386.63245,178.19470,1,1,0,0,1
220.66012,386.34116,178.38873,1,1,0,0,1
220.68012,386.03705,178.56198,1,1,0,0,1
220.70023,385.72159,178.71359,1,1,0,0,1
220.72012,385.06284,178.94908,1,1,0,0,1
220.74025,384.72275,179.03181,1,1,0,0,1
220.76030,384.37772,179.09062,1,1,0,0,1
220.78038,384.02942,179.12523,1,1,0,0,1
220.80014,383.67957,179.13547,1,1,0,0,1
220.82029,382.98199,179.08273,1,1,0,0,1
220.84031,382.63766,179.02002,1,1,0,0,1
220.86009,382.29855,178.93344,1,0,0,0,1
220.88032,381.96628,178.82343,1,0,0,0,1
220.90029,381.63400,178.71341,1,0,0,0,1
220.92010,380.96945,178.49338,1,0,0,0,1
220.94030,380.63718,178.38336,1,0,0,0,1
220.96036,380.30490,178.27335,1,0,0,0,1
220.98030,379.97263,178.16333,1,0,0,0,1
221.00016,379.64035,178.05331,1,0,1,0,1
221.02035,378.97580,177.83328,1,0,1,0,1
221.04045,378.29230,177.68411,1,0,1,0,1
221.06009,377.94443,177.64568,1,0,1,0,1
221.08006,377.59470,177.63162,1,0,1,0,1
221.10009,377.24484,177.64203,1,0,1,0,1
221.12023,376.55161,177.73587,1,0,1,0,1
221.14014,376.21158,177.81886,1,0,1,0,1
221.16025,375.87817,177.92540,1,0,1,0,1
221.18039,375.55304,178.05496,1,0,1,0,1
221.20036,375.23773,178.20691,1,0,1,0,1
221.22008,374.64276,178.57491,1,0,1,0,1
221.24024,374.36600,178.78915,1,0,1,0,1
221.26040,374.10486,179.02220,1,0,1,0,1
221.28020,373.86066,179.27292,1,0,1,0,1
221.30005,373.63455,179.54008,1,0,1,0,1
221.32050,373.24097,180.11844,1,0,1,0,1
221.34025,373.07541,180.42680,1,0,1,0,1
221.36028,372.93179,180.74599,1,0,1,0,1
221.38014,372.81082,181.07442,1,0,1,0,1
221.40053,372.63904,181.75258,1,0,1,0,1
221.42074,372.58908,182.09900,1,0,1,0,1
221.44036,372.56223,182.79805,1,0,1,0,1
221.46020,372.58545,183.14728,1,0,1,0,1
221.48042,372.63303,183.49403,1,0,1,0,1
221.50033,372.70468,183.83662,1,0,1,0,1
221.52028,372.91882,184.50262,1,0,1,0,1
221.54038,373.06024,184.82278,1,0,1,0,1
221.56024,373.22366,185.13229,1,0,1,0,1
221.58017,373.40829,185.42963,1,0,1,0,1
221.60020,373.61325,185.71335,1,0,1,0,1
221.62021,374.08002,186.23445,1,0,1,0,1
221.64035,374.33954,186.46930,1,0,1,0,1
221.66049,374.61481,186.68546,1,0,1,0,1
221.68022,374.90451,186.88185,1,0,1,0,1
221.70008,375.20721,187.05754,1,0,1,0,1
221.72009,375.84570,187.34344,1,0,1,0,1
221.74029,376.17834,187.45227,1,0,1,0,1
221.76005,376.51779,187.53761,1,0,1,0,1
221.78007,376.86237,187.59903,1,0,1,0,1
221.80013,377.21039,187.63625,1,0,1,0,1
221.82027,377.90994,187.63742,1,0,1,0,1
221.84008,378.60284,187.54111,1,0,1,0,1
221.86023,378.94257,187.45691,1,0,1,0,1
221.88021,379.27557,187.34920,1,0,1,0,1
221.90038,379.60025,187.21849,1,0,1,0,1
221.92032,380.21829,186.89076,1,0,1,0,1
221.94026,380.50867,186.69534,1,0,1,0,1
221.96041,380.78467,186.48012,1,0,1,0,1
221.98040,381.04495,186.24614,1,0,1,0,1
222.00009,381.28827,185.99455,1,0,1,0,1
222.02014,381.71933,185.44356,1,0,1,0,1
222.04025,381.90497,185.14684,1,0,1,0,1
222.06027,382.06943,184.83788,1,0,1,0,1
222.08037,382.21191,184.51819,1,0,1,0,1
222.10023,382.33173,184.18933,1,0,1,0,1
222.12050,382.50110,183.51056,1,0,1,0,1
222.14012,382.54984,183.16397,1,0,1,0,1
222.16010,382.57425,182.81482,1,0,1,0,1
222.18014,382.57425,182.46481,1,0,1,0,1
222.20031,382.50110,181.76907,1,0,1,0,1
222.22038,382.42828,181.42673,1,0,1,0,1
222.24048,382.21191,180.76144,1,0,1,0,1
222.26017,382.06943,180.44176,1,0,1,0,1
222.28033,381.90497,180.13280,1,0,1,0,1
222.30011,381.71933,179.83607,1,0,1,0,1
222.32023,381.28827,179.28508,1,0,1,0,1
222.34010,381.04495,179.03349,1,0,1,0,1
222.36031,380.78467,178.79951,1,0,1,0,1
222.38041,380.50867,178.58429,1,0,1,0,1
222.40008,380.21829,178.38887,1,0,1,0,1
222.42048,379.60025,178.06114,1,0,1,0,1
222.44016,379.27557,177.93044,1,0,1,0,1
222.46031,378.94257,177.82272,1,0,1,0,1
222.48053,378.25809,177.67825,1,0,1,0,1
222.50022,377.90994,177.64221,1,0,1,0,1
222.52036,377.56015,177.63057,1,0,1,0,1
222.54037,377.21039,177.64339,1,0,1,0,1
222.56017,376.51779,177.74202,1,0,1,0,1
222.58039,376.17834,177.82736,1,0,1,0,1
222.60043,375.84570,177.93619,1,0,1,0,1
222.62010,375.52145,178.06798,1,0,1,0,1
222.64035,374.90451,178.39778,1,0,1,0,1
222.66052,374.61481,178.59418,1,0,1,0,1
222.68020,374.33954,178.81033,1,0,1,0,1
222.70010,374.08002,179.04518,1,0,1,0,1
222.72044,373.83752,179.29758,1,0,1,0,1
222.74016,373.40829,179.85001,1,0,1,0,1
222.76034,373.22366,180.14734,1,0,1,0,1
222.78045,373.06024,180.45685,1,0,1,0,1
222.80007,372.91882,180.77701,1,0,1,0,1
222.82030,372.70468,181.44301,1,0,1,0,1
222.84032,372.63303,181.78560,1,0,1,0,1
222.86041,372.58545,182.13235,1,0,1,0,1
222.88037,372.56223,182.48158,1,0,1,0,1
222.90041,372.56345,182.83157,1,0,1,0,1
222.92042,372.63904,183.52705,1,0,1,0,1
222.94019,372.63904,183.52705,1,0,1,0,1
222.96040,372.81082,184.20522,1,0,1,0,1
222.98007,373.07541,184.85283,1,0,1,0,1
223.00038,373.24097,185.16119,1,0,1,0,1
223.02014,373.42764,185.45724,1,0,1,0,1
223.04028,373.86066,186.00671,1,0,1,0,1
223.06034,374.10486,186.25743,1,0,1,0,1
223.08047,374.36600,186.49048,1,0,1,0,1
223.10039,374.64276,186.70473,1,0,1,0,1
223.12049,375.23773,187.07272,1,0,1,0,1
223.14009,375.55304,187.22467,1,0,1,0,1
223.16022,375.87817,187.35423,1,0,1,0,1
223.18018,376.21158,187.46077,1,0,1,0,1
223.20035,376.55161,187.54376,1,0,0,0,1
223.22024,377.24155,187.66183,1,0,0,0,1
223.24050,377.58652,187.72087,1,0,0,0,1
223.26027,377.93149,187.77991,1,0,0,0,1
223.28027,378.27646,187.83894,1,0,0,0,1
223.30006,378.62143,187.89798,1,0,0,0,1
223.32038,379.31137,188.01605,1,0,0,0,1
223.34048,379.65634,188.07509,1,0,0,0,1
223.36014,380.00131,188.13412,1,0,0,0,1
223.38041,380.34628,188.19316,1,0,0,0,1
223.40033,381.03622,188.31123,1,0,0,0,1
223.42071,381.38120,188.37027,1,0,0,0,1
223.44023,382.07114,188.48834,1,0,0,0,1
223.46041,382.41611,188.54738,1,0,0,0,1
223.48017,382.76108,188.60641,1,1,0,0,1
223.50009,383.10605,188.66545,1,1,0,0,1
223.52029,383.79105,188.80745,1,1,0,0,1
223.54014,384.12445,188.91393,1,1,0,0,1
223.56039,384.44962,189.04338,1,1,0,0,1
223.58050,384.76498,189.19521,1,1,0,0,1
223.60020,385.06897,189.36865,1,1,0,0,1
223.62011,385.36014,189.56288,1,1,0,0,1
223.64013,385.89835,190.00980,1,1,0,0,1
223.66042,386.14279,190.26030,1,1,0,0,1
223.68037,386.36917,190.52724,1,1,0,0,1
223.70025,386.57635,190.80931,1,1,0,0,1
223.72036,386.76337,191.10515,1,1,0,0,1
223.74029,387.07333,191.73230,1,1,0,0,1
223.76006,387.19476,192.06056,1,1,0,0,1
223.78027,387.36761,192.73845,1,1,0,0,1
223.80049,387.41818,193.08478,1,1,0,0,1
223.82035,387.44446,193.43379,1,1,0,0,1
223.84006,387.42383,194.13306,1,1,0,0,1
223.86020,387.37698,194.47990,1,1,0,0,1
223.88030,387.30606,194.82265,1,1,0,0,1
223.90010,387.21143,195.15961,1,1,0,0,1
223.92027,387.09351,195.48915,1,1,0,0,1
223.94014,386.79028,196.11958,1,1,0,0,1
223.96043,386.60645,196.41742,1,1,0,0,1
223.98041,386.40228,196.70171,1,1,0,0,1
224.00015,386.17880,196.97107,1,1,0,0,1
224.02040,385.93707,197.22418,1,1,0,0,1
224.04009,385.40369,197.67685,1,1,0,0,1
224.06011,385.11462,197.87419,1,1,0,0,1
224.08016,384.81250,198.05089,1,1,0,0,1
224.10038,384.49878,198.20609,1,1,0,0,1
224.12020,384.17502,198.33904,1,1,0,0,1
224.14040,383.50366,198.53569,1,1,0,0,1
224.16004,383.15933,198.59843,1,1,0,0,1
224.18010,382.46176,198.65123,1,1,0,0,1
224.20024,382.11191,198.64104,1,1,0,0,1
224.22005,381.76361,198.60646,1,1,0,0,1
224.24020,381.07849,198.46498,1,1,0,0,1
224.26029,380.74500,198.35876,1,1,0,0,1
224.28051,380.41971,198.22955,1,1,0,0,1
224.30036,380.10425,198.07797,1,1,0,0,1
224.32007,379.80011,197.90475,1,1,0,0,1
224.34021,379.23172,197.49690,1,1,0,0,1
224.36038,378.97025,197.26425,1,1,0,0,1
224.38015,378.72562,197.01393,1,1,0,0,1
224.40029,378.49905,196.74716,1,1,0,0,1
224.42012,378.29163,196.46524,1,1,0,0,1
224.44031,377.93820,195.86150,1,1,0,0,1
224.46042,377.79391,195.54262,1,1,0,0,1
224.48016,377.67221,195.21446,1,1,0,0,1
224.50024,377.57370,194.87862,1,1,0,0,1
224.52025,377.49884,194.53671,1,1,0,0,1
224.54041,377.42148,193.84143,1,1,0,0,1
224.56054,377.44162,193.14215,1,1,0,0,1
224.58041,377.48819,192.79526,1,1,0,0,1
224.60030,377.55884,192.45247,1,1,0,0,1
224.62048,377.65323,192.11543,1,1,0,0,1
224.64017,377.91122,191.46518,1,1,0,0,1
224.66033,378.07361,191.15512,1,1,0,0,1
224.68033,378.25720,190.85715,1,1,0,0,1
224.70008,378.46115,190.57271,1,1,0,0,1
224.72028,378.68442,190.30318,1,1,0,0,1
224.74051,379.18457,189.81404,1,1,0,0,1
224.76020,379.45898,189.59682,1,1,0,0,1
224.78046,379.74789,189.39925,1,1,0,0,1
224.80051,380.04987,189.22231,1,1,0,0,1
224.82021,380.36346,189.06686,1,1,0,0,1
224.84057,381.01929,188.82336,1,1,0,0,1
224.86047,381.35834,188.73650,1,1,0,0,1
224.88019,381.70261,188.67349,1,1,0,0,1
224.90031,382.05045,188.63464,1,1,0,0,1
224.92010,382.40015,188.62015,1,1,0,0,1
224.94041,383.09833,188.66438,1,1,0,0,1
224.96009,383.78354,188.80534,1,1,0,0,1
224.98039,384.11713,188.91130,1,1,0,0,1
225.00006,384.44250,189.04027,1,1,0,0,1
225.02012,384.75809,189.19160,1,1,0,0,1
225.04017,385.35382,189.55838,1,1,0,0,1
225.06017,385.63107,189.77202,1,1,0,0,1
225.08016,385.89273,190.00447,1,1,0,0,1
225.10021,386.13754,190.25461,1,1,0,0,1
225.12021,386.36432,190.52121,1,1,0,0,1
225.14029,386.75943,191.09851,1,1,0,0,1
225.16051,386.92584,191.40642,1,1,0,0,1
225.18031,387.07037,191.72519,1,1,0,0,1
225.20039,387.19232,192.05325,1,1,0,0,1
225.22053,387.29111,192.38902,1,1,0,0,1
225.24052,387.41730,193.07712,1,1,0,0,1
225.26051,387.44412,193.42609,1,1,0,0,1
225.28028,387.44653,193.77608,1,1,0,0,1
225.30021,387.42453,194.12538,1,1,0,0,1
225.32020,387.37823,194.47231,1,1,0,0,1
225.34011,387.21375,195.15227,1,1,0,0,1
225.36009,386.95624,195.80272,1,1,0,0,1
225.38021,386.79410,196.11290,1,1,0,0,1
225.40039,386.61072,196.41101,1,1,0,0,1
225.42041,386.40698,196.69562,1,1,0,0,1
225.44010,385.94257,197.21880,1,1,0,0,1
225.46042,385.68414,197.45483,1,1,0,0,1
225.48007,385.40988,197.67227,1,1,0,0,1
225.50040,385.12112,197.87006,1,1,0,0,1
225.52003,384.81927,198.04723,1,1,0,0,1
225.54018,384.18222,198.33635,1,1,0,0,1
225.56049,383.85013,198.44690,1,1,0,0,1
225.58029,383.51114,198.53403,1,1,0,0,1
225.60050,383.16690,198.59731,1,1,0,0,1
225.62023,382.81909,198.63641,1,1,0,0,1
225.64017,382.11954,198.64151,1,1,0,0,1
225.66020,381.77121,198.60747,1,1,0,0,1
225.68039,381.42609,198.54922,1,1,0,0,1
225.70022,381.08588,198.46706,1,1,0,0,1
225.72032,380.75223,198.36136,1,1,0,0,1
225.74033,380.11105,198.08156,1,1,0,0,1
225.76040,379.51505,197.71526,1,1,0,0,1
225.78019,379.23764,197.50183,1,1,0,0,1
225.80042,378.97580,197.26958,1,0,0,0,1
225.82045,378.73080,197.01964,1,0,0,0,1
225.84036,378.27682,196.48680,1,0,0,0,1
225.86010,378.04984,196.22038,1,0,0,0,1
225.88030,377.82285,195.95396,1,0,0,0,1
225.90017,377.59586,195.68755,1,0,0,0,1
225.92028,377.36887,195.42113,1,0,0,0,1
225.94054,376.91489,194.88829,1,0,0,0,1
225.96043,376.68790,194.62187,1,0,0,0,1
225.98008,376.46091,194.35545,1,0,0,0,1
226.00035,376.23392,194.08904,1,0,0,0,1
226.02017,376.00693,193.82262,1,0,0,0,1
226.04024,375.55295,193.28978,1,0,0,0,1
226.06005,375.32596,193.02336,1,0,0,0,1
226.08047,375.09897,192.75694,1,0,0,0,1
226.10031,374.87198,192.49052,1,0,0,0,1
226.12022,374.64499,192.22411,1,0,0,0,1
226.14009,374.19101,191.69127,1,0,0,0,1
226.16029,373.73703,191.15843,1,0,0,0,1
226.18022,373.51004,190.89201,1,0,0,0,1
226.20036,373.28305,190.62560,1,0,0,0,1
226.22009,373.05606,190.35918,1,0,0,0,1
226.24030,372.60208,189.82634,1,0,0,0,1
226.26053,372.37509,189.55992,1,0,0,0,1
226.28037,372.14810,189.29350,1,0,0,0,1
226.30054,371.92111,189.02708,1,0,0,0,1
226.32023,371.69412,188.76067,1,0,0,0,1
226.34049,371.24014,188.22783,1,0,0,0,1
226.36032,371.01315,187.96141,1,0,0,0,1
226.38006,370.78616,187.69499,1,0,0,0,1
226.40027,370.55917,187.42857,1,0,0,0,1
226.42040,370.33218,187.16216,1,0,0,0,1
226.44012,369.87820,186.62932,1,0,1,0,1
226.46031,369.65121,186.36290,1,0,1,0,1
226.48049,369.42422,186.09648,1,0,1,0,1
226.50035,368.91733,185.61436,1,0,1,0,1
226.52005,368.63986,185.40102,1,0,1,0,1
226.54034,368.34818,185.20757,1,0,1,0,1
226.56031,367.72791,184.88403,1,0,1,0,1
226.58048,367.40234,184.75554,1,0,1,0,1
226.60020,367.06860,184.65009,1,0,1,0,1
226.62034,366.72830,184.56821,1,0,1,0,1
226.64033,366.03473,184.47661,1,0,1,0,1
226.66028,365.68484,184.46735,1,0,1,0,1
226.68054,365.33517,184.48254,1,0,1,0,1
226.70056,364.98743,184.52213,1,0,1,0,1
226.72036,364.64328,184.58589,1,0,1,0,1
226.74009,363.97253,184.78464,1,0,1,0,1
226.76058,363.64920,184.91864,1,0,1,0,1
226.78012,363.33603,185.07489,1,0,1,0,1
226.80016,363.03452,185.25264,1,0,1,0,1
226.82040,362.74615,185.45100,1,0,1,0,1
226.84009,362.21445,185.90562,1,0,1,0,1
226.86011,361.97369,186.15967,1,0,1,0,1
226.88044,361.75128,186.42990,1,0,1,0,1
226.90011,361.54828,186.71501,1,0,1,0,1
226.92030,361.20435,187.32420,1,0,1,0,1
226.94048,361.06512,187.64532,1,0,1,0,1
226.96034,360.85556,188.31277,1,0,1,0,1
226.98012,360.78622,188.65584,1,0,1,0,1
227.00035,360.74103,189.00290,1,0,1,0,1
227.02036,360.72015,189.35228,1,0,1,0,1
227.04016,360.75177,190.05113,1,0,1,0,1
227.06028,360.80408,190.39720,1,0,1,0,1
227.08043,360.88043,190.73877,1,0,1,0,1
227.10020,360.98047,191.07417,1,0,1,0,1
227.12039,361.10367,191.40176,1,0,1,0,1
227.14026,361.41708,192.02719,1,0,1,0,1
227.16051,361.60577,192.32198,1,0,1,0,1
227.18023,361.81461,192.60286,1,0,1,0,1
227.20024,362.04254,192.86847,1,0,1,0,1
227.22035,362.28845,193.11752,1,0,1,0,1
227.24033,362.55115,193.34879,1,0,1,0,1
227.26052,363.12173,193.75356,1,0,1,0,1
227.28019,363.42682,193.92508,1,0,1,0,1
227.30044,363.74313,194.07487,1,0,1,0,1
227.32008,364.40326,194.30647,1,0,1,0,1
227.34008,364.74384,194.38715,1,0,1,0,1
227.36046,365.43768,194.47627,1,0,1,0,1
227.38052,365.78760,194.48430,1,0,1,0,1
227.40022,366.13721,194.46786,1,0,1,0,1
227.42043,366.48483,194.42705,1,0,1,0,1
227.44025,366.82874,194.36206,1,0,1,0,1
227.46038,367.49878,194.16093,1,0,1,0,1
227.48032,367.82162,194.02579,1,0,1,0,1
227.50047,368.13425,193.86842,1,0,1,0,1
227.52039,368.43512,193.68961,1,0,1,0,1
227.54006,368.72278,193.49022,1,0,1,0,1
227.56039,369.25290,193.03371,1,0,1,0,1
227.58021,369.49274,192.77881,1,0,1,0,1
227.60043,369.71420,192.50778,1,0,1,0,1
227.62005,369.91620,192.22195,1,0,1,0,1
227.64018,370.09775,191.92271,1,0,1,0,1
227.66051,370.39606,191.28992,1,0,1,0,1
227.68008,370.51135,190.95944,1,0,1,0,1
227.70042,370.67139,190.27843,1,0,1,0,1
227.72036,370.71536,189.93120,1,0,1,0,1
227.74019,370.73499,189.58174,1,0,1,0,1
227.76038,370.70096,188.88301,1,0,1,0,1
227.78045,370.64746,188.53712,1,0,1,0,1
227.80011,370.56992,188.19582,1,0,1,0,1
227.82046,370.46872,187.86076,1,0,1,0,1
227.84030,370.34439,187.53358,1,0,1,0,1
227.86045,370.02881,186.90924,1,0,1,0,1
227.88005,369.83911,186.61511,1,0,1,0,1
227.90028,369.62933,186.33495,1,0,1,0,1
227.92040,369.40048,186.07011,1,0,1,0,1
227.94012,369.15372,185.82191,1,0,1,0,1
227.96045,368.61124,185.38016,1,0,1,0,1
227.98036,368.31821,185.18877,1,0,1,0,1
228.00016,368.01251,185.01830,1,0,1,0,1
228.02033,367.69568,184.86960,1,0,1,0,1
228.04052,367.36923,184.74338,1,0,1,0,1
228.06014,366.69391,184.56078,1,0,1,0,1
228.08030,365.99973,184.47404,1,0,1,0,1
228.10051,365.64978,184.46724,1,0,1,0,1
228.12014,365.30023,184.48488,1,0,1,0,1
228.14037,364.95276,184.52689,1,0,1,0,1
228.16049,364.27084,184.68307,1,0,1,0,1
228.18020,363.93973,184.79649,1,0,1,0,1
228.20042,363.61734,184.93275,1,0,1,0,1
228.22019,363.30527,185.09120,1,0,1,0,1
228.24018,363.00500,185.27106,1,0,1,0,1
228.26017,362.44577,185.69136,1,0,1,0,1
228.28009,362.18951,185.92976,1,0,1,0,1
228.30038,361.95053,186.18549,1,0,1,0,1
228.32005,361.73001,186.45728,1,0,1,0,1
228.34021,361.52899,186.74379,1,0,1,0,1
228.36039,361.18936,187.35539,1,0,1,0,1
228.38011,361.05240,187.67747,1,0,1,0,1
228.40058,360.93826,188.00835,1,0,1,0,1
228.42017,360.84750,188.34637,1,0,1,0,1
228.44040,360.78058,188.68991,1,0,1,0,1
228.46047,360.71939,189.38681,1,0,1,0,1
228.48013,360.75589,190.08543,1,0,1,0,1
228.50033,360.81064,190.43112,1,0,1,0,1
228.52051,360.88937,190.77216,1,0,0,0,1
228.54045,360.99173,191.10686,1,0,0,0,1
228.56037,361.24271,191.76030,1,0,0,0,1
228.58042,361.36819,192.08702,1,0,0,0,1
228.60031,361.49368,192.41374,1,0,0,0,1
228.62026,361.61917,192.74046,1,0,0,0,1
228.64008,361.74466,193.06718,1,0,0,0,1
228.66022,361.99564,193.72063,1,0,0,0,1
228.68040,362.12112,194.04735,1,0,0,0,1
228.70027,362.24661,194.37407,1,0,0,0,1
228.72043,362.37210,194.70079,1,0,0,0,1
228.74014,362.49759,195.02751,1,0,0,0,1
228.76036,362.74857,195.68095,1,0,0,0,1
228.78047,362.87405,196.00768,1,0,0,0,1
228.80013,362.99954,196.33440,1,0,0,0,1
228.82018,363.12503,196.66112,1,0,0,0,1
228.84046,363.25052,196.98784,1,0,0,0,1
228.86026,363.50150,197.64128,1,0,0,0,1
228.88027,363.62698,197.96800,1,0,0,0,1
228.90005,363.87796,198.62144,1,0,0,0,1
228.92025,364.00345,198.94817,1,0,0,0,1
228.94009,364.12894,199.27489,1,0,0,0,1
228.96029,364.37991,199.92833,1,0,0,0,1
228.98017,364.50540,200.25505,1,0,0,0,1
229.00006,364.63089,200.58177,1,0,0,0,1
229.02050,364.75638,200.90849,1,1,0,0,1
229.04006,364.88187,201.23521,1,1,0,0,1
229.06011,365.06311,201.91092,1,1,0,0,1
229.08050,365.11795,202.25659,1,1,0,0,1
229.10045,365.14856,202.60526,1,1,0,0,1
229.12053,365.15475,202.95520,1,1,0,0,1
229.14031,365.13654,203.30473,1,1,0,0,1
229.16006,365.02731,203.99574,1,1,0,0,1
229.18031,364.93686,204.33385,1,1,0,0,1
229.20025,364.82303,204.66483,1,1,0,0,1
229.22017,364.68640,204.98706,1,1,0,0,1
229.24026,364.52762,205.29898,1,1,0,0,1
229.26038,364.14685,205.88585,1,1,0,0,1
229.28006,363.68811,206.41403,1,1,0,0,1
229.30033,363.43225,206.65286,1,1,0,0,1
229.32022,363.16037,206.87326,1,1,0,0,1
229.34042,362.87378,207.07416,1,1,0,0,1
229.36042,362.26212,207.41365,1,1,0,0,1
229.38047,361.94000,207.55060,1,1,0,0,1
229.40048,361.60913,207.66475,1,1,0,0,1
229.42048,361.27112,207.75554,1,1,0,0,1
229.44019,360.92758,207.82254,1,1,0,0,1
229.46024,360.23071,207.88397,1,1,0,0,1
229.48043,359.88077,207.87810,1,1,0,0,1
229.50013,359.53207,207.84784,1,1,0,0,1
229.52031,359.18634,207.79333,1,1,0,0,1
229.54025,358.84525,207.71484,1,1,0,0,1
229.56085,358.18362,207.48758,1,1,0,0,1
229.58041,357.86630,207.33990,1,1,0,0,1
229.60039,357.56006,207.17047,1,1,0,0,1
229.62017,357.56006,207.17047,1,1,0,0,1
229.64041,356.72232,206.54028,1,1,0,0,1
229.66025,356.47461,206.29301,1,1,0,0,1
229.68023,356.03387,205.74974,1,1,0,0,1
229.70061,355.84299,205.45638,1,1,0,0,1
229.72011,355.67300,205.15042,1,1,0,0,1
229.74040,355.52478,204.83336,1,1,0,0,1
229.76021,355.29639,204.17212,1,1,0,0,1
229.78052,355.21732,203.83116,1,1,0,0,1
229.80017,355.16220,203.48552,1,1,0,0,1
229.82029,355.13135,203.13689,1,1,0,0,1
229.84045,355.12488,202.78694,1,1,0,0,1
229.86021,355.18509,202.08997,1,1,0,0,1
229.88044,355.25150,201.74632,1,1,0,0,1
229.90031,355.34171,201.40814,1,1,0,0,1
229.92019,355.45529,201.07709,1,1,0,0,1
229.94017,355.59167,200.75476,1,1,0,0,1
229.96033,355.93011,200.14250,1,1,0,0,1
229.98006,356.13052,199.85556,1,1,0,0,1
230.00018,356.35046,199.58330,1,1,0,0,1
230.02013,356.58884,199.32703,1,1,0,0,1
230.04030,357.11624,198.86740,1,1,0,0,1
230.06034,357.40268,198.66628,1,1,0,0,1
230.08018,358.01410,198.32632,1,1,0,0,1
230.10019,358.33609,198.18913,1,1,0,0,1
230.12061,358.66687,198.07474,1,1,0,0,1
230.14008,359.00482,197.98369,1,1,0,0,1
230.16019,359.69562,197.87329,1,1,0,0,1
230.18023,360.04510,197.85448,1,1,0,0,1
230.20046,360.39505,197.86008,1,1,0,0,1
230.22048,360.74377,197.89008,1,1,0,0,1
230.24037,361.08954,197.94432,1,1,0,0,1
230.26011,361.76556,198.12436,1,1,0,0,1
230.28020,362.09250,198.24928,1,1,0,0,1
230.30046,362.40994,198.39671,1,1,0,0,1
230.32014,362.71634,198.56592,1,1,0,0,1
230.34035,363.01016,198.75607,1,1,0,0,1
230.36053,363.55453,199.19545,1,1,0,0,1
230.38019,363.80243,199.44254,1,1,0,0,1
230.40034,364.03247,199.70630,1,1,0,0,1
230.42042,364.24356,199.98547,1,1,0,0,1
230.44050,364.43469,200.27869,1,1,0,0,1
230.46034,364.75336,200.90147,1,1,0,0,1
230.48027,364.98227,201.56255,1,1,0,0,1
230.50022,365.06161,201.90344,1,1,0,0,1
230.52033,365.11697,202.24904,1,1,0,0,1
230.54044,365.14810,202.59766,1,1,0,0,1
230.56018,365.13718,203.29713,1,1,0,0,1
230.58042,365.09515,203.64461,1,1,0,0,1
230.60037,365.02902,203.98830,1,1,0,0,1
230.62053,364.93909,204.32654,1,1,0,0,1
230.64028,364.82578,204.65768,1,1,0,0,1
230.66015,364.53134,205.29228,1,1,0,0,1
230.68029,364.35165,205.59264,1,1,0,0,1
230.70043,364.15146,205.87973,1,1,0,0,1
230.72027,363.93173,206.15218,1,1,0,0,1
230.74012,363.69354,206.40863,1,1,0,0,1
230.76029,363.16650,206.86865,1,1,0,0,1
230.78036,362.88022,207.06999,1,1,0,0,1
230.80050,362.58060,207.25087,1,1,0,0,1
230.82031,362.26907,207.41042,1,1,0,0,1
230.84051,361.94717,207.54785,1,1,0,0,1
230.86021,361.27859,207.75381,1,1,0,0,1
230.88005,360.58789,207.86475,1,1,0,0,1
230.90025,360.23840,207.88383,1,1,0,0,1
230.92030,359.88846,207.87849,1,1,0,0,1
230.94043,359.53973,207.84877,1,1,0,0,1
230.96021,358.85269,207.71684,1,1,0,0,1
230.98023,358.51776,207.61528,1,1,0,0,1
231.00018,358.19073,207.49060,1,1,0,0,1
231.02030,357.87320,207.34341,1,1,0,0,1
231.04049,357.56668,207.17444,1,1,0,0,1
231.06012,356.99268,206.77452,1,1,0,0,1
231.08046,356.72800,206.54553,1,1,0,0,1
231.10036,356.47992,206.29865,1,1,0,0,1
231.12021,356.03836,205.75604,1,1,0,0,1
231.14022,355.84702,205.46298,1,1,0,0,1
231.16014,355.67657,205.15729,1,0,0,0,1
231.18010,355.52786,204.84045,1,0,0,0,1
231.20012,355.27536,204.18759,1,0,0,0,1
231.22019,355.14911,203.86116,1,0,0,0,1
231.24039,355.02286,203.53473,1,0,0,0,1
231.26006,354.89661,203.20830,1,0,0,0,1
231.28018,354.64410,202.55544,1,0,0,0,1
231.30042,354.51785,202.22900,1,0,0,0,1
231.32031,354.39160,201.90257,1,0,0,0,1
231.34021,354.26535,201.57614,1,0,0,0,1
231.36045,354.01285,200.92328,1,0,0,0,1
231.38045,353.88660,200.59685,1,0,0,0,1
231.40031,353.76035,200.27042,1,0,0,0,1
231.42029,353.63409,199.94398,1,0,0,0,1
231.44050,353.50784,199.61755,1,0,0,0,1
231.46025,353.25534,198.96469,1,0,0,0,1
231.48045,353.12909,198.63826,1,0,0,0,1
231.50018,353.00284,198.31183,1,0,0,0,1
231.52017,352.87659,197.98540,1,0,0,0,1
231.54011,352.75034,197.65897,1,0,0,0,1
231.56018,352.62408,197.00610,1,0,0,0,1
231.58019,352.37158,196.67967,1,0,0,0,1
231.60019,352.24533,196.35324,1,0,1,0,1
231.62048,351.99283,195.70038,1,0,1,0,1
231.64026,351.84409,195.38356,1,0,1,0,1
231.66049,351.67358,195.07790,1,0,1,0,1
231.68018,351.27072,194.50595,1,0,1,0,1
231.70045,351.04034,194.24246,1,0,1,0,1
231.72015,350.79211,193.99571,1,0,1,0,1
231.74013,350.52725,193.76689,1,0,1,0,1
231.76005,350.24707,193.55713,1,0,1,0,1
231.78029,349.64624,193.19878,1,0,1,0,1
231.80043,349.32852,193.05193,1,0,1,0,1
231.82021,349.00134,192.92763,1,0,1,0,1
231.84026,348.66629,192.82648,1,0,1,0,1
231.86007,348.32498,192.74898,1,0,1,0,1
231.88052,347.63031,192.66631,1,0,1,0,1
231.90017,347.28033,192.66154,1,0,1,0,1
231.92032,346.93088,192.68123,1,0,1,0,1
231.94045,346.58365,192.72527,1,0,1,0,1
231.96007,346.24036,192.79344,1,0,1,0,1
231.98051,345.57220,193.00078,1,0,1,0,1
232.00017,345.25061,193.13892,1,0,1,0,1
232.02028,344.64026,193.48077,1,0,1,0,1
232.04046,344.35446,193.68283,1,0,1,0,1
232.06049,344.08350,193.90434,1,0,1,0,1
232.08022,343.59119,194.40135,1,0,1,0,1
232.10036,343.37225,194.67442,1,0,1,0,1
232.12015,343.17291,194.96211,1,0,1,0,1
232.14010,342.99417,195.26302,1,0,1,0,1
232.16008,342.83685,195.57567,1,0,1,0,1
232.18017,342.58957,196.23007,1,0,1,0,1
232.20039,342.50079,196.56862,1,0,1,0,1
232.22009,342.43588,196.91255,1,0,1,0,1
232.24032,342.39514,197.26018,1,0,1,0,1
232.26018,342.37878,197.60980,1,0,1,0,1
232.28044,342.41937,198.30818,1,0,1,0,1
232.30045,342.47614,198.65355,1,0,1,0,1
232.32030,342.55688,198.99411,1,0,1,0,1
232.34029,342.66122,199.32820,1,0,1,0,1
232.36053,342.78864,199.65419,1,0,1,0,1
232.38067,343.11008,200.27554,1,0,1,0,1
232.40043,343.30255,200.56787,1,0,1,0,1
232.42054,343.74628,201.10872,1,0,1,0,1
232.44026,343.99536,201.35458,1,0,1,0,1
232.46010,344.26102,201.58246,1,0,1,0,1
232.48021,344.83676,201.97986,1,0,1,0,1
232.50043,345.14404,202.14745,1,0,1,0,1
232.52010,345.46228,202.29317,1,0,1,0,1
232.54014,345.78992,202.41631,1,0,1,0,1
232.56043,346.12534,202.51627,1,0,1,0,1
232.58021,346.81299,202.64481,1,0,1,0,1
232.60047,347.16187,202.67276,1,0,1,0,1
232.62022,347.51184,202.67628,1,0,1,0,1
232.64025,347.86121,202.65536,1,0,1,0,1
232.66027,348.20825,202.61009,1,0,1,0,1
232.68026,348.88867,202.44751,1,0,1,0,1
232.70051,349.21872,202.33099,1,0,1,0,1
232.72018,349.53983,202.19171,1,0,1,0,1
232.74039,349.85040,202.03035,1,0,1,0,1
232.76048,350.14896,201.84769,1,0,1,0,1
232.78019,350.70422,201.42215,1,0,1,0,1
232.80031,351.19479,200.92340,1,0,1,0,1
232.82017,351.41275,200.64955,1,0,1,0,1
232.84038,351.61105,200.36116,1,0,1,0,1
232.86040,351.78873,200.05962,1,0,1,0,1
232.88047,352.07886,199.42303,1,0,1,0,1
232.90041,352.18988,199.09111,1,0,1,0,1
232.92006,352.27747,198.75224,1,0,1,0,1
232.94026,352.34116,198.40810,1,0,1,0,1
232.96047,352.38068,198.06033,1,0,1,0,1
232.98043,352.38651,197.36078,1,0,1,0,1
233.00012,352.35281,197.01241,1,0,1,0,1
233.02030,352.29486,196.66724,1,0,1,0,1
233.04022,352.21295,196.32695,1,0,1,0,1
233.06050,352.10748,195.99323,1,0,1,0,1
233.08011,351.82800,195.35190,1,0,1,0,1
233.10029,351.65536,195.04744,1,0,1,0,1
233.12053,351.46188,194.75577,1,0,1,0,1
233.14021,351.24850,194.47833,1,0,1,0,1
233.16012,351.01630,194.21646,1,0,1,0,1
233.18031,350.49991,193.74449,1,0,1,0,1
233.20047,349.92279,193.34908,1,0,1,0,1
233.22012,349.61493,193.18256,1,0,1,0,1
233.24023,349.29620,193.03793,1,0,1,0,1
233.26062,348.96817,192.91592,1,0,1,0,1
233.28015,348.29056,192.74200,1,0,1,0,1
233.30024,347.94431,192.69095,1,0,1,0,1
233.32047,347.59534,192.66420,1,0,1,0,1
233.34048,347.24533,192.66188,1,0,1,0,1
233.36016,346.89603,192.68401,1,0,1,0,1
233.38041,346.20633,192.80107,1,0,1,0,1
233.40040,345.86929,192.89542,1,0,1,0,1
233.42028,345.53967,193.01308,1,0,1,0,1
233.44011,345.21906,193.15347,1,0,1,0,1
233.46031,344.90903,193.31592,1,0,1,0,1
233.48014,344.32675,193.70366,1,0,1,0,1
233.50052,344.05734,193.92706,1,0,1,0,1
233.52017,343.80417,194.16875,1,0,1,0,1
233.54048,343.56851,194.42752,1,0,1,0,1
233.56012,343.35150,194.70212,1,0,1,0,1
233.58028,342.97754,195.29335,1,0,1,0,1
233.60057,342.68961,195.93092,1,0,1,0,1
233.62026,342.57971,196.26323,1,0,1,0,1
233.64054,342.49332,196.60240,1,0,1,0,1
233.66078,342.43082,196.94678,1,0,1,0,1
233.68031,342.37860,197.64439,1,0,1,0,1
233.70031,342.38913,197.99423,1,0,1,0,1
233.72049,342.42407,198.34248,1,0,1,0,1
233.74054,342.48325,198.68744,1,0,1,0,1
233.76050,342.56638,199.02742,1,0,1,0,1
233.78037,342.80270,199.68587,1,0,1,0,1
233.80022,342.95477,200.00111,1,0,1,0,1
233.82055,343.12848,200.30496,1,0,0,0,1
233.84027,343.32300,200.59593,1,0,0,0,1
233.86016,343.51752,200.88690,1,0,0,0,1
233.88045,343.90656,201.46884,1,0,0,0,1
233.90028,344.10107,201.75981,1,0,0,0,1
233.92026,344.29559,202.05078,1,0,0,0,1
233.94034,344.49011,202.34175,1,0,0,0,1
233.96035,344.68463,202.63272,1,0,0,0,1
233.98019,345.07367,203.21466,1,0,0,0,1
234.00032,345.46271,203.79660,1,0,0,0,1
234.02056,345.65723,204.08757,1,0,0,0,1
234.04012,345.85175,204.37854,1,0,0,0,1
234.06026,346.04626,204.66951,1,0,0,0,1
234.08041,346.43530,205.25145,1,0,0,0,1
234.10019,346.62982,205.54242,1,0,0,0,1
234.12036,346.82434,205.83339,1,0,0,0,1
234.14008,347.01886,206.12436,1,0,0,0,1
234.16025,347.21338,206.41533,1,0,0,0,1
234.18031,347.60242,206.99727,1,0,0,0,1
234.20009,347.79694,207.28824,1,0,0,0,1
234.22044,347.99146,207.57921,1,0,0,0,1
234.24053,348.18597,207.87018,1,0,0,0,1
234.26038,348.38049,208.16115,1,1,0,0,1
234.28011,348.74875,208.75595,1,1,0,0,1
234.30050,348.90088,209.07117,1,1,0,0,1
234.32022,349.03064,209.39622,1,1,0,0,1
234.34042,349.13742,209.72954,1,1,0,0,1
234.36011,349.22070,210.06949,1,1,0,0,1
234.38031,349.31528,210.76263,1,1,0,0,1
234.40040,349.31247,211.46220,1,1,0,0,1
234.42009,349.27451,211.81013,1,1,0,0,1
234.44013,349.21234,212.15457,1,1,0,0,1
234.46013,349.12631,212.49384,1,1,0,0,1
234.48017,348.88446,213.15027,1,1,0,0,1
234.50037,348.72980,213.46425,1,1,0,0,1
234.52040,348.55362,213.76668,1,1,0,0,1
234.54018,348.35678,214.05608,1,1,0,0,1
234.56037,348.14023,214.33104,1,1,0,0,1
234.58029,347.65234,214.83240,1,1,0,0,1
234.60035,347.38336,215.05635,1,1,0,0,1
234.62008,347.09943,215.26100,1,1,0,0,1
234.64031,346.80191,215.44534,1,1,0,0,1
234.66041,346.49225,215.60849,1,1,0,0,1
234.68043,345.84262,215.86813,1,1,0,0,1
234.70047,345.50583,215.96336,1,1,0,0,1
234.72051,345.16321,216.03487,1,1,0,0,1
234.74025,344.81644,216.08231,1,1,0,0,1
234.76011,344.46719,216.10544,1,1,0,0,1
234.78032,343.76813,216.07848,1,1,0,0,1
234.80052,343.42172,216.02852,1,1,0,0,1
234.82050,342.74353,215.85684,1,1,0,0,1
234.84009,342.41507,215.73596,1,1,0,0,1
234.86021,342.09583,215.59247,1,1,0,0,1
234.88056,341.49121,215.24055,1,1,0,0,1
234.90053,341.20877,215.03384,1,1,0,0,1
234.92010,340.94144,214.80794,1,1,0,0,1
234.94016,340.69052,214.56393,1,1,0,0,1
234.96026,340.45721,214.30302,1,1,0,0,1
234.98014,340.04794,213.73566,1,1,0,0,1
235.00034,339.87396,213.43196,1,1,0,0,1
235.02010,339.72159,213.11687,1,1,0,0,1
235.04030,339.59155,212.79192,1,1,0,0,1
235.06050,339.48450,212.45869,1,1,0,0,1
235.08021,339.34131,211.77393,1,1,0,0,1
235.10026,339.30588,211.42572,1,1,0,0,1
235.12017,339.29480,211.07590,1,1,0,0,1
235.14043,339.30817,210.72615,1,1,0,0,1
235.16043,339.34589,210.37819,1,1,0,0,1
235.18014,339.49353,209.69438,1,1,0,0,1
235.20023,339.73489,209.03777,1,1,0,0,1
235.22007,339.88931,208.72368,1,1,0,0,1
235.24016,340.06525,208.42111,1,1,0,0,1
235.26031,340.26187,208.13156,1,1,0,0,1
235.28051,340.71320,207.59705,1,1,0,0,1
235.30054,340.96570,207.35469,1,1,0,0,1
235.32021,341.23450,207.13054,1,1,0,0,1
235.34032,341.51828,206.92567,1,1,0,0,1
235.36053,341.81564,206.74110,1,1,0,0,1
235.38024,342.44531,206.43631,1,1,0,0,1
235.40050,342.77457,206.31758,1,1,0,0,1
235.42005,343.11130,206.22209,1,1,0,0,1
235.44021,343.45386,206.15033,1,1,0,0,1
235.46024,343.80060,206.10263,1,1,0,0,1
235.48008,344.14981,206.07922,1,1,0,0,1
235.50045,344.84891,206.10564,1,1,0,0,1
235.52016,345.19537,206.15533,1,1,0,0,1
235.54029,345.53751,206.22906,1,1,0,0,1
235.56015,346.20224,206.44710,1,1,0,0,1
235.58026,346.52158,206.59035,1,1,0,0,1
235.60046,347.12643,206.94179,1,1,0,0,1
235.62050,347.40903,207.14828,1,1,0,0,1
235.64016,347.67654,207.37398,1,1,0,0,1
235.66039,347.92767,207.61778,1,1,0,0,1
235.68029,348.37592,208.15488,1,1,0,0,1
235.70048,348.57086,208.44556,1,1,0,0,1
235.72011,348.74506,208.74913,1,1,0,0,1
235.74015,348.89767,209.06410,1,1,0,0,1
235.76038,349.02795,209.38896,1,1,0,0,1
235.78007,349.13525,209.72211,1,1,0,0,1
235.80065,349.27896,210.40675,1,1,0,0,1
235.82023,349.31467,210.75493,1,1,0,0,1
235.84016,349.32602,211.10475,1,1,0,0,1
235.86008,349.31293,211.45451,1,1,0,0,1
235.88021,349.27548,211.80251,1,1,0,0,1
235.90022,349.12836,212.48643,1,1,0,0,1
235.92021,349.01941,212.81905,1,1,0,0,1
235.94011,348.73334,213.45746,1,1,0,0,1
235.96032,348.55762,213.76015,1,1,0,0,1
235.98017,348.36121,214.04985,1,1,0,0,1
236.00044,347.91028,214.58470,1,1,0,0,1
236.02015,347.65796,214.82726,1,1,0,0,1
236.04025,347.38934,215.05162,1,1,0,0,1
236.06008,347.10571,215.25670,1,1,0,0,1
236.08008,346.80847,215.44150,1,1,0,0,1
236.10018,346.17902,215.74677,1,1,0,0,1
236.12034,345.84985,215.86575,1,1,0,0,1
236.14032,345.51321,215.96149,1,0,0,0,1
236.16009,345.17072,216.03352,1,0,0,0,1
236.18031,344.82401,216.08150,1,0,0,0,1
236.20014,344.13058,216.17744,1,0,0,0,1
236.22049,343.78387,216.22542,1,0,0,0,1
236.24028,343.43716,216.27339,1,0,0,0,1
236.26046,343.09045,216.32137,1,0,0,0,1
236.28010,342.39703,216.41731,1,0,0,0,1
236.30052,342.05032,216.46529,1,0,0,0,1
236.32012,341.35690,216.56123,1,0,0,0,1
236.34028,341.01019,216.60921,1,0,0,0,1
236.36018,340.66348,216.65718,1,0,0,0,1
236.38039,340.31677,216.70515,1,0,0,0,1
236.40016,339.62335,216.80110,1,0,0,0,1
236.42035,339.27664,216.84908,1,0,0,0,1
236.44041,338.92993,216.89705,1,0,0,0,1
236.46009,338.58322,216.94502,1,0,1,0,1
236.48012,338.23651,216.99300,1,0,1,0,1
236.50022,337.54730,217.11304,1,0,1,0,1
236.52047,337.21066,217.20885,1,0,1,0,1
236.54036,336.88153,217.32793,1,0,1,0,1
236.56048,336.56152,217.46970,1,0,1,0,1
236.58011,336.25220,217.63347,1,0,1,0,1
236.60032,335.67160,218.02373,1,0,1,0,1
236.62007,335.40314,218.24829,1,0,1,0,1
236.64024,335.15103,218.49106,1,0,1,0,1
236.66041,334.91647,218.75084,1,0,1,0,1
236.68031,334.70065,219.02637,1,0,1,0,1
236.70052,334.32922,219.61922,1,0,1,0,1
236.72020,334.17548,219.93364,1,0,1,0,1
236.74048,334.04404,220.25803,1,0,1,0,1
236.76015,333.85065,220.93034,1,0,1,0,1
236.78052,333.78961,221.27498,1,0,1,0,1
236.80027,333.74039,221.97281,1,0,1,0,1
236.82015,333.75244,222.32260,1,0,1,0,1
236.84033,333.78888,222.67070,1,0,1,0,1
236.86021,333.84955,223.01540,1,0,1,0,1
236.88032,333.93414,223.35503,1,0,1,0,1
236.90054,334.17331,224.01244,1,0,1,0,1
236.92029,334.32672,224.32701,1,0,1,0,1
236.94011,334.50174,224.63011,1,0,1,0,1
236.96035,334.69751,224.92024,1,0,1,0,1
236.98035,334.91306,225.19600,1,0,1,0,1
237.00053,335.39920,225.69907,1,0,1,0,1
237.02023,335.66742,225.92392,1,0,1,0,1
237.04067,335.95068,226.12949,1,0,1,0,1
237.06017,336.24762,226.31477,1,0,1,0,1
237.08046,336.55676,226.47887,1,0,1,0,1
237.10053,337.20560,226.74040,1,0,1,0,1
237.12051,337.88455,226.90898,1,0,1,0,1
237.14005,338.23120,226.95732,1,0,1,0,1
237.16021,338.58038,226.98132,1,0,1,0,1
237.18021,338.93039,226.98088,1,0,1,0,1
237.20041,339.62604,226.90681,1,0,1,0,1
237.22026,339.96829,226.83354,1,0,1,0,1
237.24044,340.30460,226.73654,1,0,1,0,1
237.26011,340.63330,226.61630,1,0,1,0,1
237.28021,340.95279,226.47339,1,0,1,0,1
237.30043,341.55801,226.12248,1,0,1,0,1
237.32075,341.84076,225.91620,1,0,1,0,1
237.34035,342.10843,225.69067,1,0,1,0,1
237.36022,342.35968,225.44701,1,0,1,0,1
237.38037,342.59329,225.18639,1,0,1,0,1
237.40050,343.00317,224.61948,1,0,1,0,1
237.42024,343.17743,224.31595,1,0,1,0,1
237.44027,343.33008,224.00099,1,0,1,0,1
237.46044,343.46036,223.67613,1,0,1,0,1
237.48011,343.56763,223.34297,1,0,1,0,1
237.50014,343.71118,222.65829,1,0,1,0,1
237.52011,343.75793,221.96028,1,0,1,0,1
237.54046,343.74469,221.61053,1,0,1,0,1
237.56049,343.70703,221.26256,1,0,1,0,1
237.58013,343.64517,220.91806,1,0,1,0,1
237.60025,343.45016,220.24622,1,0,1,0,1
237.62040,343.31796,219.92215,1,0,1,0,1
237.64008,343.16345,219.60809,1,0,1,0,1
237.66027,342.98740,219.30560,1,0,1,0,1
237.68039,342.79065,219.01614,1,0,1,0,1
237.70009,342.33899,218.48192,1,0,1,0,1
237.72023,342.08630,218.23976,1,0,1,0,1
237.74040,341.81732,218.01584,1,0,1,0,1
237.76029,341.53336,217.81125,1,0,1,0,1
237.78040,341.23578,217.62698,1,0,1,0,1
237.80007,340.60571,217.32295,1,0,1,0,1
237.82019,340.27631,217.20467,1,0,1,0,1
237.84034,339.93945,217.10966,1,0,1,0,1
237.86042,339.59677,217.03842,1,0,1,0,1
237.88028,339.24997,216.99129,1,0,1,0,1
237.90041,338.55072,216.97014,1,0,1,0,1
237.92008,337.85535,217.04662,1,0,1,0,1
237.94028,337.51337,217.12108,1,0,1,0,1
237.96009,337.17740,217.21924,1,0,1,0,1
237.98026,336.84912,217.34062,1,0,1,0,1
238.00043,336.22195,217.65057,1,0,1,0,1
238.02028,335.92612,217.83763,1,0,1,0,1
238.04029,335.64407,218.04489,1,0,1,0,1
238.06041,335.37720,218.27133,1,0,1,0,1
238.08041,335.12677,218.51585,1,0,1,0,1
238.10042,334.68015,219.05431,1,0,1,0,1
238.12050,334.48611,219.34560,1,0,1,0,1
238.14022,334.31290,219.64973,1,0,1,0,1
238.16034,334.16135,219.96523,1,0,1,0,1
238.18014,334.03220,220.29053,1,0,1,0,1
238.20024,333.84351,220.96417,1,0,1,0,1
238.22019,333.78488,221.30923,1,0,1,0,1
238.24037,333.75052,221.65755,1,0,1,0,1
238.26023,333.74054,222.00740,1,0,1,0,1
238.28046,333.75504,222.35710,1,0,1,0,1
238.30033,333.85699,223.04921,1,0,1,0,1
238.32020,334.05438,223.72035,1,0,1,0,1
238.34034,334.18774,224.04396,1,0,1,0,1
238.36053,334.34335,224.35745,1,0,1,0,1
238.38026,334.52048,224.65932,1,0,1,0,1
238.40053,334.93573,225.22232,1,0,1,0,1
238.42041,335.17181,225.48070,1,0,1,0,1
238.44059,335.42538,225.72197,1,0,1,0,1
238.46006,335.69516,225.94495,1,0,1,0,1
238.48029,335.97986,226.14853,1,0,1,0,1
238.50040,336.58835,226.49367,1,0,1,0,1
238.52050,336.90918,226.63353,1,0,1,0,1
238.54040,337.23901,226.75066,1,0,1,0,1
238.56051,337.57620,226.84445,1,0,1,0,1
238.58036,337.91913,226.91447,1,0,1,0,1
238.60019,338.61545,226.98193,1,0,1,0,1
238.62034,338.96542,226.97905,1,0,1,0,1
238.64024,339.31436,226.95174,1,0,1,0,1
238.66049,339.66052,226.90012,1,0,1,0,1
238.68019,340.00226,226.82445,1,0,1,0,1
238.70018,340.66571,226.60255,1,0,1,0,1
238.72004,341.29178,226.29039,1,0,1,0,1
238.74022,341.58694,226.10229,1,0,1,0,1
238.76045,341.86826,225.89404,1,0,1,0,1
238.78024,342.13434,225.66666,1,0,1,0,1
238.80033,342.61566,225.15901,1,0,1,0,1
238.82016,342.82858,224.88123,1,0,1,0,1
238.84030,343.02158,224.58925,1,0,1,0,1
238.86050,343.19373,224.28450,1,0,1,0,1
238.88036,343.34415,223.96848,1,0,1,0,1
238.90070,343.57706,223.30882,1,0,1,0,1
238.92010,343.65842,222.96841,1,0,1,0,1
238.94016,343.71582,222.62315,1,0,1,0,1
238.96041,343.74896,222.27472,1,0,1,0,1
238.98007,343.75769,221.92484,1,0,1,0,1
239.00039,343.70193,221.22748,1,0,1,0,1
239.02048,343.63766,220.88342,1,0,1,0,1
239.04015,343.54953,220.54469,1,0,1,0,1
239.06034,343.30350,219.88982,1,0,1,0,1
239.08033,343.14679,219.57686,1,0,1,0,1
239.10017,342.96860,219.27560,1,0,0,0,1
239.12008,342.55139,218.71405,1,0,0,0,1
239.14034,342.33298,218.44057,1,0,0,0,1
239.16048,342.11456,218.16708,1,0,0,0,1
239.18050,341.89615,217.89360,1,0,0,0,1
239.20006,341.45932,217.34663,1,0,0,0,1
239.22009,341.24091,217.07315,1,0,0,0,1
239.24033,341.02249,216.79967,1,0,0,0,1
239.26022,340.80408,216.52618,1,0,0,0,1
239.28021,340.58566,216.25270,1,0,0,0,1
239.30045,340.14883,215.70573,1,0,0,0,1
239.32051,339.93042,215.43225,1,0,0,0,1
239.34012,339.71201,215.15877,1,0,0,0,1
239.36006,339.49359,214.88528,1,0,0,0,1
239.38037,339.05676,214.33832,1,0,0,0,1
239.40023,338.83835,214.06483,1,0,0,0,1
239.42047,338.61993,213.79135,1,0,0,0,1
239.44038,338.18311,213.24438,1,0,0,0,1
239.46038,337.96469,212.97090,1,0,0,0,1
239.48021,337.74628,212.69742,1,0,0,0,1
239.50030,337.52786,212.42393,1,0,0,0,1
239.52007,337.09103,211.87697,1,0,0,0,1
239.54029,336.87262,211.60349,1,0,0,0,1
239.56045,336.65421,211.33000,1,0,0,0,1
239.58011,336.43579,211.05652,1,0,0,0,1
239.60041,335.99896,210.50955,1,0,0,0,1
239.62035,335.78055,210.23607,1,0,0,0,1
239.64047,335.56213,209.96259,1,0,0,0,1
239.66058,335.34372,209.68910,1,0,0,0,1
239.68009,335.12531,209.41562,1,0,0,0,1
239.70010,334.90689,209.14214,1,1,0,0,1
239.72012,334.48965,208.58060,1,1,0,0,1
239.74029,334.31143,208.27937,1,1,0,0,1
239.76004,334.15463,207.96646,1,1,0,0,1
239.78026,334.02005,207.64337,1,1,0,0,1
239.80017,333.82001,206.97302,1,1,0,0,1
239.82005,333.75552,206.62901,1,1,0,0,1
239.84016,333.71518,206.28134,1,1,0,0,1
239.86050,333.69919,205.93170,1,1,0,0,1
239.88047,333.70761,205.58180,1,1,0,0,1
239.90013,333.79745,204.88802,1,1,0,0,1
239.92030,333.98294,204.21349,1,1,0,0,1
239.94053,334.11050,203.88756,1,1,0,0,1
239.96026,334.26047,203.57132,1,1,0,0,1
239.98053,334.43213,203.26631,1,1,0,0,1
240.00013,334.62466,202.97401,1,1,0,0,1
240.02059,335.06842,202.43320,1,1,0,0,1
240.04010,335.31750,202.18730,1,1,0,0,1
240.06023,335.58313,201.95938,1,1,0,0,1
240.08022,335.86398,201.75053,1,1,0,0,1
240.10005,336.15872,201.56178,1,1,0,0,1
240.12015,336.78406,201.24814,1,1,0,0,1
240.14039,337.11160,201.12477,1,1,0,0,1
240.16053,337.44696,201.02455,1,1,0,0,1
240.18037,337.78848,200.94797,1,1,0,0,1
240.20049,338.13452,200.89539,1,1,0,0,1
240.22050,338.83334,200.86314,1,1,0,0,1
240.24049,339.18274,200.88364,1,1,0,0,1
240.26049,339.87299,200.99736,1,1,0,0,1
240.28026,340.21048,201.09003,1,1,0,0,1
240.30051,340.54071,201.20601,1,1,0,0,1
240.32037,341.17291,201.50554,1,1,0,0,1
240.34019,341.47180,201.68762,1,1,0,0,1
240.36050,341.75729,201.89012,1,1,0,0,1
240.38018,342.02795,202.11203,1,1,0,0,1
240.40033,342.28247,202.35228,1,1,0,0,1
240.42021,342.73825,202.88301,1,1,0,0,1
240.44049,342.93729,203.17091,1,1,0,0,1
240.46015,343.11575,203.47200,1,1,0,0,1
240.48036,343.27280,203.78479,1,1,0,0,1
240.50011,343.40762,204.10777,1,1,0,0,1
240.52017,343.60822,204.77798,1,1,0,0,1
240.54049,343.67297,205.12195,1,1,0,0,1
240.56028,343.71359,205.46959,1,1,0,0,1
240.58014,343.72986,205.81921,1,1,0,0,1
240.60049,343.72171,206.16911,1,1,0,0,1
240.62036,343.63242,206.86296,1,1,0,0,1
240.64044,343.44745,207.53763,1,1,0,0,1
240.66044,343.32013,207.86365,1,1,0,0,1
240.68005,343.17038,208.18001,1,1,0,0,1
240.70009,342.99893,208.48515,1,1,0,0,1
240.72031,342.59442,209.05591,1,1,0,0,1
240.74049,342.36331,209.31876,1,1,0,0,1
240.76033,342.11444,209.56483,1,1,0,0,1
240.78023,341.84900,209.79297,1,1,0,0,1
240.80042,341.56830,210.00203,1,1,0,0,1
240.82052,340.96664,210.35898,1,1,0,0,1
240.84052,340.64862,210.50513,1,1,0,0,1
240.86015,340.32117,210.62874,1,1,0,0,1
240.88008,339.98590,210.72922,1,1,0,0,1
240.90050,339.64444,210.80606,1,1,0,0,1
240.92011,338.94965,210.88751,1,1,0,0,1
240.94030,338.59967,210.89171,1,1,0,0,1
240.96035,338.25024,210.87149,1,1,0,0,1
240.98038,337.90308,210.82695,1,1,0,0,1
241.00020,337.55988,210.75830,1,1,0,0,1
241.02030,336.89197,210.55017,1,1,0,0,1
241.04013,336.57053,210.41168,1,1,0,0,1
241.06031,335.96048,210.06926,1,1,0,0,1
241.08050,335.67484,209.86699,1,1,0,0,1
241.10018,335.40399,209.64529,1,1,0,0,1
241.12012,334.91196,209.14801,1,1,0,0,1
241.14048,334.69312,208.87486,1,1,0,0,1
241.16017,334.49387,208.58711,1,1,0,0,1
241.18019,334.31516,208.28616,1,1,0,0,1
241.20011,334.15787,207.97350,1,1,0,0,1
241.22035,333.91055,207.31911,1,1,0,0,1
241.24042,333.82172,206.98058,1,1,0,0,1
241.26013,333.75668,206.63667,1,1,0,0,1
241.28043,333.71582,206.28906,1,1,0,0,1
241.30015,333.69928,205.93945,1,1,0,0,1
241.32041,333.73941,205.24103,1,1,0,0,1
241.34025,333.79590,204.89561,1,1,0,0,1
241.36047,333.87634,204.55499,1,1,0,0,1
241.38054,333.98035,204.22081,1,1,0,0,1
241.40039,334.10739,203.89468,1,1,0,0,1
241.42038,334.42810,203.27295,1,1,0,0,1
241.44011,334.83218,202.70187,1,1,0,0,1
241.46017,335.06311,202.43886,1,1,0,0,1
241.48006,335.31180,202.19258,1,1,0,0,1
241.50036,335.57706,201.96425,1,1,0,0,1
241.52053,336.15207,201.56578,1,1,0,0,1
241.54041,336.45901,201.39757,1,1,0,0,1
241.56015,336.77692,201.25117,1,1,0,0,1
241.58014,337.10428,201.12732,1,1,0,0,1
241.60033,337.43948,201.02658,1,1,0,0,1
241.62027,338.12683,200.89635,1,1,0,0,1
241.64045,338.47565,200.86749,1,0,0,0,1
241.66042,338.82562,200.86304,1,0,0,0,1
241.68006,339.17505,200.88300,1,0,0,0,1
241.70051,339.52448,200.90295,1,0,0,0,1
241.72011,340.22333,200.94287,1,0,0,0,1
241.74036,340.57275,200.96283,1,0,0,0,1
241.76048,340.92218,200.98279,1,0,0,0,1
241.78019,341.27161,201.00275,1,0,0,0,1
241.80038,341.62103,201.02271,1,0,0,0,1
241.82051,342.31989,201.06262,1,0,0,0,1
241.84047,343.01874,201.10254,1,0,0,0,1
241.86052,343.36816,201.12250,1,0,0,0,1
241.88042,343.71759,201.14246,1,0,0,0,1
241.90032,344.06702,201.16241,1,0,0,0,1
241.92028,344.76587,201.20233,1,0,0,0,1
241.94036,345.11530,201.22229,1,0,0,0,1
241.96052,345.46472,201.24225,1,0,0,0,1
241.98052,345.81415,201.26221,1,0,0,0,1
242.00047,346.16357,201.28217,1,0,0,0,1
242.02028,346.86243,201.32208,1,0,0,0,1
242.04032,347.21185,201.34204,1,0,0,0,1
242.06048,347.56128,201.36200,1,0,0,0,1
242.08013,347.91071,201.38196,1,0,0,0,1
242.10033,348.26013,201.40192,1,0,0,0,1
242.12027,348.95898,201.44183,1,0,0,0,1
242.14044,349.30841,201.46179,1,0,0,0,1
242.16025,349.65784,201.48175,1,0,0,0,1
242.18030,350.00726,201.50171,1,0,0,0,1
242.20051,350.35669,201.52167,1,0,0,0,1
242.22015,351.05554,201.56158,1,0,0,0,1
242.24030,351.75439,201.60150,1,0,0,0,1
242.26042,352.10382,201.62146,1,0,0,0,1
242.28033,352.45325,201.64142,1,0,0,0,1
242.30067,352.80267,201.66138,1,0,0,0,1
242.32010,353.50153,201.70129,1,0,0,0,1
242.34008,353.85095,201.72125,1,0,0,0,1
242.36007,354.20038,201.74121,1,0,0,0,1
242.38008,354.54980,201.76117,1,0,0,0,1
242.40008,354.89923,201.78113,1,0,0,0,1
242.42045,355.59808,201.82104,1,0,0,0,1
242.44047,355.94751,201.84100,1,0,0,0,1
242.46017,356.29694,201.86096,1,0,0,0,1
242.48016,356.64636,201.88092,1,0,0,0,1
242.50044,356.99579,201.90088,1,0,0,0,1
242.52029,357.34521,201.92084,1,0,1,0,1
242.54033,358.04407,201.96075,1,0,1,0,1
242.56047,358.39404,201.95625,1,0,1,0,1
242.58022,358.74286,201.92732,1,0,1,0,1
242.60039,359.43015,201.79688,1,0,1,0,1
242.62030,359.76529,201.69598,1,0,1,0,1
242.64046,360.41037,201.42532,1,0,1,0,1
242.66053,360.71716,201.25688,1,0,1,0,1
242.68019,361.01144,201.06743,1,0,1,0,1
242.70012,361.29178,200.85788,1,0,1,0,1
242.72039,361.80521,200.38271,1,0,1,0,1
242.74054,362.03580,200.11940,1,0,1,0,1
242.76042,362.24744,199.84064,1,0,1,0,1
242.78052,362.43909,199.54778,1,0,1,0,1
242.80033,362.60980,199.24225,1,0,1,0,1
242.82005,362.88528,198.59920,1,0,1,0,1
242.84031,362.98868,198.26482,1,0,1,0,1
242.86024,363.06848,197.92403,1,0,1,0,1
242.88040,363.12427,197.57851,1,0,1,0,1
242.90007,363.15579,197.22993,1,0,1,0,1
242.92030,363.14560,196.53043,1,0,1,0,1
242.94005,363.10391,196.18292,1,0,1,0,1
242.96019,363.03806,195.83917,1,0,1,0,1
242.98031,362.94836,195.50085,1,0,1,0,1
243.00051,362.83527,195.16963,1,0,1,0,1
243.02020,362.54117,194.53488,1,0,1,0,1
243.04036,362.16150,193.94730,1,0,1,0,1
243.06036,361.94183,193.67482,1,0,1,0,1
243.08045,361.70367,193.41835,1,0,1,0,1
243.10012,361.44818,193.17914,1,0,1,0,1
243.12043,360.89029,192.75706,1,0,1,0,1
243.14042,360.59061,192.57626,1,0,1,0,1
243.16045,360.27902,192.41684,1,0,1,0,1
243.18011,359.95706,192.27956,1,0,1,0,1
243.20027,359.62631,192.16510,1,0,1,0,1
243.22021,358.94489,192.00676,1,0,1,0,1
243.24022,358.59756,191.96365,1,0,1,0,1
243.26025,358.24808,191.94490,1,0,1,0,1
243.28039,357.89813,191.95061,1,0,1,0,1
243.30038,357.54944,191.98074,1,0,1,0,1
243.32006,356.86261,192.11357,1,0,1,0,1
243.34039,356.52783,192.21562,1,0,1,0,1
243.36010,355.88367,192.48851,1,0,1,0,1
243.38036,355.57745,192.65800,1,0,1,0,1
243.40046,355.28381,192.84848,1,0,1,0,1
243.42039,355.00421,193.05899,1,0,1,0,1
243.44043,354.49243,193.53593,1,0,1,0,1
243.46010,354.26276,193.80003,1,0,1,0,1
243.48035,354.05209,194.07953,1,0,1,0,1
243.50035,353.86145,194.37305,1,0,1,0,1
243.52026,353.69177,194.67917,1,0,1,0,1
243.54054,353.41852,195.32318,1,0,1,0,1
243.56010,353.31628,195.65791,1,0,1,0,1
243.58031,353.23767,195.99896,1,0,1,0,1
243.60022,353.18307,196.34468,1,0,1,0,1
243.62049,353.14682,197.04330,1,0,1,0,1
243.64023,353.16537,197.39281,1,0,1,0,1
243.66051,353.20828,197.74017,1,0,1,0,1
243.68020,353.27536,198.08369,1,0,1,0,1
243.70047,353.36624,198.42169,1,0,1,0,1
243.72017,353.61758,199.07455,1,0,1,0,1
243.74037,353.77682,199.38623,1,0,1,0,1
243.76045,353.95746,199.68602,1,0,1,0,1
243.78020,354.15857,199.97246,1,0,1,0,1
243.80040,354.61829,200.49979,1,0,1,0,1
243.82038,354.87463,200.73810,1,0,1,0,1
243.84045,355.43402,201.15819,1,0,1,0,1
243.86012,355.73434,201.33792,1,0,1,0,1
243.88036,356.04648,201.49625,1,0,1,0,1
243.90025,356.36893,201.63239,1,0,1,0,1
243.92050,356.70007,201.74567,1,0,1,0,1
243.94029,357.38205,201.90160,1,0,1,0,1
243.96016,357.72952,201.94348,1,0,1,0,1
243.98028,358.07907,201.96098,1,0,1,0,1
244.00012,358.42902,201.95404,1,0,1,0,1
244.02036,358.77762,201.92267,1,0,1,0,1
244.04015,359.46399,201.78740,1,0,1,0,1
244.06035,359.79843,201.68416,1,0,1,0,1
244.08052,360.12485,201.55782,1,0,1,0,1
244.10016,360.44162,201.40900,1,0,1,0,1
244.12044,360.74722,201.23842,1,0,1,0,1
244.14041,361.31906,200.83540,1,0,1,0,1
244.16016,361.58249,200.60495,1,0,1,0,1
244.18035,361.82916,200.35666,1,0,1,0,1
244.20005,362.26758,199.81151,1,0,1,0,1
244.22032,362.45718,199.51730,1,0,1,0,1
244.24049,362.62576,199.21059,1,0,1,0,1
244.26045,362.89673,198.56561,1,0,1,0,1
244.28044,362.99777,198.23051,1,0,1,0,1
244.30012,363.07516,197.88918,1,0,0,0,1
244.32038,363.12854,197.54327,1,0,0,0,1
244.34090,363.18671,196.84570,1,0,0,0,1
244.36048,363.21579,196.49692,1,0,0,0,1
244.38019,363.24487,196.14813,1,0,0,0,1
244.40029,363.27396,195.79935,1,0,0,0,1
244.42045,363.33212,195.10178,1,0,0,0,1
244.44015,363.36121,194.75299,1,0,0,0,1
244.46030,363.39029,194.40421,1,0,0,0,1
244.48007,363.41937,194.05542,1,0,0,0,1
244.50024,363.44846,193.70663,1,0,0,0,1
244.52043,363.47754,193.35785,1,0,0,0,1
244.54020,363.53571,192.66028,1,0,0,0,1
244.56019,363.59387,191.96271,1,0,0,0,1
244.58052,363.62296,191.61392,1,1,0,0,1
244.60049,363.65204,191.26514,1,1,0,0,1
244.62053,363.70538,190.91922,1,1,0,0,1
244.64039,363.88367,190.24274,1,1,0,0,1
244.66047,364.00775,189.91547,1,1,0,0,1
244.68017,364.15436,189.59766,1,1,0,0,1
244.70029,364.32278,189.29083,1,1,0,0,1
244.72037,364.51218,188.99651,1,1,0,0,1
244.74052,364.95016,188.45100,1,1,0,0,1
244.76020,365.19659,188.20247,1,1,0,0,1
244.78047,365.45978,187.97173,1,1,0,0,1
244.80037,365.73840,187.75990,1,1,0,0,1
244.82021,366.03113,187.56802,1,1,0,0,1
244.84040,366.65308,187.24776,1,1,0,0,1
244.86054,366.97928,187.12091,1,1,0,0,1
244.88036,367.31354,187.01714,1,1,0,0,1
244.90053,367.65424,186.93692,1,1,0,0,1
244.92021,367.99969,186.88066,1,1,0,0,1
244.94039,368.69815,186.84099,1,1,0,0,1
244.96010,369.04776,186.85776,1,1,0,0,1
244.98051,369.39532,186.89886,1,1,0,0,1
245.00026,370.07767,187.05318,1,1,0,0,1
245.02030,370.40912,187.16563,1,1,0,0,1
245.04048,371.04446,187.45842,1,1,0,0,1
245.06028,371.34528,187.63731,1,1,0,0,1
245.08018,371.63290,187.83676,1,1,0,0,1
245.10006,371.90591,188.05577,1,1,0,0,1
245.12036,372.16299,188.29329,1,1,0,0,1
245.14049,372.62439,188.81914,1,1,0,0,1
245.16021,372.82648,189.10490,1,1,0,0,1
245.18033,373.00815,189.40407,1,1,0,0,1
245.20051,373.16849,189.71518,1,1,0,0,1
245.22008,373.30676,190.03671,1,1,0,0,1
245.24034,373.51447,190.70474,1,1,0,0,1
245.26057,373.58289,191.04799,1,1,0,0,1
245.28020,373.62720,191.39517,1,1,0,0,1
245.30015,373.64719,191.74460,1,1,0,0,1
245.32052,373.64276,192.09457,1,1,0,0,1
245.34029,373.56085,192.78934,1,1,0,0,1
245.36007,373.38306,193.46594,1,1,0,0,1
245.38019,373.25922,193.79330,1,1,0,0,1
245.40046,373.11285,194.11124,1,1,0,0,1
245.42050,372.94467,194.41818,1,1,0,0,1
245.44020,372.54623,194.99321,1,1,0,0,1
245.46038,372.31793,195.25850,1,1,0,0,1
245.48051,372.07169,195.50722,1,1,0,0,1
245.50012,371.80869,195.73816,1,1,0,0,1
245.52036,371.53021,195.95020,1,1,0,0,1
245.54063,370.93237,196.31352,1,1,0,0,1
245.56023,370.61591,196.46304,1,1,0,0,1
245.58044,370.28979,196.59013,1,1,0,0,1
245.60020,369.95563,196.69417,1,1,0,0,1
245.62040,369.61502,196.77464,1,1,0,0,1
245.64036,368.92111,196.86348,1,1,0,0,1
245.66026,368.57120,196.87140,1,1,0,0,1
245.68029,368.22159,196.85489,1,1,0,0,1
245.70025,367.87399,196.81404,1,1,0,0,1
245.72011,367.53009,196.74905,1,1,0,0,1
245.74007,366.86005,196.54803,1,1,0,0,1
245.76005,366.22446,196.25574,1,1,0,0,1
245.78016,365.92349,196.07707,1,1,0,0,1
245.80027,365.63571,195.87785,1,1,0,0,1
245.82010,365.36255,195.65904,1,1,0,0,1
245.84025,364.86520,195.16704,1,1,0,0,1
245.86043,364.64346,194.89622,1,1,0,0,1
245.88074,364.44116,194.61061,1,1,0,0,1
245.90020,364.25928,194.31158,1,1,0,0,1
245.92017,364.09869,194.00060,1,1,0,0,1
245.94041,363.84442,193.34886,1,1,0,0,1
245.96053,363.75198,193.01129,1,1,0,0,1
245.98021,363.68332,192.66809,1,1,0,0,1
246.00040,363.63873,192.32094,1,1,0,0,1
246.02036,363.61847,191.97153,1,1,0,0,1
246.04049,363.65118,191.27272,1,1,0,0,1
246.06032,363.70401,190.92673,1,1,0,0,1
246.08010,363.78082,190.58527,1,1,0,0,1
246.10005,363.88126,190.24998,1,1,0,0,1
246.12030,364.00482,189.92253,1,1,0,0,1
246.14010,364.31888,189.29741,1,1,0,0,1
246.16034,364.71686,188.72208,1,1,0,0,1
246.18045,364.94495,188.45662,1,1,0,0,1
246.20018,365.19101,188.20772,1,1,0,0,1
246.22009,365.45383,187.97658,1,1,0,0,1
246.24028,366.02454,187.57201,1,1,0,0,1
246.26043,366.32965,187.40054,1,1,0,0,1
246.28007,366.64600,187.25078,1,1,0,0,1
246.30026,366.97202,187.12344,1,1,0,0,1
246.32055,367.30612,187.01915,1,1,0,0,1
246.34054,367.99203,186.88162,1,1,0,0,1
246.36034,368.34052,186.84906,1,1,0,0,1
246.38022,368.69043,186.84087,1,1,0,0,1
246.40038,369.04004,186.85710,1,1,0,0,1
246.42053,369.38766,186.89767,1,1,0,0,1
246.44005,370.07025,187.05095,1,1,0,0,1
246.46047,370.40186,187.16290,1,1,0,0,1
246.48011,370.72485,187.29771,1,1,0,0,1
246.50042,371.03766,187.45471,1,1,0,0,1
246.52041,371.33875,187.63315,1,1,0,0,1
246.54009,371.90002,188.05075,1,1,0,0,1
246.56051,372.39774,188.54237,1,1,0,0,1
246.58034,372.61966,188.81302,1,1,0,0,1
246.60046,372.82217,189.09848,1,1,0,0,1
246.62040,373.00430,189.39737,1,1,0,0,1
246.64023,373.30389,190.02954,1,1,0,0,1
246.66022,373.41992,190.35976,1,1,0,0,1
246.68020,373.51263,190.69725,1,1,0,0,1
246.70038,373.58157,191.04039,1,1,0,0,1
246.72007,373.62640,191.38751,1,1,0,0,1
246.74007,373.64304,192.08688,1,1,0,0,1
246.76022,373.61475,192.43575,1,1,0,0,1
246.78021,373.56219,192.78178,1,1,0,0,1
246.80021,373.48563,193.12331,1,1,0,0,1
246.82024,373.38544,193.45866,1,1,0,0,1
246.84037,373.11624,194.10435,1,1,0,0,1
246.86032,372.94855,194.41156,1,1,0,0,1
246.88051,372.75983,194.70631,1,1,0,0,1
246.90008,372.55099,194.98720,1,1,0,0,1
246.92024,372.32309,195.25284,1,0,0,0,1
246.94034,371.83133,195.75104,1,0,0,0,1
246.96032,371.33957,196.24924,1,0,0,0,1
246.98008,371.09369,196.49834,1,0,0,0,1
247.00022,370.84781,196.74744,1,0,0,0,1
247.02027,370.60193,196.99654,1,0,0,0,1
247.04039,370.11017,197.49474,1,0,0,0,1
247.06011,369.86429,197.74384,1,0,0,0,1
247.08024,369.61841,197.99294,1,0,0,0,1
247.10042,369.37253,198.24203,1,0,0,0,1
247.12048,369.12665,198.49113,1,0,0,0,1
247.14055,368.63489,198.98933,1,0,0,0,1
247.16024,368.38901,199.23843,1,0,0,0,1
247.18023,368.14313,199.48753,1,0,0,0,1
247.20057,367.89725,199.73663,1,0,0,0,1
247.22033,367.65137,199.98573,1,0,0,0,1
247.24047,367.15961,200.48393,1,0,0,0,1
247.26013,366.91373,200.73303,1,0,0,0,1
247.28028,366.66785,200.98213,1,0,0,0,1
247.30018,366.42197,201.23123,1,0,0,0,1
247.32030,366.17609,201.48033,1,0,0,0,1
247.34054,365.68433,201.97853,1,0,0,0,1
247.36024,365.19257,202.47673,1,0,1,0,1
247.38038,364.94669,202.72583,1,0,1,0,1
247.40015,364.71881,202.99149,1,0,1,0,1
247.42016,364.51004,203.27242,1,0,1,0,1
247.44036,364.15384,203.87450,1,0,1,0,1
247.46037,364.00812,204.19272,1,0,1,0,1
247.48080,363.88498,204.52034,1,0,1,0,1
247.50018,363.78500,204.85576,1,0,1,0,1
247.52024,363.70871,205.19734,1,0,1,0,1
247.54045,363.62851,205.89230,1,0,1,0,1
247.56037,363.62500,206.24228,1,0,1,0,1
247.58008,363.64594,206.59166,1,0,1,0,1
247.60025,363.69122,206.93872,1,0,1,0,1
247.62041,363.76062,207.28177,1,0,1,0,1
247.64017,363.97034,207.94917,1,0,1,0,1
247.66036,364.10962,208.27026,1,0,1,0,1
247.68013,364.27100,208.58084,1,0,1,0,1
247.70052,364.45364,208.87939,1,0,1,0,1
247.72017,364.87918,209.43465,1,0,1,0,1
247.74009,365.12000,209.68864,1,0,1,0,1
247.76010,365.65179,210.14317,1,0,1,0,1
247.78026,365.94019,210.34148,1,0,1,0,1
247.80050,366.24173,210.51917,1,0,1,0,1
247.82023,366.55493,210.67535,1,0,1,0,1
247.84006,367.21021,210.92032,1,0,1,0,1
247.86029,367.54907,211.00790,1,0,1,0,1
247.88014,367.89322,211.07161,1,0,1,0,1
247.90029,368.24097,211.11111,1,0,1,0,1
247.92009,368.59064,211.12624,1,0,1,0,1
247.94006,369.28888,211.08318,1,0,1,0,1
247.96025,369.63403,211.02519,1,0,1,0,1
247.98045,369.97430,210.94325,1,0,1,0,1
248.00016,370.30801,210.83774,1,0,1,0,1
248.02012,370.63354,210.70918,1,0,1,0,1
248.04052,371.25375,210.38556,1,0,1,0,1
248.06019,371.54541,210.19206,1,0,1,0,1
248.08052,371.82285,209.97867,1,0,1,0,1
248.10029,372.08469,209.74641,1,0,1,0,1
248.12031,372.55661,209.22998,1,0,1,0,1
248.14009,372.76437,208.94832,1,0,1,0,1
248.16050,373.11847,208.34497,1,0,1,0,1
248.18013,373.26306,208.02623,1,0,1,0,1
248.20031,373.38504,207.69817,1,0,1,0,1
248.22050,373.48383,207.36240,1,0,1,0,1
248.24020,373.55890,207.02054,1,0,1,0,1
248.26036,373.63663,206.32529,1,0,1,0,1
248.28012,373.63892,205.97530,1,0,1,0,1
248.30018,373.61679,205.62599,1,0,1,0,1
248.32018,373.57031,205.27908,1,0,1,0,1
248.34039,373.40536,204.59924,1,0,1,0,1
248.36009,373.28772,204.26961,1,0,1,0,1
248.38059,373.14734,203.94901,1,0,1,0,1
248.40013,372.98489,203.63898,1,0,1,0,1
248.42005,372.80121,203.34105,1,0,1,0,1
248.44019,372.59717,203.05669,1,0,1,0,1
248.46044,372.13208,202.53410,1,0,1,0,1
248.48031,371.87332,202.29843,1,0,1,0,1
248.50051,371.59872,202.08141,1,0,1,0,1
248.52013,371.00748,201.70744,1,0,1,0,1
248.54009,370.69373,201.55234,1,0,1,0,1
248.56029,370.03760,201.30963,1,0,1,0,1
248.58044,369.69843,201.22322,1,0,1,0,1
248.60019,369.35406,201.16071,1,0,1,0,1
248.62050,369.00616,201.12239,1,0,1,0,1
248.64046,368.65643,201.10847,1,0,1,0,1
248.66028,367.95831,201.15395,1,0,1,0,1
248.68028,367.61334,201.21312,1,0,1,0,1
248.70017,367.27335,201.29623,1,0,1,0,1
248.72004,366.94000,201.40289,1,0,1,0,1
248.74054,366.61490,201.53258,1,0,1,0,1
248.76026,365.99579,201.85835,1,0,1,0,1
248.78035,365.70480,202.05286,1,0,1,0,1
248.80037,365.42813,202.26721,1,0,1,0,1
248.82007,365.16708,202.50037,1,0,1,0,1
248.84004,364.92297,202.75117,1,0,1,0,1
248.86032,364.49017,203.30080,1,0,1,0,1
248.88045,364.30362,203.59692,1,0,1,0,1
248.90005,363.99469,204.22459,1,0,1,0,1
248.92019,363.87384,204.55307,1,0,1,0,1
248.94018,363.77621,204.88919,1,0,1,0,1
248.96024,363.65247,205.57773,1,0,1,0,1
248.98046,363.62695,205.92680,1,0,1,0,1
249.00046,363.62589,206.27679,1,0,1,0,1
249.02048,363.64926,206.62601,1,0,1,0,1
249.04049,363.69696,206.97275,1,0,1,0,1
249.06024,363.86432,207.65201,1,0,1,0,1
249.08044,363.98315,207.98122,1,0,1,0,1
249.10016,364.12469,208.30133,1,0,1,0,1
249.12013,364.28824,208.61078,1,0,1,0,1
249.14008,364.47299,208.90805,1,0,1,0,1
249.16040,364.90240,209.46033,1,0,1,0,1
249.18045,365.14499,209.71263,1,0,1,0,1
249.20018,365.40460,209.94737,1,0,1,0,1
249.22017,365.67996,210.16342,1,0,1,0,1
249.24010,365.96973,210.35971,1,0,1,0,1
249.26047,366.58679,210.68927,1,0,1,0,1
249.28040,366.91107,210.82094,1,0,1,0,1
249.30047,367.58325,211.01485,1,0,1,0,1
249.32047,367.92786,211.07614,1,0,1,0,1
249.34033,368.27588,211.11322,1,0,1,0,1
249.36027,368.97543,211.11412,1,0,1,0,1
249.38042,369.32355,211.07794,1,0,1,0,1
249.40050,369.66830,211.01755,1,0,1,0,1
249.42013,370.00800,210.93323,1,0,1,0,1
249.44008,370.34097,210.82538,1,0,1,0,1
249.46024,370.98029,210.54137,1,0,1,0,1
249.48043,371.28351,210.36658,1,0,1,0,1
249.50013,371.57379,210.17104,1,0,1,0,1
249.52053,371.84970,209.95570,1,0,1,0,1
249.54027,372.10992,209.72163,1,0,1,0,1
249.56011,372.57822,209.20190,1,0,1,0,1
249.58023,372.78400,208.91879,1,0,1,0,1
249.60040,372.96951,208.62201,1,0,1,0,1
249.62003,373.13385,208.31299,1,0,1,0,1
249.64022,373.27621,207.99324,1,0,1,0,1
249.66046,373.49231,207.32788,1,0,1,0,1
249.68030,373.61359,206.63890,1,0,1,0,1
249.70053,373.63785,206.28975,1,0,1,0,1
249.72031,373.63773,205.93974,1,0,1,0,1
249.74052,373.61316,205.59061,1,0,1,0,1
249.76030,373.49130,204.90173,1,0,1,0,1
249.78031,373.39459,204.56535,1,0,1,0,1
249.80048,373.27463,204.23656,1,0,1,0,1
249.82039,373.13199,203.91693,1,0,1,0,1
249.84053,372.96738,203.60805,1,0,1,0,1
249.86035,372.57559,203.02849,1,0,1,0,1
249.88047,372.35031,202.76064,1,0,1,0,1
249.90013,372.10687,202.50917,1,0,1,0,1
249.92042,371.84647,202.27531,1,0,1,0,1
249.94014,371.57037,202.06023,1,0,1,0,1
249.96016,370.97653,201.69041,1,0,1,0,1
249.98020,370.66171,201.53751,1,0,1,0,1
250.00036,370.33698,201.40695,1,0,1,0,1
250.02032,370.00391,201.29939,1,0,1,0,1
250.04012,369.66415,201.21536,1,0,1,0,1
250.06031,368.97122,201.11938,1,0,1,0,1
250.08040,368.27164,201.12090,1,0,1,0,1
250.10055,367.92365,201.15828,1,0,1,0,1
250.12037,367.57910,201.21986,1,0,1,0,1
250.14040,367.23972,201.30536,1,0,0,0,1
250.16013,366.57449,201.52335,1,0,0,0,1
250.18039,366.24188,201.63234,1,0,0,0,1
250.20051,365.90927,201.74133,1,0,0,0,1
250.22013,365.57666,201.85033,1,0,0,0,1
250.24038,365.24405,201.95932,1,0,0,0,1
250.26008,364.57883,202.17731,1,0,0,0,1
250.28008,364.24622,202.28630,1,0,0,0,1
250.30021,363.91360,202.39529,1,0,0,0,1
250.32012,363.58099,202.50429,1,0,0,0,1
250.34035,363.24838,202.61328,1,0,0,0,1
250.36051,362.58316,202.83127,1,0,0,0,1
250.38041,362.25055,202.94026,1,0,0,0,1
250.40037,361.91794,203.04926,1,0,0,0,1
250.42008,361.58533,203.15825,1,0,0,0,1
250.44017,361.25272,203.26724,1,0,0,0,1
250.46032,360.58749,203.48523,1,0,0,0,1
250.48011,359.92227,203.70322,1,0,0,0,1
250.50007,359.58966,203.81221,1,0,0,0,1
250.52032,359.25705,203.92120,1,0,0,0,1
250.54015,358.92444,204.03020,1,0,0,0,1
250.56034,358.25922,204.24818,1,0,0,0,1
250.58045,357.92661,204.35718,1,0,0,0,1
250.60006,357.59399,204.46617,1,0,0,0,1
250.62030,357.26138,204.57516,1,0,0,0,1
250.64044,356.92877,204.68416,1,0,0,0,1
250.66025,356.26355,204.90215,1,0,0,0,1
250.68018,355.93094,205.01114,1,1,0,0,1
250.70036,355.59833,205.12013,1,1,0,0,1
250.72014,355.25894,205.20566,1,1,0,0,1
250.74016,354.91443,205.26732,1,1,0,0,1
250.76032,354.21667,205.31792,1,1,0,0,1
250.78011,353.86685,205.30661,1,1,0,0,1
250.80010,353.51868,205.27094,1,1,0,0,1
250.82015,353.17383,205.21106,1,1,0,0,1
250.84028,352.83401,205.12729,1,1,0,0,1
250.86039,352.17599,204.88979,1,1,0,0,1
250.88025,351.55740,204.56303,1,1,0,0,1
250.90037,351.26669,204.36810,1,1,0,0,1
250.92007,350.99030,204.15338,1,1,0,0,1
250.94038,350.72955,203.91991,1,1,0,0,1
250.96043,350.25998,203.40134,1,1,0,0,1
250.98041,350.05347,203.11876,1,1,0,0,1
251.00058,349.86716,202.82246,1,1,0,0,1
251.02004,349.70197,202.51390,1,1,0,0,1
251.04008,349.55869,202.19456,1,1,0,0,1
251.06028,349.34058,201.52985,1,1,0,0,1
251.08015,349.26682,201.18771,1,1,0,0,1
251.10017,349.21707,200.84126,1,1,0,0,1
251.12020,349.19162,200.49219,1,1,0,0,1
251.14019,349.19058,200.14220,1,1,0,0,1
251.16020,349.26163,199.44624,1,1,0,0,1
251.18025,349.33337,199.10367,1,1,0,0,1
251.20017,349.42883,198.76694,1,1,0,0,1
251.22037,349.54755,198.43768,1,1,0,0,1
251.24036,349.68893,198.11751,1,1,0,0,1
251.26077,350.03683,197.51057,1,1,0,0,1
251.28039,350.46579,196.95796,1,1,0,0,1
251.30032,350.70813,196.70543,1,1,0,0,1
251.32046,350.96750,196.47041,1,1,0,0,1
251.34008,351.24261,196.25406,1,1,0,0,1
251.36018,351.83469,195.88142,1,1,0,0,1
251.38038,352.14877,195.72697,1,1,0,0,1
251.40029,352.47287,195.59480,1,1,0,0,1
251.42011,352.80539,195.48555,1,1,0,0,1
251.44044,353.14471,195.39977,1,1,0,0,1
251.46030,353.83716,195.30009,1,1,0,0,1
251.48009,354.18689,195.28671,1,1,0,0,1
251.50019,354.53671,195.29774,1,1,0,0,1
251.52010,354.88492,195.33315,1,1,0,0,1
251.54035,355.22980,195.39275,1,1,0,0,1
251.56018,355.56970,195.47626,1,1,0,0,1
251.58007,356.22791,195.71326,1,1,0,0,1
251.60040,356.54300,195.86560,1,1,0,0,1
251.62028,356.84671,196.03955,1,1,0,0,1
251.64030,357.41409,196.44876,1,1,0,0,1
251.66055,357.67502,196.68204,1,1,0,0,1
251.68052,358.14496,197.20024,1,1,0,0,1
251.70036,358.35168,197.48265,1,1,0,0,1
251.72040,358.53824,197.77879,1,1,0,0,1
251.74007,358.70367,198.08723,1,1,0,0,1
251.76018,358.84720,198.40645,1,1,0,0,1
251.78021,359.06583,199.07098,1,1,0,0,1
251.80029,359.13986,199.41307,1,1,0,0,1
251.82023,359.18985,199.75948,1,1,0,0,1
251.84011,359.21558,200.10854,1,1,0,0,1
251.86041,359.19379,200.80777,1,1,0,0,1
251.88016,359.14639,201.15454,1,1,0,0,1
251.90043,359.07492,201.49716,1,1,0,0,1
251.92023,358.97974,201.83397,1,1,0,0,1
251.94008,358.86130,202.16331,1,1,0,0,1
251.96041,358.72015,202.48360,1,1,0,0,1
251.98020,358.37271,203.09079,1,1,0,0,1
252.00008,358.16809,203.37474,1,1,0,0,1
252.02039,357.70203,203.89645,1,1,0,0,1
252.04005,357.44284,204.13167,1,1,0,0,1
252.06028,357.16788,204.34824,1,1,0,0,1
252.08035,356.57611,204.72131,1,1,0,0,1
252.10051,356.26215,204.87601,1,1,0,0,1
252.12022,355.93817,205.00842,1,1,0,0,1
252.14047,355.60574,205.11792,1,1,0,0,1
252.16018,354.92206,205.26614,1,1,0,0,1
252.18040,354.57413,205.30415,1,1,0,0,1
252.20011,354.22440,205.31781,1,1,0,0,1
252.22007,353.87457,205.30704,1,1,0,0,1
252.24011,353.52634,205.27190,1,1,0,0,1
252.26054,352.84143,205.12930,1,1,0,0,1
252.28053,352.50812,205.02255,1,1,0,0,1
252.30041,352.18304,204.89281,1,1,0,0,1
252.32052,351.86783,204.74071,1,1,0,0,1
252.34003,351.56396,204.56700,1,1,0,0,1
252.36011,351.27298,204.37253,1,1,0,0,1
252.38021,350.73514,203.92516,1,1,0,0,1
252.40021,350.49094,203.67444,1,1,0,0,1
252.42030,350.05783,203.12505,1,1,0,0,1
252.44019,349.87106,202.82904,1,1,0,0,1
252.46021,349.70538,202.52074,1,1,0,0,1
252.48039,349.44046,201.87328,1,1,0,0,1
252.50014,349.34250,201.53726,1,1,0,0,1
252.52034,349.26822,201.19524,1,1,0,0,1
252.54007,349.21796,200.84886,1,1,0,0,1
252.56041,349.19040,200.14984,1,1,0,0,1
252.58037,349.21323,199.80058,1,1,0,0,1
252.60026,349.26038,199.45377,1,1,0,0,1
252.62012,349.33157,199.11108,1,1,0,0,1
252.64026,349.42651,198.77420,1,1,0,0,1
252.66041,349.54471,198.44476,1,1,0,0,1
252.68051,349.84845,197.81459,1,1,0,0,1
252.70036,350.03253,197.51692,1,1,0,0,1
252.72027,350.23694,197.23280,1,1,0,0,1
252.74042,350.46066,196.96364,1,1,0,0,1
252.76011,350.70261,196.71072,1,1,0,0,1
252.78050,351.23639,196.25853,1,1,0,0,1
252.80053,351.52563,196.06143,1,1,0,0,1
252.82015,351.82791,195.88499,1,1,0,0,1
252.84053,352.46564,195.59740,1,1,0,0,1
252.86043,352.79797,195.48764,1,1,0,0,1
252.88014,353.48157,195.33887,1,1,0,0,1
252.90032,353.82947,195.30058,1,1,0,0,1
252.92064,354.17920,195.28667,1,1,0,0,1
252.94013,354.52905,195.29716,1,1,0,0,1
252.96017,354.87732,195.33203,1,1,0,0,1
252.98026,355.56232,195.47411,1,1,0,0,1
253.00050,355.89572,195.58061,1,1,0,0,1
253.02021,356.22089,195.71010,1,1,0,0,1
253.04030,356.53622,195.86195,1,1,0,0,1
253.06011,356.84021,196.03543,1,1,0,0,1
253.08041,357.40823,196.44377,1,1,0,0,1
253.10012,357.66953,196.67665,1,1,0,0,1
253.12036,357.91394,196.92719,1,1,0,0,1
253.14011,358.14029,197.19415,1,1,0,0,1
253.16035,358.34747,197.47626,1,1,0,0,1
253.18023,358.70035,198.08029,1,1,0,0,1
253.20036,358.96576,198.72755,1,1,0,0,1
253.22005,359.06400,199.06349,1,1,0,0,1
253.24027,359.13855,199.40546,1,1,0,0,1
253.26019,359.18909,199.75179,1,1,0,0,1
253.28030,359.21716,200.45079,1,1,0,0,1
253.30038,359.19461,200.80006,1,1,0,0,1
253.32037,359.14774,201.14691,1,1,0,0,1
253.34036,359.07678,201.48964,1,1,0,0,1
253.36032,358.98212,201.82658,1,1,0,0,1
253.38048,358.72354,202.47661,1,1,0,0,1
253.40010,358.56088,202.78651,1,0,0,0,1
253.42042,358.37701,203.08434,1,0,0,0,1
253.44028,358.19315,203.38216,1,0,0,0,1
253.46008,358.00928,203.67998,1,0,0,0,1
253.48031,357.64154,204.27562,1,0,0,0,1
253.50051,357.45767,204.57344,1,0,0,0,1
253.52010,357.27380,204.87126,1,0,0,0,1
253.54012,357.08994,205.16908,1,0,0,0,1
253.56052,356.90607,205.46690,1,0,0,0,1
253.58006,356.53833,206.06255,1,0,0,0,1
253.60057,356.35446,206.36037,1,0,0,0,1
253.62041,355.98672,206.95601,1,0,0,0,1
253.64005,355.80286,207.25383,1,0,0,0,1
253.66022,355.61899,207.55165,1,0,0,0,1
253.68049,355.25125,208.14729,1,0,0,0,1
253.70038,355.06738,208.44511,1,0,0,0,1
253.72015,354.88351,208.74294,1,0,0,0,1
253.74030,354.69965,209.04076,1,0,0,0,1
253.76052,354.51578,209.33858,1,0,0,0,1
253.78009,354.14804,209.93422,1,0,0,0,1
253.80016,353.96417,210.23204,1,0,0,0,1
253.82031,353.78030,210.52986,1,0,0,0,1
253.84052,353.59644,210.82768,1,0,1,0,1
253.86016,353.41257,211.12550,1,0,1,0,1
253.88038,353.06607,211.73325,1,0,1,0,1
253.90017,352.92551,212.05377,1,0,1,0,1
253.92044,352.80765,212.38333,1,0,1,0,1
253.94013,352.71310,212.72032,1,0,1,0,1
253.96055,352.64233,213.06310,1,0,1,0,1
253.98045,352.57333,213.75926,1,0,1,0,1
254.00040,352.60199,214.45825,1,0,1,0,1
254.02037,352.65286,214.80453,1,0,1,0,1
254.04007,352.72778,215.14642,1,0,1,0,1
254.06014,352.82639,215.48224,1,0,1,0,1
254.08038,353.09265,216.12915,1,0,1,0,1
254.10008,353.25900,216.43709,1,0,1,0,1
254.12032,353.44644,216.73267,1,0,1,0,1
254.14013,353.65408,217.01442,1,0,1,0,1
254.16015,353.88089,217.28099,1,0,1,0,1
254.18032,354.38748,217.76344,1,0,1,0,1
254.20010,354.66479,217.97697,1,0,1,0,1
254.22039,354.95636,218.17061,1,0,1,0,1
254.24007,355.26071,218.34341,1,0,1,0,1
254.26029,355.57642,218.49454,1,0,1,0,1
254.28042,356.23557,218.72891,1,0,1,0,1
254.30034,356.57581,218.81102,1,0,1,0,1
254.32011,356.92093,218.86917,1,0,1,0,1
254.34027,357.26929,218.90308,1,0,1,0,1
254.36045,357.61917,218.91257,1,0,1,0,1
254.38020,358.31662,218.85826,1,0,1,0,1
254.40011,358.99969,218.70731,1,0,1,0,1
254.42024,359.33167,218.59644,1,0,1,0,1
254.44048,359.65509,218.46265,1,0,1,0,1
254.46014,359.96838,218.30661,1,0,1,0,1
254.48025,360.55850,217.93091,1,0,1,0,1
254.50008,360.83246,217.71307,1,0,1,0,1
254.52051,361.09052,217.47664,1,0,1,0,1
254.54034,361.33145,217.22276,1,0,1,0,1
254.56027,361.55405,216.95268,1,0,1,0,1
254.58004,361.94006,216.36925,1,0,1,0,1
254.60041,362.10159,216.05875,1,0,1,0,1
254.62046,362.24103,215.73772,1,0,1,0,1
254.64015,362.35770,215.40773,1,0,1,0,1
254.66032,362.45105,215.07040,1,0,1,0,1
254.68048,362.52060,214.72739,1,0,1,0,1
254.70026,362.58713,214.03099,1,0,1,0,1
254.72041,362.55606,213.33211,1,0,1,0,1
254.74004,362.50400,212.98599,1,0,1,0,1
254.76057,362.42789,212.64436,1,0,1,0,1
254.78024,362.32812,212.30888,1,0,1,0,1
254.80051,362.05963,211.66287,1,0,1,0,1
254.82024,361.89221,211.35550,1,0,1,0,1
254.84015,361.70374,211.06058,1,0,1,0,1
254.86043,361.49515,210.77954,1,0,1,0,1
254.88022,361.02170,210.26451,1,0,1,0,1
254.90035,360.75916,210.03304,1,0,1,0,1
254.92008,360.48111,209.82047,1,0,1,0,1
254.94008,360.18890,209.62784,1,0,1,0,1
254.96049,359.88394,209.45609,1,0,1,0,1
254.98005,359.24179,209.17845,1,0,1,0,1
255.00044,358.90778,209.07393,1,0,1,0,1
255.02022,358.56726,208.99300,1,0,1,0,1
255.04026,358.22192,208.93604,1,0,1,0,1
255.06051,357.87344,208.90334,1,0,1,0,1
255.08022,357.52353,208.89505,1,0,1,0,1
255.10047,356.82623,208.95177,1,0,1,0,1
255.12050,356.14368,209.10509,1,0,1,0,1
255.14005,355.81207,209.21710,1,0,1,0,1
255.16043,355.48911,209.35201,1,0,1,0,1
255.18041,355.17636,209.50912,1,0,1,0,1
255.20047,354.58752,209.88689,1,0,1,0,1
255.22041,354.31433,210.10567,1,0,1,0,1
255.24020,354.05707,210.34299,1,0,1,0,1
255.26043,353.81702,210.59770,1,0,1,0,1
255.28021,353.39313,211.15424,1,0,1,0,1
255.30054,353.21136,211.45334,1,0,1,0,1
255.32022,353.05093,211.76440,1,0,1,0,1
255.34048,352.91260,212.08591,1,0,1,0,1
255.36038,352.79706,212.41629,1,0,1,0,1
255.38033,352.63647,213.09720,1,0,1,0,1
255.40012,352.59222,213.44440,1,0,1,0,1
255.42051,352.57233,213.79384,1,0,1,0,1
255.44016,352.57690,214.14381,1,0,1,0,1
255.46047,352.60590,214.49261,1,0,1,0,1
255.48049,352.73648,215.17989,1,0,1,0,1
255.50051,352.83743,215.51501,1,0,1,0,1
255.52050,352.96155,215.84227,1,0,1,0,1
255.54053,353.10822,216.16006,1,0,1,0,1
255.56017,353.46622,216.76108,1,0,1,0,1
255.58039,353.67581,217.04138,1,0,1,0,1
255.60026,354.15109,217.55473,1,0,1,0,1
255.62032,354.41443,217.78526,1,0,1,0,1
255.64052,354.69324,217.99684,1,0,1,0,1
255.66017,354.98615,218.18843,1,0,1,0,1
255.68043,355.60846,218.50801,1,0,1,0,1
255.70054,355.60846,218.50801,1,0,1,0,1
255.72026,356.26923,218.73778,1,0,1,0,1
255.74054,356.61002,218.81750,1,0,1,0,1
255.76025,357.30411,218.90471,1,0,1,0,1
255.78026,357.65402,218.91176,1,0,1,0,1
255.80050,358.00360,218.89435,1,0,1,0,1
255.82041,358.35110,218.85257,1,0,1,0,1
255.84051,359.03311,218.69684,1,0,1,0,1
255.86019,359.36429,218.58365,1,0,1,0,1
255.88049,359.68677,218.44760,1,0,1,0,1
255.90047,359.99896,218.28937,1,0,1,0,1
255.92032,360.58646,217.90955,1,0,1,0,1
255.94048,360.85889,217.68980,1,0,1,0,1
255.96010,361.11530,217.45157,1,0,1,0,1
255.98037,361.35443,217.19601,1,0,1,0,1
256.00011,361.77634,216.63799,1,0,1,0,1
256.02033,361.95706,216.33824,1,0,1,0,1
256.04047,362.11639,216.02661,1,0,1,0,1
256.06022,362.25357,215.70462,1,0,1,0,1
256.08051,362.45892,215.03587,1,0,1,0,1
256.10011,362.45892,215.03587,1,0,1,0,1
256.12033,362.56909,214.34503,1,0,1,0,1
256.14035,362.58774,213.99553,1,0,1,0,1
256.16012,362.58197,213.64558,1,0,1,0,1
256.18034,362.49731,212.95116,1,0,1,0,1
256.20047,362.41882,212.61008,1,0,1,0,1
256.22008,362.31671,212.27530,1,0,1,0,1
256.24052,362.04370,211.63120,1,0,1,0,1
256.26020,361.87415,211.32501,1,0,1,0,1
256.28010,361.68362,211.03142,1,0,1,0,1
256.30053,361.47305,210.75185,1,0,1,0,1
256.32036,360.99600,210.24014,1,0,1,0,1
256.34060,360.73187,210.01051,1,0,1,0,1
256.36024,360.45233,209.79990,1,0,1,0,1
256.38023,360.15878,209.60931,1,0,1,0,1
256.40030,359.53537,209.29187,1,0,1,0,1
256.42045,359.20856,209.16656,1,0,1,0,1
256.44016,358.87381,209.06439,1,0,1,0,1
256.46031,358.53275,208.98584,1,0,1,0,1
256.48043,357.83832,208.90105,1,0,1,0,1
256.50012,357.48837,208.89520,1,0,1,0,1
256.52035,357.13885,208.91382,1,0,1,0,1
256.54036,356.79150,208.95680,1,0,1,0,1
256.56037,356.44800,209.02393,1,0,1,0,1
256.58054,355.77921,209.22922,1,0,1,0,1
256.60010,355.45718,209.36638,1,0,0,0,1
256.62036,355.14554,209.52568,1,0,0,0,1
256.64046,354.52225,209.84428,1,0,0,0,1
256.66053,354.21060,210.00359,1,0,0,0,1
256.68029,353.89896,210.16289,1,0,0,0,1
256.70040,353.58731,210.32219,1,0,0,0,1
256.72055,352.96402,210.64079,1,0,0,0,1
256.74025,352.65237,210.80009,1,0,0,0,1
256.76043,352.34073,210.95940,1,0,0,0,1
256.78046,352.02908,211.11870,1,0,0,0,1
256.80028,351.40579,211.43730,1,0,0,0,1
256.82038,351.09415,211.59660,1,0,0,0,1
256.84012,350.78250,211.75591,1,0,0,0,1
256.86011,350.47086,211.91521,1,0,0,0,1
256.88026,349.84756,212.23381,1,0,0,0,1
256.90046,349.53592,212.39311,1,0,0,0,1
256.92014,349.22427,212.55241,1,0,0,0,1
256.94027,348.91263,212.71172,1,0,0,0,1
256.96033,348.60098,212.87102,1,0,0,0,1
256.98049,348.28934,213.03032,1,0,0,0,1
257.00053,347.66605,213.34892,1,0,0,0,1
257.02028,347.35440,213.50822,1,0,0,0,1
257.04049,347.04276,213.66753,1,0,0,0,1
257.06032,346.73111,213.82683,1,0,0,0,1
257.08041,346.41946,213.98613,1,1,0,0,1
257.10008,345.78583,214.28262,1,1,0,0,1
257.12054,345.45505,214.39702,1,1,0,0,1
257.14010,345.11710,214.48807,1,1,0,0,1
257.16024,344.42630,214.59846,1,1,0,0,1
257.18053,344.07681,214.61728,1,1,0,0,1
257.20031,343.37814,214.58168,1,1,0,0,1
257.22029,343.03238,214.52744,1,1,0,0,1
257.24022,342.69122,214.44922,1,1,0,0,1
257.26049,342.35635,214.34740,1,1,0,0,1
257.28019,342.02942,214.22247,1,1,0,0,1
257.30044,341.40558,213.90584,1,1,0,0,1
257.32006,341.11176,213.71568,1,1,0,0,1
257.34047,340.83191,213.50549,1,1,0,0,1
257.36059,340.56738,213.27631,1,1,0,0,1
257.38039,340.31949,213.02922,1,1,0,0,1
257.40051,339.87836,212.48628,1,1,0,0,1
257.42017,339.68723,212.19307,1,1,0,0,1
257.44034,339.51703,211.88724,1,1,0,0,1
257.46021,339.36856,211.57028,1,1,0,0,1
257.48003,339.24255,211.24374,1,1,0,0,1
257.50053,339.06030,210.56831,1,1,0,0,1
257.52030,339.00494,210.22272,1,1,0,0,1
257.54054,338.96707,209.52417,1,1,0,0,1
257.56023,338.98474,209.17462,1,1,0,0,1
257.58011,339.02676,208.82715,1,1,0,0,1
257.60026,339.18283,208.14522,1,1,0,0,1
257.62030,339.29614,207.81407,1,1,0,0,1
257.64037,339.43228,207.49164,1,1,0,0,1
257.66028,339.59058,207.17947,1,1,0,0,1
257.68021,339.77026,206.87912,1,1,0,0,1
257.70027,340.19019,206.31958,1,1,0,0,1
257.72027,340.42838,206.06313,1,1,0,0,1
257.74035,340.68387,205.82391,1,1,0,0,1
257.76015,340.95541,205.60310,1,1,0,0,1
257.78036,341.24170,205.40176,1,1,0,0,1
257.80021,341.85284,205.06134,1,1,0,0,1
257.82052,342.17474,204.92390,1,1,0,0,1
257.84008,342.50543,204.80925,1,1,0,0,1
257.86042,342.84332,204.71794,1,1,0,0,1
257.88031,343.18674,204.65042,1,1,0,0,1
257.90016,343.88351,204.58792,1,1,0,0,1
257.92044,344.58218,204.62299,1,1,0,0,1
257.94017,344.92801,204.67696,1,1,0,0,1
257.96052,345.26923,204.75491,1,1,0,0,1
257.98037,345.60416,204.85648,1,1,0,0,1
258.00051,346.24872,205.12834,1,1,0,0,1
258.02008,346.55524,205.29732,1,1,0,0,1
258.04053,346.84921,205.48726,1,1,0,0,1
258.06011,347.12924,205.69724,1,1,0,0,1
258.08044,347.39392,205.92622,1,1,0,0,1
258.10015,347.87225,206.43671,1,1,0,0,1
258.12047,348.08356,206.71571,1,1,0,0,1
258.14029,348.27490,207.00877,1,1,0,0,1
258.16007,348.44534,207.31447,1,1,0,0,1
258.18054,348.59406,207.63130,1,1,0,0,1
258.20018,348.82349,208.29218,1,1,0,0,1
258.22053,348.90308,208.63301,1,1,0,0,1
258.24015,348.95871,208.97856,1,1,0,0,1
258.26022,348.99011,209.32715,1,1,0,0,1
258.28045,348.99713,209.67708,1,1,0,0,1
258.30014,348.93799,210.37415,1,1,0,0,1
258.32042,348.78241,211.05621,1,1,0,0,1
258.34037,348.66934,211.38745,1,1,0,0,1
258.36053,348.53345,211.70999,1,1,0,0,1
258.38017,348.37540,212.02228,1,1,0,0,1
258.40025,347.99600,212.61002,1,1,0,0,1
258.42013,347.77649,212.88263,1,1,0,0,1
258.44013,347.53851,213.13927,1,1,0,0,1
258.46008,347.28320,213.37868,1,1,0,0,1
258.48026,347.01181,213.59970,1,1,0,0,1
258.50035,346.42618,213.98238,1,1,0,0,1
258.52021,346.11478,214.14217,1,1,0,0,1
258.54010,345.79300,214.27985,1,1,0,0,1
258.56023,345.46240,214.39474,1,1,0,0,1
258.58008,345.12460,214.48631,1,1,0,0,1
258.60057,344.43396,214.59778,1,1,0,0,1
258.62022,344.08450,214.61713,1,1,0,0,1
258.64016,343.73453,214.61206,1,1,0,0,1
258.66034,343.38577,214.58260,1,1,0,0,1
258.68049,343.03992,214.52888,1,1,0,0,1
258.70051,342.36362,214.34988,1,1,0,0,1
258.72020,341.71881,214.07851,1,1,0,0,1
258.74011,341.41217,213.90977,1,1,0,0,1
258.76054,341.11804,213.72006,1,1,0,0,1
258.78022,340.83786,213.51030,1,1,0,0,1
258.80035,340.32474,213.03481,1,1,0,0,1
258.82024,340.09427,212.77139,1,1,0,0,1
258.84022,339.88275,212.49254,1,1,0,0,1
258.86005,339.69119,212.19962,1,1,0,0,1
258.88023,339.52051,211.89404,1,1,0,0,1
258.90072,339.24506,211.25098,1,1,0,0,1
258.92045,339.14163,210.91661,1,1,0,0,1
258.94006,339.06177,210.57584,1,1,0,0,1
258.96051,339.00586,210.23033,1,1,0,0,1
258.98012,338.97418,209.88176,1,1,0,0,1
259.00043,338.98404,209.18225,1,1,0,0,1
259.02013,339.02551,208.83472,1,1,0,0,1
259.04019,339.09113,208.49092,1,1,0,0,1
259.06032,339.18054,208.15254,1,1,0,0,1
259.08014,339.42902,207.49858,1,1,0,0,1
259.10036,339.58682,207.18617,1,1,0,0,1
259.12009,339.96579,206.59814,1,1,0,0,1
259.14033,340.18509,206.32536,1,1,0,0,1
259.16033,340.42288,206.06854,1,1,0,0,1
259.18031,340.67801,205.82893,1,1,0,0,1
259.20054,341.23520,205.40591,1,1,0,0,1
259.22045,341.53455,205.22456,1,1,0,0,1
259.24041,341.84583,205.06454,1,1,0,0,1
259.26011,342.16751,204.92662,1,1,0,0,1
259.28030,342.49802,204.81146,1,1,0,0,1
259.30063,343.17908,204.65158,1,1,0,0,1
259.32012,343.52631,204.60764,1,1,0,0,1
259.34053,343.87576,204.58801,1,1,0,0,1
259.36034,344.22574,204.59280,1,1,0,0,1
259.38038,344.57452,204.62199,1,1,0,0,1
259.40025,345.26175,204.75288,1,1,0,0,1
259.42040,345.59683,204.85394,1,1,0,0,1
259.44018,345.92407,204.97812,1,1,0,0,1
259.46036,346.24185,205.12482,1,1,0,0,1
259.48007,346.84290,205.48280,1,1,0,0,1
259.50045,347.12323,205.69235,1,1,0,0,1
259.52034,347.63672,206.16745,1,1,0,0,1
259.54040,347.86737,206.43069,1,1,0,0,1
259.56037,348.07910,206.70938,1,1,0,0,1
259.58051,348.27090,207.00215,1,1,0,0,1
259.60024,348.59100,207.62419,1,1,0,0,1
259.62050,348.71774,207.95044,1,1,0,0,1
259.64020,348.82144,208.28473,1,1,0,0,1
259.66034,348.90155,208.62544,1,1,0,0,1
259.68009,348.95770,208.97090,1,1,0,0,1
259.70029,348.98962,209.31944,1,1,0,0,1
259.72016,348.98029,210.01895,1,0,0,0,1
259.74032,348.93909,210.36652,1,0,0,0,1
259.76047,348.89789,210.71408,1,0,0,0,1
259.78014,348.85669,211.06165,1,0,0,0,1
259.80047,348.77429,211.75677,1,0,0,0,1
259.82046,348.73309,212.10434,1,0,0,0,1
259.84050,348.69189,212.45190,1,0,0,0,1
259.86048,348.65070,212.79947,1,0,0,0,1
259.88050,348.60950,213.14703,1,0,0,0,1
259.90050,348.52710,213.84216,1,0,0,0,1
259.92050,348.44470,214.53729,1,0,0,0,1
259.94019,348.40350,214.88486,1,0,0,0,1
259.96038,348.36230,215.23242,1,0,0,0,1
259.98015,348.32111,215.57999,1,0,0,0,1
260.00048,348.23871,216.27512,1,0,0,0,1
260.02034,348.19751,216.62268,1,0,0,0,1
260.04044,348.15631,216.97025,1,0,1,0,1
260.06023,348.11511,217.31781,1,0,1,0,1
260.08035,348.09827,217.66740,1,0,1,0,1
260.10021,348.13794,218.36584,1,0,1,0,1
260.12021,348.19424,218.71129,1,0,1,0,1
260.14040,348.19424,218.71129,1,0,1,0,1
260.16006,348.37842,219.38618,1,0,1,0,1
260.18025,348.65482,220.02884,1,0,1,0,1
260.20054,348.82599,220.33412,1,0,1,0,1
260.22015,349.01807,220.62671,1,0,1,0,1
260.24006,349.46106,221.16814,1,0,1,0,1
260.26030,349.70984,221.41434,1,0,1,0,1
260.28013,349.97519,221.64256,1,0,1,0,1
260.30043,350.25583,221.85170,1,0,1,0,1
260.32028,350.85742,222.20872,1,0,1,0,1
260.34010,351.17545,222.35487,1,0,1,0,1
260.36030,351.50290,222.47845,1,0,1,0,1
260.38046,351.83820,222.57887,1,0,1,0,1
260.40012,352.52570,222.70834,1,0,1,0,1
260.42005,352.87454,222.73677,1,0,1,0,1
260.44023,353.22452,222.74077,1,0,1,0,1
260.46007,353.57391,222.72031,1,0,1,0,1
260.48048,353.92102,222.67549,1,0,1,0,1
260.50035,354.60165,222.51382,1,0,1,0,1
260.52028,354.93185,222.39775,1,0,1,0,1
260.54059,355.25314,222.25890,1,0,1,0,1
260.56010,355.56393,222.09795,1,0,1,0,1
260.58032,355.86273,221.91568,1,0,1,0,1
260.60004,356.14807,221.71300,1,0,1,0,1
260.62016,356.67285,221.25041,1,0,1,0,1
260.64027,357.12808,220.71924,1,0,1,0,1
260.66044,357.32678,220.43111,1,0,1,0,1
260.68008,357.50488,220.12981,1,0,1,0,1
260.70009,357.66150,219.81680,1,0,1,0,1
260.72042,357.90735,219.16185,1,0,1,0,1
260.74029,357.99539,218.82310,1,0,1,0,1
260.76056,358.05954,218.47903,1,0,1,0,1
260.78014,358.09952,218.13133,1,0,1,0,1
260.80007,358.11511,217.78168,1,0,1,0,1
260.82022,358.07306,217.08337,1,0,1,0,1
260.84036,358.01556,216.73813,1,0,1,0,1
260.86050,357.93411,216.39774,1,0,1,0,1
260.88018,357.82907,216.06387,1,0,1,0,1
260.90033,357.70099,215.73816,1,0,1,0,1
260.92020,357.37827,215.11748,1,0,1,0,1
260.94024,357.18518,214.82555,1,0,1,0,1
260.96015,356.97220,214.54782,1,0,1,0,1
260.98037,356.74033,214.28564,1,0,1,0,1
261.00022,356.49072,214.04030,1,0,1,0,1
261.02040,355.94321,213.60481,1,0,1,0,1
261.04032,355.34036,213.24986,1,0,1,0,1
261.06019,355.02182,213.10481,1,0,1,0,1
261.08015,354.69394,212.98236,1,0,1,0,1
261.10017,354.35831,212.88310,1,0,1,0,1
261.12030,353.67038,212.75600,1,0,1,0,1
261.14046,353.32144,212.72878,1,0,1,0,1
261.16008,352.97147,212.72598,1,0,1,0,1
261.18036,352.62213,212.74765,1,0,1,0,1
261.20052,352.27518,212.79366,1,0,1,0,1
261.22024,351.59512,212.95769,1,0,1,0,1
261.24051,351.26532,213.07491,1,0,1,0,1
261.26016,350.94452,213.21486,1,0,1,0,1
261.28027,350.63428,213.37688,1,0,1,0,1
261.30016,350.33612,213.56017,1,0,1,0,1
261.32034,349.78177,213.98689,1,0,1,0,1
261.34007,349.52829,214.22823,1,0,1,0,1
261.36027,349.29227,214.48668,1,0,1,0,1
261.38034,349.07489,214.76099,1,0,1,0,1
261.40021,348.87720,215.04980,1,0,1,0,1
261.42054,348.54459,215.66525,1,0,1,0,1
261.44013,348.41132,215.98889,1,0,1,0,1
261.46044,348.30099,216.32104,1,0,1,0,1
261.48008,348.15115,217.00438,1,0,1,0,1
261.50036,348.11237,217.35222,1,0,1,0,1
261.52053,348.09796,217.70192,1,0,1,0,1
261.54010,348.14252,218.40007,1,0,1,0,1
261.56024,348.20123,218.74512,1,0,1,0,1
261.58010,348.28391,219.08522,1,0,1,0,1
261.60032,348.39011,219.41872,1,0,1,0,1
261.62019,348.67099,220.05942,1,0,1,0,1
261.64011,348.84430,220.36349,1,0,1,0,1
261.66026,349.03842,220.65474,1,0,1,0,1
261.68051,349.25241,220.93172,1,0,1,0,1
261.70016,349.48520,221.19307,1,0,1,0,1
261.72018,350.00262,221.66389,1,0,1,0,1
261.74023,350.28473,221.87106,1,0,1,0,1
261.76007,350.58060,222.05803,1,0,1,0,1
261.78022,350.88882,222.22388,1,0,1,0,1
261.80040,351.20786,222.36780,1,0,1,0,1
261.82035,351.87213,222.58716,1,0,1,0,1
261.84011,352.56052,222.71181,1,0,1,0,1
261.86014,352.90955,222.73779,1,0,1,0,1
261.88051,353.25955,222.73933,1,0,1,0,1
261.90014,353.60880,222.71643,1,0,1,0,1
261.92029,354.29825,222.59785,1,0,1,0,1
261.94044,354.63507,222.50276,1,0,1,0,1
261.96015,354.96445,222.38438,1,0,1,0,1
261.98036,355.28476,222.24329,1,0,1,0,1
262.00049,355.59442,222.08017,1,0,1,0,1
262.02050,356.17584,221.69115,1,0,1,0,1
262.04053,356.44476,221.46715,1,0,1,0,1
262.06008,356.69739,221.22491,1,0,1,0,1
262.08009,356.93250,220.96562,1,0,1,0,1
262.10016,357.14890,220.69055,1,0,1,0,1
262.12034,357.52155,220.09850,1,0,1,0,1
262.14009,357.67596,219.78441,1,0,1,0,1
262.16046,357.80807,219.46030,1,0,1,0,1
262.18010,357.91724,219.12775,1,0,1,0,1
262.20023,358.00290,218.78839,1,0,1,0,1
262.22060,358.10220,218.09590,1,0,1,0,1
262.24012,358.10410,217.39633,1,0,1,0,1
262.26030,358.06842,217.04816,1,0,1,0,1
262.28050,358.00851,216.70332,1,0,1,0,1
262.30034,357.92468,216.36351,1,0,1,0,1
262.32059,357.68695,215.70557,1,0,1,0,1
262.34041,357.53421,215.39066,1,0,1,0,1
262.36006,357.35986,215.08717,1,0,1,0,1
262.38039,357.16473,214.79660,1,0,1,0,1
262.40053,356.94980,214.52037,1,0,1,0,1
262.42036,356.46478,214.01624,1,0,0,0,1
262.44025,356.19705,213.79079,1,0,0,0,1
262.46013,355.92932,213.56534,1,0,0,0,1
262.48005,355.39386,213.11444,1,0,0,0,1
262.50026,355.12613,212.88899,1,0,0,0,1
262.52096,354.85840,212.66354,1,0,0,0,1
262.54010,354.59067,212.43810,1,0,0,0,1
262.56044,354.05521,211.98720,1,0,0,0,1
262.58014,353.78748,211.76175,1,0,0,0,1
262.60018,353.51974,211.53630,1,0,0,0,1
262.62074,353.25201,211.31085,1,0,0,0,1
262.64012,352.71655,210.85995,1,0,0,0,1
262.66049,352.44882,210.63451,1,0,0,0,1
262.68051,352.18109,210.40906,1,0,0,0,1
262.70027,351.91336,210.18361,1,0,0,0,1
262.72056,351.37790,209.73271,1,1,0,0,1
262.74025,351.11017,209.50726,1,1,0,0,1
262.76043,350.85883,209.26370,1,1,0,0,1
262.78026,350.62506,209.00320,1,1,0,0,1
262.80035,350.41003,208.72704,1,1,0,0,1
262.82011,350.04031,208.13313,1,1,0,0,1
262.84030,349.88739,207.81830,1,1,0,0,1
262.86039,349.75681,207.49358,1,1,0,0,1
262.88005,349.64920,207.16054,1,1,0,0,1
262.90013,349.56506,206.82080,1,1,0,0,1
262.92034,349.46878,206.12788,1,1,0,0,1
262.94023,349.45709,205.77808,1,1,0,0,1
262.96045,349.46985,205.42831,1,1,0,0,1
262.98041,349.50696,205.08029,1,1,0,0,1
263.00013,349.56824,204.73570,1,1,0,0,1
263.02008,349.76205,204.06351,1,1,0,0,1
263.04045,350.04752,203.42482,1,1,0,0,1
263.06012,350.22293,203.12196,1,1,0,0,1
263.08025,350.41904,202.83208,1,1,0,0,1
263.10063,350.63489,202.55656,1,1,0,0,1
263.12024,351.12155,202.05399,1,1,0,0,1
263.14027,351.38995,201.82936,1,1,0,0,1
263.16049,351.67337,201.62401,1,1,0,0,1
263.18037,351.97043,201.43892,1,1,0,0,1
263.20018,352.27966,201.27499,1,1,0,0,1
263.22048,352.92862,201.01375,1,1,0,0,1
263.24015,353.26517,200.91768,1,1,0,0,1
263.26050,353.60760,200.84532,1,1,0,0,1
263.28042,353.95425,200.79703,1,1,0,0,1
263.30042,354.30344,200.77303,1,1,0,0,1
263.32051,355.00256,200.79823,1,1,0,0,1
263.34044,355.34909,200.84734,1,1,0,0,1
263.36021,355.69138,200.92049,1,1,0,0,1
263.38049,356.02771,201.01732,1,1,0,0,1
263.40023,356.35648,201.13737,1,1,0,0,1
263.42032,356.98492,201.44470,1,1,0,0,1
263.44042,357.56451,201.83649,1,1,0,0,1
263.46035,357.83240,202.06172,1,1,0,0,1
263.48008,358.08392,202.30510,1,1,0,0,1
263.50016,358.31787,202.56541,1,1,0,0,1
263.52048,358.72855,203.13176,1,1,0,0,1
263.54032,358.90329,203.43503,1,1,0,0,1
263.56043,359.05646,203.74974,1,1,0,0,1
263.58023,359.18729,204.07437,1,1,0,0,1
263.60023,359.29517,204.40733,1,1,0,0,1
263.62026,359.44003,205.09174,1,1,0,0,1
263.64044,359.47635,205.43985,1,1,0,0,1
263.66019,359.48828,205.78964,1,1,0,0,1
263.68038,359.47580,206.13942,1,1,0,0,1
263.70050,359.43896,206.48747,1,1,0,0,1
263.72036,359.29303,207.17165,1,1,0,0,1
263.74038,359.18463,207.50444,1,1,0,0,1
263.76012,359.05331,207.82887,1,1,0,0,1
263.78029,358.89969,208.14336,1,1,0,0,1
263.80046,358.72449,208.44635,1,1,0,0,1
263.82021,358.31296,209.01207,1,1,0,0,1
263.84053,357.82669,209.51501,1,1,0,0,1
263.86051,357.55844,209.73984,1,1,0,0,1
263.88015,357.27518,209.94540,1,1,0,0,1
263.90049,356.97827,210.13072,1,1,0,0,1
263.92020,356.34933,210.43707,1,1,0,0,1
263.94045,356.02039,210.55663,1,1,0,0,1
263.96019,355.68390,210.65294,1,1,0,0,1
263.98038,355.34152,210.72556,1,1,0,0,1
264.00020,354.99490,210.77412,1,1,0,0,1
264.02052,354.29575,210.79826,1,1,0,0,1
264.04009,353.94659,210.77373,1,1,0,0,1
264.06036,353.60001,210.72490,1,1,0,0,1
264.08053,353.25769,210.65202,1,1,0,0,1
264.10048,352.92126,210.55545,1,1,0,0,1
264.12003,352.27271,210.29320,1,1,0,0,1
264.14018,351.96371,210.12880,1,1,0,0,1
264.16048,351.66693,209.94325,1,1,0,0,1
264.18050,351.38382,209.73746,1,1,0,0,1
264.20051,351.11575,209.51242,1,1,0,0,1
264.22006,350.62988,209.00909,1,1,0,0,1
264.24039,350.21878,208.44307,1,1,0,0,1
264.26039,350.04382,208.13994,1,1,0,0,1
264.28044,349.89044,207.82535,1,1,0,0,1
264.30019,349.75937,207.50082,1,1,0,0,1
264.32059,349.56659,206.82834,1,1,0,0,1
264.34051,349.50583,206.48366,1,1,0,0,1
264.36022,349.46924,206.13557,1,1,0,0,1
264.38045,349.45703,205.78578,1,1,0,0,1
264.40014,349.46924,205.43599,1,1,0,0,1
264.42028,349.56659,204.74323,1,1,0,0,1
264.44019,349.65125,204.40361,1,1,0,0,1
264.46052,349.75937,204.07074,1,1,0,0,1
264.48020,349.89044,203.74622,1,1,0,0,1
264.50041,350.04382,203.43163,1,1,0,0,1
264.52051,350.41446,202.83830,1,1,0,0,1
264.54070,350.62988,202.56247,1,1,0,0,1
264.56038,350.86404,202.30232,1,1,0,0,1
264.58014,351.11575,202.05914,1,1,0,0,1
264.60035,351.66693,201.62831,1,1,0,0,1
264.62049,351.96371,201.44276,1,1,0,0,1
264.64052,352.59241,201.13593,1,1,0,0,1
264.66027,352.92126,201.01611,1,1,0,0,1
264.68010,353.25769,200.91954,1,1,0,0,1
264.70053,353.60001,200.84666,1,1,0,0,1
264.72011,353.94659,200.79784,1,1,0,0,1
264.74036,354.64575,200.77316,1,1,0,0,1
264.76053,354.99490,200.79744,1,1,0,0,1
264.78029,355.34152,200.84601,1,1,0,0,1
264.80021,355.68390,200.91862,1,1,0,0,1
264.82007,356.02039,201.01494,1,1,0,0,1
264.84011,356.66916,201.27669,1,1,0,0,1
264.86038,356.97827,201.44084,1,1,0,0,1
264.88010,357.27518,201.62616,1,1,0,0,1
264.90047,357.55844,201.83173,1,1,0,0,1
264.92020,357.82669,202.05655,1,1,0,0,1
264.94043,358.31296,202.55949,1,1,0,0,1
264.96062,358.72449,203.12521,1,1,0,0,1
264.98020,358.89969,203.42821,1,1,0,0,1
265.00052,359.05331,203.74269,1,1,0,0,1
265.02048,359.18463,204.06712,1,1,0,0,1
265.04003,359.37793,204.73946,1,1,0,0,1
265.06022,359.43896,205.08409,1,1,0,0,1
265.08005,359.47580,205.43214,1,1,0,0,1
265.10026,359.48828,205.78192,1,1,0,0,1
265.12054,359.47635,206.13171,1,1,0,0,1
265.14050,359.37955,206.82455,1,1,0,0,1
265.16024,359.29517,207.16423,1,1,0,0,1
265.18044,359.18729,207.49719,1,1,0,0,1
265.20022,359.05646,207.82182,1,1,0,0,1
265.22043,358.72855,208.43980,1,1,0,0,1
265.24041,358.53308,208.73015,1,1,0,0,1
265.26052,358.31787,209.00615,1,1,0,0,1
265.28028,358.08392,209.26646,1,1,0,0,1
265.30007,357.83240,209.50984,1,1,0,0,1
265.32039,357.56451,209.73508,1,1,0,0,1
265.34027,356.98492,210.12686,1,1,0,0,1
265.36047,356.67606,210.29149,1,1,0,0,1
265.38007,356.35648,210.43419,1,1,0,0,1
265.40045,355.69138,210.65108,1,1,0,0,1
265.42023,355.34909,210.72423,1,1,0,0,1
265.44041,354.65344,210.79814,1,1,0,0,1
265.46020,354.30344,210.79854,1,0,0,0,1
265.48016,353.95425,210.77454,1,0,0,0,1
265.50050,353.60760,210.72624,1,0,0,0,1
265.52036,353.26096,210.67795,1,0,0,0,1
265.54012,352.56766,210.58136,1,0,0,0,1
265.56008,352.22101,210.53307,1,0,0,0,1
265.58025,351.87436,210.48477,1,0,0,0,1
265.60048,351.52771,210.43648,1,0,0,0,1
265.62046,351.18106,210.38818,1,0,0,0,1
265.64041,350.48776,210.29160,1,0,1,0,1
265.66008,350.14111,210.24330,1,0,1,0,1
265.68030,349.79193,210.21933,1,0,1,0,1
265.70013,349.44193,210.21980,1,0,1,0,1
265.72033,349.09280,210.24472,1,0,1,0,1
265.74055,348.40405,210.36725,1,0,1,0,1
265.76030,348.06778,210.46428,1,0,1,0,1
265.78048,347.41962,210.72751,1,0,1,0,1
265.80039,347.11090,210.89241,1,0,1,0,1
265.82008,346.81445,211.07846,1,0,1,0,1
265.84050,346.26407,211.51030,1,0,1,0,1
265.86003,346.01285,211.75398,1,0,1,0,1
265.88049,345.77924,212.01462,1,0,1,0,1
265.90017,345.56442,212.29092,1,0,1,0,1
265.92005,345.36942,212.58156,1,0,1,0,1
265.94048,345.04257,213.20007,1,0,1,0,1
265.96034,344.91232,213.52493,1,0,1,0,1
265.98005,344.80508,213.85809,1,0,1,0,1
266.00004,344.72137,214.19794,1,0,1,0,1
266.02025,344.66159,214.54280,1,0,1,0,1
266.04044,344.61490,215.24081,1,0,1,0,1
266.06005,344.62820,215.59056,1,0,1,0,1
266.08031,344.66592,215.93852,1,0,1,0,1
266.10040,344.72784,216.28300,1,0,1,0,1
266.12019,344.81366,216.62231,1,0,1,0,1
266.14007,344.92297,216.95480,1,0,1,0,1
266.16038,345.20981,217.59288,1,0,1,0,1
266.18023,345.58273,218.18475,1,0,1,0,1
266.20028,345.79929,218.45972,1,0,1,0,1
266.22046,346.03452,218.71889,1,0,1,0,1
266.24039,346.55630,219.18488,1,0,1,0,1
266.26009,346.84033,219.38942,1,0,1,0,1
266.28034,347.13794,219.57362,1,0,1,0,1
266.30050,347.44769,219.73660,1,0,1,0,1
266.32029,347.76807,219.87755,1,0,1,0,1
266.34053,348.43439,220.09071,1,0,1,0,1
266.36021,348.77707,220.16190,1,0,1,0,1
266.38008,349.12390,220.20897,1,0,1,0,1
266.40013,349.47318,220.23170,1,0,1,0,1
266.42017,349.82318,220.23000,1,0,1,0,1
266.44017,350.51855,220.15338,1,0,1,0,1
266.46020,350.86053,220.07886,1,0,1,0,1
266.48028,351.19647,219.98064,1,0,1,0,1
266.50036,351.52472,219.85919,1,0,1,0,1
266.52008,351.84369,219.71512,1,0,1,0,1
266.54041,352.44760,219.36201,1,0,1,0,1
266.56027,352.99646,218.92821,1,0,1,0,1
266.58055,353.24683,218.68362,1,0,1,0,1
266.60011,353.47949,218.42216,1,0,1,0,1
266.62023,353.69333,218.14510,1,0,1,0,1
266.64046,354.06046,217.54959,1,0,1,0,1
266.66047,354.21194,217.23407,1,0,1,0,1
266.68052,354.34103,216.90875,1,0,1,0,1
266.70041,354.44708,216.57521,1,0,1,0,1
266.72006,354.52957,216.23508,1,0,1,0,1
266.74015,354.62241,215.54170,1,0,1,0,1
266.76042,354.63229,215.19185,1,0,1,0,1
266.78023,354.61777,214.84215,1,0,1,0,1
266.80041,354.57886,214.49432,1,0,1,0,1
266.82031,354.51575,214.15005,1,0,1,0,1
266.84024,354.31830,213.47893,1,0,1,0,1
266.86033,354.18491,213.15533,1,0,1,0,1
266.88047,353.85211,212.54001,1,0,1,0,1
266.90041,353.65430,212.25127,1,0,1,0,1
266.92043,353.43680,211.97705,1,0,1,0,1
266.94020,353.20068,211.71869,1,0,1,0,1
266.96013,352.67731,211.25450,1,0,1,0,1
266.98040,352.39258,211.05095,1,0,1,0,1
267.00051,352.09433,210.86777,1,0,1,0,1
267.02012,351.78403,210.70587,1,0,1,0,1
267.04027,351.13333,210.44894,1,0,1,0,1
267.06032,350.79611,210.35518,1,0,1,0,1
267.08028,350.45319,210.28519,1,0,1,0,1
267.10046,350.10620,210.23932,1,0,1,0,1
267.12012,349.75687,210.21779,1,0,1,0,1
267.14024,349.05795,210.24806,1,0,1,0,1
267.16024,348.71179,210.29971,1,0,1,0,1
267.18056,348.37009,210.37541,1,0,1,0,1
267.20014,348.03448,210.47479,1,0,1,0,1
267.22032,347.70667,210.59737,1,0,1,0,1
267.24019,347.08063,210.90959,1,0,1,0,1
267.26034,346.78549,211.09772,1,0,1,0,1
267.28054,346.50421,211.30600,1,0,1,0,1
267.30009,346.23816,211.53342,1,0,1,0,1
267.32037,345.98865,211.77885,1,0,1,0,1
267.34037,345.54398,212.31894,1,0,1,0,1
267.36006,345.17889,212.91570,1,0,1,0,1
267.38054,345.02850,213.23174,1,0,1,0,1
267.40017,344.90054,213.55751,1,0,1,0,1
267.42013,344.79565,213.89142,1,0,1,0,1
267.44048,344.65698,214.57712,1,0,1,0,1
267.46011,344.62387,214.92555,1,0,1,0,1
267.48034,344.61517,215.27545,1,0,1,0,1
267.50052,344.63095,215.62509,1,0,1,0,1
267.52046,344.67108,215.97278,1,0,1,0,1
267.54015,344.82361,216.65552,1,0,1,0,1
267.56045,344.93524,216.98724,1,0,1,0,1
267.58032,345.06976,217.31036,1,0,1,0,1
267.60017,345.22653,217.62329,1,0,1,0,1
267.62028,345.40475,217.92451,1,0,1,0,1
267.64048,345.82205,218.48601,1,0,1,0,1
267.66040,346.05908,218.74353,1,0,1,0,1
267.68014,346.31351,218.98387,1,0,1,0,1
267.70047,346.86954,219.40840,1,0,1,0,1
267.72015,347.16843,219.59052,1,0,1,0,1
267.74021,347.47931,219.75131,1,0,1,0,1
267.76037,348.13092,220.00594,1,0,1,0,1
267.78004,348.46844,220.09851,1,0,1,0,1
267.80029,348.81161,220.16728,1,0,1,0,1
267.82041,349.15875,220.21193,1,0,1,0,1
267.84016,349.85815,220.22806,1,0,1,0,1
267.86036,350.20697,220.19946,1,0,1,0,1
267.88048,350.55295,220.14658,1,0,1,0,1
267.90009,350.89438,220.06966,1,0,1,0,1
267.92022,351.22961,219.96909,1,0,1,0,1
267.94009,351.87497,219.69905,1,0,1,0,1
267.96045,352.18195,219.53090,1,0,1,0,1
267.98022,352.47641,219.34172,1,0,1,0,1
268.00039,352.75696,219.13245,1,0,1,0,1
268.02007,353.02219,218.90408,1,0,1,0,1
268.04016,353.50168,218.39467,1,0,1,0,1
268.06028,353.71359,218.11610,1,0,1,0,1
268.08055,353.90552,217.82343,1,0,1,0,1
268.10051,354.07654,217.51805,1,0,1,0,1
268.12028,354.35263,216.87526,1,0,1,0,1
268.14045,354.45636,216.54099,1,0,1,0,1
268.16024,354.59259,215.85480,1,0,1,0,1
268.18040,354.62445,215.50626,1,0,1,0,1
268.20053,354.63190,215.15634,1,0,1,0,1
268.22035,354.61493,214.80675,1,0,1,0,1
268.24045,354.50806,214.11539,1,0,1,0,1
268.26041,354.41870,213.77699,1,0,1,0,1
268.28018,354.30591,213.44566,1,0,1,0,1
268.30012,354.17026,213.12302,1,0,1,0,1
268.32033,354.01242,212.81062,1,0,1,0,1
268.34012,353.63333,212.22267,1,0,1,0,1
268.36035,353.63333,212.22267,1,0,1,0,1
268.38008,353.17599,211.69328,1,0,1,0,1
268.40033,352.64938,211.23277,1,0,1,0,1
268.42003,352.36325,211.03122,1,0,1,0,1
268.44005,352.06375,210.85013,1,0,1,0,1
268.46028,351.75232,210.69040,1,0,1,0,1
268.48007,351.09985,210.43803,1,0,1,0,1
268.50027,350.76199,210.34663,1,0,1,0,1
268.52023,350.41858,210.27904,1,0,1,0,1
268.54031,350.07129,210.23560,1,0,1,0,1
268.56045,349.37186,210.22188,1,0,1,0,1
268.58046,349.02313,210.25168,1,0,1,0,1
268.60045,348.67734,210.30576,1,0,0,0,1
268.62006,348.33615,210.38385,1,0,0,0,1
268.64007,347.65378,210.54004,1,0,0,0,1
268.66054,347.31259,210.61813,1,0,0,0,1
268.68019,346.97141,210.69623,1,0,0,0,1
268.70041,346.63022,210.77432,1,0,0,0,1
268.72038,346.28903,210.85242,1,0,0,0,1
268.74049,345.60666,211.00861,1,0,0,0,1
268.76053,345.26547,211.08670,1,0,0,0,1
268.78014,344.92429,211.16479,1,0,0,0,1
268.80029,344.58310,211.24289,1,0,0,0,1
268.82011,344.24191,211.32098,1,0,0,0,1
268.84038,343.55954,211.47717,1,0,0,0,1
268.86008,343.21835,211.55527,1,0,0,0,1
268.88054,342.87717,211.63336,1,0,0,0,1
268.90022,342.53598,211.71146,1,0,0,0,1
268.92049,342.19479,211.78955,1,1,0,0,1
268.94028,341.51242,211.94574,1,1,0,0,1
268.96045,340.81790,212.02971,1,1,0,0,1
268.98023,340.46796,212.03517,1,1,0,0,1
269.00004,340.11847,212.01622,1,1,0,0,1
269.02049,339.77115,211.97295,1,1,0,0,1
269.04017,339.42770,211.90555,1,1,0,0,1
269.06038,338.75906,211.69984,1,1,0,0,1
269.08004,338.43713,211.56253,1,1,0,0,1
269.10019,338.12555,211.40311,1,1,0,0,1
269.12035,337.82584,211.22234,1,1,0,0,1
269.14053,337.26782,210.80038,1,1,0,0,1
269.16019,337.01224,210.56126,1,1,0,0,1
269.18048,336.77396,210.30490,1,1,0,0,1
269.20053,336.55414,210.03255,1,1,0,0,1
269.22029,336.35385,209.74553,1,1,0,0,1
269.24045,336.01566,209.13313,1,1,0,0,1
269.26012,335.87939,208.81075,1,1,0,0,1
269.28031,335.76596,208.47964,1,1,0,0,1
269.30008,335.67587,208.14143,1,1,0,0,1
269.32049,335.60959,207.79776,1,1,0,0,1
269.34018,335.54962,207.10075,1,1,0,0,1
269.36041,335.58725,206.40219,1,1,0,0,1
269.38038,335.64249,206.05658,1,1,0,0,1
269.40028,335.72168,205.71565,1,1,0,0,1
269.42035,335.82446,205.38109,1,1,0,0,1
269.44006,335.95032,205.05450,1,1,0,0,1
269.46055,336.26874,204.43159,1,1,0,0,1
269.48038,336.45975,204.13831,1,1,0,0,1
269.50013,336.67075,203.85905,1,1,0,0,1
269.52029,336.90070,203.59520,1,1,0,0,1
269.54009,337.14850,203.34802,1,1,0,0,1
269.56031,337.69272,202.90843,1,1,0,0,1
269.58046,337.98648,202.71815,1,1,0,0,1
269.60010,338.29279,202.54883,1,1,0,0,1
269.62014,338.61017,202.40128,1,1,0,0,1
269.64015,338.93707,202.27621,1,1,0,0,1
269.66034,339.61301,202.09590,1,1,0,0,1
269.68048,339.95877,202.04153,1,1,0,0,1
269.70008,340.30746,202.01140,1,1,0,0,1
269.72035,341.00690,202.02434,1,1,0,0,1
269.74016,341.35425,202.06735,1,1,0,0,1
269.76005,342.03574,202.22540,1,1,0,0,1
269.78049,342.36655,202.33968,1,1,0,0,1
269.80018,342.68860,202.47675,1,1,0,0,1
269.82051,343.00031,202.63594,1,1,0,0,1
269.84023,343.30014,202.81648,1,1,0,0,1
269.86044,343.85849,203.23799,1,1,0,0,1
269.88022,344.11426,203.47691,1,1,0,0,1
269.90044,344.35275,203.73309,1,1,0,0,1
269.92023,344.57278,204.00528,1,1,0,0,1
269.94032,344.77332,204.29214,1,1,0,0,1
269.96053,345.11200,204.90428,1,1,0,0,1
269.98016,345.24850,205.22656,1,1,0,0,1
270.00039,345.36221,205.55759,1,1,0,0,1
270.02012,345.45255,205.89572,1,1,0,0,1
270.04028,345.51907,206.23933,1,1,0,0,1
270.06045,345.57956,206.93629,1,1,0,0,1
270.08010,345.57321,207.28624,1,1,0,0,1
270.10031,345.48752,207.98055,1,1,0,0,1
270.12041,345.40857,208.32153,1,1,0,0,1
270.14017,345.30603,208.65617,1,1,0,0,1
270.16027,345.03232,209.29997,1,1,0,0,1
270.18047,344.86246,209.60600,1,1,0,0,1
270.20019,344.67169,209.89943,1,1,0,0,1
270.22043,344.46091,210.17885,1,1,0,0,1
270.24026,344.23114,210.44289,1,1,0,0,1
270.26043,343.71927,210.91975,1,1,0,0,1
270.28010,343.43967,211.13026,1,1,0,0,1
270.30030,343.14606,211.32076,1,1,0,0,1
270.32003,342.83987,211.49031,1,1,0,0,1
270.34042,342.52261,211.63811,1,1,0,0,1
270.36010,341.86105,211.86562,1,1,0,0,1
270.38031,341.51999,211.94423,1,1,0,0,1
270.40055,341.17429,211.99887,1,1,0,0,1
270.42020,340.82562,212.02927,1,1,0,0,1
270.44044,340.47568,212.03528,1,1,0,0,1
270.46048,339.77878,211.97412,1,1,0,0,1
270.48031,339.09717,211.81659,1,1,0,0,1
270.50051,338.76627,211.70258,1,1,0,0,1
270.52022,338.44412,211.56577,1,1,0,0,1
270.54044,338.13229,211.40681,1,1,0,0,1
270.56042,337.54562,211.02571,1,1,0,0,1
270.58009,337.27365,210.80542,1,1,0,0,1
270.60027,337.01770,210.56670,1,1,0,0,1
270.62019,336.77902,210.31070,1,1,0,0,1
270.64017,336.55878,210.03868,1,1,0,0,1
270.66037,336.17776,209.45195,1,1,0,0,1
270.68042,336.01886,209.14009,1,1,0,0,1
270.70041,335.88211,208.81792,1,1,0,0,1
270.72053,335.76816,208.48698,1,1,0,0,1
270.74052,335.67755,208.14891,1,1,0,0,1
270.76052,335.56808,207.45796,1,1,0,0,1
270.78041,335.54974,207.10844,1,1,0,0,1
270.80009,335.55582,206.75850,1,1,0,0,1
270.82042,335.58627,206.40982,1,1,0,0,1
270.84016,335.64099,206.06412,1,1,0,0,1
270.86054,335.82193,205.38837,1,1,0,0,1
270.88022,336.09515,204.74435,1,1,0,0,1
270.90037,336.26477,204.43820,1,1,0,0,1
270.92009,336.45532,204.14462,1,1,0,0,1
270.94007,336.66589,203.86505,1,1,0,0,1
270.96055,337.14285,203.35329,1,1,0,0,1
270.98023,337.40692,203.12358,1,1,0,0,1
271.00052,337.68637,202.91286,1,0,0,0,1
271.02047,337.97983,202.72214,1,0,0,0,1
271.04009,338.27328,202.53142,1,0,0,0,1
271.06012,338.56674,202.34070,0,0,0,0,1
271.08011,338.56674,202.34070,0,0,0,0,1
271.10024,338.56674,202.34070,0,0,0,0,1
271.12051,338.56674,202.34070,0,0,0,0,1
271.14021,338.56674,202.34070,0,0,0,0,1
271.16049,338.56674,202.34070,0,0,0,0,1
271.18027,338.56674,202.34070,0,0,0,0,1
271.20016,338.56674,202.34070,0,0,0,0,1
271.22012,338.56674,202.34070,0,0,0,0,1
271.24047,338.56674,202.34070,0,0,0,0,1
271.26056,338.56674,202.34070,0,0,0,0,1
271.28037,338.56674,202.34070,0,0,0,0,1
271.30029,338.56674,202.34070,0,0,0,0,1
271.32029,338.56674,202.34070,0,0,0,0,1
271.34039,338.56674,202.34070,0,0,0,0,1
271.36049,338.56674,202.34070,0,0,0,0,1
271.38026,338.56674,202.34070,0,0,0,0,1
271.40048,338.56674,202.34070,0,0,0,0,1
271.42004,338.56674,202.34070,0,0,0,0,1
271.44009,338.56674,202.34070,0,0,0,0,1
271.46052,338.56674,202.34070,0,0,0,0,1
271.48043,338.56674,202.34070,0,0,0,0,1
271.50019,338.56674,202.34070,0,0,0,0,1
271.52042,338.56674,202.34070,0,0,0,0,1
271.54017,338.56674,202.34070,0,0,0,0,1
271.56011,338.56674,202.34070,0,0,0,0,1
271.58035,338.56674,202.34070,0,0,0,0,1
271.60056,338.56674,202.34070,0,0,0,0,1
271.62044,338.56674,202.34070,0,0,0,0,1
271.64010,338.56674,202.34070,0,0,0,0,1
271.66055,338.56674,202.34070,0,0,0,0,1
271.68030,338.56674,202.34070,0,0,0,0,1
271.70036,338.56674,202.34070,0,0,0,0,1
271.72014,338.56674,202.34070,0,0,0,0,1
271.74036,338.56674,202.34070,0,0,0,0,1
271.76025,338.56674,202.34070,0,0,0,0,1
271.78040,338.56674,202.34070,0,0,0,0,1
271.80012,338.56674,202.34070,0,0,0,0,1
271.82032,338.56674,202.34070,0,0,0,0,1
271.84048,338.56674,202.34070,0,0,0,0,1
271.86013,338.56674,202.34070,0,0,0,0,1
271.88041,338.56674,202.34070,0,0,0,0,1
271.90015,338.56674,202.34070,0,0,0,0,1
271.92036,338.56674,202.34070,0,0,0,0,0
271.94044,338.56674,202.34070,0,0,0,0,0
271.96025,338.56674,202.34070,0,0,0,0,0
271.98045,338.56674,202.34070,0,0,0,0,0
272.00042,338.56674,202.34070,0,0,0,0,0
272.02053,338.56674,202.34070,0,0,0,0,0
272.04014,338.56674,202.34070,0,0,0,0,0
272.06054,338.56674,202.34070,0,0,0,0,0
272.08021,338.56674,202.34070,0,0,0,0,0
272.10038,338.56674,202.34070,0,0,0,0,0
272.12036,338.56674,202.34070,0,0,0,0,0
272.14026,338.56674,202.34070,0,0,0,0,0
272.16051,338.56674,202.34070,0,0,0,0,0
272.18046,338.56674,202.34070,0,0,0,0,0
272.20025,338.56674,202.34070,0,0,0,0,0
272.22041,338.56674,202.34070,0,0,0,0,0
272.24023,338.56674,202.34070,0,0,0,0,0
272.26053,338.56674,202.34070,0,0,0,0,0
272.28009,338.56674,202.34070,0,0,0,0,0
272.30036,338.56674,202.34070,0,0,0,0,0
272.32049,338.56674,202.34070,0,0,0,0,0
272.34027,338.56674,202.34070,0,0,0,0,0
272.36046,338.56674,202.34070,0,0,0,0,0
272.38019,338.56674,202.34070,0,0,0,0,0
272.40049,338.56674,202.34070,0,0,0,0,0
272.42019,338.56674,202.34070,0,0,0,0,0
272.44053,338.56674,202.34070,0,0,0,0,0
272.46022,338.56674,202.34070,0,0,0,0,0
272.48039,338.56674,202.34070,0,0,0,0,0
272.50016,338.56674,202.34070,0,0,0,0,0
272.52012,338.56674,202.34070,0,0,0,0,0
272.54032,338.56674,202.34070,0,0,0,0,0
272.56018,338.56674,202.34070,0,0,0,0,0
272.58008,338.56674,202.34070,0,0,0,0,0
272.60015,338.56674,202.34070,0,0,0,0,0
272.62024,338.56674,202.34070,0,0,0,0,0
272.64043,338.56674,202.34070,0,0,0,0,0
272.66011,338.56674,202.34070,0,0,0,0,0
272.68024,338.56674,202.34070,0,0,0,0,0
272.70041,338.56674,202.34070,0,0,0,0,0
272.72050,338.56674,202.34070,0,0,0,0,0
272.74019,338.56674,202.34070,0,0,0,0,0
272.76049,338.56674,202.34070,0,0,0,0,0
272.78022,338.56674,202.34070,0,0,0,0,0
272.80036,338.56674,202.34070,0,0,0,0,0
272.82052,338.56674,202.34070,0,0,0,0,0
272.84024,338.56674,202.34070,0,0,0,0,0
272.86021,338.56674,202.34070,0,0,0,0,0
272.88038,338.56674,202.34070,0,0,0,0,0
272.90010,338.56674,202.34070,0,0,0,0,0
272.92027,338.56674,202.34070,0,0,0,0,0
272.94018,338.56674,202.34070,0,0,0,0,0
272.96025,338.56674,202.34070,0,0,0,0,0
272.98042,338.56674,202.34070,0,0,0,0,0
273.00050,338.56674,202.34070,0,0,0,0,0
273.02054,338.56674,202.34070,0,0,0,0,0
273.04045,338.56674,202.34070,0,0,0,0,0
273.06005,338.56674,202.34070,0,0,0,0,0
273.08020,338.56674,202.34070,0,0,0,0,0
273.10028,338.56674,202.34070,0,0,0,0,0
273.12046,338.56674,202.34070,0,0,0,0,0
