elapsed_s,player_x,player_z,forward,left,right,jump,focused
0.00000,253.00000,86.00000,0,0,0,0,0
0.02033,253.00000,86.00000,0,0,0,0,0
0.04015,253.00000,86.00000,0,0,0,0,0
0.06037,253.00000,86.00000,0,0,0,0,0
0.08019,253.00000,86.00000,0,0,0,0,0
0.10031,253.00000,86.00000,0,0,0,0,0
0.12025,253.00000,86.00000,0,0,0,0,0
0.14048,253.00000,86.00000,0,0,0,0,0
0.16014,253.00000,86.00000,0,0,0,0,0
0.18047,253.00000,86.00000,0,0,0,0,0
0.20011,253.00000,86.00000,0,0,0,0,0
0.22034,253.00000,86.00000,0,0,0,0,0
0.24053,253.00000,86.00000,0,0,0,0,0
0.26023,253.00000,86.00000,0,0,0,0,0
0.28080,253.00000,86.00000,0,0,0,0,0
0.30017,253.00000,86.00000,0,0,0,0,0
0.32045,253.00000,86.00000,0,0,0,0,0
0.34040,253.00000,86.00000,0,0,0,0,0
0.36010,253.00000,86.00000,0,0,0,0,0
0.38032,253.00000,86.00000,0,0,0,0,0
0.40029,253.00000,86.00000,0,0,0,0,0
0.42011,253.00000,86.00000,0,0,0,0,0
0.44028,253.00000,86.00000,0,0,0,0,0
0.46043,253.00000,86.00000,0,0,0,0,0
0.48011,253.00000,86.00000,0,0,0,0,0
0.50033,253.00000,86.00000,0,0,0,0,0
0.52018,253.00000,86.00000,0,0,0,0,0
0.54046,253.00000,86.00000,0,0,0,0,0
0.56011,253.00000,86.00000,0,0,0,0,0
0.58067,253.00000,86.00000,0,0,0,0,0
0.60031,253.00000,86.00000,0,0,0,0,0
0.62054,253.00000,86.00000,0,0,0,0,0
0.64020,253.00000,86.00000,0,0,0,0,0
0.66048,253.00000,86.00000,0,0,0,0,0
0.68021,253.00000,86.00000,0,0,0,0,0
0.70004,253.00000,86.00000,0,0,0,0,0
0.72052,253.00000,86.00000,0,0,0,0,0
0.74005,253.00000,86.00000,0,0,0,0,0
0.76047,253.00000,86.00000,0,0,0,0,0
0.78018,253.00000,86.00000,0,0,0,0,0
0.80037,253.00000,86.00000,0,0,0,0,0
0.82056,253.00000,86.00000,0,0,0,0,0
0.84021,253.00000,86.00000,0,0,0,0,0
0.86032,253.00000,86.00000,0,0,0,0,0
0.88029,253.00000,86.00000,0,0,0,0,0
0.90053,253.00000,86.00000,0,0,0,0,0
0.92033,253.00000,86.00000,0,0,0,0,0
0.94050,253.00000,86.00000,0,0,0,0,0
0.96010,253.00000,86.00000,0,0,0,0,0
0.98036,253.00000,86.00000,0,0,0,0,0
1.00028,253.00000,86.00000,0,0,0,0,0
1.02013,253.00000,86.00000,0,0,0,0,0
1.04035,253.00000,86.00000,0,0,0,0,0
1.06050,253.00000,86.00000,0,0,0,0,0
1.08040,253.00000,86.00000,0,0,0,0,0
1.10011,253.00000,86.00000,0,0,0,0,0
1.12042,253.00000,86.00000,0,0,0,0,0
1.14058,253.00000,86.00000,0,0,0,0,0
1.16015,253.00000,86.00000,0,0,0,0,0
1.18028,253.00000,86.00000,0,0,0,0,0
1.20004,253.00000,86.00000,0,0,0,0,0
1.22018,253.00000,86.00000,0,0,0,0,0
1.24041,253.00000,86.00000,0,0,0,0,0
1.26029,253.00000,86.00000,0,0,0,0,0
1.28025,253.00000,86.00000,0,0,0,0,0
1.30037,253.00000,86.00000,0,0,0,0,0
1.32020,253.00000,86.00000,0,0,0,0,0
1.34049,253.00000,86.00000,0,0,0,0,0
1.36048,253.00000,86.00000,0,0,0,0,0
1.38041,253.00000,86.00000,0,0,0,0,0
1.40004,253.00000,86.00000,0,0,0,0,0
1.42030,253.00000,86.00000,0,0,0,0,0
1.44042,253.00000,86.00000,0,0,0,0,0
1.46041,253.00000,86.00000,0,0,0,0,0
1.48051,253.00000,86.00000,0,0,0,0,0
1.50030,253.00000,86.00000,0,0,0,0,0
1.52054,253.00000,86.00000,0,0,0,0,0
1.54022,253.00000,86.00000,0,0,0,0,0
1.56019,253.00000,86.00000,0,0,0,0,0
1.58050,253.00000,86.00000,0,0,0,0,0
1.60011,253.00000,86.00000,0,0,0,0,0
1.62057,253.00000,86.00000,0,0,0,0,0
1.64003,253.00000,86.00000,0,0,0,0,0
1.66050,253.00000,86.00000,0,0,0,0,0
1.68035,253.00000,86.00000,0,0,0,0,0
1.70024,253.00000,86.00000,0,0,0,0,0
1.72035,253.00000,86.00000,0,0,0,0,0
1.74009,253.00000,86.00000,0,0,0,0,0
1.76040,253.00000,86.00000,0,0,0,0,0
1.78036,253.00000,86.00000,0,0,0,0,0
1.80052,253.00000,86.00000,0,0,0,0,0
1.82042,253.00000,86.00000,0,0,0,0,0
1.84025,253.00000,86.00000,0,0,0,0,0
1.86027,253.00000,86.00000,0,0,0,0,0
1.88035,253.00000,86.00000,0,0,0,0,0
1.90008,253.00000,86.00000,0,0,0,0,0
1.92036,253.00000,86.00000,0,0,0,0,0
1.94012,253.00000,86.00000,0,0,0,0,0
1.96035,253.00000,86.00000,0,0,0,0,0
1.98032,253.00000,86.00000,0,0,0,0,0
2.00044,253.00000,86.00000,0,0,0,0,0
2.02047,253.00000,86.00000,0,0,0,0,0
2.04052,253.00000,86.00000,0,0,0,0,0
2.06021,253.00000,86.00000,0,0,0,0,0
2.08020,253.00000,86.00000,0,0,0,0,0
2.10045,253.00000,86.00000,0,0,0,0,0
2.12050,253.00000,86.00000,0,0,0,0,0
2.14023,253.00000,86.00000,0,0,0,0,0
2.16031,253.00000,86.00000,0,0,0,0,0
2.18048,253.00000,86.00000,0,0,0,0,0
2.20030,253.00000,86.00000,0,0,0,0,0
2.22003,253.00000,86.00000,0,0,0,0,0
2.24026,253.00000,86.00000,0,0,0,0,0
2.26048,253.00000,86.00000,0,0,0,0,0
2.28006,253.00000,86.00000,0,0,0,0,0
2.30025,253.00000,86.00000,0,0,0,0,0
2.32032,253.00000,86.00000,0,0,0,0,0
2.34035,253.00000,86.00000,0,0,0,0,0
2.36053,253.00000,86.00000,0,0,0,0,0
2.38027,253.00000,86.00000,0,0,0,0,0
2.40038,253.00000,86.00000,0,0,0,0,0
2.42013,253.00000,86.00000,0,0,0,0,0
2.44047,253.00000,86.00000,0,0,0,0,0
2.46052,253.00000,86.00000,0,0,0,0,0
2.48043,253.00000,86.00000,0,0,0,0,0
2.50020,253.00000,86.00000,0,0,0,0,0
2.52030,253.00000,86.00000,0,0,0,0,0
2.54035,253.00000,86.00000,0,0,0,0,0
2.56010,253.00000,86.00000,0,0,0,0,0
2.58031,253.00000,86.00000,0,0,0,0,0
2.60036,253.00000,86.00000,0,0,0,0,0
2.62046,253.00000,86.00000,0,0,0,0,0
2.64046,253.00000,86.00000,0,0,0,0,0
2.66039,253.00000,86.00000,0,0,0,0,0
2.68017,253.00000,86.00000,0,0,0,0,0
2.70019,253.00000,86.00000,0,0,0,0,0
2.72016,253.00000,86.00000,0,0,0,0,0
2.74003,253.00000,86.00000,0,0,0,0,0
2.76019,253.00000,86.00000,0,0,0,0,0
2.78047,253.00000,86.00000,0,0,0,0,0
2.80007,253.00000,86.00000,0,0,0,0,0
2.82025,253.00000,86.00000,0,0,0,0,0
2.84051,253.00000,86.00000,0,0,0,0,0
2.86012,253.00000,86.00000,0,0,0,0,0
2.88028,253.00000,86.00000,0,0,0,0,0
2.90018,253.00000,86.00000,0,0,0,0,0
2.92043,253.00000,86.00000,0,0,0,0,0
2.94034,253.00000,86.00000,0,0,0,0,0
2.96042,253.00000,86.00000,0,0,0,0,0
2.98007,253.00000,86.00000,0,0,0,0,0
3.00024,253.00000,86.00000,0,0,0,0,0
3.02031,253.00000,86.00000,0,0,0,0,0
3.04024,253.00000,86.00000,0,0,0,0,0
3.06043,253.00000,86.00000,0,0,0,0,0
3.08027,253.00000,86.00000,0,0,0,0,0
3.10049,253.00000,86.00000,0,0,0,0,0
3.12026,253.00000,86.00000,0,0,0,0,0
3.14045,253.00000,86.00000,0,0,0,0,0
3.16056,253.00000,86.00000,0,0,0,0,0
3.18038,253.00000,86.00000,0,0,0,0,0
3.20054,253.00000,86.00000,0,0,0,0,0
3.22031,253.00000,86.00000,0,0,0,0,0
3.24047,253.00000,86.00000,0,0,0,0,0
3.26040,253.00000,86.00000,0,0,0,0,0
3.28053,253.00000,86.00000,0,0,0,0,0
3.30026,253.00000,86.00000,0,0,0,0,0
3.32042,253.00000,86.00000,0,0,0,0,0
3.34003,253.00000,86.00000,0,0,0,0,0
3.36048,253.00000,86.00000,0,0,0,0,0
3.38043,253.00000,86.00000,0,0,0,0,0
3.40010,253.00000,86.00000,0,0,0,0,0
3.42057,253.00000,86.00000,0,0,0,0,0
3.44013,253.00000,86.00000,0,0,0,0,0
3.46036,253.00000,86.00000,0,0,0,0,0
3.48031,253.00000,86.00000,0,0,0,0,0
3.50022,253.00000,86.00000,0,0,0,0,0
3.52032,253.00000,86.00000,0,0,0,0,0
3.54005,253.00000,86.00000,0,0,0,0,0
3.56005,253.00000,86.00000,0,0,0,0,0
3.58025,253.00000,86.00000,0,0,0,0,0
3.60014,253.00000,86.00000,0,0,0,0,0
3.62051,253.00000,86.00000,0,0,0,0,0
3.64037,253.00000,86.00000,0,0,0,0,0
3.66008,253.00000,86.00000,0,0,0,0,0
3.68021,253.00000,86.00000,0,0,0,0,0
3.70034,253.00000,86.00000,0,0,0,0,0
3.72019,253.00000,86.00000,0,0,0,0,0
3.74029,253.00000,86.00000,0,0,0,0,0
3.76022,253.00000,86.00000,0,0,0,0,0
3.78037,253.00000,86.00000,0,0,0,0,0
3.80034,253.00000,86.00000,0,0,0,0,0
3.82015,253.00000,86.00000,0,0,0,0,0
3.84039,253.00000,86.00000,0,0,0,0,0
3.86014,253.00000,86.00000,0,0,0,0,0
3.88032,253.00000,86.00000,0,0,0,0,0
3.90052,253.00000,86.00000,0,0,0,0,0
3.92040,253.00000,86.00000,0,0,0,0,0
3.94029,253.00000,86.00000,0,0,0,0,0
3.96050,253.00000,86.00000,0,0,0,0,0
3.98042,253.00000,86.00000,0,0,0,0,0
4.00044,253.00000,86.00000,0,0,0,0,0
4.02012,253.00000,86.00000,0,0,0,0,0
4.04031,253.00000,86.00000,0,0,0,0,0
4.06052,253.00000,86.00000,0,0,0,0,0
4.08013,253.00000,86.00000,0,0,0,0,0
4.10031,253.00000,86.00000,0,0,0,0,0
4.12048,253.00000,86.00000,0,0,0,0,0
4.14018,253.00000,86.00000,0,0,0,0,0
4.16040,253.00000,86.00000,0,0,0,0,0
4.18032,253.00000,86.00000,0,0,0,0,0
4.20031,253.00000,86.00000,0,0,0,0,0
4.22035,253.00000,86.00000,0,0,0,0,0
4.24045,253.00000,86.00000,0,0,0,0,0
4.26051,253.00000,86.00000,0,0,0,0,0
4.28013,253.00000,86.00000,0,0,0,0,0
4.30033,253.00000,86.00000,0,0,0,0,0
4.32020,253.00000,86.00000,0,0,0,0,0
4.34044,253.00000,86.00000,0,0,0,0,0
4.36008,253.00000,86.00000,0,0,0,0,0
4.38041,253.00000,86.00000,0,0,0,0,0
4.40030,253.00000,86.00000,0,0,0,0,0
4.42043,253.00000,86.00000,0,0,0,0,0
4.44035,253.00000,86.00000,0,0,0,0,0
4.46017,253.00000,86.00000,0,0,0,0,0
4.48039,253.00000,86.00000,0,0,0,0,0
4.50006,253.00000,86.00000,0,0,0,0,0
4.52035,253.00000,86.00000,0,0,0,0,0
4.54042,253.00000,86.00000,0,0,0,0,0
4.56038,253.00000,86.00000,0,0,0,0,0
4.58009,253.00000,86.00000,0,0,0,0,0
4.60046,253.00000,86.00000,0,0,0,0,0
4.62025,253.00000,86.00000,0,0,0,0,0
4.64026,253.00000,86.00000,0,0,0,0,0
4.66066,253.00000,86.00000,0,0,0,0,0
4.68029,253.00000,86.00000,0,0,0,0,0
4.70005,253.00000,86.00000,0,0,0,0,0
4.72027,253.00000,86.00000,0,0,0,0,0
4.74022,253.00000,86.00000,0,0,0,0,0
4.76024,253.00000,86.00000,0,0,0,0,0
4.78032,253.00000,86.00000,0,0,0,0,0
4.80006,253.00000,86.00000,0,0,0,0,0
4.82030,253.00000,86.00000,0,0,0,0,0
4.84006,253.00000,86.00000,0,0,0,0,0
4.86014,253.00000,86.00000,0,0,0,0,0
4.88040,253.00000,86.00000,0,0,0,0,0
4.90054,253.00000,86.00000,0,0,0,0,0
4.92022,253.00000,86.00000,0,0,0,0,0
4.94028,253.00000,86.00000,0,0,0,0,0
4.96049,253.00000,86.00000,0,0,0,0,0
4.98037,253.00000,86.00000,0,0,0,0,0
5.00039,253.00000,86.00000,0,0,0,0,0
5.02014,253.00000,86.00000,0,0,0,0,0
5.04018,253.00000,86.00000,0,0,0,0,0
5.06020,253.00000,86.00000,0,0,0,0,0
5.08037,253.00000,86.00000,0,0,0,0,0
5.10020,253.00000,86.00000,0,0,0,0,0
5.12041,253.00000,86.00000,0,0,0,0,0
5.14009,253.00000,86.00000,0,0,0,0,0
5.16033,253.00000,86.00000,0,0,0,0,0
5.18049,253.00000,86.00000,0,0,0,0,0
5.20045,253.00000,86.00000,0,0,0,0,0
5.22030,253.00000,86.00000,0,0,0,0,0
5.24016,253.00000,86.00000,0,0,0,0,0
5.26044,253.00000,86.00000,0,0,0,0,0
5.28018,253.00000,86.00000,0,0,0,0,0
5.30006,253.00000,86.00000,0,0,0,0,0
5.32022,253.00000,86.00000,0,0,0,0,0
5.34031,253.00000,86.00000,0,0,0,0,0
5.36036,253.00000,86.00000,0,0,0,0,0
5.38053,253.00000,86.00000,0,0,0,0,0
5.40021,253.00000,86.00000,0,0,0,0,0
5.42037,253.00000,86.00000,0,0,0,0,0
5.44019,253.00000,86.00000,0,0,0,0,0
5.46038,253.00000,86.00000,0,0,0,0,0
5.48015,253.00000,86.00000,0,0,0,0,0
5.50040,253.00000,86.00000,0,0,0,0,0
5.52005,253.00000,86.00000,0,0,0,0,0
5.54029,253.00000,86.00000,0,0,0,0,0
5.56044,253.00000,86.00000,0,0,0,0,0
5.58021,253.00000,86.00000,0,0,0,0,0
5.60044,253.00000,86.00000,0,0,0,0,0
5.62034,253.00000,86.00000,0,0,0,0,0
5.64047,253.00000,86.00000,0,0,0,0,0
5.66043,253.00000,86.00000,0,0,0,0,0
5.68034,253.00000,86.00000,0,0,0,0,0
5.70032,253.00000,86.00000,0,0,0,0,0
5.72028,253.00000,86.00000,0,0,0,0,0
5.74051,253.00000,86.00000,0,0,0,0,0
5.76023,253.00000,86.00000,0,0,0,0,0
5.78048,253.00000,86.00000,0,0,0,0,0
5.80012,253.00000,86.00000,0,0,0,0,0
5.82027,253.00000,86.00000,0,0,0,0,0
5.84042,253.00000,86.00000,0,0,0,0,0
5.86053,253.00000,86.00000,0,0,0,0,0
5.88050,253.00000,86.00000,0,0,0,0,0
5.90022,253.00000,86.00000,0,0,0,0,0
5.92030,253.00000,86.00000,0,0,0,0,0
5.94048,253.00000,86.00000,0,0,0,0,0
5.96054,253.00000,86.00000,0,0,0,0,0
5.98019,253.00000,86.00000,0,0,0,0,0
6.00035,253.00000,86.00000,0,0,0,0,0
6.02006,253.00000,86.00000,0,0,0,0,0
6.04034,253.00000,86.00000,0,0,0,0,0
6.06052,253.00000,86.00000,0,0,0,0,0
6.08051,253.00000,86.00000,0,0,0,0,0
6.10017,253.00000,86.00000,0,0,0,0,0
6.12041,253.00000,86.00000,0,0,0,0,0
6.14018,253.00000,86.00000,0,0,0,0,0
6.16036,253.00000,86.00000,0,0,0,0,0
6.18029,253.00000,86.00000,0,0,0,0,0
6.20016,253.00000,86.00000,0,0,0,0,0
6.22017,253.00000,86.00000,0,0,0,0,0
6.24011,253.00000,86.00000,0,0,0,0,0
6.26030,253.00000,86.00000,0,0,0,0,0
6.28048,253.00000,86.00000,0,0,0,0,0
6.30044,253.00000,86.00000,0,0,0,0,0
6.32042,253.00000,86.00000,0,0,0,0,0
6.34005,253.00000,86.00000,0,0,0,0,0
6.36020,253.00000,86.00000,0,0,0,0,0
6.38040,253.00000,86.00000,0,0,0,0,0
6.40041,253.00000,86.00000,0,0,0,0,0
6.42041,253.00000,86.00000,0,0,0,0,0
6.44034,253.00000,86.00000,0,0,0,0,0
6.46052,253.00000,86.00000,0,0,0,0,0
6.48016,253.00000,86.00000,0,0,0,0,0
6.50039,253.00000,86.00000,0,0,0,0,0
6.52039,253.00000,86.00000,0,0,0,0,0
6.54022,253.00000,86.00000,0,0,0,0,0
6.56050,253.00000,86.00000,0,0,0,0,0
6.58012,253.00000,86.00000,0,0,0,0,0
6.60040,253.00000,86.00000,0,0,0,0,0
6.62009,253.00000,86.00000,0,0,0,0,0
6.64037,253.00000,86.00000,0,0,0,0,0
6.66017,253.00000,86.00000,0,0,0,0,0
6.68013,253.00000,86.00000,0,0,0,0,0
6.70008,253.00000,86.00000,0,0,0,0,0
6.72032,253.00000,86.00000,0,0,0,0,0
6.74022,253.00000,86.00000,0,0,0,0,0
6.76018,253.00000,86.00000,0,0,0,0,0
6.78017,253.00000,86.00000,0,0,0,0,0
6.80051,253.00000,86.00000,0,0,0,0,0
6.82020,253.00000,86.00000,0,0,0,0,0
6.84029,253.00000,86.00000,0,0,0,0,0
6.86025,253.00000,86.00000,0,0,0,0,0
6.88036,253.00000,86.00000,0,0,0,0,0
6.90008,253.00000,86.00000,0,0,0,0,0
6.92015,253.00000,86.00000,0,0,0,0,0
6.94039,253.00000,86.00000,0,0,0,0,0
6.96092,253.00000,86.00000,0,0,0,0,0
6.98021,253.00000,86.00000,0,0,0,0,0
7.00035,253.00000,86.00000,0,0,0,0,0
7.02045,253.00000,86.00000,0,0,0,0,0
7.04029,253.00000,86.00000,0,0,0,0,0
7.06010,253.00000,86.00000,0,0,0,0,0
7.08030,253.00000,86.00000,0,0,0,0,0
7.10005,253.00000,86.00000,0,0,0,0,0
7.12016,253.00000,86.00000,0,0,0,0,0
7.14063,253.00000,86.00000,0,0,0,0,0
7.16055,253.00000,86.00000,0,0,0,0,0
7.18032,253.00000,86.00000,0,0,0,0,0
7.20016,253.00000,86.00000,0,0,0,0,0
7.22035,253.00000,86.00000,0,0,0,0,0
7.24038,253.00000,86.00000,0,0,0,0,0
7.26012,253.00000,86.00000,0,0,0,0,0
7.28038,253.00000,86.00000,0,0,0,0,0
7.30031,253.00000,86.00000,0,0,0,0,0
7.32049,253.00000,86.00000,0,0,0,0,0
7.34013,253.00000,86.00000,0,0,0,0,0
7.36012,253.00000,86.00000,0,0,0,0,0
7.38030,253.00000,86.00000,0,0,0,0,0
7.40010,253.00000,86.00000,0,0,0,0,0
7.42038,253.00000,86.00000,0,0,0,0,0
7.44044,253.00000,86.00000,0,0,0,0,0
7.46016,253.00000,86.00000,0,0,0,0,0
7.48055,253.00000,86.00000,0,0,0,0,0
7.50029,253.00000,86.00000,0,0,0,0,0
7.52009,253.00000,86.00000,0,0,0,0,0
7.54037,253.00000,86.00000,0,0,0,0,0
7.56010,253.00000,86.00000,0,0,0,0,0
7.58036,253.00000,86.00000,0,0,0,0,0
7.60008,253.00000,86.00000,0,0,0,0,0
7.62045,253.00000,86.00000,0,0,0,0,0
7.64012,253.00000,86.00000,0,0,0,0,0
7.66026,253.00000,86.00000,0,0,0,0,0
7.68048,253.00000,86.00000,0,0,0,0,0
7.70028,253.00000,86.00000,0,0,0,0,0
7.72051,253.00000,86.00000,0,0,0,0,0
7.74011,253.00000,86.00000,0,0,0,0,0
7.76048,253.00000,86.00000,0,0,0,0,0
7.78019,253.00000,86.00000,0,0,0,0,0
7.80014,253.00000,86.00000,0,0,0,0,0
7.82024,253.00000,86.00000,0,0,0,0,0
7.84053,253.00000,86.00000,0,0,0,0,0
7.86029,253.00000,86.00000,0,0,0,0,0
7.88043,253.00000,86.00000,0,0,0,0,0
7.90023,253.00000,86.00000,0,0,0,0,0
7.92043,253.00000,86.00000,0,0,0,0,0
7.94012,253.00000,86.00000,0,0,0,0,0
7.96041,253.00000,86.00000,0,0,0,0,0
7.98019,253.00000,86.00000,0,0,0,0,0
8.00031,253.00000,86.00000,0,0,0,0,0
8.02014,253.00000,86.00000,0,0,0,0,0
8.04027,253.00000,86.00000,0,0,0,0,0
8.06011,253.00000,86.00000,0,0,0,0,0
8.08026,253.00000,86.00000,0,0,0,0,0
8.10053,253.00000,86.00000,0,0,0,0,0
8.12049,253.00000,86.00000,0,0,0,0,0
8.14015,253.00000,86.00000,0,0,0,0,0
8.16028,253.00000,86.00000,0,0,0,0,0
8.18037,253.00000,86.00000,0,0,0,0,0
8.20013,253.00000,86.00000,0,0,0,0,0
8.22031,253.00000,86.00000,0,0,0,0,0
8.24048,253.00000,86.00000,0,0,0,0,0
8.26029,253.00000,86.00000,0,0,0,0,0
8.28033,253.00000,86.00000,0,0,0,0,0
8.30026,253.00000,86.00000,0,0,0,0,0
8.32047,253.00000,86.00000,0,0,0,0,0
8.34053,253.00000,86.00000,0,0,0,0,0
8.36037,253.00000,86.00000,0,0,0,0,0
8.38008,253.00000,86.00000,0,0,0,0,0
8.40038,253.00000,86.00000,0,0,0,0,0
8.42050,253.00000,86.00000,0,0,0,0,0
8.44008,253.00000,86.00000,0,0,0,0,0
8.46013,253.00000,86.00000,0,0,0,0,0
8.48029,253.00000,86.00000,0,0,0,0,1
8.50034,253.00000,86.00000,0,0,0,0,1
8.52024,253.00000,86.00000,0,0,0,0,1
8.54024,253.00000,86.00000,0,0,0,0,1
8.56025,253.00000,86.00000,0,0,0,0,1
8.58025,253.00000,86.00000,0,0,0,0,1
8.60026,253.00000,86.00000,0,0,0,0,1
8.62021,253.00000,86.00000,0,0,0,0,1
8.64016,253.00000,86.00000,0,0,0,0,1
8.66027,253.00000,86.00000,0,0,0,0,1
8.68045,253.00000,86.00000,0,0,0,0,1
8.70006,253.00000,86.00000,0,0,0,0,1
8.72023,253.00000,86.00000,0,0,0,0,1
8.74042,253.00000,86.00000,0,0,0,0,1
8.76047,253.00000,86.00000,0,0,0,0,1
8.78026,253.00000,86.00000,0,0,0,0,1
8.80032,253.00000,86.00000,0,0,0,0,1
8.82049,253.00000,86.00000,0,0,0,0,1
8.84042,253.00000,86.00000,0,0,0,0,1
8.86051,253.00000,86.00000,0,0,0,0,1
8.88035,253.00000,86.00000,0,0,0,0,1
8.90052,253.00000,86.00000,0,0,0,0,1
8.92021,253.00000,86.00000,0,0,0,0,1
8.94042,253.00000,86.00000,0,0,0,0,1
8.96023,253.00000,86.00000,0,0,0,0,1
8.98046,253.00000,86.00000,0,0,0,0,1
9.00050,253.00000,86.00000,0,0,0,0,1
9.02011,253.00000,86.00000,0,0,0,0,1
9.04050,253.00000,86.00000,0,0,0,0,1
9.06028,253.00000,86.00000,0,0,0,0,1
9.08041,253.00000,86.00000,0,0,0,0,1
9.10006,253.00000,86.00000,0,0,0,0,1
9.12041,253.00000,86.00000,0,0,0,0,1
9.14006,253.00000,86.00000,0,0,0,0,1
9.16038,253.00000,86.00000,0,0,0,0,1
9.18026,253.00000,86.00000,0,0,0,0,1
9.20051,253.00000,86.00000,0,0,0,0,1
9.22044,253.00000,86.00000,0,0,0,0,1
9.24013,253.00000,86.00000,0,0,0,0,1
9.26039,253.00000,86.00000,0,0,0,0,1
9.28018,253.00000,86.00000,0,0,0,0,1
9.30020,253.00000,86.00000,0,0,0,0,1
9.32023,253.00000,86.00000,0,0,0,0,1
9.34012,253.00000,86.00000,0,0,0,0,1
9.36032,253.00000,86.00000,0,0,0,0,1
9.38041,253.00000,86.00000,0,0,0,0,1
9.40052,253.00000,86.00000,0,0,0,0,1
9.42019,253.00000,86.00000,0,0,0,0,1
9.44034,253.00000,86.00000,0,0,0,0,1
9.46005,253.00000,86.00000,0,0,0,0,1
9.48023,253.00000,86.00000,0,0,0,0,1
9.50049,253.00000,86.00000,0,0,0,0,1
9.52004,253.00000,86.00000,0,0,0,0,1
9.54027,253.00000,86.00000,0,0,0,0,1
9.56017,253.00000,86.00000,0,0,0,0,1
9.58042,253.00000,86.00000,0,0,0,0,1
9.60039,253.00000,86.00000,1,0,0,0,1
9.62038,253.03625,86.33907,1,0,0,0,1
9.64017,253.07251,86.67813,1,0,0,0,1
9.66043,253.10876,87.01720,0,0,0,0,1
9.68010,253.10876,87.01720,0,0,0,0,1
9.70020,253.10876,87.01720,0,0,0,0,1
9.72039,253.10876,87.01720,0,0,0,0,1
9.74020,253.10876,87.01720,0,0,0,0,1
9.76041,253.10876,87.01720,0,0,0,0,1
9.78034,253.10876,87.01720,0,0,0,0,1
9.80013,253.10876,87.01720,0,0,0,0,1
9.82038,253.10876,87.01720,0,0,0,0,1
9.84047,253.10876,87.01720,0,0,0,0,1
9.86051,253.10876,87.01720,0,0,0,0,1
9.88040,253.10876,87.01720,0,0,0,0,1
9.90008,253.10876,87.01720,0,0,0,0,1
9.92008,253.10876,87.01720,0,0,0,0,1
9.94040,253.10876,87.01720,0,0,0,0,1
9.96032,253.10876,87.01720,0,0,0,0,1
9.98044,253.10876,87.01720,0,0,0,0,1
10.00030,253.10876,87.01720,0,0,0,0,1
10.02047,253.10876,87.01720,0,0,0,0,1
10.04027,253.10876,87.01720,0,0,0,0,1
10.06012,253.10876,87.01720,0,0,0,0,1
10.08035,253.10876,87.01720,0,0,0,0,1
10.10054,253.10876,87.01720,0,0,0,0,1
10.12020,253.10876,87.01720,0,0,0,0,1
10.14013,253.10876,87.01720,0,0,0,0,1
10.16021,253.10876,87.01720,0,0,0,0,1
10.18028,253.10876,87.01720,0,0,0,0,1
10.20009,253.10876,87.01720,0,0,0,0,1
10.22031,253.10876,87.01720,0,0,0,0,1
10.24045,253.10876,87.01720,0,0,0,0,1
10.26010,253.10876,87.01720,0,0,0,0,1
10.28005,253.10876,87.01720,0,0,0,0,1
10.30023,253.10876,87.01720,0,0,0,0,1
10.32038,253.10876,87.01720,0,0,0,0,1
10.34007,253.10876,87.01720,0,0,0,0,1
10.36029,253.10876,87.01720,0,0,0,0,1
10.38052,253.10876,87.01720,0,0,0,0,1
10.40034,253.10876,87.01720,0,0,0,0,1
10.42036,253.10876,87.01720,0,0,0,0,1
10.44053,253.10876,87.01720,0,0,0,0,1
10.46008,253.10876,87.01720,0,0,0,0,1
10.48022,253.10876,87.01720,0,0,0,0,1
10.50010,253.10876,87.01720,0,0,0,0,1
10.52008,253.10876,87.01720,0,0,0,0,1
10.54051,253.10876,87.01720,0,0,0,0,1
10.56016,253.10876,87.01720,0,0,0,0,1
10.58031,253.10876,87.01720,0,0,0,0,1
10.60034,253.10876,87.01720,0,0,0,0,1
10.62007,253.10876,87.01720,0,0,0,0,1
10.64037,253.10876,87.01720,0,0,0,0,1
10.66046,253.10876,87.01720,0,0,0,0,1
10.68038,253.10876,87.01720,1,0,0,0,1
10.70042,253.14502,87.35626,1,0,1,0,1
10.72051,253.18127,87.69533,1,0,1,0,1
10.74051,253.24112,88.03104,1,0,1,0,1
10.76005,253.32426,88.36175,1,0,1,0,1
10.78006,253.55870,89.00175,0,0,0,0,1
10.80055,253.55870,89.00175,0,0,0,0,1
10.82018,253.55870,89.00175,0,0,0,0,1
10.84051,253.55870,89.00175,0,0,0,0,1
10.86019,253.55870,89.00175,0,0,0,0,1
10.88027,253.55870,89.00175,0,0,0,0,1
10.90035,253.55870,89.00175,0,0,0,0,1
10.92043,253.55870,89.00175,0,0,0,0,1
10.94030,253.55870,89.00175,0,0,0,0,1
10.96011,253.55870,89.00175,0,0,0,0,1
10.98052,253.55870,89.00175,0,0,0,0,1
11.00047,253.55870,89.00175,0,0,0,0,1
11.02024,253.55870,89.00175,0,0,0,0,1
11.04010,253.55870,89.00175,0,0,0,0,1
11.06018,253.55870,89.00175,0,0,0,0,1
11.08016,253.55870,89.00175,0,0,0,0,1
11.10034,253.55870,89.00175,0,0,0,0,1
11.12038,253.55870,89.00175,0,0,0,0,1
11.14030,253.55870,89.00175,0,0,0,0,1
11.16020,253.55870,89.00175,0,0,0,0,1
11.18042,253.55870,89.00175,0,0,0,0,1
11.20008,253.55870,89.00175,0,0,0,0,1
11.22013,253.55870,89.00175,0,0,0,0,1
11.24053,253.55870,89.00175,0,0,0,0,1
11.26026,253.55870,89.00175,0,0,0,0,1
11.28008,253.55870,89.00175,0,0,0,0,1
11.30012,253.55870,89.00175,0,0,0,0,1
11.32014,253.55870,89.00175,0,0,0,0,1
11.34007,253.55870,89.00175,0,0,0,0,1
11.36019,253.55870,89.00175,0,0,0,0,1
11.38041,253.55870,89.00175,0,0,0,0,1
11.40022,253.55870,89.00175,0,0,0,0,1
11.42025,253.55870,89.00175,0,0,0,0,1
11.44048,253.55870,89.00175,0,0,0,0,1
11.46007,253.55870,89.00175,0,0,0,0,1
11.48015,253.55870,89.00175,0,0,0,0,1
11.50035,253.55870,89.00175,0,0,0,0,1
11.52009,253.55870,89.00175,0,0,0,0,1
11.54009,253.55870,89.00175,0,0,0,0,1
11.56009,253.55870,89.00175,0,0,0,0,1
11.58029,253.55870,89.00175,0,0,0,0,1
11.60012,253.55870,89.00175,0,0,0,0,1
11.62029,253.55870,89.00175,0,0,0,0,1
11.64010,253.55870,89.00175,0,0,0,0,1
11.66005,253.55870,89.00175,0,0,0,0,1
11.68039,253.55870,89.00175,0,0,0,0,1
11.70030,253.55870,89.00175,0,0,0,0,1
11.72041,253.55870,89.00175,0,0,0,0,1
11.74020,253.55870,89.00175,0,0,0,0,1
11.76026,253.55870,89.00175,0,0,0,0,1
11.78013,253.55870,89.00175,1,1,0,0,1
11.80043,253.70886,89.30791,1,1,0,0,1
11.82047,253.83730,89.62379,1,1,0,0,1
11.84027,253.94339,89.94787,1,1,0,0,1
11.86036,254.02663,90.27856,0,0,0,0,1
11.88033,254.08659,90.61424,0,0,0,0,1
11.90039,254.08659,90.61424,0,0,0,0,1
11.92035,254.08659,90.61424,0,0,0,0,1
11.94066,254.08659,90.61424,0,0,0,0,1
11.96049,254.08659,90.61424,0,0,0,0,1
11.98022,254.08659,90.61424,0,0,0,0,1
12.00012,254.08659,90.61424,0,0,0,0,1
12.02029,254.08659,90.61424,0,0,0,0,1
12.04038,254.08659,90.61424,0,0,0,0,1
12.06053,254.08659,90.61424,0,0,0,0,1
12.08045,254.08659,90.61424,0,0,0,0,1
12.10013,254.08659,90.61424,0,0,0,0,1
12.12049,254.08659,90.61424,0,0,0,0,1
12.14041,254.08659,90.61424,0,0,0,0,1
12.16040,254.08659,90.61424,0,0,0,0,1
12.18037,254.08659,90.61424,0,0,0,0,1
12.20035,254.08659,90.61424,0,0,0,0,1
12.22054,254.08659,90.61424,0,0,0,0,1
12.24026,254.08659,90.61424,0,0,0,0,1
12.26026,254.08659,90.61424,0,0,0,0,1
12.28023,254.08659,90.61424,0,0,0,0,1
12.30029,254.08659,90.61424,0,0,0,0,1
12.32045,254.08659,90.61424,0,0,0,0,1
12.34013,254.08659,90.61424,0,0,0,0,1
12.36036,254.08659,90.61424,0,0,0,0,1
12.38026,254.08659,90.61424,0,0,0,0,1
12.40018,254.08659,90.61424,0,0,0,0,1
12.42025,254.08659,90.61424,0,0,0,0,1
12.44024,254.08659,90.61424,0,0,0,0,1
12.46039,254.08659,90.61424,0,0,0,0,1
12.48012,254.08659,90.61424,0,0,0,0,1
12.50033,254.08659,90.61424,0,0,0,0,1
12.52048,254.08659,90.61424,0,0,0,0,1
12.54014,254.08659,90.61424,0,0,0,0,1
12.56032,254.08659,90.61424,0,0,0,0,1
12.58053,254.08659,90.61424,0,0,0,0,1
12.60037,254.08659,90.61424,0,0,0,0,1
12.62028,254.08659,90.61424,0,0,0,0,1
12.64025,254.08659,90.61424,0,0,0,0,1
12.66052,254.08659,90.61424,0,0,0,0,1
12.68038,254.08659,90.61424,0,0,0,0,1
12.70009,254.08659,90.61424,0,0,0,0,1
12.72039,254.08659,90.61424,0,0,0,0,1
12.74029,254.08659,90.61424,0,0,0,0,1
12.76042,254.08659,90.61424,0,0,0,0,1
12.78010,254.08659,90.61424,0,0,0,0,1
12.80032,254.08659,90.61424,0,0,0,0,1
12.82053,254.08659,90.61424,0,0,0,0,1
12.84027,254.08659,90.61424,0,0,0,0,1
12.86028,254.08659,90.61424,0,0,0,0,1
12.88029,254.08659,90.61424,1,0,0,0,1
12.90030,254.12302,90.95329,1,0,0,0,1
12.92030,254.15944,91.29234,1,0,0,0,1
12.94030,254.19586,91.63139,0,0,0,0,1
12.96046,254.23228,91.97044,0,0,0,0,1
12.98007,254.23228,91.97044,0,0,0,0,1
13.00038,254.23228,91.97044,0,0,0,0,1
13.02008,254.23228,91.97044,0,0,0,0,1
13.04029,254.23228,91.97044,0,0,0,0,1
13.06026,254.23228,91.97044,0,0,0,0,1
13.08014,254.23228,91.97044,0,0,0,0,1
13.10052,254.23228,91.97044,0,0,0,0,1
13.12015,254.23228,91.97044,0,0,0,0,1
13.14032,254.23228,91.97044,0,0,0,0,1
13.16004,254.23228,91.97044,0,0,0,0,1
13.18031,254.23228,91.97044,0,0,0,0,1
13.20026,254.23228,91.97044,0,0,0,0,1
13.22047,254.23228,91.97044,0,0,0,0,1
13.24025,254.23228,91.97044,0,0,0,0,1
13.26020,254.23228,91.97044,0,0,0,0,1
13.28048,254.23228,91.97044,0,0,0,0,1
13.30042,254.23228,91.97044,0,0,0,0,1
13.32017,254.23228,91.97044,0,0,0,0,1
13.34015,254.23228,91.97044,0,0,0,0,1
13.36035,254.23228,91.97044,0,0,0,0,1
13.38039,254.23228,91.97044,0,0,0,0,1
13.40041,254.23228,91.97044,0,0,0,0,1
13.42047,254.23228,91.97044,0,0,0,0,1
13.44034,254.23228,91.97044,0,0,0,0,1
13.46041,254.23228,91.97044,0,0,0,0,1
13.48026,254.23228,91.97044,0,0,0,0,1
13.50042,254.23228,91.97044,0,0,0,0,1
13.52010,254.23228,91.97044,0,0,0,0,1
13.54007,254.23228,91.97044,0,0,0,0,1
13.56033,254.23228,91.97044,0,0,0,0,1
13.58004,254.23228,91.97044,0,0,0,0,1
13.60028,254.23228,91.97044,0,0,0,0,1
13.62048,254.23228,91.97044,0,0,0,0,1
13.64038,254.23228,91.97044,0,0,0,0,1
13.66015,254.23228,91.97044,0,0,0,0,1
13.68032,254.23228,91.97044,0,0,0,0,1
13.70043,254.23228,91.97044,0,0,0,0,1
13.72051,254.23228,91.97044,0,0,0,0,1
13.74010,254.23228,91.97044,0,0,0,0,1
13.76031,254.23228,91.97044,0,0,0,0,1
13.78013,254.23228,91.97044,0,0,0,0,1
13.80026,254.23228,91.97044,0,0,0,0,1
13.82047,254.23228,91.97044,0,0,0,0,1
13.84032,254.23228,91.97044,0,0,0,0,1
13.86031,254.23228,91.97044,0,0,0,0,1
13.88021,254.23228,91.97044,0,0,0,0,1
13.90040,254.23228,91.97044,0,0,0,0,1
13.92008,254.23228,91.97044,0,0,0,0,1
13.94040,254.23228,91.97044,0,0,0,0,1
13.96011,254.23228,91.97044,1,0,1,0,1
13.98032,254.26871,92.30949,1,0,1,0,1
14.00011,254.51819,93.29988,1,0,1,0,1
14.02041,254.64674,93.61572,1,0,1,0,1
14.04012,254.79704,93.92181,0,0,0,0,1
14.06029,254.96835,94.21665,0,0,0,0,1
14.08048,254.96835,94.21665,0,0,0,0,1
14.10025,254.96835,94.21665,0,0,0,0,1
14.12025,254.96835,94.21665,0,0,0,0,1
14.14053,254.96835,94.21665,0,0,0,0,1
14.16041,254.96835,94.21665,0,0,0,0,1
14.18026,254.96835,94.21665,0,0,0,0,1
14.20036,254.96835,94.21665,0,0,0,0,1
14.22042,254.96835,94.21665,0,0,0,0,1
14.24011,254.96835,94.21665,0,0,0,0,1
14.26034,254.96835,94.21665,0,0,0,0,1
14.28047,254.96835,94.21665,0,0,0,0,1
14.30044,254.96835,94.21665,0,0,0,0,1
14.32028,254.96835,94.21665,0,0,0,0,1
14.34049,254.96835,94.21665,0,0,0,0,1
14.36031,254.96835,94.21665,0,0,0,0,1
14.38048,254.96835,94.21665,0,0,0,0,1
14.40038,254.96835,94.21665,0,0,0,0,1
14.42007,254.96835,94.21665,0,0,0,0,1
14.44038,254.96835,94.21665,0,0,0,0,1
14.46020,254.96835,94.21665,0,0,0,0,1
14.48034,254.96835,94.21665,0,0,0,0,1
14.50021,254.96835,94.21665,0,0,0,0,1
14.52011,254.96835,94.21665,0,0,0,0,1
14.54026,254.96835,94.21665,0,0,0,0,1
14.56052,254.96835,94.21665,0,0,0,0,1
14.58024,254.96835,94.21665,0,0,0,0,1
14.60041,254.96835,94.21665,0,0,0,0,1
14.62035,254.96835,94.21665,0,0,0,0,1
14.64050,254.96835,94.21665,0,0,0,0,1
14.66015,254.96835,94.21665,0,0,0,0,1
14.68045,254.96835,94.21665,0,0,0,0,1
14.70019,254.96835,94.21665,0,0,0,0,1
14.72043,254.96835,94.21665,0,0,0,0,1
14.74033,254.96835,94.21665,0,0,0,0,1
14.76033,254.96835,94.21665,0,0,0,0,1
14.78044,254.96835,94.21665,0,0,0,0,1
14.80022,254.96835,94.21665,0,0,0,0,1
14.82042,254.96835,94.21665,0,0,0,0,1
14.84017,254.96835,94.21665,0,0,0,0,1
14.86028,254.96835,94.21665,0,0,0,0,1
14.88007,254.96835,94.21665,0,0,0,0,1
14.90025,254.96835,94.21665,0,0,0,0,1
14.92013,254.96835,94.21665,0,0,0,0,1
14.94032,254.96835,94.21665,0,0,0,0,1
14.96009,254.96835,94.21665,0,0,0,0,1
14.98033,254.96835,94.21665,0,0,0,0,1
15.00052,254.96835,94.21665,1,1,0,0,1
15.02026,255.13966,94.51150,1,1,0,0,1
15.04030,255.28999,94.81757,1,1,0,0,1
15.06028,255.41861,95.13338,1,1,0,0,1
15.08035,255.52489,95.45740,1,1,0,0,1
15.10011,255.66847,96.12368,0,0,0,0,1
15.12015,255.66847,96.12368,0,0,0,0,1
15.14026,255.66847,96.12368,0,0,0,0,1
15.16053,255.66847,96.12368,0,0,0,0,1
15.18046,255.66847,96.12368,0,0,0,0,1
15.20053,255.66847,96.12368,0,0,0,0,1
15.22027,255.66847,96.12368,0,0,0,0,1
15.24039,255.66847,96.12368,0,0,0,0,1
15.26010,255.66847,96.12368,0,0,0,0,1
15.28024,255.66847,96.12368,0,0,0,0,1
15.30008,255.66847,96.12368,0,0,0,0,1
15.32050,255.66847,96.12368,0,0,0,0,1
15.34009,255.66847,96.12368,0,0,0,0,1
15.36021,255.66847,96.12368,0,0,0,0,1
15.38017,255.66847,96.12368,0,0,0,0,1
15.40026,255.66847,96.12368,0,0,0,0,1
15.42030,255.66847,96.12368,0,0,0,0,1
15.44037,255.66847,96.12368,0,0,0,0,1
15.46006,255.66847,96.12368,0,0,0,0,1
15.48024,255.66847,96.12368,0,0,0,0,1
15.50053,255.66847,96.12368,0,0,0,0,1
15.52007,255.66847,96.12368,0,0,0,0,1
15.54035,255.66847,96.12368,0,0,0,0,1
15.56011,255.66847,96.12368,0,0,0,0,1
15.58036,255.66847,96.12368,0,0,0,0,1
15.60038,255.66847,96.12368,0,0,0,0,1
15.62028,255.66847,96.12368,0,0,0,0,1
15.64012,255.66847,96.12368,0,0,0,0,1
15.66024,255.66847,96.12368,0,0,0,0,1
15.68040,255.66847,96.12368,0,0,0,0,1
15.70048,255.66847,96.12368,0,0,0,0,1
15.72008,255.66847,96.12368,0,0,0,0,1
15.74029,255.66847,96.12368,0,0,0,0,1
15.76010,255.66847,96.12368,0,0,0,0,1
15.78033,255.66847,96.12368,0,0,0,0,1
15.80059,255.66847,96.12368,0,0,0,0,1
15.82032,255.66847,96.12368,0,0,0,0,1
15.84036,255.66847,96.12368,0,0,0,0,1
15.86056,255.66847,96.12368,0,0,0,0,1
15.88017,255.66847,96.12368,0,0,0,0,1
15.90011,255.66847,96.12368,0,0,0,0,1
15.92007,255.66847,96.12368,0,0,0,0,1
15.94031,255.66847,96.12368,0,0,0,0,1
15.96053,255.66847,96.12368,0,0,0,0,1
15.98022,255.66847,96.12368,0,0,0,0,1
16.00009,255.66847,96.12368,0,0,0,0,1
16.02030,255.66847,96.12368,1,0,0,0,1
16.04051,255.70508,96.46271,1,0,0,0,1
16.06048,255.74168,96.80173,1,0,0,0,1
16.08016,255.77829,97.14076,1,0,0,0,1
16.10027,255.85150,97.81882,1,0,0,0,1
16.12031,255.88811,98.15784,0,0,0,0,1
16.14033,255.88811,98.15784,0,0,0,0,1
16.16013,255.88811,98.15784,0,0,0,0,1
16.18023,255.88811,98.15784,0,0,0,0,1
16.20035,255.88811,98.15784,0,0,0,0,1
16.22022,255.88811,98.15784,0,0,0,0,1
16.24049,255.88811,98.15784,0,0,0,0,1
16.26043,255.88811,98.15784,0,0,0,0,1
16.28015,255.88811,98.15784,0,0,0,0,1
16.30043,255.88811,98.15784,0,0,0,0,1
16.32011,255.88811,98.15784,0,0,0,0,1
16.34039,255.88811,98.15784,0,0,0,0,1
16.36053,255.88811,98.15784,0,0,0,0,1
16.38035,255.88811,98.15784,0,0,0,0,1
16.40029,255.88811,98.15784,0,0,0,0,1
16.42041,255.88811,98.15784,0,0,0,0,1
16.44009,255.88811,98.15784,0,0,0,0,1
16.46021,255.88811,98.15784,0,0,0,0,1
16.48042,255.88811,98.15784,0,0,0,0,1
16.50052,255.88811,98.15784,0,0,0,0,1
16.52023,255.88811,98.15784,0,0,0,0,1
16.54031,255.88811,98.15784,0,0,0,0,1
16.56034,255.88811,98.15784,0,0,0,0,1
16.58053,255.88811,98.15784,0,0,0,0,1
16.60045,255.88811,98.15784,0,0,0,0,1
16.62017,255.88811,98.15784,0,0,0,0,1
16.64038,255.88811,98.15784,0,0,0,0,1
16.66049,255.88811,98.15784,0,0,0,0,1
16.68010,255.88811,98.15784,0,0,0,0,1
16.70026,255.88811,98.15784,0,0,0,0,1
16.72044,255.88811,98.15784,0,0,0,0,1
16.74019,255.88811,98.15784,0,0,0,0,1
16.76035,255.88811,98.15784,0,0,0,0,1
16.78012,255.88811,98.15784,0,0,0,0,1
16.80042,255.88811,98.15784,0,0,0,0,1
16.82016,255.88811,98.15784,0,0,0,0,1
16.84044,255.88811,98.15784,0,0,0,0,1
16.86042,255.88811,98.15784,0,0,0,0,1
16.88023,255.88811,98.15784,0,0,0,0,1
16.90012,255.88811,98.15784,0,0,0,0,1
16.92038,255.88811,98.15784,0,0,0,0,1
16.94015,255.88811,98.15784,0,0,0,0,1
16.96032,255.88811,98.15784,0,0,0,0,1
16.98051,255.88811,98.15784,0,0,0,0,1
17.00028,255.88811,98.15784,1,0,1,0,1
17.02058,255.92471,98.49687,1,0,1,0,1
17.04022,255.98491,98.83252,1,0,1,0,1
17.06047,256.06839,99.16314,1,0,1,0,1
17.08040,256.17477,99.48712,0,0,1,0,1
17.10017,256.30353,99.80289,0,0,0,0,1
17.12024,256.30353,99.80289,0,0,0,0,1
17.14039,256.30353,99.80289,0,0,0,0,1
17.16025,256.30353,99.80289,0,0,0,0,1
17.18008,256.30353,99.80289,0,0,0,0,1
17.20048,256.30353,99.80289,0,0,0,0,1
17.22050,256.30353,99.80289,0,0,0,0,1
17.24007,256.30353,99.80289,0,0,0,0,1
17.26010,256.30353,99.80289,0,0,0,0,1
17.28011,256.30353,99.80289,0,0,0,0,1
17.30016,256.30353,99.80289,0,0,0,0,1
17.32017,256.30353,99.80289,0,0,0,0,1
17.34045,256.30353,99.80289,0,0,0,0,1
17.36021,256.30353,99.80289,0,0,0,0,1
17.38023,256.30353,99.80289,0,0,0,0,1
17.40040,256.30353,99.80289,0,0,0,0,1
17.42053,256.30353,99.80289,0,0,0,0,1
17.44024,256.30353,99.80289,0,0,0,0,1
17.46033,256.30353,99.80289,0,0,0,0,1
17.48027,256.30353,99.80289,0,0,0,0,1
17.50049,256.30353,99.80289,0,0,0,0,1
17.52019,256.30353,99.80289,0,0,0,0,1
17.54035,256.30353,99.80289,0,0,0,0,1
17.56007,256.30353,99.80289,0,0,0,0,1
17.58039,256.30353,99.80289,0,0,0,0,1
17.60006,256.30353,99.80289,0,0,0,0,1
17.62040,256.30353,99.80289,0,0,0,0,1
17.64052,256.30353,99.80289,0,0,0,0,1
17.66022,256.30353,99.80289,0,0,0,0,1
17.68031,256.30353,99.80289,0,0,0,0,1
17.70006,256.30353,99.80289,0,0,0,0,1
17.72022,256.30353,99.80289,0,0,0,0,1
17.74004,256.30353,99.80289,0,0,0,0,1
17.76050,256.30353,99.80289,0,0,0,0,1
17.78028,256.30353,99.80289,0,0,0,0,1
17.80041,256.30353,99.80289,0,0,0,0,1
17.82020,256.30353,99.80289,0,0,0,0,1
17.84037,256.30353,99.80289,0,0,0,0,1
17.86032,256.30353,99.80289,0,0,0,0,1
17.88013,256.30353,99.80289,0,0,0,0,1
17.90032,256.30353,99.80289,0,0,0,0,1
17.92045,256.30353,99.80289,0,0,0,0,1
17.94052,256.30353,99.80289,0,0,0,0,1
17.96056,256.30353,99.80289,0,0,0,0,1
17.98027,256.30353,99.80289,0,0,0,0,1
18.00010,256.30353,99.80289,1,1,0,0,1
18.02019,256.45401,100.10889,1,1,0,0,1
18.04023,256.58279,100.42464,1,1,0,0,1
18.06038,256.68924,100.74860,1,1,0,0,1
18.08030,256.77283,101.07919,1,0,0,0,1
18.10058,256.83316,101.41482,0,0,0,0,1
18.12030,256.83316,101.41482,0,0,0,0,1
18.14070,256.83316,101.41482,0,0,0,0,1
18.16015,256.83316,101.41482,0,0,0,0,1
18.18033,256.83316,101.41482,0,0,0,0,1
18.20051,256.83316,101.41482,0,0,0,0,1
18.22026,256.83316,101.41482,0,0,0,0,1
18.24031,256.83316,101.41482,0,0,0,0,1
18.26047,256.83316,101.41482,0,0,0,0,1
18.28011,256.83316,101.41482,0,0,0,0,1
18.30025,256.83316,101.41482,0,0,0,0,1
18.32053,256.83316,101.41482,0,0,0,0,1
18.34048,256.83316,101.41482,0,0,0,0,1
18.36043,256.83316,101.41482,0,0,0,0,1
18.38049,256.83316,101.41482,0,0,0,0,1
18.40015,256.83316,101.41482,0,0,0,0,1
18.42067,256.83316,101.41482,0,0,0,0,1
18.44029,256.83316,101.41482,0,0,0,0,1
18.46034,256.83316,101.41482,0,0,0,0,1
18.48033,256.83316,101.41482,0,0,0,0,1
18.50052,256.83316,101.41482,0,0,0,0,1
18.52016,256.83316,101.41482,0,0,0,0,1
18.54029,256.83316,101.41482,0,0,0,0,1
18.56045,256.83316,101.41482,0,0,0,0,1
18.58013,256.83316,101.41482,0,0,0,0,1
18.60031,256.83316,101.41482,0,0,0,0,1
18.62012,256.83316,101.41482,0,0,0,0,1
18.64008,256.83316,101.41482,0,0,0,0,1
18.66059,256.83316,101.41482,0,0,0,0,1
18.68020,256.83316,101.41482,0,0,0,0,1
18.70038,256.83316,101.41482,0,0,0,0,1
18.72006,256.83316,101.41482,0,0,0,0,1
18.74015,256.83316,101.41482,0,0,0,0,1
18.76010,256.83316,101.41482,0,0,0,0,1
18.78026,256.83316,101.41482,0,0,0,0,1
18.80016,256.83316,101.41482,0,0,0,0,1
18.82021,256.83316,101.41482,0,0,0,0,1
18.84036,256.83316,101.41482,0,0,0,0,1
18.86033,256.83316,101.41482,0,0,0,0,1
18.88033,256.83316,101.41482,0,0,0,0,1
18.90052,256.83316,101.41482,0,0,0,0,1
18.92022,256.83316,101.41482,0,0,0,0,1
18.94052,256.83316,101.41482,0,0,0,0,1
18.96013,256.83316,101.41482,0,0,0,0,1
18.98045,256.83316,101.41482,0,0,0,0,1
19.00023,256.83316,101.41482,0,0,0,0,1
19.02037,256.83316,101.41482,0,0,0,0,1
19.04004,256.83316,101.41482,0,0,0,0,1
19.06024,256.83316,101.41482,0,0,0,0,1
19.08023,256.83316,101.41482,1,0,0,0,1
19.10039,256.86993,101.75383,1,0,0,0,1
19.12034,256.90671,102.09284,1,0,0,0,1
19.14008,256.98026,102.77087,1,0,0,0,1
19.16017,257.01703,103.10988,1,0,0,0,1
19.18034,257.05380,103.44889,0,0,0,0,1
19.20021,257.05380,103.44889,0,0,0,0,1
19.22006,257.05380,103.44889,0,0,0,0,1
19.24037,257.05380,103.44889,0,0,0,0,1
19.26011,257.05380,103.44889,0,0,0,0,1
19.28018,257.05380,103.44889,0,0,0,0,1
19.30048,257.05380,103.44889,0,0,0,0,1
19.32030,257.05380,103.44889,0,0,0,0,1
19.34032,257.05380,103.44889,0,0,0,0,1
19.36053,257.05380,103.44889,0,0,0,0,1
19.38012,257.05380,103.44889,0,0,0,0,1
19.40013,257.05380,103.44889,0,0,0,0,1
19.42031,257.05380,103.44889,0,0,0,0,1
19.44015,257.05380,103.44889,0,0,0,0,1
19.46014,257.05380,103.44889,0,0,0,0,1
19.48058,257.05380,103.44889,0,0,0,0,1
19.50019,257.05380,103.44889,0,0,0,0,1
19.52030,257.05380,103.44889,0,0,0,0,1
19.54048,257.05380,103.44889,0,0,0,0,1
19.56012,257.05380,103.44889,0,0,0,0,1
19.58029,257.05380,103.44889,0,0,0,0,1
19.60004,257.05380,103.44889,0,0,0,0,1
19.62060,257.05380,103.44889,0,0,0,0,1
19.64032,257.05380,103.44889,0,0,0,0,1
19.66054,257.05380,103.44889,0,0,0,0,1
19.68031,257.05380,103.44889,0,0,0,0,1
19.70038,257.05380,103.44889,0,0,0,0,1
19.72040,257.05380,103.44889,0,0,0,0,1
19.74030,257.05380,103.44889,0,0,0,0,1
19.76042,257.05380,103.44889,0,0,0,0,1
19.78041,257.05380,103.44889,0,0,0,0,1
19.80021,257.05380,103.44889,0,0,0,0,1
19.82039,257.05380,103.44889,0,0,0,0,1
19.84009,257.05380,103.44889,0,0,0,0,1
19.86026,257.05380,103.44889,0,0,0,0,1
19.88030,257.05380,103.44889,0,0,0,0,1
19.90047,257.05380,103.44889,0,0,0,0,1
19.92036,257.05380,103.44889,0,0,0,0,1
19.94023,257.05380,103.44889,0,0,0,0,1
19.96007,257.05380,103.44889,0,0,0,0,1
19.98028,257.05380,103.44889,0,0,0,0,1
20.00016,257.05380,103.44889,0,0,0,0,1
20.02048,257.05380,103.44889,0,0,0,0,1
20.04008,257.05380,103.44889,0,0,0,0,1
20.06033,257.05380,103.44889,0,0,0,0,1
20.08034,257.05380,103.44889,0,0,0,0,1
20.10037,257.05380,103.44889,0,0,0,0,1
20.12018,257.05380,103.44889,0,0,0,0,1
20.14030,257.05380,103.44889,1,0,1,0,1
20.16037,257.09058,103.78790,1,0,1,0,1
20.18011,257.15094,104.12352,1,0,1,0,1
20.20021,257.23459,104.45410,1,0,0,0,1
20.22067,257.47003,105.09373,1,0,0,0,1
20.24023,257.59894,105.40944,0,0,0,0,1
20.26017,257.59894,105.40944,0,0,0,0,1
20.28036,257.59894,105.40944,0,0,0,0,1
20.30052,257.59894,105.40944,0,0,0,0,1
20.32019,257.59894,105.40944,0,0,0,0,1
20.34035,257.59894,105.40944,0,0,0,0,1
20.36006,257.59894,105.40944,0,0,0,0,1
20.38023,257.59894,105.40944,0,0,0,0,1
20.40033,257.59894,105.40944,0,0,0,0,1
20.42037,257.59894,105.40944,0,0,0,0,1
20.44023,257.59894,105.40944,0,0,0,0,1
20.46043,257.59894,105.40944,0,0,0,0,1
20.48005,257.59894,105.40944,0,0,0,0,1
20.50017,257.59894,105.40944,0,0,0,0,1
20.52029,257.59894,105.40944,0,0,0,0,1
20.54044,257.59894,105.40944,0,0,0,0,1
20.56017,257.59894,105.40944,0,0,0,0,1
20.58041,257.59894,105.40944,0,0,0,0,1
20.60012,257.59894,105.40944,0,0,0,0,1
20.62037,257.59894,105.40944,0,0,0,0,1
20.64014,257.59894,105.40944,0,0,0,0,1
20.66034,257.59894,105.40944,0,0,0,0,1
20.68009,257.59894,105.40944,0,0,0,0,1
20.70029,257.59894,105.40944,0,0,0,0,1
20.72011,257.59894,105.40944,0,0,0,0,1
20.74079,257.59894,105.40944,0,0,0,0,1
20.76048,257.59894,105.40944,0,0,0,0,1
20.78022,257.59894,105.40944,0,0,0,0,1
20.80052,257.59894,105.40944,0,0,0,0,1
20.82043,257.59894,105.40944,0,0,0,0,1
20.84005,257.59894,105.40944,0,0,0,0,1
20.86008,257.59894,105.40944,0,0,0,0,1
20.88030,257.59894,105.40944,0,0,0,0,1
20.90050,257.59894,105.40944,0,0,0,0,1
20.92015,257.59894,105.40944,0,0,0,0,1
20.94034,257.59894,105.40944,0,0,0,0,1
20.96027,257.59894,105.40944,0,0,0,0,1
20.98048,257.59894,105.40944,0,0,0,0,1
21.00027,257.59894,105.40944,0,0,0,0,1
21.02051,257.59894,105.40944,0,0,0,0,1
21.04006,257.59894,105.40944,0,0,0,0,1
21.06034,257.59894,105.40944,0,0,0,0,1
21.08021,257.59894,105.40944,0,1,0,0,1
21.10024,257.59894,105.40944,1,1,0,0,1
21.12046,257.83441,106.04906,1,1,0,0,1
21.14015,257.91812,106.37963,1,1,0,0,1
21.16038,257.97858,106.71523,1,1,0,0,1
21.18051,258.01547,107.05423,0,1,0,0,1
21.20016,258.02866,107.39497,0,0,0,0,1
21.22021,258.02866,107.39497,0,0,0,0,1
21.24045,258.02866,107.39497,0,0,0,0,1
21.26025,258.02866,107.39497,0,0,0,0,1
21.28037,258.02866,107.39497,0,0,0,0,1
21.30019,258.02866,107.39497,0,0,0,0,1
21.32040,258.02866,107.39497,0,0,0,0,1
21.34009,258.02866,107.39497,0,0,0,0,1
21.36033,258.02866,107.39497,0,0,0,0,1
21.38014,258.02866,107.39497,0,0,0,0,1
21.40042,258.02866,107.39497,0,0,0,0,1
21.42005,258.02866,107.39497,0,0,0,0,1
21.44029,258.02866,107.39497,0,0,0,0,1
21.46012,258.02866,107.39497,0,0,0,0,1
21.48017,258.02866,107.39497,0,0,0,0,1
21.50007,258.02866,107.39497,0,0,0,0,1
21.52028,258.02866,107.39497,0,0,0,0,1
21.54047,258.02866,107.39497,0,0,0,0,1
21.56043,258.02866,107.39497,0,0,0,0,1
21.58043,258.02866,107.39497,0,0,0,0,1
21.60050,258.02866,107.39497,0,0,0,0,1
21.62051,258.02866,107.39497,0,0,0,0,1
21.64050,258.02866,107.39497,0,0,0,0,1
21.66030,258.02866,107.39497,0,0,0,0,1
21.68045,258.02866,107.39497,0,0,0,0,1
21.70015,258.02866,107.39497,0,0,0,0,1
21.72039,258.02866,107.39497,0,0,0,0,1
21.74055,258.02866,107.39497,0,0,0,0,1
21.76048,258.02866,107.39497,0,0,0,0,1
21.78057,258.02866,107.39497,0,0,0,0,1
21.80035,258.02866,107.39497,0,0,0,0,1
21.82047,258.02866,107.39497,0,0,0,0,1
21.84019,258.02866,107.39497,0,0,0,0,1
21.86055,258.02866,107.39497,0,0,0,0,1
21.88024,258.02866,107.39497,0,0,0,0,1
21.90017,258.02866,107.39497,0,0,0,0,1
21.92039,258.02866,107.39497,0,0,0,0,1
21.94027,258.02866,107.39497,0,0,0,0,1
21.96041,258.02866,107.39497,0,0,0,0,1
21.98017,258.02866,107.39497,0,0,0,0,1
22.00043,258.02866,107.39497,0,0,0,0,1
22.02021,258.02866,107.39497,0,0,0,0,1
22.04040,258.02866,107.39497,0,0,0,0,1
22.06026,258.02866,107.39497,0,0,0,0,1
22.08033,258.02866,107.39497,1,0,0,0,1
22.10013,258.01804,107.73581,1,0,0,0,1
22.12053,258.00742,108.07664,1,0,0,0,1
22.14021,257.98618,108.75832,1,0,0,0,1
22.16030,257.97556,109.09915,1,0,0,0,1
22.18034,257.95432,109.78082,0,0,0,0,1
22.20048,257.95432,109.78082,0,0,0,0,1
22.22006,257.95432,109.78082,0,0,0,0,1
22.24027,257.95432,109.78082,0,0,0,0,1
22.26006,257.95432,109.78082,0,0,0,0,1
22.28037,257.95432,109.78082,0,0,0,0,1
22.30040,257.95432,109.78082,0,0,0,0,1
22.32012,257.95432,109.78082,0,0,0,0,1
22.34035,257.95432,109.78082,0,0,0,0,1
22.36010,257.95432,109.78082,0,0,0,0,1
22.38011,257.95432,109.78082,0,0,0,0,1
22.40047,257.95432,109.78082,0,0,0,0,1
22.42020,257.95432,109.78082,0,0,0,0,1
22.44005,257.95432,109.78082,0,0,0,0,1
22.46015,257.95432,109.78082,0,0,0,0,1
22.48036,257.95432,109.78082,0,0,0,0,1
22.50005,257.95432,109.78082,0,0,0,0,1
22.52037,257.95432,109.78082,0,0,0,0,1
22.54006,257.95432,109.78082,0,0,0,0,1
22.56058,257.95432,109.78082,0,0,0,0,1
22.58053,257.95432,109.78082,0,0,0,0,1
22.60031,257.95432,109.78082,0,0,0,0,1
22.62049,257.95432,109.78082,0,0,0,0,1
22.64052,257.95432,109.78082,0,0,0,0,1
22.66021,257.95432,109.78082,0,0,0,0,1
22.68028,257.95432,109.78082,0,0,0,0,1
22.70038,257.95432,109.78082,0,0,0,0,1
22.72044,257.95432,109.78082,0,0,0,0,1
22.74018,257.95432,109.78082,0,0,0,0,1
22.76027,257.95432,109.78082,0,0,0,0,1
22.78048,257.95432,109.78082,0,0,0,0,1
22.80023,257.95432,109.78082,0,0,0,0,1
22.82021,257.95432,109.78082,0,0,0,0,1
22.84017,257.95432,109.78082,0,0,0,0,1
22.86030,257.95432,109.78082,0,0,0,0,1
22.88028,257.95432,109.78082,0,0,0,0,1
22.90040,257.95432,109.78082,0,0,0,0,1
22.92015,257.95432,109.78082,0,0,0,0,1
22.94044,257.95432,109.78082,0,0,0,0,1
22.96045,257.95432,109.78082,0,0,0,0,1
22.98007,257.95432,109.78082,0,0,0,0,1
23.00024,257.95432,109.78082,0,0,0,0,1
23.02037,257.95432,109.78082,0,0,0,0,1
23.04017,257.95432,109.78082,0,0,0,0,1
23.06048,257.95432,109.78082,0,0,0,0,1
23.08024,257.95432,109.78082,1,0,1,0,1
23.10056,257.95432,109.78082,1,0,1,0,1
23.12019,257.94370,110.12166,1,0,1,0,1
23.14052,257.99387,110.80139,1,0,1,0,1
23.16050,258.05441,111.13697,0,0,1,0,1
23.18018,258.13824,111.46751,0,0,0,0,1
23.20047,258.13824,111.46751,0,0,0,0,1
23.22014,258.13824,111.46751,0,0,0,0,1
23.24014,258.13824,111.46751,0,0,0,0,1
23.26033,258.13824,111.46751,0,0,0,0,1
23.28029,258.13824,111.46751,0,0,0,0,1
23.30051,258.13824,111.46751,0,0,0,0,1
23.32019,258.13824,111.46751,0,0,0,0,1
23.34051,258.13824,111.46751,0,0,0,0,1
23.36014,258.13824,111.46751,0,0,0,0,1
23.38036,258.13824,111.46751,0,0,0,0,1
23.40024,258.13824,111.46751,0,0,0,0,1
23.42049,258.13824,111.46751,0,0,0,0,1
23.44018,258.13824,111.46751,0,0,0,0,1
23.46042,258.13824,111.46751,0,0,0,0,1
23.48027,258.13824,111.46751,0,0,0,0,1
23.50019,258.13824,111.46751,0,0,0,0,1
23.52049,258.13824,111.46751,0,0,0,0,1
23.54022,258.13824,111.46751,0,0,0,0,1
23.56041,258.13824,111.46751,0,0,0,0,1
23.58054,258.13824,111.46751,0,0,0,0,1
23.60038,258.13824,111.46751,0,0,0,0,1
23.62007,258.13824,111.46751,0,0,0,0,1
23.64053,258.13824,111.46751,0,0,0,0,1
23.66020,258.13824,111.46751,0,0,0,0,1
23.68040,258.13824,111.46751,0,0,0,0,1
23.70042,258.13824,111.46751,0,0,0,0,1
23.72008,258.13824,111.46751,0,0,0,0,1
23.74016,258.13824,111.46751,0,0,0,0,1
23.76023,258.13824,111.46751,0,0,0,0,1
23.78030,258.13824,111.46751,0,0,0,0,1
23.80040,258.13824,111.46751,0,0,0,0,1
23.82051,258.13824,111.46751,0,0,0,0,1
23.84011,258.13824,111.46751,0,0,0,0,1
23.86050,258.13824,111.46751,0,0,0,0,1
23.88045,258.13824,111.46751,0,0,0,0,1
23.90019,258.13824,111.46751,0,0,0,0,1
23.92018,258.13824,111.46751,0,0,0,0,1
23.94016,258.13824,111.46751,0,0,0,0,1
23.96047,258.13824,111.46751,0,0,0,0,1
23.98030,258.13824,111.46751,0,0,0,0,1
24.00048,258.13824,111.46751,0,0,0,0,1
24.02017,258.13824,111.46751,0,0,0,0,1
24.04053,258.13824,111.46751,1,1,0,0,1
24.06050,258.24496,111.79137,1,1,0,0,1
24.08025,258.32883,112.12190,1,1,0,0,1
24.10037,258.38943,112.45747,1,1,0,0,1
24.12052,258.42651,112.79646,1,1,0,0,1
24.14017,258.42938,113.47803,0,0,0,0,1
24.16052,258.42938,113.47803,0,0,0,0,1
24.18047,258.42938,113.47803,0,0,0,0,1
24.20054,258.42938,113.47803,0,0,0,0,1
24.22016,258.42938,113.47803,0,0,0,0,1
24.24028,258.42938,113.47803,0,0,0,0,1
24.26044,258.42938,113.47803,0,0,0,0,1
24.28019,258.42938,113.47803,0,0,0,0,1
24.30053,258.42938,113.47803,0,0,0,0,1
24.32038,258.42938,113.47803,0,0,0,0,1
24.34049,258.42938,113.47803,0,0,0,0,1
24.36023,258.42938,113.47803,0,0,0,0,1
24.38047,258.42938,113.47803,0,0,0,0,1
24.40034,258.42938,113.47803,0,0,0,0,1
24.42013,258.42938,113.47803,0,0,0,0,1
24.44051,258.42938,113.47803,0,0,0,0,1
24.46018,258.42938,113.47803,0,0,0,0,1
24.48036,258.42938,113.47803,0,0,0,0,1
24.50054,258.42938,113.47803,0,0,0,0,1
24.52022,258.42938,113.47803,0,0,0,0,1
24.54035,258.42938,113.47803,0,0,0,0,1
24.56016,258.42938,113.47803,0,0,0,0,1
24.58025,258.42938,113.47803,0,0,0,0,1
24.60019,258.42938,113.47803,0,0,0,0,1
24.62021,258.42938,113.47803,0,0,0,0,1
24.64051,258.42938,113.47803,0,0,0,0,1
24.66019,258.42938,113.47803,0,0,0,0,1
24.68040,258.42938,113.47803,0,0,0,0,1
24.70035,258.42938,113.47803,0,0,0,0,1
24.72019,258.42938,113.47803,0,0,0,0,1
24.74051,258.42938,113.47803,0,0,0,0,1
24.76024,258.42938,113.47803,0,0,0,0,1
24.78025,258.42938,113.47803,0,0,0,0,1
24.80047,258.42938,113.47803,0,0,0,0,1
24.82021,258.42938,113.47803,0,0,0,0,1
24.84045,258.42938,113.47803,0,0,0,0,1
24.86019,258.42938,113.47803,0,0,0,0,1
24.88034,258.42938,113.47803,0,0,0,0,1
24.90052,258.42938,113.47803,0,0,0,0,1
24.92042,258.42938,113.47803,0,0,0,0,1
24.94012,258.42938,113.47803,0,0,0,0,1
24.96040,258.42938,113.47803,0,0,0,0,1
24.98012,258.42938,113.47803,0,0,0,0,1
25.00027,258.42938,113.47803,1,0,0,0,1
25.02042,258.42938,113.47803,1,0,0,0,1
25.04032,258.36096,114.15659,1,0,0,0,1
25.06026,258.32675,114.49587,1,0,0,0,1
25.08040,258.29254,114.83515,1,0,0,0,1
25.10050,258.25833,115.17443,1,0,0,0,1
25.12011,258.22412,115.51371,0,0,0,0,1
25.14055,258.22412,115.51371,0,0,0,0,1
25.16039,258.22412,115.51371,0,0,0,0,1
25.18007,258.22412,115.51371,0,0,0,0,1
25.20026,258.22412,115.51371,0,0,0,0,1
25.22018,258.22412,115.51371,0,0,0,0,1
25.24026,258.22412,115.51371,0,0,0,0,1
25.26005,258.22412,115.51371,0,0,0,0,1
25.28034,258.22412,115.51371,0,0,0,0,1
25.30005,258.22412,115.51371,0,0,0,0,1
25.32032,258.22412,115.51371,0,0,0,0,1
25.34019,258.22412,115.51371,0,0,0,0,1
25.36036,258.22412,115.51371,0,0,0,0,1
25.38048,258.22412,115.51371,0,0,0,0,1
25.40024,258.22412,115.51371,0,0,0,0,1
25.42010,258.22412,115.51371,0,0,0,0,1
25.44036,258.22412,115.51371,0,0,0,0,1
25.46008,258.22412,115.51371,0,0,0,0,1
25.48023,258.22412,115.51371,0,0,0,0,1
25.50036,258.22412,115.51371,0,0,0,0,1
25.52012,258.22412,115.51371,0,0,0,0,1
25.54020,258.22412,115.51371,0,0,0,0,1
25.56036,258.22412,115.51371,0,0,0,0,1
25.58047,258.22412,115.51371,0,0,0,0,1
25.60051,258.22412,115.51371,0,0,0,0,1
25.62045,258.22412,115.51371,0,0,0,0,1
25.64026,258.22412,115.51371,0,0,0,0,1
25.66046,258.22412,115.51371,0,0,0,0,1
25.68017,258.22412,115.51371,0,0,0,0,1
25.70027,258.22412,115.51371,0,0,0,0,1
25.72018,258.22412,115.51371,0,0,0,0,1
25.74038,258.22412,115.51371,0,0,0,0,1
25.76008,258.22412,115.51371,0,0,0,0,1
25.78033,258.22412,115.51371,0,0,0,0,1
25.80013,258.22412,115.51371,0,0,0,0,1
25.82038,258.22412,115.51371,0,0,0,0,1
25.84013,258.22412,115.51371,0,0,0,0,1
25.86009,258.22412,115.51371,0,0,0,0,1
25.88022,258.22412,115.51371,0,0,0,0,1
25.90005,258.22412,115.51371,0,0,0,0,1
25.92008,258.22412,115.51371,0,0,0,0,1
25.94011,258.22412,115.51371,0,0,0,0,1
25.96050,258.22412,115.51371,0,0,0,0,1
25.98052,258.22412,115.51371,0,0,0,0,1
26.00058,258.22412,115.51371,0,0,0,0,1
26.02017,258.22412,115.51371,1,0,1,0,1
26.04004,258.22412,115.51371,1,0,1,0,1
26.06039,258.17947,116.19383,1,0,1,0,1
26.08034,258.19287,116.53457,1,0,1,0,1
26.10015,258.23004,116.87354,1,0,1,0,1
26.12018,258.29077,117.20908,1,0,1,0,1
26.14024,258.37479,117.53957,0,0,0,0,1
26.16022,258.48169,117.86337,0,0,0,0,1
26.18047,258.48169,117.86337,0,0,0,0,1
26.20053,258.48169,117.86337,0,0,0,0,1
26.22040,258.48169,117.86337,0,0,0,0,1
26.24017,258.48169,117.86337,0,0,0,0,1
26.26037,258.48169,117.86337,0,0,0,0,1
26.28051,258.48169,117.86337,0,0,0,0,1
26.30030,258.48169,117.86337,0,0,0,0,1
26.32039,258.48169,117.86337,0,0,0,0,1
26.34018,258.48169,117.86337,0,0,0,0,1
26.36013,258.48169,117.86337,0,0,0,0,1
26.38053,258.48169,117.86337,0,0,0,0,1
26.40020,258.48169,117.86337,0,0,0,0,1
26.42044,258.48169,117.86337,0,0,0,0,1
26.44005,258.48169,117.86337,0,0,0,0,1
26.46019,258.48169,117.86337,0,0,0,0,1
26.48044,258.48169,117.86337,0,0,0,0,1
26.50040,258.48169,117.86337,0,0,0,0,1
26.52011,258.48169,117.86337,0,0,0,0,1
26.54017,258.48169,117.86337,0,0,0,0,1
26.56017,258.48169,117.86337,0,0,0,0,1
26.58012,258.48169,117.86337,0,0,0,0,1
26.60033,258.48169,117.86337,0,0,0,0,1
26.62027,258.48169,117.86337,0,0,0,0,1
26.64017,258.48169,117.86337,0,0,0,0,1
26.66033,258.48169,117.86337,0,0,0,0,1
26.68064,258.48169,117.86337,0,0,0,0,1
26.70022,258.48169,117.86337,0,0,0,0,1
26.72013,258.48169,117.86337,0,0,0,0,1
26.74032,258.48169,117.86337,0,0,0,0,1
26.76031,258.48169,117.86337,0,0,0,0,1
26.78048,258.48169,117.86337,0,0,0,0,1
26.80041,258.48169,117.86337,0,0,0,0,1
26.82035,258.48169,117.86337,0,0,0,0,1
26.84053,258.48169,117.86337,0,0,0,0,1
26.86022,258.48169,117.86337,0,0,0,0,1
26.88043,258.48169,117.86337,0,0,0,0,1
26.90017,258.48169,117.86337,0,0,0,0,1
26.92010,258.48169,117.86337,0,0,0,0,1
26.94017,258.48169,117.86337,0,0,0,0,1
26.96011,258.48169,117.86337,0,0,0,0,1
26.98029,258.48169,117.86337,1,1,0,0,1
27.00015,258.61093,118.17892,1,1,0,0,1
27.02038,258.71786,118.50272,1,1,0,0,1
27.04028,258.80197,118.83319,1,1,0,0,1
27.06009,258.90012,119.50767,1,1,0,0,1
27.08047,258.91367,119.84840,1,1,0,0,1
27.10017,258.90344,120.18924,0,0,0,0,1
27.12056,258.86948,120.52854,0,0,0,0,1
27.14017,258.86948,120.52854,0,0,0,0,1
27.16004,258.86948,120.52854,0,0,0,0,1
27.18024,258.86948,120.52854,0,0,0,0,1
27.20045,258.86948,120.52854,0,0,0,0,1
27.22048,258.86948,120.52854,0,0,0,0,1
27.24046,258.86948,120.52854,0,0,0,0,1
27.26027,258.86948,120.52854,0,0,0,0,1
27.28052,258.86948,120.52854,0,0,0,0,1
27.30045,258.86948,120.52854,0,0,0,0,1
27.32024,258.86948,120.52854,0,0,0,0,1
27.34039,258.86948,120.52854,0,0,0,0,1
27.36013,258.86948,120.52854,0,0,0,0,1
27.38026,258.86948,120.52854,0,0,0,0,1
27.40051,258.86948,120.52854,0,0,0,0,1
27.42016,258.86948,120.52854,0,0,0,0,1
27.44029,258.86948,120.52854,0,0,0,0,1
27.46047,258.86948,120.52854,0,0,0,0,1
27.48050,258.86948,120.52854,0,0,0,0,1
27.50047,258.86948,120.52854,0,0,0,0,1
27.52030,258.86948,120.52854,0,0,0,0,1
27.54011,258.86948,120.52854,0,0,0,0,1
27.56036,258.86948,120.52854,0,0,0,0,1
27.58010,258.86948,120.52854,0,0,0,0,1
27.60031,258.86948,120.52854,0,0,0,0,1
27.62009,258.86948,120.52854,0,0,0,0,1
27.64017,258.86948,120.52854,0,0,0,0,1
27.66039,258.86948,120.52854,0,0,0,0,1
27.68022,258.86948,120.52854,0,0,0,0,1
27.70043,258.86948,120.52854,0,0,0,0,1
27.72009,258.86948,120.52854,0,0,0,0,1
27.74026,258.86948,120.52854,0,0,0,0,1
27.76044,258.86948,120.52854,0,0,0,0,1
27.78008,258.86948,120.52854,0,0,0,0,1
27.80031,258.86948,120.52854,0,0,0,0,1
27.82016,258.86948,120.52854,0,0,0,0,1
27.84007,258.86948,120.52854,0,0,0,0,1
27.86013,258.86948,120.52854,0,0,0,0,1
27.88039,258.86948,120.52854,0,0,0,0,1
27.90011,258.86948,120.52854,0,0,0,0,1
27.92026,258.86948,120.52854,0,0,0,0,1
27.94047,258.86948,120.52854,0,0,0,0,1
27.96024,258.86948,120.52854,1,0,0,0,1
27.98042,258.81192,120.86465,1,0,0,0,1
28.00036,258.75436,121.20075,1,0,0,0,1
28.02016,258.69681,121.53686,1,0,0,0,1
28.04054,258.63925,121.87296,1,0,0,0,1
28.06060,258.52414,122.54517,0,0,0,0,1
28.08041,258.52414,122.54517,0,0,0,0,1
28.10037,258.52414,122.54517,0,0,0,0,1
28.12037,258.52414,122.54517,0,0,0,0,1
28.14048,258.52414,122.54517,0,0,0,0,1
28.16011,258.52414,122.54517,0,0,0,0,1
28.18005,258.52414,122.54517,0,0,0,0,1
28.20018,258.52414,122.54517,0,0,0,0,1
28.22007,258.52414,122.54517,0,0,0,0,1
28.24025,258.52414,122.54517,0,0,0,0,1
28.26008,258.52414,122.54517,0,0,0,0,1
28.28034,258.52414,122.54517,0,0,0,0,1
28.30014,258.52414,122.54517,0,0,0,0,1
28.32053,258.52414,122.54517,0,0,0,0,1
28.34010,258.52414,122.54517,0,0,0,0,1
28.36026,258.52414,122.54517,0,0,0,0,1
28.38035,258.52414,122.54517,0,0,0,0,1
28.40051,258.52414,122.54517,0,0,0,0,1
28.42019,258.52414,122.54517,0,0,0,0,1
28.44047,258.52414,122.54517,0,0,0,0,1
28.46016,258.52414,122.54517,0,0,0,0,1
28.48025,258.52414,122.54517,0,0,0,0,1
28.50034,258.52414,122.54517,0,0,0,0,1
28.52028,258.52414,122.54517,0,0,0,0,1
28.54046,258.52414,122.54517,0,0,0,0,1
28.56013,258.52414,122.54517,0,0,0,0,1
28.58047,258.52414,122.54517,0,0,0,0,1
28.60051,258.52414,122.54517,0,0,0,0,1
28.62016,258.52414,122.54517,0,0,0,0,1
28.64033,258.52414,122.54517,0,0,0,0,1
28.66008,258.52414,122.54517,0,0,0,0,1
28.68041,258.52414,122.54517,0,0,0,0,1
28.70038,258.52414,122.54517,0,0,0,0,1
28.72018,258.52414,122.54517,0,0,0,0,1
28.74043,258.52414,122.54517,0,0,0,0,1
28.76008,258.52414,122.54517,0,0,0,0,1
28.78035,258.52414,122.54517,0,0,0,0,1
28.80005,258.52414,122.54517,0,0,0,0,1
28.82052,258.52414,122.54517,0,0,0,0,1
28.84038,258.52414,122.54517,0,0,0,0,1
28.86019,258.52414,122.54517,0,0,0,0,1
28.88054,258.52414,122.54517,0,0,0,0,1
28.90026,258.52414,122.54517,0,0,0,0,1
28.92045,258.52414,122.54517,0,0,0,0,1
28.94048,258.52414,122.54517,0,0,0,0,1
28.96006,258.52414,122.54517,1,0,1,0,1
28.98055,258.46658,122.88128,1,0,1,0,1
29.00005,258.43265,123.22059,1,0,1,0,1
29.02041,258.42249,123.56144,1,0,1,0,1
29.04011,258.43616,123.90217,1,0,1,0,1
29.06038,258.47357,124.24111,0,0,0,0,1
29.08055,258.53458,124.57661,0,0,0,0,1
29.10016,258.53458,124.57661,0,0,0,0,1
29.12036,258.53458,124.57661,0,0,0,0,1
29.14010,258.53458,124.57661,0,0,0,0,1
29.16020,258.53458,124.57661,0,0,0,0,1
29.18030,258.53458,124.57661,0,0,0,0,1
29.20054,258.53458,124.57661,0,0,0,0,1
29.22015,258.53458,124.57661,0,0,0,0,1
29.24039,258.53458,124.57661,0,0,0,0,1
29.26054,258.53458,124.57661,0,0,0,0,1
29.28012,258.53458,124.57661,0,0,0,0,1
29.30014,258.53458,124.57661,0,0,0,0,1
29.32005,258.53458,124.57661,0,0,0,0,1
29.34015,258.53458,124.57661,0,0,0,0,1
29.36020,258.53458,124.57661,0,0,0,0,1
29.38032,258.53458,124.57661,0,0,0,0,1
29.40037,258.53458,124.57661,0,0,0,0,1
29.42022,258.53458,124.57661,0,0,0,0,1
29.44030,258.53458,124.57661,0,0,0,0,1
29.46044,258.53458,124.57661,0,0,0,0,1
29.48012,258.53458,124.57661,0,0,0,0,1
29.50050,258.53458,124.57661,0,0,0,0,1
29.52042,258.53458,124.57661,0,0,0,0,1
29.54038,258.53458,124.57661,0,0,0,0,1
29.56023,258.53458,124.57661,0,0,0,0,1
29.58014,258.53458,124.57661,0,0,0,0,1
29.60052,258.53458,124.57661,0,0,0,0,1
29.62016,258.53458,124.57661,0,0,0,0,1
29.64034,258.53458,124.57661,0,0,0,0,1
29.66021,258.53458,124.57661,0,0,0,0,1
29.68044,258.53458,124.57661,0,0,0,0,1
29.70026,258.53458,124.57661,0,0,0,0,1
29.72045,258.53458,124.57661,0,0,0,0,1
29.74014,258.53458,124.57661,0,0,0,0,1
29.76016,258.53458,124.57661,0,0,0,0,1
29.78034,258.53458,124.57661,0,0,0,0,1
29.80052,258.53458,124.57661,0,0,0,0,1
29.82029,258.53458,124.57661,0,0,0,0,1
29.84035,258.53458,124.57661,0,0,0,0,1
29.86049,258.53458,124.57661,1,1,0,0,1
29.88054,258.59561,124.91211,1,1,0,0,1
29.90053,258.63309,125.25105,1,1,0,0,1
29.92027,258.64685,125.59177,1,1,0,0,1
29.94036,258.63681,125.93262,1,1,0,0,1
29.96027,258.60303,126.27194,1,1,0,0,1
29.98018,258.46500,126.93941,0,0,0,0,1
30.00027,258.46500,126.93941,0,0,0,0,1
30.02050,258.46500,126.93941,0,0,0,0,1
30.04008,258.46500,126.93941,0,0,0,0,1
30.06037,258.46500,126.93941,0,0,0,0,1
30.08031,258.46500,126.93941,0,0,0,0,1
30.10017,258.46500,126.93941,0,0,0,0,1
30.12044,258.46500,126.93941,0,0,0,0,1
30.14018,258.46500,126.93941,0,0,0,0,1
30.16025,258.46500,126.93941,0,0,0,0,1
30.18044,258.46500,126.93941,0,0,0,0,1
30.20014,258.46500,126.93941,0,0,0,0,1
30.22007,258.46500,126.93941,0,0,0,0,1
30.24028,258.46500,126.93941,0,0,0,0,1
30.26037,258.46500,126.93941,0,0,0,0,1
30.28013,258.46500,126.93941,0,0,0,0,1
30.30013,258.46500,126.93941,0,0,0,0,1
30.32013,258.46500,126.93941,0,0,0,0,1
30.34014,258.46500,126.93941,0,0,0,0,1
30.36025,258.46500,126.93941,0,0,0,0,1
30.38041,258.46500,126.93941,0,0,0,0,1
30.40022,258.46500,126.93941,0,0,0,0,1
30.42022,258.46500,126.93941,0,0,0,0,1
30.44038,258.46500,126.93941,0,0,0,0,1
30.46026,258.46500,126.93941,0,0,0,0,1
30.48029,258.46500,126.93941,0,0,0,0,1
30.50035,258.46500,126.93941,0,0,0,0,1
30.52032,258.46500,126.93941,0,0,0,0,1
30.54014,258.46500,126.93941,0,0,0,0,1
30.56032,258.46500,126.93941,0,0,0,0,1
30.58053,258.46500,126.93941,0,0,0,0,1
30.60033,258.46500,126.93941,0,0,0,0,1
30.62046,258.46500,126.93941,0,0,0,0,1
30.64038,258.46500,126.93941,0,0,0,0,1
30.66033,258.46500,126.93941,0,0,0,0,1
30.68004,258.46500,126.93941,0,0,0,0,1
30.70023,258.46500,126.93941,0,0,0,0,1
30.72015,258.46500,126.93941,0,0,0,0,1
30.74039,258.46500,126.93941,0,0,0,0,1
30.76014,258.46500,126.93941,0,0,0,0,1
30.78020,258.46500,126.93941,0,0,0,0,1
30.80053,258.46500,126.93941,1,0,0,0,1
30.82042,258.46500,126.93941,1,0,0,0,1
30.84028,258.36142,127.26430,1,0,0,0,1
30.86011,258.25784,127.58919,1,0,0,0,1
30.88028,258.05069,128.23897,1,0,0,0,1
30.90007,257.84354,128.88875,1,0,0,0,1
30.92024,257.73996,129.21364,1,0,0,0,1
30.94030,257.63638,129.53853,0,0,0,0,1
30.96037,257.63638,129.53853,0,0,0,0,1
30.98018,257.63638,129.53853,0,0,0,0,1
31.00024,257.63638,129.53853,0,0,0,0,1
31.02029,257.63638,129.53853,0,0,0,0,1
31.04031,257.63638,129.53853,0,0,0,0,1
31.06004,257.63638,129.53853,0,0,0,0,1
31.08051,257.63638,129.53853,0,0,0,0,1
31.10022,257.63638,129.53853,0,0,0,0,1
31.12046,257.63638,129.53853,0,0,0,0,1
31.14021,257.63638,129.53853,0,0,0,0,1
31.16033,257.63638,129.53853,0,0,0,0,1
31.18041,257.63638,129.53853,0,0,0,0,1
31.20010,257.63638,129.53853,0,0,0,0,1
31.22032,257.63638,129.53853,0,0,0,0,1
31.24013,257.63638,129.53853,0,0,0,0,1
31.26020,257.63638,129.53853,0,0,0,0,1
31.28041,257.63638,129.53853,0,0,0,0,1
31.30016,257.63638,129.53853,0,0,0,0,1
31.32038,257.63638,129.53853,0,0,0,0,1
31.34053,257.63638,129.53853,0,0,0,0,1
31.36014,257.63638,129.53853,0,0,0,0,1
31.38044,257.63638,129.53853,0,0,0,0,1
31.40049,257.63638,129.53853,0,0,0,0,1
31.42013,257.63638,129.53853,0,0,0,0,1
31.44034,257.63638,129.53853,0,0,0,0,1
31.46039,257.63638,129.53853,0,0,0,0,1
31.48011,257.63638,129.53853,0,0,0,0,1
31.50030,257.63638,129.53853,0,0,0,0,1
31.52051,257.63638,129.53853,0,0,0,0,1
31.54019,257.63638,129.53853,0,0,0,0,1
31.56010,257.63638,129.53853,0,0,0,0,1
31.58038,257.63638,129.53853,0,0,0,0,1
31.60043,257.63638,129.53853,0,0,0,0,1
31.62053,257.63638,129.53853,0,0,0,0,1
31.64015,257.63638,129.53853,0,0,0,0,1
31.66029,257.63638,129.53853,0,0,0,0,1
31.68029,257.63638,129.53853,0,0,0,0,1
31.70017,257.63638,129.53853,0,0,0,0,1
31.72045,257.63638,129.53853,0,0,0,0,1
31.74012,257.63638,129.53853,0,0,0,0,1
31.76014,257.63638,129.53853,1,0,1,0,1
31.78014,257.53281,129.86342,1,0,1,0,1
31.80022,257.45218,130.19475,1,0,1,0,1
31.82021,257.39487,130.53090,1,0,1,0,1
31.84042,257.36118,130.87022,1,0,0,0,1
31.86028,257.35126,131.21107,0,0,0,0,1
31.88060,257.35126,131.21107,0,0,0,0,1
31.90018,257.35126,131.21107,0,0,0,0,1
31.92027,257.35126,131.21107,0,0,0,0,1
31.94020,257.35126,131.21107,0,0,0,0,1
31.96013,257.35126,131.21107,0,0,0,0,1
31.98014,257.35126,131.21107,0,0,0,0,1
32.00034,257.35126,131.21107,0,0,0,0,1
32.02022,257.35126,131.21107,0,0,0,0,1
32.04041,257.35126,131.21107,0,0,0,0,1
32.06017,257.35126,131.21107,0,0,0,0,1
32.08022,257.35126,131.21107,0,0,0,0,1
32.10022,257.35126,131.21107,0,0,0,0,1
32.12029,257.35126,131.21107,0,0,0,0,1
32.14043,257.35126,131.21107,0,0,0,0,1
32.16031,257.35126,131.21107,0,0,0,0,1
32.18066,257.35126,131.21107,0,0,0,0,1
32.20034,257.35126,131.21107,0,0,0,0,1
32.22024,257.35126,131.21107,0,0,0,0,1
32.24048,257.35126,131.21107,0,0,0,0,1
32.26045,257.35126,131.21107,0,0,0,0,1
32.28047,257.35126,131.21107,0,0,0,0,1
32.30013,257.35126,131.21107,0,0,0,0,1
32.32028,257.35126,131.21107,0,0,0,0,1
32.34014,257.35126,131.21107,0,0,0,0,1
32.36034,257.35126,131.21107,0,0,0,0,1
32.38016,257.35126,131.21107,0,0,0,0,1
32.40018,257.35126,131.21107,0,0,0,0,1
32.42038,257.35126,131.21107,0,0,0,0,1
32.44012,257.35126,131.21107,0,0,0,0,1
32.46013,257.35126,131.21107,0,0,0,0,1
32.48023,257.35126,131.21107,0,0,0,0,1
32.50022,257.35126,131.21107,0,0,0,0,1
32.52022,257.35126,131.21107,0,0,0,0,1
32.54028,257.35126,131.21107,0,0,0,0,1
32.56017,257.35126,131.21107,0,0,0,0,1
32.58047,257.35126,131.21107,0,1,0,0,1
32.60011,257.35126,131.21107,1,1,0,0,1
32.62045,257.34140,131.55193,1,1,0,0,1
32.64013,257.30777,131.89127,1,1,0,0,1
32.66013,257.25058,132.22743,1,1,0,0,1
32.68079,257.06665,132.88373,1,1,0,0,1
32.70039,256.94083,133.20067,0,0,0,0,1
32.72009,256.94083,133.20067,0,0,0,0,1
32.74005,256.94083,133.20067,0,0,0,0,1
32.76033,256.94083,133.20067,0,0,0,0,1
32.78009,256.94083,133.20067,0,0,0,0,1
32.80037,256.94083,133.20067,0,0,0,0,1
32.82015,256.94083,133.20067,0,0,0,0,1
32.84004,256.94083,133.20067,0,0,0,0,1
32.86020,256.94083,133.20067,0,0,0,0,1
32.88034,256.94083,133.20067,0,0,0,0,1
32.90028,256.94083,133.20067,0,0,0,0,1
32.92024,256.94083,133.20067,0,0,0,0,1
32.94015,256.94083,133.20067,0,0,0,0,1
32.96047,256.94083,133.20067,0,0,0,0,1
32.98005,256.94083,133.20067,0,0,0,0,1
33.00043,256.94083,133.20067,0,0,0,0,1
33.02006,256.94083,133.20067,0,0,0,0,1
33.04030,256.94083,133.20067,0,0,0,0,1
33.06048,256.94083,133.20067,0,0,0,0,1
33.08019,256.94083,133.20067,0,0,0,0,1
33.10039,256.94083,133.20067,0,0,0,0,1
33.12027,256.94083,133.20067,0,0,0,0,1
33.14013,256.94083,133.20067,0,0,0,0,1
33.16037,256.94083,133.20067,0,0,0,0,1
33.18031,256.94083,133.20067,0,0,0,0,1
33.20023,256.94083,133.20067,0,0,0,0,1
33.22009,256.94083,133.20067,0,0,0,0,1
33.24039,256.94083,133.20067,0,0,0,0,1
33.26053,256.94083,133.20067,0,0,0,0,1
33.28019,256.94083,133.20067,0,0,0,0,1
33.30048,256.94083,133.20067,0,0,0,0,1
33.32006,256.94083,133.20067,0,0,0,0,1
33.34023,256.94083,133.20067,0,0,0,0,1
33.36014,256.94083,133.20067,0,0,0,0,1
33.38044,256.94083,133.20067,0,0,0,0,1
33.40029,256.94083,133.20067,0,0,0,0,1
33.42053,256.94083,133.20067,0,0,0,0,1
33.44032,256.94083,133.20067,0,0,0,0,1
33.46030,256.94083,133.20067,0,0,0,0,1
33.48025,256.94083,133.20067,0,0,0,0,1
33.50011,256.94083,133.20067,1,0,0,0,1
33.52007,256.79321,133.50806,1,0,0,0,1
33.54044,256.64560,133.81544,1,0,0,0,1
33.56016,256.49799,134.12283,1,0,0,0,1
33.58041,256.20276,134.73761,1,0,0,0,1
33.60036,256.05515,135.04500,0,0,0,0,1
33.62018,256.05515,135.04500,0,0,0,0,1
33.64022,256.05515,135.04500,0,0,0,0,1
33.66028,256.05515,135.04500,0,0,0,0,1
33.68009,256.05515,135.04500,0,0,0,0,1
33.70026,256.05515,135.04500,0,0,0,0,1
33.72028,256.05515,135.04500,0,0,0,0,1
33.74031,256.05515,135.04500,0,0,0,0,1
33.76007,256.05515,135.04500,0,0,0,0,1
33.78033,256.05515,135.04500,0,0,0,0,1
33.80042,256.05515,135.04500,0,0,0,0,1
33.82052,256.05515,135.04500,0,0,0,0,1
33.84033,256.05515,135.04500,0,0,0,0,1
33.86007,256.05515,135.04500,0,0,0,0,1
33.88016,256.05515,135.04500,0,0,0,0,1
33.90040,256.05515,135.04500,0,0,0,0,1
33.92039,256.05515,135.04500,0,0,0,0,1
33.94008,256.05515,135.04500,0,0,0,0,1
33.96031,256.05515,135.04500,0,0,0,0,1
33.98013,256.05515,135.04500,0,0,0,0,1
34.00054,256.05515,135.04500,0,0,0,0,1
34.02025,256.05515,135.04500,0,0,0,0,1
34.04007,256.05515,135.04500,0,0,0,0,1
34.06010,256.05515,135.04500,0,0,0,0,1
34.08019,256.05515,135.04500,0,0,0,0,1
34.10036,256.05515,135.04500,0,0,0,0,1
34.12046,256.05515,135.04500,0,0,0,0,1
34.14017,256.05515,135.04500,0,0,0,0,1
34.16019,256.05515,135.04500,0,0,0,0,1
34.18043,256.05515,135.04500,0,0,0,0,1
34.20024,256.05515,135.04500,0,0,0,0,1
34.22034,256.05515,135.04500,0,0,0,0,1
34.24052,256.05515,135.04500,0,0,0,0,1
34.26041,256.05515,135.04500,0,0,0,0,1
34.28048,256.05515,135.04500,0,0,0,0,1
34.30013,256.05515,135.04500,0,0,0,0,1
34.32032,256.05515,135.04500,0,0,0,0,1
34.34048,256.05515,135.04500,0,0,0,0,1
34.36020,256.05515,135.04500,0,0,0,0,1
34.38027,256.05515,135.04500,0,0,0,0,1
34.40014,256.05515,135.04500,0,0,0,0,1
34.42070,256.05515,135.04500,0,0,0,0,1
34.44033,256.05515,135.04500,1,0,1,0,1
34.46029,255.90752,135.35239,1,0,1,0,1
34.48021,255.75989,135.65977,1,0,1,0,1
34.50032,255.53073,136.30167,1,0,1,0,1
34.52047,255.45032,136.63306,1,0,1,0,1
34.54025,255.39325,136.96925,1,0,1,0,1
34.56019,255.35979,137.30861,0,0,0,0,1
34.58049,255.35011,137.64948,0,0,0,0,1
34.60045,255.35011,137.64948,0,0,0,0,1
34.62044,255.35011,137.64948,0,0,0,0,1
34.64045,255.35011,137.64948,0,0,0,0,1
34.66005,255.35011,137.64948,0,0,0,0,1
34.68006,255.35011,137.64948,0,0,0,0,1
34.70007,255.35011,137.64948,0,0,0,0,1
34.72020,255.35011,137.64948,0,0,0,0,1
34.74022,255.35011,137.64948,0,0,0,0,1
34.76029,255.35011,137.64948,0,0,0,0,1
34.78050,255.35011,137.64948,0,0,0,0,1
34.80030,255.35011,137.64948,0,0,0,0,1
34.82021,255.35011,137.64948,0,0,0,0,1
34.84035,255.35011,137.64948,0,0,0,0,1
34.86025,255.35011,137.64948,0,0,0,0,1
34.88007,255.35011,137.64948,0,0,0,0,1
34.90060,255.35011,137.64948,0,0,0,0,1
34.92035,255.35011,137.64948,0,0,0,0,1
34.94056,255.35011,137.64948,0,0,0,0,1
34.96017,255.35011,137.64948,0,0,0,0,1
34.98033,255.35011,137.64948,0,0,0,0,1
35.00032,255.35011,137.64948,0,0,0,0,1
35.02041,255.35011,137.64948,0,0,0,0,1
35.04054,255.35011,137.64948,0,0,0,0,1
35.06019,255.35011,137.64948,0,0,0,0,1
35.08038,255.35011,137.64948,0,0,0,0,1
35.10008,255.35011,137.64948,0,0,0,0,1
35.12030,255.35011,137.64948,0,0,0,0,1
35.14036,255.35011,137.64948,0,0,0,0,1
35.16053,255.35011,137.64948,0,0,0,0,1
35.18062,255.35011,137.64948,0,0,0,0,1
35.20045,255.35011,137.64948,0,0,0,0,1
35.22038,255.35011,137.64948,0,0,0,0,1
35.24005,255.35011,137.64948,0,0,0,0,1
35.26028,255.35011,137.64948,0,0,0,0,1
35.28014,255.35011,137.64948,0,0,0,0,1
35.30023,255.35011,137.64948,0,0,0,0,1
35.32028,255.35011,137.64948,0,0,0,0,1
35.34034,255.35011,137.64948,1,1,0,0,1
35.36013,255.36426,137.99019,1,1,0,0,1
35.38055,255.35461,138.33105,1,1,0,0,1
35.40040,255.26425,139.00662,1,1,0,0,1
35.42014,255.18396,139.33804,1,1,0,0,1
35.44047,255.08076,139.66306,1,1,0,0,1
35.46025,254.95515,139.98007,0,0,0,0,1
35.48054,254.80774,140.28755,0,0,0,0,1
35.50017,254.80774,140.28755,0,0,0,0,1
35.52038,254.80774,140.28755,0,0,0,0,1
35.54008,254.80774,140.28755,0,0,0,0,1
35.56017,254.80774,140.28755,0,0,0,0,1
35.58037,254.80774,140.28755,0,0,0,0,1
35.60006,254.80774,140.28755,0,0,0,0,1
35.62021,254.80774,140.28755,0,0,0,0,1
35.64031,254.80774,140.28755,0,0,0,0,1
35.66042,254.80774,140.28755,0,0,0,0,1
35.68004,254.80774,140.28755,0,0,0,0,1
35.70013,254.80774,140.28755,0,0,0,0,1
35.72032,254.80774,140.28755,0,0,0,0,1
35.74046,254.80774,140.28755,0,0,0,0,1
35.76012,254.80774,140.28755,0,0,0,0,1
35.78038,254.80774,140.28755,0,0,0,0,1
35.80005,254.80774,140.28755,0,0,0,0,1
35.82017,254.80774,140.28755,0,0,0,0,1
35.84059,254.80774,140.28755,0,0,0,0,1
35.86027,254.80774,140.28755,0,0,0,0,1
35.88014,254.80774,140.28755,0,0,0,0,1
35.90049,254.80774,140.28755,0,0,0,0,1
35.92014,254.80774,140.28755,0,0,0,0,1
35.94028,254.80774,140.28755,0,0,0,0,1
35.96047,254.80774,140.28755,0,0,0,0,1
35.98014,254.80774,140.28755,0,0,0,0,1
36.00034,254.80774,140.28755,0,0,0,0,1
36.02007,254.80774,140.28755,0,0,0,0,1
36.04038,254.80774,140.28755,0,0,0,0,1
36.06006,254.80774,140.28755,0,0,0,0,1
36.08027,254.80774,140.28755,0,0,0,0,1
36.10004,254.80774,140.28755,0,0,0,0,1
36.12017,254.80774,140.28755,0,0,0,0,1
36.14035,254.80774,140.28755,0,0,0,0,1
36.16025,254.80774,140.28755,0,0,0,0,1
36.18028,254.80774,140.28755,0,0,0,0,1
36.20051,254.80774,140.28755,0,0,0,0,1
36.22014,254.80774,140.28755,0,0,0,0,1
36.24032,254.80774,140.28755,0,0,0,0,1
36.26032,254.80774,140.28755,0,0,0,0,1
36.28006,254.80774,140.28755,0,0,0,0,1
36.30010,254.80774,140.28755,1,0,0,0,1
36.32045,254.66032,140.59503,1,0,0,0,1
36.34006,254.51291,140.90251,1,0,0,0,1
36.36032,254.36549,141.20999,1,0,0,0,1
36.38007,254.07066,141.82495,1,0,0,0,1
36.40057,253.92325,142.13243,0,0,0,0,1
36.42024,253.77583,142.43991,0,0,0,0,1
36.44009,253.77583,142.43991,0,0,0,0,1
36.46024,253.77583,142.43991,0,0,0,0,1
36.48038,253.77583,142.43991,0,0,0,0,1
36.50015,253.77583,142.43991,0,0,0,0,1
36.52044,253.77583,142.43991,0,0,0,0,1
36.54040,253.77583,142.43991,0,0,0,0,1
36.56011,253.77583,142.43991,0,0,0,0,1
36.58029,253.77583,142.43991,0,0,0,0,1
36.60052,253.77583,142.43991,0,0,0,0,1
36.62019,253.77583,142.43991,0,0,0,0,1
36.64035,253.77583,142.43991,0,0,0,0,1
36.66007,253.77583,142.43991,0,0,0,0,1
36.68046,253.77583,142.43991,0,0,0,0,1
36.70021,253.77583,142.43991,0,0,0,0,1
36.72030,253.77583,142.43991,0,0,0,0,1
36.74052,253.77583,142.43991,0,0,0,0,1
36.76014,253.77583,142.43991,0,0,0,0,1
36.78021,253.77583,142.43991,0,0,0,0,1
36.80027,253.77583,142.43991,0,0,0,0,1
36.82022,253.77583,142.43991,0,0,0,0,1
36.84038,253.77583,142.43991,0,0,0,0,1
36.86038,253.77583,142.43991,0,0,0,0,1
36.88011,253.77583,142.43991,0,0,0,0,1
36.90034,253.77583,142.43991,0,0,0,0,1
36.92005,253.77583,142.43991,0,0,0,0,1
36.94020,253.77583,142.43991,0,0,0,0,1
36.96010,253.77583,142.43991,0,0,0,0,1
36.98033,253.77583,142.43991,0,0,0,0,1
37.00042,253.77583,142.43991,0,0,0,0,1
37.02053,253.77583,142.43991,0,0,0,0,1
37.04016,253.77583,142.43991,0,0,0,0,1
37.06042,253.77583,142.43991,0,0,0,0,1
37.08035,253.77583,142.43991,0,0,0,0,1
37.10016,253.77583,142.43991,0,0,0,0,1
37.12031,253.77583,142.43991,0,0,0,0,1
37.14053,253.77583,142.43991,0,0,0,0,1
37.16012,253.77583,142.43991,0,0,0,0,1
37.18006,253.77583,142.43991,0,0,0,0,1
37.20047,253.77583,142.43991,0,0,0,0,1
37.22013,253.77583,142.43991,0,0,0,0,1
37.24039,253.77583,142.43991,0,0,0,0,1
37.26049,253.77583,142.43991,1,0,1,0,1
37.28038,253.77583,142.43991,1,0,1,0,1
37.30013,253.50284,143.06442,1,0,1,0,1
37.32055,253.39970,143.38945,1,0,1,0,1
37.34049,253.31952,143.72089,1,0,1,0,1
37.36020,253.26266,144.05711,1,0,1,0,1
37.38035,253.22943,144.39648,0,0,0,0,1
37.40058,253.21999,144.73735,0,0,0,0,1
37.42022,253.21999,144.73735,0,0,0,0,1
37.44038,253.21999,144.73735,0,0,0,0,1
37.46007,253.21999,144.73735,0,0,0,0,1
37.48021,253.21999,144.73735,0,0,0,0,1
37.50036,253.21999,144.73735,0,0,0,0,1
37.52009,253.21999,144.73735,0,0,0,0,1
37.54022,253.21999,144.73735,0,0,0,0,1
37.56042,253.21999,144.73735,0,0,0,0,1
37.58054,253.21999,144.73735,0,0,0,0,1
37.60021,253.21999,144.73735,0,0,0,0,1
37.62050,253.21999,144.73735,0,0,0,0,1
37.64020,253.21999,144.73735,0,0,0,0,1
37.66057,253.21999,144.73735,0,0,0,0,1
37.68020,253.21999,144.73735,0,0,0,0,1
37.70040,253.21999,144.73735,0,0,0,0,1
37.72053,253.21999,144.73735,0,0,0,0,1
37.74012,253.21999,144.73735,0,0,0,0,1
37.76032,253.21999,144.73735,0,0,0,0,1
37.78053,253.21999,144.73735,0,0,0,0,1
37.80013,253.21999,144.73735,0,0,0,0,1
37.82046,253.21999,144.73735,0,0,0,0,1
37.84010,253.21999,144.73735,0,0,0,0,1
37.86026,253.21999,144.73735,0,0,0,0,1
37.88041,253.21999,144.73735,0,0,0,0,1
37.90009,253.21999,144.73735,0,0,0,0,1
37.92028,253.21999,144.73735,0,0,0,0,1
37.94044,253.21999,144.73735,0,0,0,0,1
37.96045,253.21999,144.73735,0,0,0,0,1
37.98052,253.21999,144.73735,0,0,0,0,1
38.00022,253.21999,144.73735,0,0,0,0,1
38.02039,253.21999,144.73735,0,0,0,0,1
38.04054,253.21999,144.73735,0,0,0,0,1
38.06018,253.21999,144.73735,0,0,0,0,1
38.08038,253.21999,144.73735,0,0,0,0,1
38.10056,253.21999,144.73735,0,0,0,0,1
38.12035,253.21999,144.73735,0,0,0,0,1
38.14042,253.21999,144.73735,0,0,0,0,1
38.16019,253.21999,144.73735,1,1,0,0,1
38.18037,253.21999,144.73735,1,1,0,0,1
38.20053,253.21057,145.07822,1,1,0,0,1
38.22017,253.12067,145.75385,1,1,0,0,1
38.24026,253.04060,146.08531,1,1,0,0,1
38.26022,252.93762,146.41039,1,0,0,0,1
38.28047,252.81223,146.72749,0,0,0,0,1
38.30023,252.81223,146.72749,0,0,0,0,1
38.32010,252.81223,146.72749,0,0,0,0,1
38.34017,252.81223,146.72749,0,0,0,0,1
38.36038,252.81223,146.72749,0,0,0,0,1
38.38036,252.81223,146.72749,0,0,0,0,1
38.40050,252.81223,146.72749,0,0,0,0,1
38.42042,252.81223,146.72749,0,0,0,0,1
38.44033,252.81223,146.72749,0,0,0,0,1
38.46046,252.81223,146.72749,0,0,0,0,1
38.48020,252.81223,146.72749,0,0,0,0,1
38.50010,252.81223,146.72749,0,0,0,0,1
38.52023,252.81223,146.72749,0,0,0,0,1
38.54041,252.81223,146.72749,0,0,0,0,1
38.56050,252.81223,146.72749,0,0,0,0,1
38.58010,252.81223,146.72749,0,0,0,0,1
38.60027,252.81223,146.72749,0,0,0,0,1
38.62025,252.81223,146.72749,0,0,0,0,1
38.64048,252.81223,146.72749,0,0,0,0,1
38.66012,252.81223,146.72749,0,0,0,0,1
38.68046,252.81223,146.72749,0,0,0,0,1
38.70022,252.81223,146.72749,0,0,0,0,1
38.72047,252.81223,146.72749,0,0,0,0,1
38.74009,252.81223,146.72749,0,0,0,0,1
38.76024,252.81223,146.72749,0,0,0,0,1
38.78039,252.81223,146.72749,0,0,0,0,1
38.80053,252.81223,146.72749,0,0,0,0,1
38.82024,252.81223,146.72749,0,0,0,0,1
38.84022,252.81223,146.72749,0,0,0,0,1
38.86039,252.81223,146.72749,0,0,0,0,1
38.88055,252.81223,146.72749,0,0,0,0,1
38.90024,252.81223,146.72749,0,0,0,0,1
38.92037,252.81223,146.72749,0,0,0,0,1
38.94015,252.81223,146.72749,0,0,0,0,1
38.96019,252.81223,146.72749,0,0,0,0,1
38.98019,252.81223,146.72749,0,0,0,0,1
39.00021,252.81223,146.72749,0,0,0,0,1
39.02021,252.81223,146.72749,0,0,0,0,1
39.04023,252.81223,146.72749,0,0,0,0,1
39.06014,252.81223,146.72749,0,0,0,0,1
39.08031,252.81223,146.72749,0,0,0,0,1
39.10049,252.81223,146.72749,0,0,0,0,1
39.12034,252.81223,146.72749,0,0,0,0,1
39.14049,252.81223,146.72749,0,0,0,0,1
39.16014,252.81223,146.72749,1,0,0,0,1
39.18004,252.81223,146.72749,1,0,0,0,1
39.20056,252.66501,147.03508,1,0,0,0,1
39.22015,252.37057,147.65025,1,0,0,0,1
39.24034,252.22336,147.95784,1,0,0,0,1
39.26018,252.07614,148.26543,1,0,0,0,1
39.28027,251.92892,148.57301,0,0,0,0,1
39.30043,251.92892,148.57301,0,0,0,0,1
39.32015,251.92892,148.57301,0,0,0,0,1
39.34037,251.92892,148.57301,0,0,0,0,1
39.36052,251.92892,148.57301,0,0,0,0,1
39.38029,251.92892,148.57301,0,0,0,0,1
39.40039,251.92892,148.57301,0,0,0,0,1
39.42017,251.92892,148.57301,0,0,0,0,1
39.44037,251.92892,148.57301,0,0,0,0,1
39.46050,251.92892,148.57301,0,0,0,0,1
39.48012,251.92892,148.57301,0,0,0,0,1
39.50025,251.92892,148.57301,0,0,0,0,1
39.52057,251.92892,148.57301,0,0,0,0,1
39.54029,251.92892,148.57301,0,0,0,0,1
39.56042,251.92892,148.57301,0,0,0,0,1
39.58027,251.92892,148.57301,0,0,0,0,1
39.60010,251.92892,148.57301,0,0,0,0,1
39.62032,251.92892,148.57301,0,0,0,0,1
39.64050,251.92892,148.57301,0,0,0,0,1
39.66041,251.92892,148.57301,0,0,0,0,1
39.68027,251.92892,148.57301,0,0,0,0,1
39.70009,251.92892,148.57301,0,0,0,0,1
39.72028,251.92892,148.57301,0,0,0,0,1
39.74036,251.92892,148.57301,0,0,0,0,1
39.76012,251.92892,148.57301,0,0,0,0,1
39.78030,251.92892,148.57301,0,0,0,0,1
39.80050,251.92892,148.57301,0,0,0,0,1
39.82024,251.92892,148.57301,0,0,0,0,1
39.84037,251.92892,148.57301,0,0,0,0,1
39.86024,251.92892,148.57301,0,0,0,0,1
39.88034,251.92892,148.57301,0,0,0,0,1
39.90052,251.92892,148.57301,0,0,0,0,1
39.92014,251.92892,148.57301,0,0,0,0,1
39.94030,251.92892,148.57301,0,0,0,0,1
39.96018,251.92892,148.57301,0,0,0,0,1
39.98009,251.92892,148.57301,0,0,0,0,1
40.00062,251.92892,148.57301,0,0,0,0,1
40.02040,251.92892,148.57301,0,0,0,0,1
40.04017,251.92892,148.57301,0,0,0,0,1
40.06033,251.92892,148.57301,0,0,0,0,1
40.08036,251.92892,148.57301,0,0,0,0,1
40.10016,251.92892,148.57301,0,0,0,0,1
40.12008,251.92892,148.57301,0,0,0,0,1
40.14039,251.92892,148.57301,0,0,0,0,1
40.16042,251.92892,148.57301,1,0,1,0,1
40.18052,251.78171,148.88060,1,0,1,0,1
40.20009,251.65634,149.19772,1,0,1,0,1
40.22047,251.47345,149.85432,1,0,1,0,1
40.24054,251.41682,150.19060,1,0,1,0,1
40.26010,251.38382,150.53000,1,0,1,0,1
40.28020,251.37460,150.87088,0,0,1,0,1
40.30004,251.38921,151.21156,0,0,0,0,1
40.32030,251.38921,151.21156,0,0,0,0,1
40.34029,251.38921,151.21156,0,0,0,0,1
40.36050,251.38921,151.21156,0,0,0,0,1
40.38033,251.38921,151.21156,0,0,0,0,1
40.40065,251.38921,151.21156,0,0,0,0,1
40.42046,251.38921,151.21156,0,0,0,0,1
40.44047,251.38921,151.21156,0,0,0,0,1
40.46017,251.38921,151.21156,0,0,0,0,1
40.48039,251.38921,151.21156,0,0,0,0,1
40.50048,251.38921,151.21156,0,0,0,0,1
40.52025,251.38921,151.21156,0,0,0,0,1
40.54043,251.38921,151.21156,0,0,0,0,1
40.56013,251.38921,151.21156,0,0,0,0,1
40.58038,251.38921,151.21156,0,0,0,0,1
40.60007,251.38921,151.21156,0,0,0,0,1
40.62029,251.38921,151.21156,0,0,0,0,1
40.64048,251.38921,151.21156,0,0,0,0,1
40.66019,251.38921,151.21156,0,0,0,0,1
40.68041,251.38921,151.21156,0,0,0,0,1
40.70015,251.38921,151.21156,0,0,0,0,1
40.72041,251.38921,151.21156,0,0,0,0,1
40.74017,251.38921,151.21156,0,0,0,0,1
40.76025,251.38921,151.21156,0,0,0,0,1
40.78043,251.38921,151.21156,0,0,0,0,1
40.80013,251.38921,151.21156,0,0,0,0,1
40.82004,251.38921,151.21156,0,0,0,0,1
40.84020,251.38921,151.21156,0,0,0,0,1
40.86022,251.38921,151.21156,0,0,0,0,1
40.88031,251.38921,151.21156,0,0,0,0,1
40.90005,251.38921,151.21156,0,0,0,0,1
40.92020,251.38921,151.21156,0,0,0,0,1
40.94031,251.38921,151.21156,0,0,0,0,1
40.96059,251.38921,151.21156,0,0,0,0,1
40.98009,251.38921,151.21156,0,0,0,0,1
41.00036,251.38921,151.21156,0,0,0,0,1
41.02020,251.38921,151.21156,0,0,0,0,1
41.04037,251.38921,151.21156,0,0,0,0,1
41.06018,251.38921,151.21156,0,0,0,0,1
41.08046,251.38921,151.21156,1,1,0,0,1
41.10023,251.45114,151.54689,1,1,0,0,1
41.12049,251.50421,152.22641,1,1,0,0,1
41.14006,251.49509,152.56729,1,1,0,0,1
41.16010,251.46222,152.90671,1,1,0,0,1
41.18016,251.40576,153.24300,1,1,0,0,1
41.20015,251.32599,153.57454,1,0,0,0,1
41.22015,251.09814,154.21692,0,0,0,0,1
41.24020,251.09814,154.21692,0,0,0,0,1
41.26034,251.09814,154.21692,0,0,0,0,1
41.28008,251.09814,154.21692,0,0,0,0,1
41.30026,251.09814,154.21692,0,0,0,0,1
41.32048,251.09814,154.21692,0,0,0,0,1
41.34023,251.09814,154.21692,0,0,0,0,1
41.36012,251.09814,154.21692,0,0,0,0,1
41.38037,251.09814,154.21692,0,0,0,0,1
41.40015,251.09814,154.21692,0,0,0,0,1
41.42052,251.09814,154.21692,0,0,0,0,1
41.44031,251.09814,154.21692,0,0,0,0,1
41.46050,251.09814,154.21692,0,0,0,0,1
41.48053,251.09814,154.21692,0,0,0,0,1
41.50026,251.09814,154.21692,0,0,0,0,1
41.52010,251.09814,154.21692,0,0,0,0,1
41.54040,251.09814,154.21692,0,0,0,0,1
41.56051,251.09814,154.21692,0,0,0,0,1
41.58028,251.09814,154.21692,0,0,0,0,1
41.60008,251.09814,154.21692,0,0,0,0,1
41.62041,251.09814,154.21692,0,0,0,0,1
41.64045,251.09814,154.21692,0,0,0,0,1
41.66014,251.09814,154.21692,0,0,0,0,1
41.68005,251.09814,154.21692,0,0,0,0,1
41.70028,251.09814,154.21692,0,0,0,0,1
41.72048,251.09814,154.21692,0,0,0,0,1
41.74013,251.09814,154.21692,0,0,0,0,1
41.76046,251.09814,154.21692,0,0,0,0,1
41.78007,251.09814,154.21692,0,0,0,0,1
41.80033,251.09814,154.21692,0,0,0,0,1
41.82033,251.09814,154.21692,0,0,0,0,1
41.84054,251.09814,154.21692,0,0,0,0,1
41.86019,251.09814,154.21692,0,0,0,0,1
41.88017,251.09814,154.21692,0,0,0,0,1
41.90013,251.09814,154.21692,0,0,0,0,1
41.92055,251.09814,154.21692,0,0,0,0,1
41.94046,251.09814,154.21692,0,0,0,0,1
41.96045,251.09814,154.21692,0,0,0,0,1
41.98018,251.09814,154.21692,0,0,0,0,1
42.00018,251.09814,154.21692,0,0,0,0,1
42.02053,251.09814,154.21692,1,0,0,0,1
42.04010,250.97301,154.53413,1,0,0,0,1
42.06013,250.84787,154.85135,1,0,0,0,1
42.08010,250.72273,155.16856,1,0,0,0,1
42.10030,250.59760,155.48578,1,0,0,0,1
42.12008,250.47246,155.80299,1,0,0,0,1
42.14021,250.22218,156.43742,0,0,0,0,1
42.16026,250.22218,156.43742,0,0,0,0,1
42.18041,250.22218,156.43742,0,0,0,0,1
42.20051,250.22218,156.43742,0,0,0,0,1
42.22024,250.22218,156.43742,0,0,0,0,1
42.24034,250.22218,156.43742,0,0,0,0,1
42.26021,250.22218,156.43742,0,0,0,0,1
42.28037,250.22218,156.43742,0,0,0,0,1
42.30024,250.22218,156.43742,0,0,0,0,1
42.32008,250.22218,156.43742,0,0,0,0,1
42.34037,250.22218,156.43742,0,0,0,0,1
42.36013,250.22218,156.43742,0,0,0,0,1
42.38035,250.22218,156.43742,0,0,0,0,1
42.40008,250.22218,156.43742,0,0,0,0,1
42.42021,250.22218,156.43742,0,0,0,0,1
42.44029,250.22218,156.43742,0,0,0,0,1
42.46006,250.22218,156.43742,0,0,0,0,1
42.48026,250.22218,156.43742,0,0,0,0,1
42.50051,250.22218,156.43742,0,0,0,0,1
42.52040,250.22218,156.43742,0,0,0,0,1
42.54030,250.22218,156.43742,0,0,0,0,1
42.56041,250.22218,156.43742,0,0,0,0,1
42.58014,250.22218,156.43742,0,0,0,0,1
42.60019,250.22218,156.43742,0,0,0,0,1
42.62010,250.22218,156.43742,0,0,0,0,1
42.64014,250.22218,156.43742,0,0,0,0,1
42.66036,250.22218,156.43742,0,0,0,0,1
42.68054,250.22218,156.43742,0,0,0,0,1
42.70009,250.22218,156.43742,0,0,0,0,1
42.72026,250.22218,156.43742,0,0,0,0,1
42.74051,250.22218,156.43742,0,0,0,0,1
42.76012,250.22218,156.43742,0,0,0,0,1
42.78025,250.22218,156.43742,0,0,0,0,1
42.80043,250.22218,156.43742,0,0,0,0,1
42.82009,250.22218,156.43742,0,0,0,0,1
42.84044,250.22218,156.43742,0,0,0,0,1
42.86054,250.22218,156.43742,0,0,0,0,1
42.88027,250.22218,156.43742,0,0,0,0,1
42.90031,250.22218,156.43742,0,0,0,0,1
42.92052,250.22218,156.43742,0,0,0,0,1
42.94049,250.22218,156.43742,0,0,0,0,1
42.96004,250.22218,156.43742,0,0,0,0,1
42.98015,250.22218,156.43742,0,0,1,0,1
43.00007,250.22218,156.43742,1,0,1,0,1
43.02033,250.11951,156.76260,1,0,1,0,1
43.04040,250.03979,157.09416,1,0,1,0,1
43.06020,249.95068,157.76990,1,0,1,0,1
43.08050,249.94173,158.11078,1,0,1,0,1
43.10036,249.95660,158.45146,0,0,0,0,1
43.12046,249.95660,158.45146,0,0,0,0,1
43.14008,249.95660,158.45146,0,0,0,0,1
43.16035,249.95660,158.45146,0,0,0,0,1
43.18054,249.95660,158.45146,0,0,0,0,1
43.20029,249.95660,158.45146,0,0,0,0,1
43.22053,249.95660,158.45146,0,0,0,0,1
43.24023,249.95660,158.45146,0,0,0,0,1
43.26035,249.95660,158.45146,0,0,0,0,1
43.28051,249.95660,158.45146,0,0,0,0,1
43.30016,249.95660,158.45146,0,0,0,0,1
43.32018,249.95660,158.45146,0,0,0,0,1
43.34026,249.95660,158.45146,0,0,0,0,1
43.36037,249.95660,158.45146,0,0,0,0,1
43.38027,249.95660,158.45146,0,0,0,0,1
43.40034,249.95660,158.45146,0,0,0,0,1
43.42049,249.95660,158.45146,0,0,0,0,1
43.44015,249.95660,158.45146,0,0,0,0,1
43.46047,249.95660,158.45146,0,0,0,0,1
43.48022,249.95660,158.45146,0,0,0,0,1
43.50007,249.95660,158.45146,0,0,0,0,1
43.52040,249.95660,158.45146,0,0,0,0,1
43.54050,249.95660,158.45146,0,0,0,0,1
43.56025,249.95660,158.45146,0,0,0,0,1
43.58016,249.95660,158.45146,0,0,0,0,1
43.60046,249.95660,158.45146,0,0,0,0,1
43.62036,249.95660,158.45146,0,0,0,0,1
43.64054,249.95660,158.45146,0,0,0,0,1
43.66015,249.95660,158.45146,0,0,0,0,1
43.68008,249.95660,158.45146,0,0,0,0,1
43.70032,249.95660,158.45146,0,0,0,0,1
43.72014,249.95660,158.45146,0,0,0,0,1
43.74055,249.95660,158.45146,0,0,0,0,1
43.76030,249.95660,158.45146,0,0,0,0,1
43.78010,249.95660,158.45146,0,0,0,0,1
43.80007,249.95660,158.45146,0,0,0,0,1
43.82021,249.95660,158.45146,0,0,0,0,1
43.84038,249.95660,158.45146,1,1,0,0,1
43.86019,249.99522,158.79027,1,1,0,0,1
43.88018,250.01013,159.13094,1,1,0,0,1
43.90028,250.00124,159.47182,1,1,0,0,1
43.92047,249.96860,159.81125,1,1,0,0,1
43.94032,249.83281,160.47917,0,0,0,0,1
43.96041,249.83281,160.47917,0,0,0,0,1
43.98012,249.83281,160.47917,0,0,0,0,1
44.00053,249.83281,160.47917,0,0,0,0,1
44.02008,249.83281,160.47917,0,0,0,0,1
44.04032,249.83281,160.47917,0,0,0,0,1
44.06006,249.83281,160.47917,0,0,0,0,1
44.08031,249.83281,160.47917,0,0,0,0,1
44.10048,249.83281,160.47917,0,0,0,0,1
44.12012,249.83281,160.47917,0,0,0,0,1
44.14028,249.83281,160.47917,0,0,0,0,1
44.16008,249.83281,160.47917,0,0,0,0,1
44.18040,249.83281,160.47917,0,0,0,0,1
44.20007,249.83281,160.47917,0,0,0,0,1
44.22043,249.83281,160.47917,0,0,0,0,1
44.24004,249.83281,160.47917,0,0,0,0,1
44.26029,249.83281,160.47917,0,0,0,0,1
44.28050,249.83281,160.47917,0,0,0,0,1
44.30019,249.83281,160.47917,0,0,0,0,1
44.32012,249.83281,160.47917,0,0,0,0,1
44.34057,249.83281,160.47917,0,0,0,0,1
44.36038,249.83281,160.47917,0,0,0,0,1
44.38014,249.83281,160.47917,0,0,0,0,1
44.40014,249.83281,160.47917,0,0,0,0,1
44.42006,249.83281,160.47917,0,0,0,0,1
44.44037,249.83281,160.47917,0,0,0,0,1
44.46013,249.83281,160.47917,0,0,0,0,1
44.48039,249.83281,160.47917,0,0,0,0,1
44.50020,249.83281,160.47917,0,0,0,0,1
44.52014,249.83281,160.47917,0,0,0,0,1
44.54036,249.83281,160.47917,0,0,0,0,1
44.56048,249.83281,160.47917,0,0,0,0,1
44.58018,249.83281,160.47917,0,0,0,0,1
44.60020,249.83281,160.47917,0,0,0,0,1
44.62013,249.83281,160.47917,0,0,0,0,1
44.64026,249.83281,160.47917,0,0,0,0,1
44.66049,249.83281,160.47917,0,0,0,0,1
44.68015,249.83281,160.47917,0,0,0,0,1
44.70053,249.83281,160.47917,0,0,0,0,1
44.72022,249.83281,160.47917,1,0,0,0,1
44.74040,249.73033,160.80441,1,0,0,0,1
44.76006,249.62785,161.12965,1,0,0,0,1
44.78025,249.52538,161.45490,1,0,0,0,1
44.80032,249.42290,161.78014,1,0,0,0,1
44.82033,249.32042,162.10538,1,0,0,0,1
44.84041,249.11546,162.75586,0,0,0,0,1
44.86046,249.01299,163.08110,0,0,0,0,1
44.88053,249.01299,163.08110,0,0,0,0,1
44.90028,249.01299,163.08110,0,0,0,0,1
44.92021,249.01299,163.08110,0,0,0,0,1
44.94049,249.01299,163.08110,0,0,0,0,1
44.96043,249.01299,163.08110,0,0,0,0,1
44.98053,249.01299,163.08110,0,0,0,0,1
45.00015,249.01299,163.08110,0,0,0,0,1
45.02012,249.01299,163.08110,0,0,0,0,1
45.04052,249.01299,163.08110,0,0,0,0,1
45.06047,249.01299,163.08110,0,0,0,0,1
45.08031,249.01299,163.08110,0,0,0,0,1
45.10025,249.01299,163.08110,0,0,0,0,1
45.12005,249.01299,163.08110,0,0,0,0,1
45.14046,249.01299,163.08110,0,0,0,0,1
45.16034,249.01299,163.08110,0,0,0,0,1
45.18052,249.01299,163.08110,0,0,0,0,1
45.20025,249.01299,163.08110,0,0,0,0,1
45.22040,249.01299,163.08110,0,0,0,0,1
45.24026,249.01299,163.08110,0,0,0,0,1
45.26039,249.01299,163.08110,0,0,0,0,1
45.28057,249.01299,163.08110,0,0,0,0,1
45.30006,249.01299,163.08110,0,0,0,0,1
45.32020,249.01299,163.08110,0,0,0,0,1
45.34040,249.01299,163.08110,0,0,0,0,1
45.36006,249.01299,163.08110,0,0,0,0,1
45.38021,249.01299,163.08110,0,0,0,0,1
45.40052,249.01299,163.08110,0,0,0,0,1
45.42041,249.01299,163.08110,0,0,0,0,1
45.44009,249.01299,163.08110,0,0,0,0,1
45.46035,249.01299,163.08110,0,0,0,0,1
45.48042,249.01299,163.08110,0,0,0,0,1
45.50038,249.01299,163.08110,0,0,0,0,1
45.52041,249.01299,163.08110,0,0,0,0,1
45.54049,249.01299,163.08110,0,0,0,0,1
45.56049,249.01299,163.08110,0,0,0,0,1
45.58046,249.01299,163.08110,0,0,0,0,1
45.60050,249.01299,163.08110,1,0,1,0,1
45.62026,248.91051,163.40634,1,0,1,0,1
45.64007,248.77481,164.07428,1,0,1,0,1
45.66042,248.74226,164.41373,1,0,1,0,1
45.68040,248.73351,164.75461,1,0,1,0,1
45.70036,248.74857,165.09528,0,0,0,0,1
45.72014,248.78738,165.43405,0,0,0,0,1
45.74015,248.78738,165.43405,0,0,0,0,1
45.76043,248.78738,165.43405,0,0,0,0,1
45.78044,248.78738,165.43405,0,0,0,0,1
45.80040,248.78738,165.43405,0,0,0,0,1
45.82054,248.78738,165.43405,0,0,0,0,1
45.84011,248.78738,165.43405,0,0,0,0,1
45.86029,248.78738,165.43405,0,0,0,0,1
45.88008,248.78738,165.43405,0,0,0,0,1
45.90041,248.78738,165.43405,0,0,0,0,1
45.92016,248.78738,165.43405,0,0,0,0,1
45.94036,248.78738,165.43405,0,0,0,0,1
45.96008,248.78738,165.43405,0,0,0,0,1
45.98026,248.78738,165.43405,0,0,0,0,1
46.00049,248.78738,165.43405,0,0,0,0,1
46.02018,248.78738,165.43405,0,0,0,0,1
46.04006,248.78738,165.43405,0,0,0,0,1
46.06021,248.78738,165.43405,0,0,0,0,1
46.08014,248.78738,165.43405,0,0,0,0,1
46.10035,248.78738,165.43405,0,0,0,0,1
46.12045,248.78738,165.43405,0,0,0,0,1
46.14030,248.78738,165.43405,0,0,0,0,1
46.16055,248.78738,165.43405,0,0,0,0,1
46.18020,248.78738,165.43405,0,0,0,0,1
46.20042,248.78738,165.43405,0,0,0,0,1
46.22005,248.78738,165.43405,0,0,0,0,1
46.24026,248.78738,165.43405,0,0,0,0,1
46.26037,248.78738,165.43405,0,0,0,0,1
46.28050,248.78738,165.43405,0,0,0,0,1
46.30053,248.78738,165.43405,0,0,0,0,1
46.32022,248.78738,165.43405,0,0,0,0,1
46.34039,248.78738,165.43405,0,0,0,0,1
46.36055,248.78738,165.43405,0,0,0,0,1
46.38039,248.78738,165.43405,0,0,0,0,1
46.40056,248.78738,165.43405,0,0,0,0,1
46.42022,248.78738,165.43405,0,0,0,0,1
46.44043,248.78738,165.43405,1,1,0,0,1
46.46020,248.84976,165.76930,1,1,0,0,1
46.48052,248.88861,166.10808,1,1,0,0,1
46.50020,248.90375,166.44875,1,1,0,0,1
46.52016,248.89508,166.78964,1,0,0,0,1
46.54054,248.86267,167.12910,0,0,0,0,1
46.56008,248.80666,167.46547,0,0,0,0,1
46.58047,248.80666,167.46547,0,0,0,0,1
46.60046,248.80666,167.46547,0,0,0,0,1
46.62030,248.80666,167.46547,0,0,0,0,1
46.64015,248.80666,167.46547,0,0,0,0,1
46.66035,248.80666,167.46547,0,0,0,0,1
46.68004,248.80666,167.46547,0,0,0,0,1
46.70028,248.80666,167.46547,0,0,0,0,1
46.72055,248.80666,167.46547,0,0,0,0,1
46.74035,248.80666,167.46547,0,0,0,0,1
46.76029,248.80666,167.46547,0,0,0,0,1
46.78021,248.80666,167.46547,0,0,0,0,1
46.80031,248.80666,167.46547,0,0,0,0,1
46.82044,248.80666,167.46547,0,0,0,0,1
46.84030,248.80666,167.46547,0,0,0,0,1
46.86056,248.80666,167.46547,0,0,0,0,1
46.88029,248.80666,167.46547,0,0,0,0,1
46.90030,248.80666,167.46547,0,0,0,0,1
46.92043,248.80666,167.46547,0,0,0,0,1
46.94016,248.80666,167.46547,0,0,0,0,1
46.96036,248.80666,167.46547,0,0,0,0,1
46.98038,248.80666,167.46547,0,0,0,0,1
47.00047,248.80666,167.46547,0,0,0,0,1
47.02017,248.80666,167.46547,0,0,0,0,1
47.04039,248.80666,167.46547,0,0,0,0,1
47.06060,248.80666,167.46547,0,0,0,0,1
47.08010,248.80666,167.46547,0,0,0,0,1
47.10022,248.80666,167.46547,0,0,0,0,1
47.12050,248.80666,167.46547,0,0,0,0,1
47.14016,248.80666,167.46547,0,0,0,0,1
47.16037,248.80666,167.46547,0,0,0,0,1
47.18008,248.80666,167.46547,0,0,0,0,1
47.20031,248.80666,167.46547,0,0,0,0,1
47.22007,248.80666,167.46547,0,0,0,0,1
47.24022,248.80666,167.46547,0,0,0,0,1
47.26045,248.80666,167.46547,0,0,0,0,1
47.28007,248.80666,167.46547,0,0,0,0,1
47.30023,248.80666,167.46547,0,0,0,0,1
47.32038,248.80666,167.46547,0,0,0,0,1
47.34054,248.80666,167.46547,0,0,0,0,1
47.36022,248.80666,167.46547,0,0,0,0,1
47.38051,248.80666,167.46547,1,0,0,0,1
47.40045,248.75064,167.80183,1,0,0,0,1
47.42015,248.69463,168.13820,1,0,0,0,1
47.44030,248.63861,168.47456,1,0,0,0,1
47.46025,248.52658,169.14729,0,0,0,0,1
47.48017,248.52658,169.14729,0,0,0,0,1
47.50051,248.52658,169.14729,0,0,0,0,1
47.52019,248.52658,169.14729,0,0,0,0,1
47.54061,248.52658,169.14729,0,0,0,0,1
47.56036,248.52658,169.14729,0,0,0,0,1
47.58040,248.52658,169.14729,0,0,0,0,1
47.60014,248.52658,169.14729,0,0,0,0,1
47.62044,248.52658,169.14729,0,0,0,0,1
47.64032,248.52658,169.14729,0,0,0,0,1
47.66043,248.52658,169.14729,0,0,0,0,1
47.68051,248.52658,169.14729,0,0,0,0,1
47.70053,248.52658,169.14729,0,0,0,0,1
47.72050,248.52658,169.14729,0,0,0,0,1
47.74010,248.52658,169.14729,0,0,0,0,1
47.76027,248.52658,169.14729,0,0,0,0,1
47.78047,248.52658,169.14729,0,0,0,0,1
47.80034,248.52658,169.14729,0,0,0,0,1
47.82052,248.52658,169.14729,0,0,0,0,1
47.84038,248.52658,169.14729,0,0,0,0,1
47.86004,248.52658,169.14729,0,0,0,0,1
47.88018,248.52658,169.14729,0,0,0,0,1
47.90022,248.52658,169.14729,0,0,0,0,1
47.92043,248.52658,169.14729,0,0,0,0,1
47.94051,248.52658,169.14729,0,0,0,0,1
47.96022,248.52658,169.14729,0,0,0,0,1
47.98028,248.52658,169.14729,0,0,0,0,1
48.00019,248.52658,169.14729,0,0,0,0,1
48.02014,248.52658,169.14729,0,0,0,0,1
48.04044,248.52658,169.14729,0,0,0,0,1
48.06017,248.52658,169.14729,0,0,0,0,1
48.08046,248.52658,169.14729,0,0,0,0,1
48.10014,248.52658,169.14729,0,0,0,0,1
48.12006,248.52658,169.14729,0,0,0,0,1
48.14026,248.52658,169.14729,0,0,0,0,1
48.16047,248.52658,169.14729,0,0,0,0,1
48.18009,248.52658,169.14729,0,0,0,0,1
48.20023,248.52658,169.14729,0,0,0,0,1
48.22030,248.52658,169.14729,0,0,0,0,1
48.24050,248.52658,169.14729,0,0,0,0,1
48.26012,248.52658,169.14729,0,0,0,0,1
48.28051,248.52658,169.14729,0,0,0,0,1
48.30010,248.52658,169.14729,1,0,0,0,1
48.32029,248.52658,169.14729,1,0,1,0,1
48.34046,248.47057,169.48366,1,0,1,0,1
48.36015,248.38217,170.15948,1,0,1,0,1
48.38032,248.37358,170.50038,1,0,0,0,1
48.40035,248.38881,170.84103,1,0,0,0,1
48.42049,248.40404,171.18169,0,0,0,0,1
48.44005,248.40404,171.18169,0,0,0,0,1
48.46045,248.40404,171.18169,0,0,0,0,1
48.48012,248.40404,171.18169,0,0,0,0,1
48.50012,248.40404,171.18169,0,0,0,0,1
48.52032,248.40404,171.18169,0,0,0,0,1
48.54015,248.40404,171.18169,0,0,0,0,1
48.56045,248.40404,171.18169,0,0,0,0,1
48.58025,248.40404,171.18169,0,0,0,0,1
48.60049,248.40404,171.18169,0,0,0,0,1
48.62008,248.40404,171.18169,0,0,0,0,1
48.64008,248.40404,171.18169,0,0,0,0,1
48.66044,248.40404,171.18169,0,0,0,0,1
48.68031,248.40404,171.18169,0,0,0,0,1
48.70011,248.40404,171.18169,0,0,0,0,1
48.72033,248.40404,171.18169,0,0,0,0,1
48.74046,248.40404,171.18169,0,0,0,0,1
48.76026,248.40404,171.18169,0,0,0,0,1
48.78051,248.40404,171.18169,0,0,0,0,1
48.80036,248.40404,171.18169,0,0,0,0,1
48.82021,248.40404,171.18169,0,0,0,0,1
48.84049,248.40404,171.18169,0,0,0,0,1
48.86010,248.40404,171.18169,0,0,0,0,1
48.88012,248.40404,171.18169,0,0,0,0,1
48.90033,248.40404,171.18169,0,0,0,0,1
48.92036,248.40404,171.18169,0,0,0,0,1
48.94015,248.40404,171.18169,0,0,0,0,1
48.96023,248.40404,171.18169,0,0,0,0,1
48.98020,248.40404,171.18169,0,0,0,0,1
49.00053,248.40404,171.18169,0,0,0,0,1
49.02006,248.40404,171.18169,0,0,0,0,1
49.04029,248.40404,171.18169,0,0,0,0,1
49.06048,248.40404,171.18169,0,0,0,0,1
49.08016,248.40404,171.18169,0,0,0,0,1
49.10016,248.40404,171.18169,1,1,0,0,1
49.12036,248.40404,171.18169,1,1,0,0,1
49.14009,248.39548,171.52258,1,1,0,0,1
49.16058,248.30725,172.19843,1,1,0,0,1
49.18008,248.22801,172.53009,1,1,0,0,1
49.20042,248.12584,172.85542,1,1,0,0,1
49.22012,248.00122,173.17284,1,1,0,0,1
49.24023,247.85478,173.48079,0,0,0,0,1
49.26005,247.85478,173.48079,0,0,0,0,1
49.28026,247.85478,173.48079,0,0,0,0,1
49.30044,247.85478,173.48079,0,0,0,0,1
49.32054,247.85478,173.48079,0,0,0,0,1
49.34025,247.85478,173.48079,0,0,0,0,1
49.36018,247.85478,173.48079,0,0,0,0,1
49.38040,247.85478,173.48079,0,0,0,0,1
49.40040,247.85478,173.48079,0,0,0,0,1
49.42048,247.85478,173.48079,0,0,0,0,1
49.44059,247.85478,173.48079,0,0,0,0,1
49.46008,247.85478,173.48079,0,0,0,0,1
49.48017,247.85478,173.48079,0,0,0,0,1
49.50048,247.85478,173.48079,0,0,0,0,1
49.52006,247.85478,173.48079,0,0,0,0,1
49.54029,247.85478,173.48079,0,0,0,0,1
49.56038,247.85478,173.48079,0,0,0,0,1
49.58056,247.85478,173.48079,0,0,0,0,1
49.60030,247.85478,173.48079,0,0,0,0,1
49.62052,247.85478,173.48079,0,0,0,0,1
49.64027,247.85478,173.48079,0,0,0,0,1
49.66010,247.85478,173.48079,0,0,0,0,1
49.68018,247.85478,173.48079,0,0,0,0,1
49.70043,247.85478,173.48079,0,0,0,0,1
49.72050,247.85478,173.48079,0,0,0,0,1
49.74025,247.85478,173.48079,0,0,0,0,1
49.76007,247.85478,173.48079,0,0,0,0,1
49.78023,247.85478,173.48079,0,0,0,0,1
49.80036,247.85478,173.48079,0,0,0,0,1
49.82036,247.85478,173.48079,0,0,0,0,1
49.84008,247.85478,173.48079,0,0,0,0,1
49.86013,247.85478,173.48079,0,0,0,0,1
49.88013,247.85478,173.48079,0,0,0,0,1
49.90016,247.85478,173.48079,0,0,0,0,1
49.92054,247.85478,173.48079,0,0,0,0,1
49.94026,247.85478,173.48079,0,0,0,0,1
49.96048,247.85478,173.48079,0,0,0,0,1
49.98022,247.85478,173.48079,0,0,0,0,1
50.00039,247.85478,173.48079,1,0,0,0,1
50.02048,247.85478,173.48079,1,0,0,0,1
50.04017,247.68721,173.77777,1,0,0,0,1
50.06036,247.35207,174.37173,1,0,0,0,1
50.08049,247.18449,174.66872,1,0,0,0,1
50.10009,247.01692,174.96570,0,0,0,0,1
50.12016,246.84935,175.26268,0,0,0,0,1
50.14036,246.84935,175.26268,0,0,0,0,1
50.16004,246.84935,175.26268,0,0,0,0,1
50.18015,246.84935,175.26268,0,0,0,0,1
50.20035,246.84935,175.26268,0,0,0,0,1
50.22010,246.84935,175.26268,0,0,0,0,1
50.24027,246.84935,175.26268,0,0,0,0,1
50.26033,246.84935,175.26268,0,0,0,0,1
50.28039,246.84935,175.26268,0,0,0,0,1
50.30011,246.84935,175.26268,0,0,0,0,1
50.32041,246.84935,175.26268,0,0,0,0,1
50.34005,246.84935,175.26268,0,0,0,0,1
50.36054,246.84935,175.26268,0,0,0,0,1
50.38007,246.84935,175.26268,0,0,0,0,1
50.40025,246.84935,175.26268,0,0,0,0,1
50.42032,246.84935,175.26268,0,0,0,0,1
50.44054,246.84935,175.26268,0,0,0,0,1
50.46005,246.84935,175.26268,0,0,0,0,1
50.48032,246.84935,175.26268,0,0,0,0,1
50.50018,246.84935,175.26268,0,0,0,0,1
50.52017,246.84935,175.26268,0,0,0,0,1
50.54024,246.84935,175.26268,0,0,0,0,1
50.56054,246.84935,175.26268,0,0,0,0,1
50.58040,246.84935,175.26268,0,0,0,0,1
50.60049,246.84935,175.26268,0,0,0,0,1
50.62032,246.84935,175.26268,0,0,0,0,1
50.64047,246.84935,175.26268,0,0,0,0,1
50.66006,246.84935,175.26268,0,0,0,0,1
50.68039,246.84935,175.26268,0,0,0,0,1
50.70016,246.84935,175.26268,0,0,0,0,1
50.72009,246.84935,175.26268,0,0,0,0,1
50.74025,246.84935,175.26268,0,0,0,0,1
50.76063,246.84935,175.26268,0,0,0,0,1
50.78005,246.84935,175.26268,0,0,0,0,1
50.80047,246.84935,175.26268,0,0,0,0,1
50.82008,246.84935,175.26268,0,0,0,0,1
50.84053,246.84935,175.26268,0,0,0,0,1
50.86025,246.84935,175.26268,0,0,0,0,1
50.88039,246.84935,175.26268,0,0,0,0,1
50.90048,246.84935,175.26268,0,0,0,0,1
50.92044,246.84935,175.26268,0,0,0,0,1
50.94035,246.84935,175.26268,0,0,0,0,1
50.96045,246.84935,175.26268,0,0,0,0,1
50.98012,246.84935,175.26268,1,0,1,0,1
51.00032,246.68178,175.55966,1,0,1,0,1
51.02016,246.51421,175.85664,1,0,1,0,1
51.04040,246.36778,176.16461,1,0,1,0,1
51.06057,246.24323,176.48206,1,0,1,0,1
51.08019,246.06204,177.13911,1,0,1,0,1
51.10039,246.00629,177.47552,0,0,0,0,1
51.12053,246.00629,177.47552,0,0,0,0,1
51.14052,246.00629,177.47552,0,0,0,0,1
51.16019,246.00629,177.47552,0,0,0,0,1
51.18018,246.00629,177.47552,0,0,0,0,1
51.20022,246.00629,177.47552,0,0,0,0,1
51.22053,246.00629,177.47552,0,0,0,0,1
51.24020,246.00629,177.47552,0,0,0,0,1
51.26053,246.00629,177.47552,0,0,0,0,1
51.28043,246.00629,177.47552,0,0,0,0,1
51.30036,246.00629,177.47552,0,0,0,0,1
51.32051,246.00629,177.47552,0,0,0,0,1
51.34026,246.00629,177.47552,0,0,0,0,1
51.36027,246.00629,177.47552,0,0,0,0,1
51.38053,246.00629,177.47552,0,0,0,0,1
51.40021,246.00629,177.47552,0,0,0,0,1
51.42016,246.00629,177.47552,0,0,0,0,1
51.44062,246.00629,177.47552,0,0,0,0,1
51.46035,246.00629,177.47552,0,0,0,0,1
51.48018,246.00629,177.47552,0,0,0,0,1
51.50007,246.00629,177.47552,0,0,0,0,1
51.52037,246.00629,177.47552,0,0,0,0,1
51.54023,246.00629,177.47552,0,0,0,0,1
51.56053,246.00629,177.47552,0,0,0,0,1
51.58025,246.00629,177.47552,0,0,0,0,1
51.60047,246.00629,177.47552,0,0,0,0,1
51.62015,246.00629,177.47552,0,0,0,0,1
51.64037,246.00629,177.47552,0,0,0,0,1
51.66053,246.00629,177.47552,0,0,0,0,1
51.68051,246.00629,177.47552,0,0,0,0,1
51.70049,246.00629,177.47552,0,0,0,0,1
51.72049,246.00629,177.47552,0,0,0,0,1
51.74019,246.00629,177.47552,0,0,0,0,1
51.76043,246.00629,177.47552,0,0,0,0,1
51.78013,246.00629,177.47552,0,0,0,0,1
51.80049,246.00629,177.47552,0,0,0,0,1
51.82018,246.00629,177.47552,0,0,0,0,1
51.84028,246.00629,177.47552,1,1,0,0,1
51.86033,246.00629,177.47552,1,1,0,0,1
51.88055,245.87152,178.14365,1,1,0,0,1
51.90017,245.76953,178.46904,1,1,0,0,1
51.92007,245.64510,178.78653,1,1,0,0,1
51.94050,245.49883,179.09456,1,1,0,0,1
51.96019,245.33144,179.39165,0,0,0,0,1
51.98019,245.14372,179.67633,0,0,0,0,1
52.00049,245.14372,179.67633,0,0,0,0,1
52.02017,245.14372,179.67633,0,0,0,0,1
52.04018,245.14372,179.67633,0,0,0,0,1
52.06044,245.14372,179.67633,0,0,0,0,1
52.08008,245.14372,179.67633,0,0,0,0,1
52.10015,245.14372,179.67633,0,0,0,0,1
52.12052,245.14372,179.67633,0,0,0,0,1
52.14052,245.14372,179.67633,0,0,0,0,1
52.16029,245.14372,179.67633,0,0,0,0,1
52.18038,245.14372,179.67633,0,0,0,0,1
52.20007,245.14372,179.67633,0,0,0,0,1
52.22027,245.14372,179.67633,0,0,0,0,1
52.24023,245.14372,179.67633,0,0,0,0,1
52.26041,245.14372,179.67633,0,0,0,0,1
52.28042,245.14372,179.67633,0,0,0,0,1
52.30008,245.14372,179.67633,0,0,0,0,1
52.32059,245.14372,179.67633,0,0,0,0,1
52.34032,245.14372,179.67633,0,0,0,0,1
52.36011,245.14372,179.67633,0,0,0,0,1
52.38018,245.14372,179.67633,0,0,0,0,1
52.40011,245.14372,179.67633,0,0,0,0,1
52.42008,245.14372,179.67633,0,0,0,0,1
52.44042,245.14372,179.67633,0,0,0,0,1
52.46033,245.14372,179.67633,0,0,0,0,1
52.48011,245.14372,179.67633,0,0,0,0,1
52.50051,245.14372,179.67633,0,0,0,0,1
52.52034,245.14372,179.67633,0,0,0,0,1
52.54030,245.14372,179.67633,0,0,0,0,1
52.56016,245.14372,179.67633,0,0,0,0,1
52.58049,245.14372,179.67633,0,0,0,0,1
52.60006,245.14372,179.67633,0,0,0,0,1
52.62031,245.14372,179.67633,0,0,0,0,1
52.64008,245.14372,179.67633,0,0,0,0,1
52.66041,245.14372,179.67633,0,0,0,0,1
52.68018,245.14372,179.67633,0,0,0,0,1
52.70052,245.14372,179.67633,0,0,0,0,1
52.72049,245.14372,179.67633,0,0,0,0,1
52.74054,245.14372,179.67633,0,0,0,0,1
52.76052,245.14372,179.67633,1,0,0,0,1
52.78017,244.93661,179.94724,1,0,0,0,1
52.80010,244.72951,180.21814,1,0,0,0,1
52.82022,244.52240,180.48904,1,0,0,0,1
52.84035,244.31529,180.75995,1,0,0,0,1
52.86019,244.10818,181.03085,1,0,0,0,1
52.88032,243.69397,181.57266,0,0,0,0,1
52.90026,243.48686,181.84357,0,0,0,0,1
52.92008,243.48686,181.84357,0,0,0,0,1
52.94027,243.48686,181.84357,0,0,0,0,1
52.96051,243.48686,181.84357,0,0,0,0,1
52.98015,243.48686,181.84357,0,0,0,0,1
53.00033,243.48686,181.84357,0,0,0,0,1
53.02043,243.48686,181.84357,0,0,0,0,1
53.04016,243.48686,181.84357,0,0,0,0,1
53.06030,243.48686,181.84357,0,0,0,0,1
53.08047,243.48686,181.84357,0,0,0,0,1
53.10020,243.48686,181.84357,0,0,0,0,1
53.12039,243.48686,181.84357,0,0,0,0,1
53.14014,243.48686,181.84357,0,0,0,0,1
53.16007,243.48686,181.84357,0,0,0,0,1
53.18056,243.48686,181.84357,0,0,0,0,1
53.20012,243.48686,181.84357,0,0,0,0,1
53.22041,243.48686,181.84357,0,0,0,0,1
53.24017,243.48686,181.84357,0,0,0,0,1
53.26020,243.48686,181.84357,0,0,0,0,1
53.28015,243.48686,181.84357,0,0,0,0,1
53.30010,243.48686,181.84357,0,0,0,0,1
53.32036,243.48686,181.84357,0,0,0,0,1
53.34018,243.48686,181.84357,0,0,0,0,1
53.36033,243.48686,181.84357,0,0,0,0,1
53.38041,243.48686,181.84357,0,0,0,0,1
53.40011,243.48686,181.84357,0,0,0,0,1
53.42039,243.48686,181.84357,0,0,0,0,1
53.44033,243.48686,181.84357,0,0,0,0,1
53.46029,243.48686,181.84357,0,0,0,0,1
53.48018,243.48686,181.84357,0,0,0,0,1
53.50026,243.48686,181.84357,0,0,0,0,1
53.52044,243.48686,181.84357,0,0,0,0,1
53.54031,243.48686,181.84357,0,0,0,0,1
53.56044,243.48686,181.84357,0,0,0,0,1
53.58012,243.48686,181.84357,0,0,0,0,1
53.60036,243.48686,181.84357,0,0,0,0,1
53.62052,243.48686,181.84357,0,0,0,0,1
53.64012,243.48686,181.84357,0,0,0,0,1
53.66023,243.48686,181.84357,1,0,0,0,1
53.68026,243.27975,182.11447,1,0,1,0,1
53.70071,242.88496,182.67009,1,0,1,0,1
53.72033,242.71762,182.96721,1,0,1,0,1
53.74032,242.57144,183.27528,1,0,1,0,1
53.76020,242.44713,183.59282,1,0,1,0,1
53.78038,242.34529,183.91826,0,0,0,0,1
53.80032,242.26643,184.25002,0,0,0,0,1
53.82032,242.26643,184.25002,0,0,0,0,1
53.84045,242.26643,184.25002,0,0,0,0,1
53.86050,242.26643,184.25002,0,0,0,0,1
53.88036,242.26643,184.25002,0,0,0,0,1
53.90028,242.26643,184.25002,0,0,0,0,1
53.92022,242.26643,184.25002,0,0,0,0,1
53.94042,242.26643,184.25002,0,0,0,0,1
53.96006,242.26643,184.25002,0,0,0,0,1
53.98053,242.26643,184.25002,0,0,0,0,1
54.00079,242.26643,184.25002,0,0,0,0,1
54.02048,242.26643,184.25002,0,0,0,0,1
54.04020,242.26643,184.25002,0,0,0,0,1
54.06029,242.26643,184.25002,0,0,0,0,1
54.08004,242.26643,184.25002,0,0,0,0,1
54.10018,242.26643,184.25002,0,0,0,0,1
54.12039,242.26643,184.25002,0,0,0,0,1
54.14023,242.26643,184.25002,0,0,0,0,1
54.16023,242.26643,184.25002,0,0,0,0,1
54.18038,242.26643,184.25002,0,0,0,0,1
54.20039,242.26643,184.25002,0,0,0,0,1
54.22039,242.26643,184.25002,0,0,0,0,1
54.24009,242.26643,184.25002,0,0,0,0,1
54.26037,242.26643,184.25002,0,0,0,0,1
54.28046,242.26643,184.25002,0,0,0,0,1
54.30056,242.26643,184.25002,0,0,0,0,1
54.32027,242.26643,184.25002,0,0,0,0,1
54.34038,242.26643,184.25002,0,0,0,0,1
54.36033,242.26643,184.25002,0,0,0,0,1
54.38005,242.26643,184.25002,0,0,0,0,1
54.40034,242.26643,184.25002,0,0,0,0,1
54.42047,242.26643,184.25002,0,0,0,0,1
54.44008,242.26643,184.25002,0,0,0,0,1
54.46005,242.26643,184.25002,0,0,0,0,1
54.48033,242.26643,184.25002,0,0,0,0,1
54.50042,242.26643,184.25002,0,0,0,0,1
54.52048,242.26643,184.25002,0,0,0,0,1
54.54033,242.26643,184.25002,0,0,0,0,1
54.56051,242.26643,184.25002,0,0,0,0,1
54.58005,242.26643,184.25002,1,1,0,0,1
54.60032,242.21094,184.58647,1,1,0,0,1
54.62047,242.13211,184.91824,1,1,0,0,1
54.64016,242.03035,185.24370,1,1,0,0,1
54.66051,241.90613,185.56126,1,1,0,0,1
54.68053,241.59288,186.16660,1,1,0,0,1
54.70031,241.40536,186.45142,0,0,0,0,1
54.72011,241.40536,186.45142,0,0,0,0,1
54.74028,241.40536,186.45142,0,0,0,0,1
54.76009,241.40536,186.45142,0,0,0,0,1
54.78030,241.40536,186.45142,0,0,0,0,1
54.80045,241.40536,186.45142,0,0,0,0,1
54.82043,241.40536,186.45142,0,0,0,0,1
54.84010,241.40536,186.45142,0,0,0,0,1
54.86028,241.40536,186.45142,0,0,0,0,1
54.88032,241.40536,186.45142,0,0,0,0,1
54.90054,241.40536,186.45142,0,0,0,0,1
54.92051,241.40536,186.45142,0,0,0,0,1
54.94020,241.40536,186.45142,0,0,0,0,1
54.96027,241.40536,186.45142,0,0,0,0,1
54.98045,241.40536,186.45142,0,0,0,0,1
55.00046,241.40536,186.45142,0,0,0,0,1
55.02015,241.40536,186.45142,0,0,0,0,1
55.04019,241.40536,186.45142,0,0,0,0,1
55.06013,241.40536,186.45142,0,0,0,0,1
55.08022,241.40536,186.45142,0,0,0,0,1
55.10005,241.40536,186.45142,0,0,0,0,1
55.12035,241.40536,186.45142,0,0,0,0,1
55.14013,241.40536,186.45142,0,0,0,0,1
55.16037,241.40536,186.45142,0,0,0,0,1
55.18014,241.40536,186.45142,0,0,0,0,1
55.20035,241.40536,186.45142,0,0,0,0,1
55.22034,241.40536,186.45142,0,0,0,0,1
55.24015,241.40536,186.45142,0,0,0,0,1
55.26049,241.40536,186.45142,0,0,0,0,1
55.28023,241.40536,186.45142,0,0,0,0,1
55.30051,241.40536,186.45142,0,0,0,0,1
55.32031,241.40536,186.45142,0,0,0,0,1
55.34056,241.40536,186.45142,0,0,0,0,1
55.36029,241.40536,186.45142,0,0,0,0,1
55.38015,241.40536,186.45142,0,0,0,0,1
55.40007,241.40536,186.45142,0,0,0,0,1
55.42010,241.40536,186.45142,0,0,0,0,1
55.44030,241.40536,186.45142,0,0,0,0,1
55.46043,241.40536,186.45142,0,0,0,0,1
55.48016,241.40536,186.45142,0,0,0,0,1
55.50029,241.40536,186.45142,1,0,0,0,1
55.52013,241.19844,186.72246,1,0,0,0,1
55.54060,240.99152,186.99350,1,0,0,0,1
55.56005,240.78459,187.26454,1,0,0,0,1
55.58024,240.37074,187.80663,1,0,0,0,1
55.60003,240.16382,188.07767,1,0,0,0,1
55.62028,239.74997,188.61975,0,0,0,0,1
55.64054,239.74997,188.61975,0,0,0,0,1
55.66031,239.74997,188.61975,0,0,0,0,1
55.68028,239.74997,188.61975,0,0,0,0,1
55.70015,239.74997,188.61975,0,0,0,0,1
55.72018,239.74997,188.61975,0,0,0,0,1
55.74004,239.74997,188.61975,0,0,0,0,1
55.76050,239.74997,188.61975,0,0,0,0,1
55.78051,239.74997,188.61975,0,0,0,0,1
55.80017,239.74997,188.61975,0,0,0,0,1
55.82051,239.74997,188.61975,0,0,0,0,1
55.84008,239.74997,188.61975,0,0,0,0,1
55.86020,239.74997,188.61975,0,0,0,0,1
55.88022,239.74997,188.61975,0,0,0,0,1
55.90051,239.74997,188.61975,0,0,0,0,1
55.92020,239.74997,188.61975,0,0,0,0,1
55.94040,239.74997,188.61975,0,0,0,0,1
55.96007,239.74997,188.61975,0,0,0,0,1
55.98022,239.74997,188.61975,0,0,0,0,1
56.00048,239.74997,188.61975,0,0,0,0,1
56.02005,239.74997,188.61975,0,0,0,0,1
56.04011,239.74997,188.61975,0,0,0,0,1
56.06050,239.74997,188.61975,0,0,0,0,1
56.08015,239.74997,188.61975,0,0,0,0,1
56.10029,239.74997,188.61975,0,0,0,0,1
56.12016,239.74997,188.61975,0,0,0,0,1
56.14023,239.74997,188.61975,0,0,0,0,1
56.16012,239.74997,188.61975,0,0,0,0,1
56.18055,239.74997,188.61975,0,0,0,0,1
56.20052,239.74997,188.61975,0,0,0,0,1
56.22044,239.74997,188.61975,0,0,0,0,1
56.24053,239.74997,188.61975,0,0,0,0,1
56.26019,239.74997,188.61975,0,0,0,0,1
56.28038,239.74997,188.61975,0,0,0,0,1
56.30044,239.74997,188.61975,0,0,0,0,1
56.32044,239.74997,188.61975,0,0,0,0,1
56.34009,239.74997,188.61975,1,0,0,0,1
56.36009,239.33612,189.16183,1,0,1,0,1
56.38008,239.14864,189.44667,1,0,1,0,1
56.40025,238.98149,189.74390,1,0,1,0,1
56.42026,238.71141,190.36969,1,0,1,0,1
56.44009,238.60980,190.69521,1,0,1,0,1
56.46025,238.53117,191.02702,0,0,0,0,1
56.48053,238.47591,191.36351,0,0,0,0,1
56.50041,238.47591,191.36351,0,0,0,0,1
56.52016,238.47591,191.36351,0,0,0,0,1
56.54049,238.47591,191.36351,0,0,0,0,1
56.56023,238.47591,191.36351,0,0,0,0,1
56.58033,238.47591,191.36351,0,0,0,0,1
56.60006,238.47591,191.36351,0,0,0,0,1
56.62034,238.47591,191.36351,0,0,0,0,1
56.64024,238.47591,191.36351,0,0,0,0,1
56.66041,238.47591,191.36351,0,0,0,0,1
56.68009,238.47591,191.36351,0,0,0,0,1
56.70010,238.47591,191.36351,0,0,0,0,1
56.72043,238.47591,191.36351,0,0,0,0,1
56.74029,238.47591,191.36351,0,0,0,0,1
56.76049,238.47591,191.36351,0,0,0,0,1
56.78049,238.47591,191.36351,0,0,0,0,1
56.80031,238.47591,191.36351,0,0,0,0,1
56.82031,238.47591,191.36351,0,0,0,0,1
56.84019,238.47591,191.36351,0,0,0,0,1
56.86058,238.47591,191.36351,0,0,0,0,1
56.88025,238.47591,191.36351,0,0,0,0,1
56.90036,238.47591,191.36351,0,0,0,0,1
56.92050,238.47591,191.36351,0,0,0,0,1
56.94010,238.47591,191.36351,0,0,0,0,1
56.96043,238.47591,191.36351,0,0,0,0,1
56.98045,238.47591,191.36351,0,0,0,0,1
57.00029,238.47591,191.36351,0,0,0,0,1
57.02024,238.47591,191.36351,0,0,0,0,1
57.04030,238.47591,191.36351,0,0,0,0,1
57.06047,238.47591,191.36351,0,0,0,0,1
57.08018,238.47591,191.36351,0,0,0,0,1
57.10026,238.47591,191.36351,0,0,0,0,1
57.12045,238.47591,191.36351,0,0,0,0,1
57.14023,238.47591,191.36351,0,0,0,0,1
57.16036,238.47591,191.36351,0,0,0,0,1
57.18042,238.47591,191.36351,0,0,0,0,1
57.20035,238.47591,191.36351,0,0,0,0,1
57.22016,238.47591,191.36351,1,1,0,0,1
57.24054,238.42064,191.70000,1,1,0,0,1
57.26009,238.34204,192.03181,1,1,0,0,1
57.28026,238.24049,192.35735,1,1,0,0,1
57.30033,237.97063,192.98323,1,1,0,0,1
57.32050,237.80363,193.28055,1,1,0,0,1
57.34052,237.61632,193.56549,0,0,0,0,1
57.36016,237.61632,193.56549,0,0,0,0,1
57.38055,237.61632,193.56549,0,0,0,0,1
57.40015,237.61632,193.56549,0,0,0,0,1
57.42032,237.61632,193.56549,0,0,0,0,1
57.44045,237.61632,193.56549,0,0,0,0,1
57.46049,237.61632,193.56549,0,0,0,0,1
57.48044,237.61632,193.56549,0,0,0,0,1
57.50023,237.61632,193.56549,0,0,0,0,1
57.52045,237.61632,193.56549,0,0,0,0,1
57.54022,237.61632,193.56549,0,0,0,0,1
57.56050,237.61632,193.56549,0,0,0,0,1
57.58019,237.61632,193.56549,0,0,0,0,1
57.60004,237.61632,193.56549,0,0,0,0,1
57.62017,237.61632,193.56549,0,0,0,0,1
57.64026,237.61632,193.56549,0,0,0,0,1
57.66026,237.61632,193.56549,0,0,0,0,1
57.68057,237.61632,193.56549,0,0,0,0,1
57.70024,237.61632,193.56549,0,0,0,0,1
57.72043,237.61632,193.56549,0,0,0,0,1
57.74024,237.61632,193.56549,0,0,0,0,1
57.76047,237.61632,193.56549,0,0,0,0,1
57.78019,237.61632,193.56549,0,0,0,0,1
57.80059,237.61632,193.56549,0,0,0,0,1
57.82078,237.61632,193.56549,0,0,0,0,1
57.84028,237.61632,193.56549,0,0,0,0,1
57.86005,237.61632,193.56549,0,0,0,0,1
57.88049,237.61632,193.56549,0,0,0,0,1
57.90008,237.61632,193.56549,0,0,0,0,1
57.92046,237.61632,193.56549,0,0,0,0,1
57.94022,237.61632,193.56549,0,0,0,0,1
57.96044,237.61632,193.56549,0,0,0,0,1
57.98037,237.61632,193.56549,0,0,0,0,1
58.00046,237.61632,193.56549,0,0,0,0,1
58.02049,237.61632,193.56549,0,0,0,0,1
58.04007,237.61632,193.56549,0,0,0,0,1
58.06026,237.61632,193.56549,0,0,0,0,1
58.08010,237.61632,193.56549,0,0,0,0,1
58.10036,237.61632,193.56549,0,0,0,0,1
58.12014,237.61632,193.56549,0,0,0,0,1
58.14043,237.61632,193.56549,1,0,0,0,1
58.16017,237.40958,193.83667,1,0,0,0,1
58.18039,237.20284,194.10785,1,0,0,0,1
58.20015,236.78935,194.65021,1,0,0,0,1
58.22015,236.58261,194.92139,1,0,0,0,1
58.24033,236.37587,195.19257,1,0,0,0,1
58.26025,236.16913,195.46375,0,0,0,0,1
58.28046,235.96239,195.73492,0,0,0,0,1
58.30011,235.96239,195.73492,0,0,0,0,1
58.32026,235.96239,195.73492,0,0,0,0,1
58.34039,235.96239,195.73492,0,0,0,0,1
58.36053,235.96239,195.73492,0,0,0,0,1
58.38040,235.96239,195.73492,0,0,0,0,1
58.40050,235.96239,195.73492,0,0,0,0,1
58.42047,235.96239,195.73492,0,0,0,0,1
58.44022,235.96239,195.73492,0,0,0,0,1
58.46038,235.96239,195.73492,0,0,0,0,1
58.48041,235.96239,195.73492,0,0,0,0,1
58.50045,235.96239,195.73492,0,0,0,0,1
58.52043,235.96239,195.73492,0,0,0,0,1
58.54043,235.96239,195.73492,0,0,0,0,1
58.56043,235.96239,195.73492,0,0,0,0,1
58.58051,235.96239,195.73492,0,0,0,0,1
58.60036,235.96239,195.73492,0,0,0,0,1
58.62045,235.96239,195.73492,0,0,0,0,1
58.64033,235.96239,195.73492,0,0,0,0,1
58.66007,235.96239,195.73492,0,0,0,0,1
58.68049,235.96239,195.73492,0,0,0,0,1
58.70017,235.96239,195.73492,0,0,0,0,1
58.72050,235.96239,195.73492,0,0,0,0,1
58.74047,235.96239,195.73492,0,0,0,0,1
58.76012,235.96239,195.73492,0,0,0,0,1
58.78041,235.96239,195.73492,0,0,0,0,1
58.80006,235.96239,195.73492,0,0,0,0,1
58.82012,235.96239,195.73492,0,0,0,0,1
58.84036,235.96239,195.73492,0,0,0,0,1
58.86018,235.96239,195.73492,0,0,0,0,1
58.88047,235.96239,195.73492,0,0,0,0,1
58.90027,235.96239,195.73492,0,0,0,0,1
58.92037,235.96239,195.73492,0,0,0,0,1
58.94011,235.96239,195.73492,0,0,0,0,1
58.96006,235.96239,195.73492,0,0,0,0,1
58.98036,235.96239,195.73492,0,0,0,0,1
59.00028,235.96239,195.73492,0,0,0,0,1
59.02034,235.96239,195.73492,0,0,0,0,1
59.04047,235.96239,195.73492,0,0,0,0,1
59.06015,235.96239,195.73492,0,0,0,0,1
59.08048,235.96239,195.73492,1,0,1,0,1
59.10011,235.75565,196.00610,1,0,1,0,1
59.12050,235.25563,196.89668,1,0,1,0,1
59.14017,235.13174,197.21439,1,0,1,0,1
59.16036,235.03035,197.53996,1,0,1,0,1
59.18032,234.95193,197.87183,1,0,1,0,1
59.20007,234.89690,198.20836,0,0,0,0,1
59.22043,234.86549,198.54791,0,0,0,0,1
59.24022,234.86549,198.54791,0,0,0,0,1
59.26059,234.86549,198.54791,0,0,0,0,1
59.28007,234.86549,198.54791,0,0,0,0,1
59.30050,234.86549,198.54791,0,0,0,0,1
59.32021,234.86549,198.54791,0,0,0,0,1
59.34037,234.86549,198.54791,0,0,0,0,1
59.36011,234.86549,198.54791,0,0,0,0,1
59.38044,234.86549,198.54791,0,0,0,0,1
59.40052,234.86549,198.54791,0,0,0,0,1
59.42050,234.86549,198.54791,0,0,0,0,1
59.44023,234.86549,198.54791,0,0,0,0,1
59.46053,234.86549,198.54791,0,0,0,0,1
59.48053,234.86549,198.54791,0,0,0,0,1
59.50027,234.86549,198.54791,0,0,0,0,1
59.52016,234.86549,198.54791,0,0,0,0,1
59.54037,234.86549,198.54791,0,0,0,0,1
59.56032,234.86549,198.54791,0,0,0,0,1
59.58050,234.86549,198.54791,0,0,0,0,1
59.60022,234.86549,198.54791,0,0,0,0,1
59.62047,234.86549,198.54791,0,0,0,0,1
59.64008,234.86549,198.54791,0,0,0,0,1
59.66038,234.86549,198.54791,0,0,0,0,1
59.68005,234.86549,198.54791,0,0,0,0,1
59.70025,234.86549,198.54791,0,0,0,0,1
59.72040,234.86549,198.54791,0,0,0,0,1
59.74089,234.86549,198.54791,0,0,0,0,1
59.76009,234.86549,198.54791,0,0,0,0,1
59.78007,234.86549,198.54791,0,0,0,0,1
59.80039,234.86549,198.54791,0,0,0,0,1
59.82017,234.86549,198.54791,0,0,0,0,1
59.84037,234.86549,198.54791,0,0,0,0,1
59.86012,234.86549,198.54791,0,0,0,0,1
59.88016,234.86549,198.54791,0,0,0,0,1
59.90043,234.86549,198.54791,0,0,0,0,1
59.92016,234.86549,198.54791,1,1,0,0,1
59.94034,234.82651,199.22838,1,1,0,0,1
59.96013,234.77153,199.56491,1,1,0,0,1
59.98048,234.69322,199.89679,1,1,0,0,1
60.00017,234.59195,200.22241,1,1,0,0,1
60.02033,234.32263,200.84854,1,1,0,0,1
60.04054,234.15590,201.14600,0,0,0,0,1
60.06030,233.96883,201.43109,0,0,0,0,1
60.08014,233.96883,201.43109,0,0,0,0,1
60.10048,233.96883,201.43109,0,0,0,0,1
60.12047,233.96883,201.43109,0,0,0,0,1
60.14027,233.96883,201.43109,0,0,0,0,1
60.16045,233.96883,201.43109,0,0,0,0,1
60.18011,233.96883,201.43109,0,0,0,0,1
60.20022,233.96883,201.43109,0,0,0,0,1
60.22026,233.96883,201.43109,0,0,0,0,1
60.24012,233.96883,201.43109,0,0,0,0,1
60.26039,233.96883,201.43109,0,0,0,0,1
60.28007,233.96883,201.43109,0,0,0,0,1
60.30027,233.96883,201.43109,0,0,0,0,1
60.32047,233.96883,201.43109,0,0,0,0,1
60.34014,233.96883,201.43109,0,0,0,0,1
60.36032,233.96883,201.43109,0,0,0,0,1
60.38025,233.96883,201.43109,0,0,0,0,1
60.40018,233.96883,201.43109,0,0,0,0,1
60.42040,233.96883,201.43109,0,0,0,0,1
60.44019,233.96883,201.43109,0,0,0,0,1
60.46037,233.96883,201.43109,0,0,0,0,1
60.48020,233.96883,201.43109,0,0,0,0,1
60.50042,233.96883,201.43109,0,0,0,0,1
60.52027,233.96883,201.43109,0,0,0,0,1
60.54050,233.96883,201.43109,0,0,0,0,1
60.56022,233.96883,201.43109,0,0,0,0,1
60.58049,233.96883,201.43109,0,0,0,0,1
60.60056,233.96883,201.43109,0,0,0,0,1
60.62016,233.96883,201.43109,0,0,0,0,1
60.64010,233.96883,201.43109,0,0,0,0,1
60.66006,233.96883,201.43109,0,0,0,0,1
60.68009,233.96883,201.43109,0,0,0,0,1
60.70009,233.96883,201.43109,0,0,0,0,1
60.72008,233.96883,201.43109,0,0,0,0,1
60.74008,233.96883,201.43109,0,0,0,0,1
60.76042,233.96883,201.43109,0,0,0,0,1
60.78054,233.96883,201.43109,0,0,0,0,1
60.80022,233.96883,201.43109,0,0,0,0,1
60.82016,233.96883,201.43109,0,0,0,0,1
60.84038,233.96883,201.43109,0,0,0,0,1
60.86025,233.96883,201.43109,1,0,0,0,1
60.88067,233.78175,201.71619,1,0,0,0,1
60.90027,233.59468,202.00128,1,0,0,0,1
60.92024,233.22054,202.57147,1,0,0,0,1
60.94042,233.03346,202.85657,1,0,0,0,1
60.96016,232.84639,203.14166,1,0,0,0,1
60.98030,232.65932,203.42676,0,0,0,0,1
61.00047,232.47224,203.71185,0,0,0,0,1
61.02024,232.47224,203.71185,0,0,0,0,1
61.04039,232.47224,203.71185,0,0,0,0,1
61.06048,232.47224,203.71185,0,0,0,0,1
61.08020,232.47224,203.71185,0,0,0,0,1
61.10039,232.47224,203.71185,0,0,0,0,1
61.12049,232.47224,203.71185,0,0,0,0,1
61.14033,232.47224,203.71185,0,0,0,0,1
61.16055,232.47224,203.71185,0,0,0,0,1
61.18011,232.47224,203.71185,0,0,0,0,1
61.20046,232.47224,203.71185,0,0,0,0,1
61.22013,232.47224,203.71185,0,0,0,0,1
61.24031,232.47224,203.71185,0,0,0,0,1
61.26050,232.47224,203.71185,0,0,0,0,1
61.28026,232.47224,203.71185,0,0,0,0,1
61.30045,232.47224,203.71185,0,0,0,0,1
61.32009,232.47224,203.71185,0,0,0,0,1
61.34023,232.47224,203.71185,0,0,0,0,1
61.36017,232.47224,203.71185,0,0,0,0,1
61.38038,232.47224,203.71185,0,0,0,0,1
61.40047,232.47224,203.71185,0,0,0,0,1
61.42025,232.47224,203.71185,0,0,0,0,1
61.44027,232.47224,203.71185,0,0,0,0,1
61.46018,232.47224,203.71185,0,0,0,0,1
61.48007,232.47224,203.71185,0,0,0,0,1
61.50019,232.47224,203.71185,0,0,0,0,1
61.52054,232.47224,203.71185,0,0,0,0,1
61.54024,232.47224,203.71185,0,0,0,0,1
61.56010,232.47224,203.71185,0,0,0,0,1
61.58033,232.47224,203.71185,0,0,0,0,1
61.60048,232.47224,203.71185,0,0,0,0,1
61.62017,232.47224,203.71185,0,0,0,0,1
61.64041,232.47224,203.71185,0,0,0,0,1
61.66006,232.47224,203.71185,0,0,0,0,1
61.68037,232.47224,203.71185,0,0,0,0,1
61.70049,232.47224,203.71185,0,0,0,0,1
61.72020,232.47224,203.71185,0,0,0,0,1
61.74046,232.47224,203.71185,0,0,0,0,1
61.76020,232.47224,203.71185,0,0,0,0,1
61.78009,232.47224,203.71185,1,0,1,0,1
61.80041,232.28517,203.99695,1,0,1,0,1
61.82043,231.97293,204.60280,1,0,1,0,1
61.84015,231.74814,205.24625,1,0,1,0,1
61.86051,231.66998,205.57817,1,0,1,0,1
61.88027,231.61520,205.91473,0,0,0,0,1
61.90005,231.61520,205.91473,0,0,0,0,1
61.92053,231.61520,205.91473,0,0,0,0,1
61.94014,231.61520,205.91473,0,0,0,0,1
61.96040,231.61520,205.91473,0,0,0,0,1
61.98056,231.61520,205.91473,0,0,0,0,1
62.00011,231.61520,205.91473,0,0,0,0,1
62.02027,231.61520,205.91473,0,0,0,0,1
62.04045,231.61520,205.91473,0,0,0,0,1
62.06016,231.61520,205.91473,0,0,0,0,1
62.08029,231.61520,205.91473,0,0,0,0,1
62.10014,231.61520,205.91473,0,0,0,0,1
62.12034,231.61520,205.91473,0,0,0,0,1
62.14049,231.61520,205.91473,0,0,0,0,1
62.16006,231.61520,205.91473,0,0,0,0,1
62.18027,231.61520,205.91473,0,0,0,0,1
62.20004,231.61520,205.91473,0,0,0,0,1
62.22034,231.61520,205.91473,0,0,0,0,1
62.24048,231.61520,205.91473,0,0,0,0,1
62.26014,231.61520,205.91473,0,0,0,0,1
62.28026,231.61520,205.91473,0,0,0,0,1
62.30044,231.61520,205.91473,0,0,0,0,1
62.32053,231.61520,205.91473,0,0,0,0,1
62.34035,231.61520,205.91473,0,0,0,0,1
62.36043,231.61520,205.91473,0,0,0,0,1
62.38013,231.61520,205.91473,0,0,0,0,1
62.40044,231.61520,205.91473,0,0,0,0,1
62.42028,231.61520,205.91473,0,0,0,0,1
62.44004,231.61520,205.91473,0,0,0,0,1
62.46062,231.61520,205.91473,0,0,0,0,1
62.48017,231.61520,205.91473,0,0,0,0,1
62.50035,231.61520,205.91473,0,0,0,0,1
62.52053,231.61520,205.91473,0,0,0,0,1
62.54027,231.61520,205.91473,0,0,0,0,1
62.56041,231.61520,205.91473,0,0,0,0,1
62.58010,231.61520,205.91473,0,0,0,0,1
62.60028,231.61520,205.91473,0,0,0,0,1
62.62046,231.61520,205.91473,0,0,0,0,1
62.64011,231.61520,205.91473,0,1,0,0,1
62.66005,231.61520,205.91473,1,1,0,0,1
62.68006,231.58406,206.25430,1,1,0,0,1
62.70019,231.52931,206.59088,1,1,0,0,1
62.72041,231.35017,207.24850,1,1,0,0,1
62.74017,231.22665,207.56635,1,1,0,0,1
62.76009,231.08127,207.87480,1,1,0,0,1
62.78024,230.91473,208.17236,1,1,0,0,1
62.80010,230.72784,208.45760,1,1,0,0,1
62.82053,230.52151,208.72910,0,1,0,0,1
62.84012,230.29675,208.98555,0,0,0,0,1
62.86014,230.29675,208.98555,0,0,0,0,1
62.88043,230.29675,208.98555,0,0,0,0,1
62.90042,230.29675,208.98555,0,0,0,0,1
62.92042,230.29675,208.98555,0,0,0,0,1
62.94052,230.29675,208.98555,0,0,0,0,1
62.96055,230.29675,208.98555,0,0,0,0,1
62.98006,230.29675,208.98555,0,0,0,0,1
63.00028,230.29675,208.98555,0,0,0,0,1
63.02046,230.29675,208.98555,0,0,0,0,1
63.04049,230.29675,208.98555,0,0,0,0,1
63.06015,230.29675,208.98555,0,0,0,0,1
63.08039,230.29675,208.98555,0,0,0,0,1
63.10012,230.29675,208.98555,0,0,0,0,1
63.12019,230.29675,208.98555,0,0,0,0,1
63.14045,230.29675,208.98555,0,0,0,0,1
63.16026,230.29675,208.98555,0,0,0,0,1
63.18047,230.29675,208.98555,0,0,0,0,1
63.20026,230.29675,208.98555,0,0,0,0,1
63.22031,230.29675,208.98555,0,0,0,0,1
63.24053,230.29675,208.98555,0,0,0,0,1
63.26042,230.29675,208.98555,0,0,0,0,1
63.28043,230.29675,208.98555,0,0,0,0,1
63.30009,230.29675,208.98555,0,0,0,0,1
63.32028,230.29675,208.98555,0,0,0,0,1
63.34047,230.29675,208.98555,0,0,0,0,1
63.36029,230.29675,208.98555,0,0,0,0,1
63.38044,230.29675,208.98555,0,0,0,0,1
63.40017,230.29675,208.98555,0,0,0,0,1
63.42025,230.29675,208.98555,0,0,0,0,1
63.44051,230.29675,208.98555,0,0,0,0,1
63.46020,230.29675,208.98555,0,0,0,0,1
63.48006,230.29675,208.98555,0,0,0,0,1
63.50052,230.29675,208.98555,0,0,0,0,1
63.52009,230.29675,208.98555,0,0,0,0,1
63.54024,230.29675,208.98555,0,0,0,0,1
63.56029,230.29675,208.98555,0,0,0,0,1
63.58007,230.29675,208.98555,0,0,0,0,1
63.60016,230.29675,208.98555,0,0,0,0,1
63.62028,230.29675,208.98555,0,0,0,0,1
63.64051,230.29675,208.98555,0,0,0,0,1
63.66020,230.29675,208.98555,0,0,0,0,1
63.68050,230.29675,208.98555,0,0,0,0,1
63.70054,230.29675,208.98555,0,0,0,0,1
63.72045,230.29675,208.98555,1,0,0,0,1
63.74040,230.03850,209.20824,1,0,0,0,1
63.76037,229.78024,209.43092,1,0,0,0,1
63.78053,229.52199,209.65361,1,0,0,0,1
63.80028,229.26373,209.87630,1,0,0,0,1
63.82019,229.00548,210.09898,1,0,0,0,1
63.84049,228.48897,210.54436,0,0,0,0,1
63.86026,228.23071,210.76704,0,0,0,0,1
63.88051,228.23071,210.76704,0,0,0,0,1
63.90009,228.23071,210.76704,0,0,0,0,1
63.92037,228.23071,210.76704,0,0,0,0,1
63.94053,228.23071,210.76704,0,0,0,0,1
63.96014,228.23071,210.76704,0,0,0,0,1
63.98037,228.23071,210.76704,0,0,0,0,1
64.00024,228.23071,210.76704,0,0,0,0,1
64.02034,228.23071,210.76704,0,0,0,0,1
64.04027,228.23071,210.76704,0,0,0,0,1
64.06049,228.23071,210.76704,0,0,0,0,1
64.08008,228.23071,210.76704,0,0,0,0,1
64.10056,228.23071,210.76704,0,0,0,0,1
64.12018,228.23071,210.76704,0,0,0,0,1
64.14022,228.23071,210.76704,0,0,0,0,1
64.16041,228.23071,210.76704,0,0,0,0,1
64.18048,228.23071,210.76704,0,0,0,0,1
64.20018,228.23071,210.76704,0,0,0,0,1
64.22051,228.23071,210.76704,0,0,0,0,1
64.24059,228.23071,210.76704,0,0,0,0,1
64.26035,228.23071,210.76704,0,0,0,0,1
64.28026,228.23071,210.76704,0,0,0,0,1
64.30038,228.23071,210.76704,0,1,0,0,1
64.32046,228.23071,210.76704,0,1,0,0,1
64.34020,228.23071,210.76704,0,1,0,0,1
64.36007,228.23071,210.76704,0,1,0,0,1
64.38025,228.23071,210.76704,0,1,0,0,1
64.40044,228.23071,210.76704,0,1,0,0,1
64.42005,228.23071,210.76704,0,1,0,0,1
64.44012,228.23071,210.76704,0,1,0,0,1
64.46080,228.23071,210.76704,0,1,0,0,1
64.48042,228.23071,210.76704,0,1,0,0,1
64.50012,228.23071,210.76704,0,1,0,0,1
64.52049,228.23071,210.76704,0,1,0,0,1
64.54020,228.23071,210.76704,0,1,0,0,1
64.56036,228.23071,210.76704,0,1,0,0,1
64.58054,228.23071,210.76704,0,0,0,0,1
64.60067,228.23071,210.76704,0,0,0,0,1
64.62034,228.23071,210.76704,0,0,0,0,1
64.64046,228.23071,210.76704,0,0,0,0,1
64.66032,228.23071,210.76704,0,0,0,0,1
64.68008,228.23071,210.76704,0,0,0,0,1
64.70027,228.23071,210.76704,0,0,0,0,1
64.72017,228.23071,210.76704,0,0,0,0,1
64.74037,228.23071,210.76704,0,0,0,0,1
64.76048,228.23071,210.76704,0,0,0,0,1
64.78015,228.23071,210.76704,0,0,0,0,1
64.80015,228.23071,210.76704,0,0,0,0,1
64.82030,228.23071,210.76704,0,0,0,0,1
64.84006,228.23071,210.76704,0,0,0,0,1
64.86015,228.23071,210.76704,0,0,0,0,1
64.88019,228.23071,210.76704,0,0,0,0,1
64.90039,228.23071,210.76704,0,0,0,0,1
64.92045,228.23071,210.76704,0,0,0,0,1
64.94045,228.23071,210.76704,0,0,0,0,1
64.96053,228.23071,210.76704,0,0,0,0,1
64.98030,228.23071,210.76704,0,0,0,0,1
65.00047,228.23071,210.76704,0,0,0,0,1
65.02047,228.23071,210.76704,0,0,0,0,1
65.04035,228.23071,210.76704,0,0,0,0,1
65.06048,228.23071,210.76704,0,0,0,0,1
65.08048,228.23071,210.76704,0,0,0,0,1
65.10004,228.23071,210.76704,0,0,0,0,1
65.12022,228.23071,210.76704,0,0,0,0,1
65.14054,228.23071,210.76704,0,0,0,0,1
65.16023,228.23071,210.76704,0,0,0,0,1
65.18012,228.23071,210.76704,0,0,0,0,1
65.20052,228.23071,210.76704,0,0,0,0,1
65.22034,228.23071,210.76704,0,0,0,0,1
65.24022,228.23071,210.76704,0,0,0,0,1
65.26033,228.23071,210.76704,0,0,0,0,1
65.28010,228.23071,210.76704,0,0,0,0,1
65.30029,228.23071,210.76704,0,0,0,0,1
65.32034,228.23071,210.76704,0,0,0,0,1
65.34060,228.23071,210.76704,0,0,0,0,1
65.36017,228.23071,210.76704,0,0,0,0,1
65.38026,228.23071,210.76704,0,0,0,0,1
65.40038,228.23071,210.76704,0,0,0,0,1
65.42049,228.23071,210.76704,0,0,0,0,1
65.44038,228.23071,210.76704,0,0,0,0,1
65.46033,228.23071,210.76704,0,0,0,0,1
65.48008,228.23071,210.76704,0,0,0,0,1
65.50044,228.23071,210.76704,0,0,0,0,1
65.52032,228.23071,210.76704,0,0,0,0,1
65.54014,228.23071,210.76704,0,0,0,0,1
65.56022,228.23071,210.76704,0,0,0,0,1
65.58011,228.23071,210.76704,0,0,0,0,1
65.60044,228.23071,210.76704,0,0,0,0,1
65.62008,228.23071,210.76704,0,0,0,0,1
65.64014,228.23071,210.76704,0,0,0,0,1
65.66037,228.23071,210.76704,0,0,0,0,1
65.68017,228.23071,210.76704,0,0,0,0,1
65.70032,228.23071,210.76704,0,0,0,0,1
65.72044,228.23071,210.76704,0,0,0,0,1
65.74049,228.23071,210.76704,0,0,0,0,1
65.76024,228.23071,210.76704,0,0,0,0,1
65.78006,228.23071,210.76704,0,0,0,0,1
65.80052,228.23071,210.76704,0,0,0,0,1
65.82023,228.23071,210.76704,0,0,0,0,1
65.84040,228.23071,210.76704,0,0,0,0,1
65.86002,228.23071,210.76704,0,0,0,0,1
65.88039,228.23071,210.76704,0,0,0,0,1
65.90013,228.23071,210.76704,0,0,0,0,1
65.92024,228.23071,210.76704,0,0,0,0,1
65.94040,228.23071,210.76704,0,0,0,0,1
65.96008,228.23071,210.76704,0,0,0,0,1
65.98037,228.23071,210.76704,0,0,0,0,1
66.00052,228.23071,210.76704,0,0,0,0,1
66.02021,228.23071,210.76704,0,0,0,0,1
66.04023,228.23071,210.76704,0,0,0,0,1
66.06053,228.23071,210.76704,0,0,0,0,1
66.08017,228.23071,210.76704,0,0,0,0,1
66.10059,228.23071,210.76704,0,0,0,0,1
66.12044,228.23071,210.76704,0,0,0,0,1
66.14032,228.23071,210.76704,0,0,0,0,1
66.16029,228.23071,210.76704,0,0,0,0,1
66.18006,228.23071,210.76704,0,0,0,0,1
66.20003,228.23071,210.76704,0,0,0,0,1
66.22053,228.23071,210.76704,0,0,0,0,1
66.24026,228.23071,210.76704,0,0,0,0,1
66.26019,228.23071,210.76704,0,0,0,0,1
66.28046,228.23071,210.76704,0,0,0,0,1
66.30023,228.23071,210.76704,0,0,0,0,1
66.32047,228.23071,210.76704,0,0,0,0,1
66.34052,228.23071,210.76704,0,0,0,0,1
66.36022,228.23071,210.76704,0,0,0,0,1
66.38050,228.23071,210.76704,0,0,0,0,1
66.40017,228.23071,210.76704,0,0,0,0,1
66.42021,228.23071,210.76704,0,0,0,0,1
66.44007,228.23071,210.76704,0,0,0,0,1
66.46010,228.23071,210.76704,0,0,0,0,1
66.48047,228.23071,210.76704,0,0,0,0,1
66.50058,228.23071,210.76704,0,0,0,0,1
66.52037,228.23071,210.76704,0,0,0,0,1
66.54012,228.23071,210.76704,0,0,0,0,1
66.56050,228.23071,210.76704,0,0,1,0,1
66.58011,227.92746,210.61110,1,0,1,0,1
66.60031,227.61406,210.47672,1,0,1,0,1
66.62005,227.29204,210.36455,1,0,1,0,1
66.64026,226.62845,210.20894,1,0,1,0,1
66.66005,226.29013,210.16626,0,0,1,0,1
66.68038,225.94966,210.14731,0,0,0,0,1
66.70059,225.94966,210.14731,0,0,0,0,1
66.72024,225.94966,210.14731,0,0,0,0,1
66.74052,225.94966,210.14731,0,0,0,0,1
66.76036,225.94966,210.14731,0,0,0,0,1
66.78044,225.94966,210.14731,0,0,0,0,1
66.80016,225.94966,210.14731,0,0,0,0,1
66.82027,225.94966,210.14731,0,0,0,0,1
66.84046,225.94966,210.14731,0,0,0,0,1
66.86048,225.94966,210.14731,0,0,0,0,1
66.88044,225.94966,210.14731,0,0,0,0,1
66.90007,225.94966,210.14731,0,0,0,0,1
66.92029,225.94966,210.14731,0,0,0,0,1
66.94005,225.94966,210.14731,0,0,0,0,1
66.96015,225.94966,210.14731,0,0,0,0,1
66.98013,225.94966,210.14731,0,0,0,0,1
67.00050,225.94966,210.14731,0,0,0,0,1
67.02020,225.94966,210.14731,0,0,0,0,1
67.04044,225.94966,210.14731,0,0,0,0,1
67.06049,225.94966,210.14731,0,0,0,0,1
67.08022,225.94966,210.14731,0,0,0,0,1
67.10049,225.94966,210.14731,0,0,0,0,1
67.12011,225.94966,210.14731,0,0,0,0,1
67.14045,225.94966,210.14731,0,0,0,0,1
67.16018,225.94966,210.14731,0,0,0,0,1
67.18019,225.94966,210.14731,0,0,0,0,1
67.20043,225.94966,210.14731,0,0,0,0,1
67.22004,225.94966,210.14731,0,0,0,0,1
67.24026,225.94966,210.14731,0,0,0,0,1
67.26030,225.94966,210.14731,0,0,0,0,1
67.28041,225.94966,210.14731,0,0,0,0,1
67.30055,225.94966,210.14731,0,0,0,0,1
67.32016,225.94966,210.14731,0,0,0,0,1
67.34032,225.94966,210.14731,0,0,0,0,1
67.36051,225.94966,210.14731,0,0,0,0,1
67.38024,225.94966,210.14731,0,0,0,0,1
67.40047,225.94966,210.14731,1,1,0,0,1
67.42046,225.94966,210.14731,1,1,0,0,1
67.44012,225.60919,210.12839,1,1,0,0,1
67.46021,224.93633,210.01965,1,1,0,0,1
67.48043,224.60722,209.93037,1,1,0,0,1
67.50009,224.28514,209.81836,1,1,0,0,1
67.52024,223.97166,209.68416,0,0,0,0,1
67.54043,223.97166,209.68416,0,0,0,0,1
67.56007,223.97166,209.68416,0,0,0,0,1
67.58022,223.97166,209.68416,0,0,0,0,1
67.60055,223.97166,209.68416,0,0,0,0,1
67.62011,223.97166,209.68416,0,0,0,0,1
67.64029,223.97166,209.68416,0,0,0,0,1
67.66046,223.97166,209.68416,0,0,0,0,1
67.68027,223.97166,209.68416,0,0,0,0,1
67.70043,223.97166,209.68416,0,0,0,0,1
67.72053,223.97166,209.68416,0,0,0,0,1
67.74021,223.97166,209.68416,0,0,0,0,1
67.76042,223.97166,209.68416,0,0,0,0,1
67.78027,223.97166,209.68416,0,0,0,0,1
67.80055,223.97166,209.68416,0,0,0,0,1
67.82027,223.97166,209.68416,0,0,0,0,1
67.84048,223.97166,209.68416,0,0,0,0,1
67.86016,223.97166,209.68416,0,0,0,0,1
67.88022,223.97166,209.68416,0,0,0,0,1
67.90039,223.97166,209.68416,0,0,0,0,1
67.92052,223.97166,209.68416,0,0,0,0,1
67.94019,223.97166,209.68416,0,0,0,0,1
67.96034,223.97166,209.68416,0,0,0,0,1
67.98048,223.97166,209.68416,0,0,0,0,1
68.00052,223.97166,209.68416,0,0,0,0,1
68.02020,223.97166,209.68416,0,0,0,0,1
68.04038,223.97166,209.68416,0,0,0,0,1
68.06050,223.97166,209.68416,0,0,0,0,1
68.08010,223.97166,209.68416,0,0,0,0,1
68.10030,223.97166,209.68416,0,0,0,0,1
68.12027,223.97166,209.68416,0,0,0,0,1
68.14056,223.97166,209.68416,0,0,0,0,1
68.16022,223.97166,209.68416,0,0,0,0,1
68.18048,223.97166,209.68416,0,0,0,0,1
68.20043,223.97166,209.68416,0,0,0,0,1
68.22012,223.97166,209.68416,0,0,0,0,1
68.24048,223.97166,209.68416,0,0,0,0,1
68.26026,223.97166,209.68416,0,0,0,0,1
68.28049,223.97166,209.68416,0,0,0,0,1
68.30017,223.97166,209.68416,0,0,0,0,1
68.32042,223.97166,209.68416,1,0,0,0,1
68.34012,223.97166,209.68416,1,0,0,0,1
68.36035,223.36494,209.37270,1,0,0,0,1
68.38004,223.06158,209.21696,1,0,0,0,1
68.40023,222.75822,209.06123,1,0,0,0,1
68.42005,222.45486,208.90550,1,0,0,0,1
68.44044,222.15150,208.74977,0,0,0,0,1
68.46007,221.84814,208.59404,0,0,0,0,1
68.48028,221.84814,208.59404,0,0,0,0,1
68.50035,221.84814,208.59404,0,0,0,0,1
68.52043,221.84814,208.59404,0,0,0,0,1
68.54023,221.84814,208.59404,0,0,0,0,1
68.56031,221.84814,208.59404,0,0,0,0,1
68.58040,221.84814,208.59404,0,0,0,0,1
68.60047,221.84814,208.59404,0,0,0,0,1
68.62043,221.84814,208.59404,0,0,0,0,1
68.64044,221.84814,208.59404,0,0,0,0,1
68.66050,221.84814,208.59404,0,0,0,0,1
68.68029,221.84814,208.59404,0,0,0,0,1
68.70023,221.84814,208.59404,0,0,0,0,1
68.72019,221.84814,208.59404,0,0,0,0,1
68.74030,221.84814,208.59404,0,0,0,0,1
68.76017,221.84814,208.59404,0,0,0,0,1
68.78025,221.84814,208.59404,0,0,0,0,1
68.80028,221.84814,208.59404,0,0,0,0,1
68.82048,221.84814,208.59404,0,0,0,0,1
68.84040,221.84814,208.59404,0,0,0,0,1
68.86036,221.84814,208.59404,0,0,0,0,1
68.88052,221.84814,208.59404,0,0,0,0,1
68.90024,221.84814,208.59404,0,0,0,0,1
68.92046,221.84814,208.59404,0,0,0,0,1
68.94042,221.84814,208.59404,0,0,0,0,1
68.96025,221.84814,208.59404,0,0,0,0,1
68.98050,221.84814,208.59404,0,0,0,0,1
69.00025,221.84814,208.59404,0,0,0,0,1
69.02042,221.84814,208.59404,0,0,0,0,1
69.04017,221.84814,208.59404,0,0,0,0,1
69.06031,221.84814,208.59404,0,0,0,0,1
69.08050,221.84814,208.59404,0,0,0,0,1
69.10055,221.84814,208.59404,0,0,0,0,1
69.12025,221.84814,208.59404,0,0,0,0,1
69.14019,221.84814,208.59404,0,0,0,0,1
69.16043,221.84814,208.59404,0,0,0,0,1
69.18017,221.84814,208.59404,0,0,0,0,1
69.20045,221.84814,208.59404,0,0,0,0,1
69.22012,221.84814,208.59404,0,0,0,0,1
69.24008,221.84814,208.59404,0,0,0,0,1
69.26053,221.84814,208.59404,0,0,0,0,1
69.28025,221.84814,208.59404,0,0,1,0,1
69.30052,221.84814,208.59404,1,0,1,0,1
69.32016,221.53465,208.45987,1,0,1,0,1
69.34023,220.88342,208.25873,1,0,1,0,1
69.36024,220.54887,208.19275,1,0,1,0,1
69.38034,219.87004,208.13158,0,0,0,0,1
69.40035,219.87004,208.13158,0,0,0,0,1
69.42034,219.87004,208.13158,0,0,0,0,1
69.44042,219.87004,208.13158,0,0,0,0,1
69.46035,219.87004,208.13158,0,0,0,0,1
69.48055,219.87004,208.13158,0,0,0,0,1
69.50007,219.87004,208.13158,0,0,0,0,1
69.52031,219.87004,208.13158,0,0,0,0,1
69.54053,219.87004,208.13158,0,0,0,0,1
69.56041,219.87004,208.13158,0,0,0,0,1
69.58042,219.87004,208.13158,0,0,0,0,1
69.60029,219.87004,208.13158,0,0,0,0,1
69.62030,219.87004,208.13158,0,0,0,0,1
69.64019,219.87004,208.13158,0,0,0,0,1
69.66034,219.87004,208.13158,0,0,0,0,1
69.68051,219.87004,208.13158,0,0,0,0,1
69.70056,219.87004,208.13158,0,0,0,0,1
69.72035,219.87004,208.13158,0,0,0,0,1
69.74011,219.87004,208.13158,0,0,0,0,1
69.76046,219.87004,208.13158,0,0,0,0,1
69.78051,219.87004,208.13158,0,0,0,0,1
69.80018,219.87004,208.13158,0,0,0,0,1
69.82016,219.87004,208.13158,0,0,0,0,1
69.84040,219.87004,208.13158,0,0,0,0,1
69.86032,219.87004,208.13158,0,0,0,0,1
69.88027,219.87004,208.13158,0,0,0,0,1
69.90045,219.87004,208.13158,0,0,0,0,1
69.92010,219.87004,208.13158,0,0,0,0,1
69.94042,219.87004,208.13158,0,0,0,0,1
69.96054,219.87004,208.13158,0,0,0,0,1
69.98019,219.87004,208.13158,0,0,0,0,1
70.00040,219.87004,208.13158,0,0,0,0,1
70.02015,219.87004,208.13158,0,0,0,0,1
70.04005,219.87004,208.13158,0,0,0,0,1
70.06039,219.87004,208.13158,0,0,0,0,1
70.08031,219.87004,208.13158,0,0,0,0,1
70.10028,219.87004,208.13158,0,1,0,0,1
70.12041,219.52908,208.13667,1,1,0,0,1
70.14010,219.18860,208.11798,1,1,0,0,1
70.16017,218.85025,208.07559,1,1,0,0,1
70.18052,218.18651,207.92065,1,1,0,0,1
70.20021,217.86435,207.80885,1,1,0,0,1
70.22027,217.55078,207.67487,1,1,0,0,1
70.24013,217.24731,207.51933,0,0,0,0,1
70.26038,216.95543,207.34302,0,0,0,0,1
70.28008,216.95543,207.34302,0,0,0,0,1
70.30023,216.95543,207.34302,0,0,0,0,1
70.32053,216.95543,207.34302,0,0,0,0,1
70.34021,216.95543,207.34302,0,0,0,0,1
70.36040,216.95543,207.34302,0,0,0,0,1
70.38008,216.95543,207.34302,0,0,0,0,1
70.40027,216.95543,207.34302,0,0,0,0,1
70.42033,216.95543,207.34302,0,0,0,0,1
70.44019,216.95543,207.34302,0,0,0,0,1
70.46048,216.95543,207.34302,0,0,0,0,1
70.48011,216.95543,207.34302,0,0,0,0,1
70.50029,216.95543,207.34302,0,0,0,0,1
70.52010,216.95543,207.34302,0,0,0,0,1
70.54039,216.95543,207.34302,0,0,0,0,1
70.56010,216.95543,207.34302,0,0,0,0,1
70.58021,216.95543,207.34302,0,0,0,0,1
70.60032,216.95543,207.34302,0,0,0,0,1
70.62017,216.95543,207.34302,0,0,0,0,1
70.64031,216.95543,207.34302,0,0,0,0,1
70.66053,216.95543,207.34302,0,0,0,0,1
70.68030,216.95543,207.34302,0,0,0,0,1
70.70040,216.95543,207.34302,0,0,0,0,1
70.72018,216.95543,207.34302,0,0,0,0,1
70.74035,216.95543,207.34302,0,0,0,0,1
70.76007,216.95543,207.34302,0,0,0,0,1
70.78023,216.95543,207.34302,0,0,0,0,1
70.80048,216.95543,207.34302,0,0,0,0,1
70.82022,216.95543,207.34302,0,0,0,0,1
70.84026,216.95543,207.34302,0,0,0,0,1
70.86051,216.95543,207.34302,0,0,0,0,1
70.88027,216.95543,207.34302,0,0,0,0,1
70.90048,216.95543,207.34302,0,0,0,0,1
70.92029,216.95543,207.34302,0,0,0,0,1
70.94037,216.95543,207.34302,0,0,0,0,1
70.96015,216.95543,207.34302,0,0,0,0,1
70.98029,216.95543,207.34302,0,0,0,0,1
71.00028,216.95543,207.34302,0,0,0,0,1
71.02058,216.95543,207.34302,1,0,0,0,1
71.04044,216.66354,207.16670,1,0,0,0,1
71.06043,216.07977,206.81407,1,0,0,0,1
71.08031,215.78789,206.63776,1,0,0,0,1
71.10052,215.49600,206.46144,1,0,0,0,1
71.12020,215.49600,206.46144,1,0,0,0,1
71.14033,214.62035,205.93250,0,0,0,0,1
71.16022,214.62035,205.93250,0,0,0,0,1
71.18036,214.62035,205.93250,0,0,0,0,1
71.20042,214.62035,205.93250,0,0,0,0,1
71.22037,214.62035,205.93250,0,0,0,0,1
71.24025,214.62035,205.93250,0,0,0,0,1
71.26018,214.62035,205.93250,0,0,0,0,1
71.28028,214.62035,205.93250,0,0,0,0,1
71.30037,214.62035,205.93250,0,0,0,0,1
71.32040,214.62035,205.93250,0,0,0,0,1
71.34053,214.62035,205.93250,0,0,0,0,1
71.36032,214.62035,205.93250,0,0,0,0,1
71.38024,214.62035,205.93250,0,0,0,0,1
71.40006,214.62035,205.93250,0,0,0,0,1
71.42021,214.62035,205.93250,0,0,0,0,1
71.44045,214.62035,205.93250,0,0,0,0,1
71.46054,214.62035,205.93250,0,0,0,0,1
71.48016,214.62035,205.93250,0,0,0,0,1
71.50013,214.62035,205.93250,0,0,0,0,1
71.52025,214.62035,205.93250,0,0,0,0,1
71.54024,214.62035,205.93250,0,0,0,0,1
71.56043,214.62035,205.93250,0,0,0,0,1
71.58043,214.62035,205.93250,0,0,0,0,1
71.60044,214.62035,205.93250,0,0,0,0,1
71.62048,214.62035,205.93250,0,0,0,0,1
71.64008,214.62035,205.93250,0,0,0,0,1
71.66038,214.62035,205.93250,0,0,0,0,1
71.68051,214.62035,205.93250,0,0,0,0,1
71.70023,214.62035,205.93250,0,0,0,0,1
71.72050,214.62035,205.93250,0,0,0,0,1
71.74047,214.62035,205.93250,0,0,0,0,1
71.76040,214.62035,205.93250,0,0,0,0,1
71.78007,214.62035,205.93250,0,0,0,0,1
71.80030,214.62035,205.93250,0,0,0,0,1
71.82051,214.62035,205.93250,0,0,0,0,1
71.84022,214.62035,205.93250,0,0,0,0,1
71.86039,214.62035,205.93250,0,0,0,0,1
71.88010,214.62035,205.93250,0,0,0,0,1
71.90029,214.62035,205.93250,0,0,0,0,1
71.92046,214.62035,205.93250,0,0,0,0,1
71.94018,214.62035,205.93250,1,0,1,0,1
71.96053,214.62035,205.93250,1,0,1,0,1
71.98048,214.02498,205.60068,1,0,1,0,1
72.00022,213.71138,205.46675,1,0,1,0,1
72.02040,213.38919,205.35504,1,0,1,0,1
72.04058,213.06000,205.26611,0,0,0,0,1
72.06039,212.72539,205.20039,0,0,0,0,1
72.08004,212.72539,205.20039,0,0,0,0,1
72.10025,212.72539,205.20039,0,0,0,0,1
72.12041,212.72539,205.20039,0,0,0,0,1
72.14040,212.72539,205.20039,0,0,0,0,1
72.16039,212.72539,205.20039,0,0,0,0,1
72.18049,212.72539,205.20039,0,0,0,0,1
72.20046,212.72539,205.20039,0,0,0,0,1
72.22048,212.72539,205.20039,0,0,0,0,1
72.24014,212.72539,205.20039,0,0,0,0,1
72.26045,212.72539,205.20039,0,0,0,0,1
72.28016,212.72539,205.20039,0,0,0,0,1
72.30023,212.72539,205.20039,0,0,0,0,1
72.32044,212.72539,205.20039,0,0,0,0,1
72.34003,212.72539,205.20039,0,0,0,0,1
72.36017,212.72539,205.20039,0,0,0,0,1
72.38040,212.72539,205.20039,0,0,0,0,1
72.40017,212.72539,205.20039,0,0,0,0,1
72.42033,212.72539,205.20039,0,0,0,0,1
72.44035,212.72539,205.20039,0,0,0,0,1
72.46056,212.72539,205.20039,0,0,0,0,1
72.48017,212.72539,205.20039,0,0,0,0,1
72.50042,212.72539,205.20039,0,0,0,0,1
72.52037,212.72539,205.20039,0,0,0,0,1
72.54011,212.72539,205.20039,0,0,0,0,1
72.56032,212.72539,205.20039,0,0,0,0,1
72.58052,212.72539,205.20039,0,0,0,0,1
72.60020,212.72539,205.20039,0,0,0,0,1
72.62051,212.72539,205.20039,0,0,0,0,1
72.64034,212.72539,205.20039,0,0,0,0,1
72.66040,212.72539,205.20039,0,0,0,0,1
72.68007,212.72539,205.20039,0,0,0,0,1
72.70026,212.72539,205.20039,0,0,0,0,1
72.72025,212.72539,205.20039,0,0,0,0,1
72.74049,212.72539,205.20039,0,0,0,0,1
72.76024,212.72539,205.20039,1,1,0,0,1
72.78040,212.38701,205.15820,1,1,0,0,1
72.80023,212.05240,205.09251,1,1,0,0,1
72.82035,211.72318,205.00365,1,1,0,0,1
72.84041,211.40096,204.89203,1,1,0,0,1
72.86050,211.08731,204.75822,1,0,0,0,1
72.88022,210.49178,204.42671,0,0,0,0,1
72.90046,210.19980,204.25056,0,0,0,0,1
72.92015,210.19980,204.25056,0,0,0,0,1
72.94025,210.19980,204.25056,0,0,0,0,1
72.96039,210.19980,204.25056,0,0,0,0,1
72.98017,210.19980,204.25056,0,0,0,0,1
73.00038,210.19980,204.25056,0,0,0,0,1
73.02006,210.19980,204.25056,0,0,0,0,1
73.04040,210.19980,204.25056,0,0,0,0,1
73.06034,210.19980,204.25056,0,0,0,0,1
73.08018,210.19980,204.25056,0,0,0,0,1
73.10048,210.19980,204.25056,0,0,0,0,1
73.12032,210.19980,204.25056,0,0,0,0,1
73.14024,210.19980,204.25056,0,0,0,0,1
73.16038,210.19980,204.25056,0,0,0,0,1
73.18017,210.19980,204.25056,0,0,0,0,1
73.20019,210.19980,204.25056,0,0,0,0,1
73.22009,210.19980,204.25056,0,0,0,0,1
73.24041,210.19980,204.25056,0,0,0,0,1
73.26013,210.19980,204.25056,0,0,0,0,1
73.28045,210.19980,204.25056,0,0,0,0,1
73.30013,210.19980,204.25056,0,0,0,0,1
73.32029,210.19980,204.25056,0,0,0,0,1
73.34039,210.19980,204.25056,0,0,0,0,1
73.36014,210.19980,204.25056,0,0,0,0,1
73.38033,210.19980,204.25056,0,0,0,0,1
73.40038,210.19980,204.25056,0,0,0,0,1
73.42035,210.19980,204.25056,0,0,0,0,1
73.44050,210.19980,204.25056,0,0,0,0,1
73.46012,210.19980,204.25056,0,0,0,0,1
73.48021,210.19980,204.25056,0,0,0,0,1
73.50043,210.19980,204.25056,0,0,0,0,1
73.52049,210.19980,204.25056,0,0,0,0,1
73.54018,210.19980,204.25056,0,0,0,0,1
73.56009,210.19980,204.25056,0,0,0,0,1
73.58052,210.19980,204.25056,0,0,0,0,1
73.60016,210.19980,204.25056,0,0,0,0,1
73.62043,210.19980,204.25056,0,0,0,0,1
73.64014,210.19980,204.25056,1,0,0,0,1
73.66041,209.90782,204.07442,1,0,0,0,1
73.68009,209.61584,203.89827,1,0,0,0,1
73.70017,209.03189,203.54597,1,0,0,0,1
73.72010,208.73991,203.36983,1,0,0,0,1
73.74010,208.44794,203.19368,1,0,0,0,1
73.76011,208.15596,203.01753,1,0,0,0,1
73.78012,207.57201,202.66524,0,0,0,0,1
73.80045,207.57201,202.66524,0,0,0,0,1
73.82017,207.57201,202.66524,0,0,0,0,1
73.84043,207.57201,202.66524,0,0,0,0,1
73.86017,207.57201,202.66524,0,0,0,0,1
73.88020,207.57201,202.66524,0,0,0,0,1
73.90036,207.57201,202.66524,0,0,0,0,1
73.92010,207.57201,202.66524,0,0,0,0,1
73.94031,207.57201,202.66524,0,0,0,0,1
73.96047,207.57201,202.66524,0,0,0,0,1
73.98056,207.57201,202.66524,0,0,0,0,1
74.00034,207.57201,202.66524,0,0,0,0,1
74.02023,207.57201,202.66524,0,0,0,0,1
74.04010,207.57201,202.66524,0,0,0,0,1
74.06023,207.57201,202.66524,0,0,0,0,1
74.08053,207.57201,202.66524,0,0,0,0,1
74.10021,207.57201,202.66524,0,0,0,0,1
74.12034,207.57201,202.66524,0,0,0,0,1
74.14010,207.57201,202.66524,0,0,0,0,1
74.16031,207.57201,202.66524,0,0,0,0,1
74.18014,207.57201,202.66524,0,0,0,0,1
74.20041,207.57201,202.66524,0,0,0,0,1
74.22030,207.57201,202.66524,0,0,0,0,1
74.24032,207.57201,202.66524,0,0,0,0,1
74.26039,207.57201,202.66524,0,0,0,0,1
74.28006,207.57201,202.66524,0,0,0,0,1
74.30026,207.57201,202.66524,0,0,0,0,1
74.32025,207.57201,202.66524,0,0,0,0,1
74.34025,207.57201,202.66524,0,0,0,0,1
74.36051,207.57201,202.66524,0,0,0,0,1
74.38011,207.57201,202.66524,0,0,0,0,1
74.40030,207.57201,202.66524,0,0,0,0,1
74.42038,207.57201,202.66524,0,0,0,0,1
74.44005,207.57201,202.66524,0,0,0,0,1
74.46053,207.57201,202.66524,0,0,0,0,1
74.48023,207.57201,202.66524,0,0,0,0,1
74.50030,207.57201,202.66524,0,0,0,0,1
74.52006,207.57201,202.66524,1,0,0,0,1
74.54031,207.28003,202.48909,1,0,1,0,1
74.56054,206.98805,202.31294,1,0,1,0,1
74.58019,206.39250,201.98146,1,0,1,0,1
74.60035,206.07883,201.84772,1,0,1,0,1
74.62053,205.75658,201.73621,1,0,1,0,1
74.64019,205.42732,201.64746,0,0,0,0,1
74.66045,205.09268,201.58192,0,0,0,0,1
74.68043,205.09268,201.58192,0,0,0,0,1
74.70055,205.09268,201.58192,0,0,0,0,1
74.72050,205.09268,201.58192,0,0,0,0,1
74.74015,205.09268,201.58192,0,0,0,0,1
74.76031,205.09268,201.58192,0,0,0,0,1
74.78040,205.09268,201.58192,0,0,0,0,1
74.80025,205.09268,201.58192,0,0,0,0,1
74.82042,205.09268,201.58192,0,0,0,0,1
74.84048,205.09268,201.58192,0,0,0,0,1
74.86017,205.09268,201.58192,0,0,0,0,1
74.88042,205.09268,201.58192,0,0,0,0,1
74.90048,205.09268,201.58192,0,0,0,0,1
74.92011,205.09268,201.58192,0,0,0,0,1
74.94044,205.09268,201.58192,0,0,0,0,1
74.96044,205.09268,201.58192,0,0,0,0,1
74.98038,205.09268,201.58192,0,0,0,0,1
75.00034,205.09268,201.58192,0,0,0,0,1
75.02067,205.09268,201.58192,0,0,0,0,1
75.04022,205.09268,201.58192,0,0,0,0,1
75.06043,205.09268,201.58192,0,0,0,0,1
75.08039,205.09268,201.58192,0,0,0,0,1
75.10048,205.09268,201.58192,0,0,0,0,1
75.12018,205.09268,201.58192,0,0,0,0,1
75.14045,205.09268,201.58192,0,0,0,0,1
75.16007,205.09268,201.58192,0,0,0,0,1
75.18008,205.09268,201.58192,0,0,0,0,1
75.20034,205.09268,201.58192,0,0,0,0,1
75.22046,205.09268,201.58192,0,0,0,0,1
75.24025,205.09268,201.58192,0,0,0,0,1
75.26018,205.09268,201.58192,0,0,0,0,1
75.28013,205.09268,201.58192,0,0,0,0,1
75.30021,205.09268,201.58192,0,1,0,0,1
75.32046,205.09268,201.58192,1,1,0,0,1
75.34006,204.75804,201.51639,1,1,0,0,1
75.36046,204.42879,201.42767,1,1,0,0,1
75.38014,204.10652,201.31622,1,1,0,0,1
75.40026,203.48917,201.02734,1,1,0,0,1
75.42049,203.19710,200.85133,1,1,0,0,1
75.44015,202.91801,200.65538,1,0,0,0,1
75.46034,202.65327,200.44044,0,0,0,0,1
75.48032,202.40417,200.20757,0,0,0,0,1
75.50051,202.40417,200.20757,0,0,0,0,1
75.52031,202.40417,200.20757,0,0,0,0,1
75.54047,202.40417,200.20757,0,0,0,0,1
75.56007,202.40417,200.20757,0,0,0,0,1
75.58045,202.40417,200.20757,0,0,0,0,1
75.60010,202.40417,200.20757,0,0,0,0,1
75.62006,202.40417,200.20757,0,0,0,0,1
75.64013,202.40417,200.20757,0,0,0,0,1
75.66021,202.40417,200.20757,0,0,0,0,1
75.68048,202.40417,200.20757,0,0,0,0,1
75.70012,202.40417,200.20757,0,0,0,0,1
75.72056,202.40417,200.20757,0,0,0,0,1
75.74030,202.40417,200.20757,0,0,0,0,1
75.76005,202.40417,200.20757,0,0,0,0,1
75.78035,202.40417,200.20757,0,0,0,0,1
75.80052,202.40417,200.20757,0,0,0,0,1
75.82024,202.40417,200.20757,0,0,0,0,1
75.84049,202.40417,200.20757,0,0,0,0,1
75.86025,202.40417,200.20757,0,0,0,0,1
75.88027,202.40417,200.20757,0,0,0,0,1
75.90033,202.40417,200.20757,0,0,0,0,1
75.92034,202.40417,200.20757,0,0,0,0,1
75.94033,202.40417,200.20757,0,0,0,0,1
75.96038,202.40417,200.20757,0,0,0,0,1
75.98047,202.40417,200.20757,0,0,0,0,1
76.00054,202.40417,200.20757,0,0,0,0,1
76.02016,202.40417,200.20757,0,0,0,0,1
76.04029,202.40417,200.20757,0,0,0,0,1
76.06043,202.40417,200.20757,0,0,0,0,1
76.08011,202.40417,200.20757,0,0,0,0,1
76.10018,202.40417,200.20757,0,0,0,0,1
76.12031,202.40417,200.20757,0,0,0,0,1
76.14038,202.40417,200.20757,0,0,0,0,1
76.16052,202.40417,200.20757,0,0,0,0,1
76.18038,202.40417,200.20757,0,0,0,0,1
76.20008,202.40417,200.20757,0,0,0,0,1
76.22024,202.40417,200.20757,0,0,0,0,1
76.24008,202.40417,200.20757,0,0,0,0,1
76.26038,202.40417,200.20757,0,0,0,0,1
76.28023,202.40417,200.20757,0,0,0,0,1
76.30043,202.40417,200.20757,0,0,0,0,1
76.32017,202.40417,200.20757,0,0,0,0,1
76.34039,202.40417,200.20757,1,0,0,0,1
76.36005,202.40417,200.20757,1,0,0,0,1
76.38031,202.15508,199.97469,1,0,0,0,1
76.40026,201.65688,199.50893,1,0,0,0,1
76.42043,201.15868,199.04317,1,0,0,0,1
76.44005,200.90958,198.81029,1,0,0,0,1
76.46025,200.66048,198.57741,1,0,0,0,1
76.48052,200.41138,198.34453,1,0,0,0,1
76.50025,199.91318,197.87877,0,0,0,0,1
76.52044,199.91318,197.87877,0,0,0,0,1
76.54012,199.91318,197.87877,0,0,0,0,1
76.56035,199.91318,197.87877,0,0,0,0,1
76.58038,199.91318,197.87877,0,0,0,0,1
76.60053,199.91318,197.87877,0,0,0,0,1
76.62068,199.91318,197.87877,0,0,0,0,1
76.64039,199.91318,197.87877,0,0,0,0,1
76.66009,199.91318,197.87877,0,0,0,0,1
76.68032,199.91318,197.87877,0,0,0,0,1
76.70052,199.91318,197.87877,0,0,0,0,1
76.72049,199.91318,197.87877,0,0,0,0,1
76.74011,199.91318,197.87877,0,0,0,0,1
76.76025,199.91318,197.87877,0,0,0,0,1
76.78033,199.91318,197.87877,0,0,0,0,1
76.80049,199.91318,197.87877,0,0,0,0,1
76.82012,199.91318,197.87877,0,0,0,0,1
76.84034,199.91318,197.87877,0,0,0,0,1
76.86052,199.91318,197.87877,0,0,0,0,1
76.88021,199.91318,197.87877,0,0,0,0,1
76.90025,199.91318,197.87877,0,0,0,0,1
76.92050,199.91318,197.87877,0,0,0,0,1
76.94010,199.91318,197.87877,0,0,0,0,1
76.96028,199.91318,197.87877,0,0,0,0,1
76.98043,199.91318,197.87877,0,0,0,0,1
77.00010,199.91318,197.87877,0,0,0,0,1
77.02008,199.91318,197.87877,0,0,0,0,1
77.04061,199.91318,197.87877,0,0,0,0,1
77.06008,199.91318,197.87877,0,0,0,0,1
77.08025,199.91318,197.87877,0,0,0,0,1
77.10046,199.91318,197.87877,0,0,0,0,1
77.12015,199.91318,197.87877,0,0,0,0,1
77.14011,199.91318,197.87877,0,0,0,0,1
77.16033,199.91318,197.87877,0,0,0,0,1
77.18052,199.91318,197.87877,0,0,0,0,1
77.20012,199.91318,197.87877,0,0,0,0,1
77.22017,199.91318,197.87877,0,0,0,0,1
77.24055,199.91318,197.87877,0,0,0,0,1
77.26043,199.91318,197.87877,1,0,0,0,1
77.28022,199.91318,197.87877,1,0,0,0,1
77.30025,199.41498,197.41301,1,0,1,0,1
77.32041,199.16588,197.18013,1,0,1,0,1
77.34026,198.90112,196.96523,1,0,1,0,1
77.36043,198.62201,196.76933,1,0,1,0,1
77.38037,198.32990,196.59341,1,0,1,0,1
77.40033,197.71243,196.30481,0,0,0,0,1
77.42012,197.71243,196.30481,0,0,0,0,1
77.44025,197.71243,196.30481,0,0,0,0,1
77.46005,197.71243,196.30481,0,0,0,0,1
77.48031,197.71243,196.30481,0,0,0,0,1
77.50041,197.71243,196.30481,0,0,0,0,1
77.52008,197.71243,196.30481,0,0,0,0,1
77.54049,197.71243,196.30481,0,0,0,0,1
77.56019,197.71243,196.30481,0,0,0,0,1
77.58051,197.71243,196.30481,0,0,0,0,1
77.60027,197.71243,196.30481,0,0,0,0,1
77.62012,197.71243,196.30481,0,0,0,0,1
77.64009,197.71243,196.30481,0,0,0,0,1
77.66006,197.71243,196.30481,0,0,0,0,1
77.68037,197.71243,196.30481,0,0,0,0,1
77.70053,197.71243,196.30481,0,0,0,0,1
77.72060,197.71243,196.30481,0,0,0,0,1
77.74022,197.71243,196.30481,0,0,0,0,1
77.76034,197.71243,196.30481,0,0,0,0,1
77.78012,197.71243,196.30481,0,0,0,0,1
77.80069,197.71243,196.30481,0,0,0,0,1
77.82016,197.71243,196.30481,0,0,0,0,1
77.84012,197.71243,196.30481,0,0,0,0,1
77.86026,197.71243,196.30481,0,0,0,0,1
77.88050,197.71243,196.30481,0,0,0,0,1
77.90054,197.71243,196.30481,0,0,0,0,1
77.92026,197.71243,196.30481,0,0,0,0,1
77.94040,197.71243,196.30481,0,0,0,0,1
77.96015,197.71243,196.30481,0,0,0,0,1
77.98041,197.71243,196.30481,0,0,0,0,1
78.00049,197.71243,196.30481,0,0,0,0,1
78.02070,197.71243,196.30481,0,0,0,0,1
78.04004,197.71243,196.30481,0,0,0,0,1
78.06032,197.71243,196.30481,0,0,0,0,1
78.08046,197.71243,196.30481,0,0,0,0,1
78.10008,197.71243,196.30481,0,0,0,0,1
78.12012,197.71243,196.30481,0,0,0,0,1
78.14029,197.71243,196.30481,0,0,0,0,1
78.16024,197.71243,196.30481,0,1,0,0,1
78.18039,197.71243,196.30481,1,1,0,0,1
78.20006,197.07629,196.06006,1,1,0,0,1
78.22040,196.77258,195.90501,1,1,0,0,1
78.24042,196.48042,195.72917,1,1,0,0,1
78.26025,196.20123,195.53339,1,1,0,0,1
78.28020,195.93637,195.31860,1,1,0,0,1
78.30042,195.45474,194.83633,1,0,0,0,1
78.32015,195.24031,194.57118,0,0,0,0,1
78.34054,195.24031,194.57118,0,0,0,0,1
78.36005,195.24031,194.57118,0,0,0,0,1
78.38016,195.24031,194.57118,0,0,0,0,1
78.40013,195.24031,194.57118,0,0,0,0,1
78.42033,195.24031,194.57118,0,0,0,0,1
78.44018,195.24031,194.57118,0,0,0,0,1
78.46036,195.24031,194.57118,0,0,0,0,1
78.48010,195.24031,194.57118,0,0,0,0,1
78.50027,195.24031,194.57118,0,0,0,0,1
78.52007,195.24031,194.57118,0,0,0,0,1
78.54046,195.24031,194.57118,0,0,0,0,1
78.56045,195.24031,194.57118,0,0,0,0,1
78.58012,195.24031,194.57118,0,0,0,0,1
78.60032,195.24031,194.57118,0,0,0,0,1
78.62004,195.24031,194.57118,0,0,0,0,1
78.64047,195.24031,194.57118,0,0,0,0,1
78.66019,195.24031,194.57118,0,0,0,0,1
78.68033,195.24031,194.57118,0,0,0,0,1
78.70039,195.24031,194.57118,0,0,0,0,1
78.72010,195.24031,194.57118,0,0,0,0,1
78.74044,195.24031,194.57118,0,0,0,0,1
78.76012,195.24031,194.57118,0,0,0,0,1
78.78030,195.24031,194.57118,0,0,0,0,1
78.80046,195.24031,194.57118,0,0,0,0,1
78.82014,195.24031,194.57118,0,0,0,0,1
78.84032,195.24031,194.57118,0,0,0,0,1
78.86013,195.24031,194.57118,0,0,0,0,1
78.88041,195.24031,194.57118,0,0,0,0,1
78.90009,195.24031,194.57118,0,0,0,0,1
78.92006,195.24031,194.57118,0,0,0,0,1
78.94034,195.24031,194.57118,0,0,0,0,1
78.96051,195.24031,194.57118,0,0,0,0,1
78.98017,195.24031,194.57118,0,0,0,0,1
79.00008,195.24031,194.57118,0,0,0,0,1
79.02053,195.24031,194.57118,0,0,0,0,1
79.04049,195.24031,194.57118,0,0,0,0,1
79.06044,195.24031,194.57118,0,0,0,0,1
79.08050,195.24031,194.57118,1,0,0,0,1
79.10024,195.02588,194.30603,1,0,0,0,1
79.12048,194.81145,194.04088,1,0,0,0,1
79.14013,194.38258,193.51057,1,0,0,0,1
79.16019,194.16815,193.24542,1,0,0,0,1
79.18035,193.95372,192.98027,1,0,0,0,1
79.20037,193.52486,192.44997,1,0,0,0,1
79.22019,193.31042,192.18481,0,0,0,0,1
79.24053,193.31042,192.18481,0,0,0,0,1
79.26050,193.31042,192.18481,0,0,0,0,1
79.28005,193.31042,192.18481,0,0,0,0,1
79.30029,193.31042,192.18481,0,0,0,0,1
79.32043,193.31042,192.18481,0,0,0,0,1
79.34004,193.31042,192.18481,0,0,0,0,1
79.36036,193.31042,192.18481,0,0,0,0,1
79.38027,193.31042,192.18481,0,0,0,0,1
79.40010,193.31042,192.18481,0,0,0,0,1
79.42033,193.31042,192.18481,0,0,0,0,1
79.44011,193.31042,192.18481,0,0,0,0,1
79.46045,193.31042,192.18481,0,0,0,0,1
79.48026,193.31042,192.18481,0,0,0,0,1
79.50049,193.31042,192.18481,0,0,0,0,1
79.52013,193.31042,192.18481,0,0,0,0,1
79.54044,193.31042,192.18481,0,0,0,0,1
79.56010,193.31042,192.18481,0,0,0,0,1
79.58040,193.31042,192.18481,0,0,0,0,1
79.60038,193.31042,192.18481,0,0,0,0,1
79.62010,193.31042,192.18481,0,0,0,0,1
79.64027,193.31042,192.18481,0,0,0,0,1
79.66044,193.31042,192.18481,0,0,0,0,1
79.68018,193.31042,192.18481,0,0,0,0,1
79.70015,193.31042,192.18481,0,0,0,0,1
79.72030,193.31042,192.18481,0,0,0,0,1
79.74006,193.31042,192.18481,0,0,0,0,1
79.76026,193.31042,192.18481,0,0,0,0,1
79.78035,193.31042,192.18481,0,0,0,0,1
79.80024,193.31042,192.18481,0,0,0,0,1
79.82024,193.31042,192.18481,0,0,0,0,1
79.84030,193.31042,192.18481,0,0,0,0,1
79.86010,193.31042,192.18481,0,0,0,0,1
79.88036,193.31042,192.18481,0,0,0,0,1
79.90054,193.31042,192.18481,0,0,0,0,1
79.92012,193.31042,192.18481,0,0,0,0,1
79.94031,193.31042,192.18481,0,0,0,0,1
79.96056,193.31042,192.18481,0,0,0,0,1
79.98013,193.31042,192.18481,1,0,0,0,1
80.00050,193.31042,192.18481,1,0,0,0,1
80.02010,192.88156,191.65451,1,0,1,0,1
80.04020,192.66713,191.38936,1,0,1,0,1
80.06045,192.43471,191.13983,1,0,1,0,1
80.08030,192.18542,190.90715,1,0,1,0,1
80.10007,191.92050,190.69244,1,0,1,0,1
80.12028,191.34898,190.32106,0,0,0,0,1
80.14048,191.34898,190.32106,0,0,0,0,1
80.16024,191.34898,190.32106,0,0,0,0,1
80.18044,191.34898,190.32106,0,0,0,0,1
80.20016,191.34898,190.32106,0,0,0,0,1
80.22020,191.34898,190.32106,0,0,0,0,1
80.24024,191.34898,190.32106,0,0,0,0,1
80.26037,191.34898,190.32106,0,0,0,0,1
80.28050,191.34898,190.32106,0,0,0,0,1
80.30049,191.34898,190.32106,0,0,0,0,1
80.32051,191.34898,190.32106,0,0,0,0,1
80.34053,191.34898,190.32106,0,0,0,0,1
80.36043,191.34898,190.32106,0,0,0,0,1
80.38034,191.34898,190.32106,0,0,0,0,1
80.40019,191.34898,190.32106,0,0,0,0,1
80.42040,191.34898,190.32106,0,0,0,0,1
80.44020,191.34898,190.32106,0,0,0,0,1
80.46039,191.34898,190.32106,0,0,0,0,1
80.48046,191.34898,190.32106,0,0,0,0,1
80.50030,191.34898,190.32106,0,0,0,0,1
80.52049,191.34898,190.32106,0,0,0,0,1
80.54008,191.34898,190.32106,0,0,0,0,1
80.56019,191.34898,190.32106,0,0,0,0,1
80.58038,191.34898,190.32106,0,0,0,0,1
80.60009,191.34898,190.32106,0,0,0,0,1
80.62031,191.34898,190.32106,0,0,0,0,1
80.64015,191.34898,190.32106,0,0,0,0,1
80.66027,191.34898,190.32106,0,0,0,0,1
80.68051,191.34898,190.32106,0,0,0,0,1
80.70020,191.34898,190.32106,0,0,0,0,1
80.72038,191.34898,190.32106,0,0,0,0,1
80.74007,191.34898,190.32106,0,0,0,0,1
80.76006,191.34898,190.32106,0,0,0,0,1
80.78028,191.34898,190.32106,0,0,0,0,1
80.80011,191.34898,190.32106,0,0,0,0,1
80.82028,191.34898,190.32106,0,0,0,0,1
80.84054,191.34898,190.32106,0,0,0,0,1
80.86024,191.34898,190.32106,0,0,0,0,1
80.88026,191.34898,190.32106,1,1,0,0,1
80.90042,191.34898,190.32106,1,1,0,0,1
80.92004,191.34898,190.32106,1,1,0,0,1
80.94023,190.51244,189.73512,1,1,0,0,1
80.96046,190.26306,189.50253,1,1,0,0,1
80.98013,189.81593,188.98811,1,1,0,0,1
81.00037,189.62036,188.70877,1,1,0,0,1
81.02045,189.44475,188.41647,0,0,0,0,1
81.04007,189.28995,188.11264,0,0,0,0,1
81.06035,189.28995,188.11264,0,0,0,0,1
81.08023,189.28995,188.11264,0,0,0,0,1
81.10039,189.28995,188.11264,0,0,0,0,1
81.12064,189.28995,188.11264,0,0,0,0,1
81.14020,189.28995,188.11264,0,0,0,0,1
81.16047,189.28995,188.11264,0,0,0,0,1
81.18031,189.28995,188.11264,0,0,0,0,1
81.20010,189.28995,188.11264,0,0,0,0,1
81.22032,189.28995,188.11264,0,0,0,0,1
81.24051,189.28995,188.11264,0,0,0,0,1
81.26020,189.28995,188.11264,0,0,0,0,1
81.28040,189.28995,188.11264,0,0,0,0,1
81.30019,189.28995,188.11264,0,0,0,0,1
81.32023,189.28995,188.11264,0,0,0,0,1
81.34023,189.28995,188.11264,0,0,0,0,1
81.36010,189.28995,188.11264,0,0,0,0,1
81.38025,189.28995,188.11264,0,0,0,0,1
81.40044,189.28995,188.11264,0,0,0,0,1
81.42036,189.28995,188.11264,0,0,0,0,1
81.44040,189.28995,188.11264,0,0,0,0,1
81.46012,189.28995,188.11264,0,0,0,0,1
81.48033,189.28995,188.11264,0,0,0,0,1
81.50048,189.28995,188.11264,0,0,0,0,1
81.52032,189.28995,188.11264,0,0,0,0,1
81.54018,189.28995,188.11264,0,0,0,0,1
81.56029,189.28995,188.11264,0,0,0,0,1
81.58053,189.28995,188.11264,0,0,0,0,1
81.60025,189.28995,188.11264,0,0,0,0,1
81.62049,189.28995,188.11264,0,0,0,0,1
81.64008,189.28995,188.11264,0,0,0,0,1
81.66031,189.28995,188.11264,0,0,0,0,1
81.68027,189.28995,188.11264,0,0,0,0,1
81.70012,189.28995,188.11264,0,0,0,0,1
81.72008,189.28995,188.11264,1,0,0,0,1
81.74036,189.15671,187.79875,1,0,0,0,1
81.76052,189.02347,187.48486,1,0,0,0,1
81.78025,188.89023,187.17097,1,0,0,0,1
81.80050,188.75699,186.85709,1,0,0,0,1
81.82012,188.49051,186.22931,1,0,0,0,1
81.84025,188.35727,185.91542,0,0,0,0,1
81.86037,188.22403,185.60153,0,0,0,0,1
81.88050,188.22403,185.60153,0,0,0,0,1
81.90020,188.22403,185.60153,0,0,0,0,1
81.92063,188.22403,185.60153,0,0,0,0,1
81.94032,188.22403,185.60153,0,0,0,0,1
81.96033,188.22403,185.60153,0,0,0,0,1
81.98007,188.22403,185.60153,0,0,0,0,1
82.00033,188.22403,185.60153,0,0,0,0,1
82.02059,188.22403,185.60153,0,0,0,0,1
82.04018,188.22403,185.60153,0,0,0,0,1
82.06016,188.22403,185.60153,0,0,0,0,1
82.08043,188.22403,185.60153,0,0,0,0,1
82.10008,188.22403,185.60153,0,0,0,0,1
82.12025,188.22403,185.60153,0,0,0,0,1
82.14044,188.22403,185.60153,0,0,0,0,1
82.16044,188.22403,185.60153,0,0,0,0,1
82.18007,188.22403,185.60153,0,0,0,0,1
82.20028,188.22403,185.60153,0,0,0,0,1
82.22040,188.22403,185.60153,0,0,0,0,1
82.24046,188.22403,185.60153,0,0,0,0,1
82.26013,188.22403,185.60153,0,0,0,0,1
82.28009,188.22403,185.60153,0,0,0,0,1
82.30011,188.22403,185.60153,0,0,0,0,1
82.32044,188.22403,185.60153,0,0,0,0,1
82.34008,188.22403,185.60153,0,0,0,0,1
82.36044,188.22403,185.60153,0,0,0,0,1
82.38044,188.22403,185.60153,0,0,0,0,1
82.40044,188.22403,185.60153,0,0,0,0,1
82.42046,188.22403,185.60153,0,0,0,0,1
82.44016,188.22403,185.60153,0,0,0,0,1
82.46015,188.22403,185.60153,0,0,0,0,1
82.48025,188.22403,185.60153,0,0,0,0,1
82.50052,188.22403,185.60153,0,0,0,0,1
82.52012,188.22403,185.60153,1,0,1,0,1
82.54024,188.09079,185.28764,1,0,1,0,1
82.56037,187.93596,184.98383,1,0,1,0,1
82.58006,187.76028,184.69156,1,0,1,0,1
82.60025,187.56464,184.41228,1,0,1,0,1
82.62017,187.11729,183.89804,1,0,1,0,1
82.64033,186.86780,183.66560,1,0,1,0,1
82.66055,186.60268,183.45116,0,0,0,0,1
82.68026,186.60268,183.45116,0,0,0,0,1
82.70003,186.60268,183.45116,0,0,0,0,1
82.72026,186.60268,183.45116,0,0,0,0,1
82.74047,186.60268,183.45116,0,0,0,0,1
82.76015,186.60268,183.45116,0,0,0,0,1
82.78042,186.60268,183.45116,0,0,0,0,1
82.80047,186.60268,183.45116,0,0,0,0,1
82.82026,186.60268,183.45116,0,0,0,0,1
82.84057,186.60268,183.45116,0,0,0,0,1
82.86042,186.60268,183.45116,0,0,0,0,1
82.88008,186.60268,183.45116,0,0,0,0,1
82.90047,186.60268,183.45116,0,0,0,0,1
82.92036,186.60268,183.45116,0,0,0,0,1
82.94049,186.60268,183.45116,0,0,0,0,1
82.96014,186.60268,183.45116,0,0,0,0,1
82.98043,186.60268,183.45116,0,0,0,0,1
83.00028,186.60268,183.45116,0,0,0,0,1
83.02037,186.60268,183.45116,0,0,0,0,1
83.04010,186.60268,183.45116,0,0,0,0,1
83.06032,186.60268,183.45116,0,0,0,0,1
83.08049,186.60268,183.45116,0,0,0,0,1
83.10029,186.60268,183.45116,0,0,0,0,1
83.12053,186.60268,183.45116,0,0,0,0,1
83.14020,186.60268,183.45116,0,0,0,0,1
83.16051,186.60268,183.45116,0,0,0,0,1
83.18019,186.60268,183.45116,0,0,0,0,1
83.20048,186.60268,183.45116,0,0,0,0,1
83.22012,186.60268,183.45116,0,0,0,0,1
83.24050,186.60268,183.45116,0,0,0,0,1
83.26023,186.60268,183.45116,0,0,0,0,1
83.28035,186.60268,183.45116,0,0,0,0,1
83.30047,186.60268,183.45116,0,0,0,0,1
83.32024,186.60268,183.45116,0,0,0,0,1
83.34042,186.60268,183.45116,1,1,0,0,1
83.36012,186.60268,183.45116,1,1,0,0,1
83.38042,186.33752,183.23672,1,1,0,0,1
83.40012,186.08798,183.00433,1,1,0,0,1
83.42053,185.64047,182.49023,1,1,0,0,1
83.44047,185.44469,182.21104,1,1,0,0,1
83.46015,185.11380,181.61517,1,1,0,0,1
83.48010,184.98032,181.30138,0,0,0,0,1
83.50042,184.98032,181.30138,0,0,0,0,1
83.52045,184.98032,181.30138,0,0,0,0,1
83.54009,184.98032,181.30138,0,0,0,0,1
83.56029,184.98032,181.30138,0,0,0,0,1
83.58050,184.98032,181.30138,0,0,0,0,1
83.60008,184.98032,181.30138,0,0,0,0,1
83.62021,184.98032,181.30138,0,0,0,0,1
83.64045,184.98032,181.30138,0,0,0,0,1
83.66045,184.98032,181.30138,0,0,0,0,1
83.68055,184.98032,181.30138,0,0,0,0,1
83.70034,184.98032,181.30138,0,0,0,0,1
83.72029,184.98032,181.30138,0,0,0,0,1
83.74026,184.98032,181.30138,0,0,0,0,1
83.76011,184.98032,181.30138,0,0,0,0,1
83.78023,184.98032,181.30138,0,0,0,0,1
83.80039,184.98032,181.30138,0,0,0,0,1
83.82015,184.98032,181.30138,0,0,0,0,1
83.84032,184.98032,181.30138,0,0,0,0,1
83.86009,184.98032,181.30138,0,0,0,0,1
83.88033,184.98032,181.30138,0,0,0,0,1
83.90052,184.98032,181.30138,0,0,0,0,1
83.92047,184.98032,181.30138,0,0,0,0,1
83.94021,184.98032,181.30138,0,0,0,0,1
83.96031,184.98032,181.30138,0,0,0,0,1
83.98048,184.98032,181.30138,0,0,0,0,1
84.00023,184.98032,181.30138,0,0,0,0,1
84.02029,184.98032,181.30138,0,0,0,0,1
84.04048,184.98032,181.30138,0,0,0,0,1
84.06019,184.98032,181.30138,0,0,0,0,1
84.08040,184.98032,181.30138,0,0,0,0,1
84.10047,184.98032,181.30138,0,0,0,0,1
84.12037,184.98032,181.30138,0,0,0,0,1
84.14061,184.98032,181.30138,0,0,0,0,1
84.16042,184.98032,181.30138,0,0,0,0,1
84.18051,184.98032,181.30138,0,0,0,0,1
84.20039,184.98032,181.30138,1,0,0,0,1
84.22046,184.98032,181.30138,1,0,0,0,1
84.24013,184.75778,180.65669,1,0,0,0,1
84.26035,184.53525,180.01201,1,0,0,0,1
84.28007,184.42398,179.68967,1,0,0,0,1
84.30025,184.31271,179.36732,1,0,0,0,1
84.32012,184.20145,179.04498,1,0,0,0,1
84.34032,183.97891,178.40030,0,0,0,0,1
84.36008,183.97891,178.40030,0,0,0,0,1
84.38041,183.97891,178.40030,0,0,0,0,1
84.40019,183.97891,178.40030,0,0,0,0,1
84.42041,183.97891,178.40030,0,0,0,0,1
84.44030,183.97891,178.40030,0,0,0,0,1
84.46046,183.97891,178.40030,0,0,0,0,1
84.48029,183.97891,178.40030,0,0,0,0,1
84.50036,183.97891,178.40030,0,0,0,0,1
84.52025,183.97891,178.40030,0,0,0,0,1
84.54037,183.97891,178.40030,0,0,0,0,1
84.56037,183.97891,178.40030,0,0,0,0,1
84.58047,183.97891,178.40030,0,0,0,0,1
84.60051,183.97891,178.40030,0,0,0,0,1
84.62051,183.97891,178.40030,0,0,0,0,1
84.64007,183.97891,178.40030,0,0,0,0,1
84.66037,183.97891,178.40030,0,0,0,0,1
84.68040,183.97891,178.40030,0,0,0,0,1
84.70048,183.97891,178.40030,0,0,0,0,1
84.72041,183.97891,178.40030,0,0,0,0,1
84.74011,183.97891,178.40030,0,0,0,0,1
84.76035,183.97891,178.40030,0,0,0,0,1
84.78049,183.97891,178.40030,0,0,0,0,1
84.80040,183.97891,178.40030,0,0,0,0,1
84.82033,183.97891,178.40030,0,0,0,0,1
84.84035,183.97891,178.40030,0,0,0,0,1
84.86017,183.97891,178.40030,0,0,0,0,1
84.88037,183.97891,178.40030,0,0,0,0,1
84.90040,183.97891,178.40030,0,0,0,0,1
84.92012,183.97891,178.40030,0,0,0,0,1
84.94034,183.97891,178.40030,0,0,0,0,1
84.96041,183.97891,178.40030,0,0,0,0,1
84.98004,183.97891,178.40030,0,0,0,0,1
85.00044,183.97891,178.40030,0,0,0,0,1
85.02028,183.97891,178.40030,0,0,0,0,1
85.04021,183.97891,178.40030,0,0,0,0,1
85.06029,183.97891,178.40030,0,0,0,0,1
85.08042,183.97891,178.40030,0,0,0,0,1
85.10020,183.97891,178.40030,1,0,1,0,1
85.12051,183.86765,178.07796,1,0,1,0,1
85.14017,183.62286,177.44183,1,0,1,0,1
85.16041,183.46777,177.13815,1,0,1,0,1
85.18021,183.29185,176.84604,1,0,1,0,1
85.20036,183.09596,176.56693,1,0,1,0,1
85.22037,182.88106,176.30217,1,0,0,0,1
85.24048,182.39848,175.82085,0,0,0,0,1
85.26012,182.39848,175.82085,0,0,0,0,1
85.28029,182.39848,175.82085,0,0,0,0,1
85.30021,182.39848,175.82085,0,0,0,0,1
85.32039,182.39848,175.82085,0,0,0,0,1
85.34049,182.39848,175.82085,0,0,0,0,1
85.36034,182.39848,175.82085,0,0,0,0,1
85.38023,182.39848,175.82085,0,0,0,0,1
85.40018,182.39848,175.82085,0,0,0,0,1
85.42048,182.39848,175.82085,0,0,0,0,1
85.44031,182.39848,175.82085,0,0,0,0,1
85.46020,182.39848,175.82085,0,0,0,0,1
85.48045,182.39848,175.82085,0,0,0,0,1
85.50006,182.39848,175.82085,0,0,0,0,1
85.52034,182.39848,175.82085,0,0,0,0,1
85.54006,182.39848,175.82085,0,0,0,0,1
85.56028,182.39848,175.82085,0,0,0,0,1
85.58043,182.39848,175.82085,0,0,0,0,1
85.60028,182.39848,175.82085,0,0,0,0,1
85.62017,182.39848,175.82085,0,0,0,0,1
85.64049,182.39848,175.82085,0,0,0,0,1
85.66057,182.39848,175.82085,0,0,0,0,1
85.68041,182.39848,175.82085,0,0,0,0,1
85.70010,182.39848,175.82085,0,0,0,0,1
85.72020,182.39848,175.82085,0,0,0,0,1
85.74005,182.39848,175.82085,0,0,0,0,1
85.76037,182.39848,175.82085,0,0,0,0,1
85.78036,182.39848,175.82085,0,0,0,0,1
85.80042,182.39848,175.82085,0,0,0,0,1
85.82007,182.39848,175.82085,0,0,0,0,1
85.84027,182.39848,175.82085,0,0,0,0,1
85.86047,182.39848,175.82085,0,0,0,0,1
85.88016,182.39848,175.82085,0,0,0,0,1
85.90036,182.39848,175.82085,0,0,0,0,1
85.92009,182.39848,175.82085,0,0,0,0,1
85.94036,182.39848,175.82085,0,0,0,0,1
85.96020,182.39848,175.82085,0,0,0,0,1
85.98054,182.39848,175.82085,0,1,0,0,1
86.00010,182.39848,175.82085,1,1,0,0,1
86.02046,182.39848,175.82085,1,1,0,0,1
86.04031,181.95062,175.30705,1,1,0,0,1
86.06020,181.75465,175.02800,1,1,0,0,1
86.08048,181.57861,174.73595,1,1,0,0,1
86.10025,181.42337,174.43233,1,1,0,0,1
86.12014,181.28967,174.11862,0,1,0,0,1
86.14044,181.17819,173.79636,0,0,0,0,1
86.16011,181.17819,173.79636,0,0,0,0,1
86.18028,181.17819,173.79636,0,0,0,0,1
86.20038,181.17819,173.79636,0,0,0,0,1
86.22010,181.17819,173.79636,0,0,0,0,1
86.24005,181.17819,173.79636,0,0,0,0,1
86.26018,181.17819,173.79636,0,0,0,0,1
86.28035,181.17819,173.79636,0,0,0,0,1
86.30008,181.17819,173.79636,0,0,0,0,1
86.32045,181.17819,173.79636,0,0,0,0,1
86.34052,181.17819,173.79636,0,0,0,0,1
86.36040,181.17819,173.79636,0,0,0,0,1
86.38013,181.17819,173.79636,0,0,0,0,1
86.40004,181.17819,173.79636,0,0,0,0,1
86.42047,181.17819,173.79636,0,0,0,0,1
86.44049,181.17819,173.79636,0,0,0,0,1
86.46048,181.17819,173.79636,0,0,0,0,1
86.48051,181.17819,173.79636,0,0,0,0,1
86.50036,181.17819,173.79636,0,0,0,0,1
86.52053,181.17819,173.79636,0,0,0,0,1
86.54023,181.17819,173.79636,0,0,0,0,1
86.56052,181.17819,173.79636,0,0,0,0,1
86.58020,181.17819,173.79636,0,0,0,0,1
86.60038,181.17819,173.79636,0,0,0,0,1
86.62008,181.17819,173.79636,0,0,0,0,1
86.64022,181.17819,173.79636,0,0,0,0,1
86.66067,181.17819,173.79636,0,0,0,0,1
86.68042,181.17819,173.79636,0,0,0,0,1
86.70037,181.17819,173.79636,0,0,0,0,1
86.72039,181.17819,173.79636,0,0,0,0,1
86.74014,181.17819,173.79636,0,0,0,0,1
86.76041,181.17819,173.79636,0,0,0,0,1
86.78026,181.17819,173.79636,0,0,0,0,1
86.80008,181.17819,173.79636,0,0,0,0,1
86.82008,181.17819,173.79636,0,0,0,0,1
86.84039,181.17819,173.79636,1,0,0,0,1
86.86009,181.11263,173.46172,1,0,0,0,1
86.88029,181.04706,173.12708,1,0,0,0,1
86.90047,180.98149,172.79243,1,0,0,0,1
86.92035,180.91592,172.45779,1,0,0,0,1
86.94074,180.78479,171.78851,1,0,0,0,1
86.96048,180.71922,171.45387,1,0,0,0,1
86.98013,180.65366,171.11923,0,0,0,0,1
87.00032,180.65366,171.11923,0,0,0,0,1
87.02053,180.65366,171.11923,0,0,0,0,1
87.04024,180.65366,171.11923,0,0,0,0,1
87.06074,180.65366,171.11923,0,0,0,0,1
87.08029,180.65366,171.11923,0,0,0,0,1
87.10008,180.65366,171.11923,0,0,0,0,1
87.12031,180.65366,171.11923,0,0,0,0,1
87.14013,180.65366,171.11923,0,0,0,0,1
87.16021,180.65366,171.11923,0,0,0,0,1
87.18048,180.65366,171.11923,0,0,0,0,1
87.20024,180.65366,171.11923,0,0,0,0,1
87.22031,180.65366,171.11923,0,0,0,0,1
87.24049,180.65366,171.11923,0,0,0,0,1
87.26027,180.65366,171.11923,0,0,0,0,1
87.28050,180.65366,171.11923,0,0,0,0,1
87.30019,180.65366,171.11923,0,0,0,0,1
87.32017,180.65366,171.11923,0,0,0,0,1
87.34009,180.65366,171.11923,0,0,0,0,1
87.36037,180.65366,171.11923,0,0,0,0,1
87.38004,180.65366,171.11923,0,0,0,0,1
87.40028,180.65366,171.11923,0,0,0,0,1
87.42010,180.65366,171.11923,0,0,0,0,1
87.44030,180.65366,171.11923,0,0,0,0,1
87.46057,180.65366,171.11923,0,0,0,0,1
87.48024,180.65366,171.11923,0,0,0,0,1
87.50022,180.65366,171.11923,0,0,0,0,1
87.52043,180.65366,171.11923,0,0,0,0,1
87.54018,180.65366,171.11923,0,0,0,0,1
87.56043,180.65366,171.11923,0,0,0,0,1
87.58014,180.65366,171.11923,0,0,0,0,1
87.60043,180.65366,171.11923,0,0,0,0,1
87.62017,180.65366,171.11923,1,0,0,0,1
87.64037,180.58809,170.78459,1,0,0,0,1
87.66052,180.52252,170.44995,1,0,1,0,1
87.68025,180.45695,170.11531,1,0,1,0,1
87.70042,180.39139,169.78067,1,0,1,0,1
87.72011,180.30261,169.45143,1,0,1,0,1
87.74057,180.05730,168.81554,1,0,1,0,1
87.76074,179.90193,168.51198,1,0,1,0,1
87.78045,179.52962,167.94107,1,0,0,0,1
87.80012,179.31448,167.67650,0,0,0,0,1
87.82005,179.31448,167.67650,0,0,0,0,1
87.84004,179.31448,167.67650,0,0,0,0,1
87.86029,179.31448,167.67650,0,0,0,0,1
87.88051,179.31448,167.67650,0,0,0,0,1
87.90005,179.31448,167.67650,0,0,0,0,1
87.92025,179.31448,167.67650,0,0,0,0,1
87.94008,179.31448,167.67650,0,0,0,0,1
87.96019,179.31448,167.67650,0,0,0,0,1
87.98063,179.31448,167.67650,0,0,0,0,1
88.00031,179.31448,167.67650,0,0,0,0,1
88.02053,179.31448,167.67650,0,0,0,0,1
88.04042,179.31448,167.67650,0,0,0,0,1
88.06006,179.31448,167.67650,0,0,0,0,1
88.08035,179.31448,167.67650,0,0,0,0,1
88.10025,179.31448,167.67650,0,0,0,0,1
88.12054,179.31448,167.67650,0,0,0,0,1
88.14028,179.31448,167.67650,0,0,0,0,1
88.16009,179.31448,167.67650,0,0,0,0,1
88.18007,179.31448,167.67650,0,0,0,0,1
88.20051,179.31448,167.67650,0,0,0,0,1
88.22043,179.31448,167.67650,0,0,0,0,1
88.24009,179.31448,167.67650,0,0,0,0,1
88.26034,179.31448,167.67650,0,0,0,0,1
88.28009,179.31448,167.67650,0,0,0,0,1
88.30036,179.31448,167.67650,0,0,0,0,1
88.32053,179.31448,167.67650,0,0,0,0,1
88.34050,179.31448,167.67650,0,0,0,0,1
88.36033,179.31448,167.67650,0,0,0,0,1
88.38049,179.31448,167.67650,0,0,0,0,1
88.40038,179.31448,167.67650,0,0,0,0,1
88.42011,179.31448,167.67650,0,0,0,0,1
88.44032,179.31448,167.67650,0,0,0,0,1
88.46033,179.31448,167.67650,0,0,0,0,1
88.48040,179.31448,167.67650,1,1,0,0,1
88.50012,179.08139,167.42760,1,1,0,0,1
88.52048,178.86623,167.16306,1,1,0,0,1
88.54032,178.67003,166.88414,1,1,0,0,1
88.56047,178.20438,165.97513,1,1,0,0,1
88.58004,178.09264,165.65295,1,1,0,0,1
88.60029,178.00365,165.32378,1,1,0,0,1
88.62052,177.93782,164.98918,0,0,0,0,1
88.64051,177.93782,164.98918,0,0,0,0,1
88.66025,177.93782,164.98918,0,0,0,0,1
88.68040,177.93782,164.98918,0,0,0,0,1
88.70048,177.93782,164.98918,0,0,0,0,1
88.72014,177.93782,164.98918,0,0,0,0,1
88.74041,177.93782,164.98918,0,0,0,0,1
88.76050,177.93782,164.98918,0,0,0,0,1
88.78016,177.93782,164.98918,0,0,0,0,1
88.80032,177.93782,164.98918,0,0,0,0,1
88.82032,177.93782,164.98918,0,0,0,0,1
88.84053,177.93782,164.98918,0,0,0,0,1
88.86019,177.93782,164.98918,0,0,0,0,1
88.88037,177.93782,164.98918,0,0,0,0,1
88.90037,177.93782,164.98918,0,0,0,0,1
88.92036,177.93782,164.98918,0,0,0,0,1
88.94042,177.93782,164.98918,0,0,0,0,1
88.96042,177.93782,164.98918,0,0,0,0,1
88.98048,177.93782,164.98918,0,0,0,0,1
89.00058,177.93782,164.98918,0,0,0,0,1
89.02028,177.93782,164.98918,0,0,0,0,1
89.04047,177.93782,164.98918,0,0,0,0,1
89.06018,177.93782,164.98918,0,0,0,0,1
89.08035,177.93782,164.98918,0,0,0,0,1
89.10012,177.93782,164.98918,0,0,0,0,1
89.12037,177.93782,164.98918,0,0,0,0,1
89.14014,177.93782,164.98918,0,0,0,0,1
89.16033,177.93782,164.98918,0,0,0,0,1
89.18025,177.93782,164.98918,0,0,0,0,1
89.20028,177.93782,164.98918,0,0,0,0,1
89.22006,177.93782,164.98918,0,0,0,0,1
89.24037,177.93782,164.98918,0,0,0,0,1
89.26061,177.93782,164.98918,0,0,0,0,1
89.28007,177.93782,164.98918,0,0,0,0,1
89.30051,177.93782,164.98918,0,0,0,0,1
89.32019,177.93782,164.98918,0,0,0,0,1
89.34030,177.93782,164.98918,0,0,0,0,1
89.36008,177.93782,164.98918,1,0,0,0,1
89.38045,177.89549,164.65082,1,0,0,0,1
89.40015,177.85316,164.31245,1,0,0,0,1
89.42030,177.81084,163.97409,1,0,0,0,1
89.44036,177.76851,163.63573,1,0,0,0,1
89.46031,177.68385,162.95900,1,0,0,0,1
89.48009,177.64153,162.62064,1,0,0,0,1
89.50032,177.59920,162.28227,0,0,0,0,1
89.52010,177.59920,162.28227,0,0,0,0,1
89.54013,177.59920,162.28227,0,0,0,0,1
89.56043,177.59920,162.28227,0,0,0,0,1
89.58018,177.59920,162.28227,0,0,0,0,1
89.60035,177.59920,162.28227,0,0,0,0,1
89.62006,177.59920,162.28227,0,0,0,0,1
89.64028,177.59920,162.28227,0,0,0,0,1
89.66047,177.59920,162.28227,0,0,0,0,1
89.68022,177.59920,162.28227,0,0,0,0,1
89.70046,177.59920,162.28227,0,0,0,0,1
89.72006,177.59920,162.28227,0,0,0,0,1
89.74022,177.59920,162.28227,0,0,0,0,1
89.76025,177.59920,162.28227,0,0,0,0,1
89.78052,177.59920,162.28227,0,0,0,0,1
89.80030,177.59920,162.28227,0,0,0,0,1
89.82031,177.59920,162.28227,0,0,0,0,1
89.84015,177.59920,162.28227,0,0,0,0,1
89.86030,177.59920,162.28227,0,0,0,0,1
89.88051,177.59920,162.28227,0,0,0,0,1
89.90016,177.59920,162.28227,0,0,0,0,1
89.92033,177.59920,162.28227,0,0,0,0,1
89.94007,177.59920,162.28227,0,0,0,0,1
89.96024,177.59920,162.28227,0,0,0,0,1
89.98050,177.59920,162.28227,0,0,0,0,1
90.00080,177.59920,162.28227,0,0,0,0,1
90.02019,177.59920,162.28227,0,0,0,0,1
90.04037,177.59920,162.28227,0,0,0,0,1
90.06025,177.59920,162.28227,0,0,0,0,1
90.08034,177.59920,162.28227,0,0,0,0,1
90.10009,177.59920,162.28227,0,0,0,0,1
90.12029,177.59920,162.28227,0,0,0,0,1
90.14053,177.59920,162.28227,0,0,0,0,1
90.16025,177.59920,162.28227,0,0,0,0,1
90.18005,177.59920,162.28227,0,0,0,0,1
90.20008,177.59920,162.28227,0,0,0,0,1
90.22032,177.59920,162.28227,1,0,0,0,1
90.24015,177.59920,162.28227,1,0,1,0,1
90.26029,177.51454,161.60555,1,0,1,0,1
90.28040,177.44868,161.27097,1,0,1,0,1
90.30018,177.35963,160.94180,1,0,1,0,1
90.32051,177.24780,160.61966,1,0,1,0,1
90.34023,177.11375,160.30611,1,0,1,0,1
90.36036,176.78171,159.71088,1,0,0,0,1
90.38052,176.58533,159.43210,0,0,0,0,1
90.40024,176.58533,159.43210,0,0,0,0,1
90.42048,176.58533,159.43210,0,0,0,0,1
90.44020,176.58533,159.43210,0,0,0,0,1
90.46032,176.58533,159.43210,0,0,0,0,1
90.48015,176.58533,159.43210,0,0,0,0,1
90.50036,176.58533,159.43210,0,0,0,0,1
90.52008,176.58533,159.43210,0,0,0,0,1
90.54025,176.58533,159.43210,0,0,0,0,1
90.56005,176.58533,159.43210,0,0,0,0,1
90.58024,176.58533,159.43210,0,0,0,0,1
90.60040,176.58533,159.43210,0,0,0,0,1
90.62027,176.58533,159.43210,0,0,0,0,1
90.64036,176.58533,159.43210,0,0,0,0,1
90.66045,176.58533,159.43210,0,0,0,0,1
90.68026,176.58533,159.43210,0,0,0,0,1
90.70041,176.58533,159.43210,0,0,0,0,1
90.72029,176.58533,159.43210,0,0,0,0,1
90.74033,176.58533,159.43210,0,0,0,0,1
90.76004,176.58533,159.43210,0,0,0,0,1
90.78029,176.58533,159.43210,0,0,0,0,1
90.80052,176.58533,159.43210,0,0,0,0,1
90.82005,176.58533,159.43210,0,0,0,0,1
90.84044,176.58533,159.43210,0,0,0,0,1
90.86102,176.58533,159.43210,0,0,0,0,1
90.88026,176.58533,159.43210,0,0,0,0,1
90.90032,176.58533,159.43210,0,0,0,0,1
90.92047,176.58533,159.43210,0,0,0,0,1
90.94013,176.58533,159.43210,0,0,0,0,1
90.96019,176.58533,159.43210,0,0,0,0,1
90.98054,176.58533,159.43210,0,0,0,0,1
91.00017,176.58533,159.43210,0,0,0,0,1
91.02029,176.58533,159.43210,1,1,0,0,1
91.04030,176.58533,159.43210,1,1,0,0,1
91.06011,176.25319,158.83691,1,1,0,0,1
91.08046,176.11905,158.52341,1,1,0,0,1
91.10033,176.00710,158.20131,1,1,0,0,1
91.12040,175.91788,157.87219,1,1,0,0,1
91.14029,175.85184,157.53764,0,0,0,0,1
91.16030,175.85184,157.53764,0,0,0,0,1
91.18010,175.85184,157.53764,0,0,0,0,1
91.20034,175.85184,157.53764,0,0,0,0,1
91.22048,175.85184,157.53764,0,0,0,0,1
91.24008,175.85184,157.53764,0,0,0,0,1
91.26037,175.85184,157.53764,0,0,0,0,1
91.28040,175.85184,157.53764,0,0,0,0,1
91.30008,175.85184,157.53764,0,0,0,0,1
91.32020,175.85184,157.53764,0,0,0,0,1
91.34024,175.85184,157.53764,0,0,0,0,1
91.36034,175.85184,157.53764,0,0,0,0,1
91.38044,175.85184,157.53764,0,0,0,0,1
91.40021,175.85184,157.53764,0,0,0,0,1
91.42045,175.85184,157.53764,0,0,0,0,1
91.44008,175.85184,157.53764,0,0,0,0,1
91.46023,175.85184,157.53764,0,0,0,0,1
91.48015,175.85184,157.53764,0,0,0,0,1
91.50031,175.85184,157.53764,0,0,0,0,1
91.52029,175.85184,157.53764,0,0,0,0,1
91.54035,175.85184,157.53764,0,0,0,0,1
91.56005,175.85184,157.53764,0,0,0,0,1
91.58036,175.85184,157.53764,0,0,0,0,1
91.60012,175.85184,157.53764,0,0,0,0,1
91.62042,175.85184,157.53764,0,0,0,0,1
91.64010,175.85184,157.53764,0,0,0,0,1
91.66027,175.85184,157.53764,0,0,0,0,1
91.68046,175.85184,157.53764,0,0,0,0,1
91.70015,175.85184,157.53764,0,0,0,0,1
91.72031,175.85184,157.53764,0,0,0,0,1
91.74003,175.85184,157.53764,0,0,0,0,1
91.76019,175.85184,157.53764,0,0,0,0,1
91.78041,175.85184,157.53764,0,0,0,0,1
91.80015,175.85184,157.53764,0,0,0,0,1
91.82041,175.85184,157.53764,0,0,0,0,1
91.84013,175.85184,157.53764,0,0,0,0,1
91.86036,175.85184,157.53764,0,0,0,0,1
91.88008,175.85184,157.53764,0,0,0,0,1
91.90020,175.85184,157.53764,0,0,0,0,1
91.92036,175.85184,157.53764,0,0,0,0,1
91.94054,175.85184,157.53764,0,0,0,0,1
91.96019,175.85184,157.53764,0,0,0,0,1
91.98041,175.85184,157.53764,0,0,0,0,1
92.00033,175.85184,157.53764,1,0,0,0,1
92.02007,175.85184,157.53764,1,0,0,0,1
92.04049,175.83298,157.19716,1,0,0,0,1
92.06024,175.81412,156.85667,1,0,0,0,1
92.08046,175.77640,156.17570,1,0,0,0,1
92.10015,175.75754,155.83522,1,0,0,0,1
92.12033,175.71982,155.15425,1,0,0,0,1
92.14050,175.70096,154.81377,0,0,0,0,1
92.16023,175.70096,154.81377,0,0,0,0,1
92.18043,175.70096,154.81377,0,0,0,0,1
92.20010,175.70096,154.81377,0,0,0,0,1
92.22038,175.70096,154.81377,0,0,0,0,1
92.24035,175.70096,154.81377,0,0,0,0,1
92.26007,175.70096,154.81377,0,0,0,0,1
92.28027,175.70096,154.81377,0,0,0,0,1
92.30041,175.70096,154.81377,0,0,0,0,1
92.32012,175.70096,154.81377,0,0,0,0,1
92.34035,175.70096,154.81377,0,0,0,0,1
92.36029,175.70096,154.81377,0,0,0,0,1
92.38038,175.70096,154.81377,0,0,0,0,1
92.40034,175.70096,154.81377,0,0,0,0,1
92.42034,175.70096,154.81377,0,0,0,0,1
92.44035,175.70096,154.81377,0,0,0,0,1
92.46040,175.70096,154.81377,0,0,0,0,1
92.48012,175.70096,154.81377,0,0,0,0,1
92.50028,175.70096,154.81377,0,0,0,0,1
92.52020,175.70096,154.81377,0,0,0,0,1
92.54031,175.70096,154.81377,0,0,0,0,1
92.56005,175.70096,154.81377,0,0,0,0,1
92.58035,175.70096,154.81377,0,0,0,0,1
92.60016,175.70096,154.81377,0,0,0,0,1
92.62031,175.70096,154.81377,0,0,0,0,1
92.64050,175.70096,154.81377,0,0,0,0,1
92.66051,175.70096,154.81377,0,0,0,0,1
92.68020,175.70096,154.81377,0,0,0,0,1
92.70029,175.70096,154.81377,0,0,0,0,1
92.72043,175.70096,154.81377,0,0,0,0,1
92.74009,175.70096,154.81377,0,0,0,0,1
92.76044,175.70096,154.81377,0,0,0,0,1
92.78009,175.70096,154.81377,0,0,0,0,1
92.80044,175.70096,154.81377,0,0,0,0,1
92.82009,175.70096,154.81377,0,0,0,0,1
92.84022,175.70096,154.81377,0,0,0,0,1
92.86008,175.70096,154.81377,1,0,1,0,1
92.88022,175.68210,154.47328,1,0,1,0,1
92.90040,175.57339,153.80042,1,0,1,0,1
92.92011,175.48409,153.47131,1,0,1,0,1
92.94049,175.37201,153.14926,1,0,1,0,1
92.96027,175.23772,152.83582,1,0,1,0,1
92.98022,174.90521,152.24084,1,0,1,0,1
93.00047,174.70862,151.96222,0,0,0,0,1
93.02054,174.70862,151.96222,0,0,0,0,1
93.04014,174.70862,151.96222,0,0,0,0,1
93.06057,174.70862,151.96222,0,0,0,0,1
93.08031,174.70862,151.96222,0,0,0,0,1
93.10039,174.70862,151.96222,0,0,0,0,1
93.12031,174.70862,151.96222,0,0,0,0,1
93.14027,174.70862,151.96222,0,0,0,0,1
93.16036,174.70862,151.96222,0,0,0,0,1
93.18033,174.70862,151.96222,0,0,0,0,1
93.20040,174.70862,151.96222,0,0,0,0,1
93.22047,174.70862,151.96222,0,0,0,0,1
93.24023,174.70862,151.96222,0,0,0,0,1
93.26024,174.70862,151.96222,0,0,0,0,1
93.28031,174.70862,151.96222,0,0,0,0,1
93.30040,174.70862,151.96222,0,0,0,0,1
93.32039,174.70862,151.96222,0,0,0,0,1
93.34040,174.70862,151.96222,0,0,0,0,1
93.36047,174.70862,151.96222,0,0,0,0,1
93.38013,174.70862,151.96222,0,0,0,0,1
93.40009,174.70862,151.96222,0,0,0,0,1
93.42023,174.70862,151.96222,0,0,0,0,1
93.44022,174.70862,151.96222,0,0,0,0,1
93.46045,174.70862,151.96222,0,0,0,0,1
93.48052,174.70862,151.96222,0,0,0,0,1
93.50018,174.70862,151.96222,0,0,0,0,1
93.52036,174.70862,151.96222,0,0,0,0,1
93.54043,174.70862,151.96222,0,0,0,0,1
93.56022,174.70862,151.96222,0,0,0,0,1
93.58042,174.70862,151.96222,0,0,0,0,1
93.60016,174.70862,151.96222,0,0,0,0,1
93.62029,174.70862,151.96222,0,0,0,0,1
93.64030,174.70862,151.96222,0,0,0,0,1
93.66026,174.70862,151.96222,0,0,0,0,1
93.68030,174.70862,151.96222,0,0,0,0,1
93.70007,174.70862,151.96222,1,1,0,0,1
93.72029,174.70862,151.96222,1,1,0,0,1
93.74058,174.51199,151.68361,1,1,0,0,1
93.76035,174.33528,151.39197,1,1,0,0,1
93.78046,174.04492,150.77533,1,1,0,0,1
93.80045,173.93269,150.45332,1,1,0,0,1
93.82015,173.84320,150.12428,1,1,0,0,1
93.84030,173.77687,149.78979,0,0,0,0,1
93.86020,173.73402,149.45149,0,0,0,0,1
93.88031,173.73402,149.45149,0,0,0,0,1
93.90052,173.73402,149.45149,0,0,0,0,1
93.92013,173.73402,149.45149,0,0,0,0,1
93.94030,173.73402,149.45149,0,0,0,0,1
93.96008,173.73402,149.45149,0,0,0,0,1
93.98008,173.73402,149.45149,0,0,0,0,1
94.00034,173.73402,149.45149,0,0,0,0,1
94.02007,173.73402,149.45149,0,0,0,0,1
94.04030,173.73402,149.45149,0,0,0,0,1
94.06050,173.73402,149.45149,0,0,0,0,1
94.08033,173.73402,149.45149,0,0,0,0,1
94.10008,173.73402,149.45149,0,0,0,0,1
94.12011,173.73402,149.45149,0,0,0,0,1
94.14048,173.73402,149.45149,0,0,0,0,1
94.16038,173.73402,149.45149,0,0,0,0,1
94.18051,173.73402,149.45149,0,0,0,0,1
94.20043,173.73402,149.45149,0,0,0,0,1
94.22011,173.73402,149.45149,0,0,0,0,1
94.24045,173.73402,149.45149,0,0,0,0,1
94.26020,173.73402,149.45149,0,0,0,0,1
94.28041,173.73402,149.45149,0,0,0,0,1
94.30037,173.73402,149.45149,0,0,0,0,1
94.32008,173.73402,149.45149,0,0,0,0,1
94.34024,173.73402,149.45149,0,0,0,0,1
94.36039,173.73402,149.45149,0,0,0,0,1
94.38020,173.73402,149.45149,0,0,0,0,1
94.40016,173.73402,149.45149,0,0,0,0,1
94.42038,173.73402,149.45149,0,0,0,0,1
94.44050,173.73402,149.45149,0,0,0,0,1
94.46026,173.73402,149.45149,0,0,0,0,1
94.48043,173.73402,149.45149,0,0,0,0,1
94.50042,173.73402,149.45149,0,0,0,0,1
94.52016,173.73402,149.45149,0,0,0,0,1
94.54040,173.73402,149.45149,0,0,0,0,1
94.56030,173.73402,149.45149,0,0,0,0,1
94.58033,173.73402,149.45149,0,0,0,0,1
94.60011,173.73402,149.45149,1,0,0,0,1
94.62020,173.69118,149.11319,1,0,0,0,1
94.64038,173.64833,148.77489,1,0,0,0,1
94.66033,173.60548,148.43658,1,0,0,0,1
94.68051,173.51979,147.75998,1,0,0,0,1
94.70009,173.47694,147.42168,1,0,0,0,1
94.72035,173.43410,147.08337,1,0,0,0,1
94.74049,173.39125,146.74507,0,0,0,0,1
94.76037,173.34840,146.40677,0,0,0,0,1
94.78019,173.34840,146.40677,0,0,0,0,1
94.80041,173.34840,146.40677,0,0,0,0,1
94.82010,173.34840,146.40677,0,0,0,0,1
94.84043,173.34840,146.40677,0,0,0,0,1
94.86010,173.34840,146.40677,0,0,0,0,1
94.88032,173.34840,146.40677,0,0,0,0,1
94.90030,173.34840,146.40677,0,0,0,0,1
94.92041,173.34840,146.40677,0,0,0,0,1
94.94004,173.34840,146.40677,0,0,0,0,1
94.96027,173.34840,146.40677,0,0,0,0,1
94.98043,173.34840,146.40677,0,0,0,0,1
95.00003,173.34840,146.40677,0,0,0,0,1
95.02028,173.34840,146.40677,0,0,0,0,1
95.04048,173.34840,146.40677,0,0,0,0,1
95.06027,173.34840,146.40677,0,0,0,0,1
95.08022,173.34840,146.40677,0,0,0,0,1
95.10007,173.34840,146.40677,0,0,0,0,1
95.12024,173.34840,146.40677,0,0,0,0,1
95.14049,173.34840,146.40677,0,0,0,0,1
95.16027,173.34840,146.40677,0,0,0,0,1
95.18023,173.34840,146.40677,0,0,0,0,1
95.20040,173.34840,146.40677,0,0,0,0,1
95.22018,173.34840,146.40677,0,0,0,0,1
95.24026,173.34840,146.40677,0,0,0,0,1
95.26040,173.34840,146.40677,0,0,0,0,1
95.28007,173.34840,146.40677,0,0,0,0,1
95.30010,173.34840,146.40677,0,0,0,0,1
95.32028,173.34840,146.40677,0,0,0,0,1
95.34038,173.34840,146.40677,0,0,0,0,1
95.36029,173.34840,146.40677,1,0,0,0,1
95.38048,173.30556,146.06847,1,0,1,0,1
95.40025,173.23920,145.73399,1,0,1,0,1
95.42038,173.14963,145.40497,1,0,1,0,1
95.44038,173.03731,145.08299,1,0,1,0,1
95.46039,172.90277,144.76965,1,0,1,0,1
95.48041,172.56981,144.17494,1,0,1,0,1
95.50040,172.37300,143.89647,0,0,1,0,1
95.52023,172.37300,143.89647,0,0,0,0,1
95.54056,172.37300,143.89647,0,0,0,0,1
95.56027,172.37300,143.89647,0,0,0,0,1
95.58020,172.37300,143.89647,0,0,0,0,1
95.60045,172.37300,143.89647,0,0,0,0,1
95.62010,172.37300,143.89647,0,0,0,0,1
95.64018,172.37300,143.89647,0,0,0,0,1
95.66043,172.37300,143.89647,0,0,0,0,1
95.68042,172.37300,143.89647,0,0,0,0,1
95.70054,172.37300,143.89647,0,0,0,0,1
95.72024,172.37300,143.89647,0,0,0,0,1
95.74048,172.37300,143.89647,0,0,0,0,1
95.76018,172.37300,143.89647,0,0,0,0,1
95.78040,172.37300,143.89647,0,0,0,0,1
95.80006,172.37300,143.89647,0,0,0,0,1
95.82049,172.37300,143.89647,0,0,0,0,1
95.84052,172.37300,143.89647,0,0,0,0,1
95.86037,172.37300,143.89647,0,0,0,0,1
95.88026,172.37300,143.89647,0,0,0,0,1
95.90039,172.37300,143.89647,0,0,0,0,1
95.92015,172.37300,143.89647,0,0,0,0,1
95.94019,172.37300,143.89647,0,0,0,0,1
95.96040,172.37300,143.89647,0,0,0,0,1
95.98020,172.37300,143.89647,0,0,0,0,1
96.00039,172.37300,143.89647,0,0,0,0,1
96.02051,172.37300,143.89647,0,0,0,0,1
96.04020,172.37300,143.89647,0,0,0,0,1
96.06038,172.37300,143.89647,0,0,0,0,1
96.08049,172.37300,143.89647,0,0,0,0,1
96.10023,172.37300,143.89647,0,0,0,0,1
96.12037,172.37300,143.89647,0,0,0,0,1
96.14013,172.37300,143.89647,0,0,0,0,1
96.16022,172.37300,143.89647,0,0,0,0,1
96.18046,172.37300,143.89647,0,0,0,0,1
96.20005,172.37300,143.89647,0,1,0,0,1
96.22019,172.37300,143.89647,1,1,0,0,1
96.24037,172.15721,143.63243,1,1,0,0,1
96.26053,171.96036,143.35399,1,1,0,0,1
96.28031,171.78340,142.75938,1,1,0,0,1
96.30032,171.49251,142.44611,1,1,0,0,1
96.32009,171.38000,142.12421,1,1,0,0,1
96.34040,171.29022,141.79524,1,1,0,0,1
96.36034,171.22360,141.46082,0,0,0,0,1
96.38054,171.22360,141.46082,0,0,0,0,1
96.40019,171.22360,141.46082,0,0,0,0,1
96.42029,171.22360,141.46082,0,0,0,0,1
96.44051,171.22360,141.46082,0,0,0,0,1
96.46022,171.22360,141.46082,0,0,0,0,1
96.48027,171.22360,141.46082,0,0,0,0,1
96.50043,171.22360,141.46082,0,0,0,0,1
96.52009,171.22360,141.46082,0,0,0,0,1
96.54033,171.22360,141.46082,0,0,0,0,1
96.56026,171.22360,141.46082,0,0,0,0,1
96.58043,171.22360,141.46082,0,0,0,0,1
96.60043,171.22360,141.46082,0,0,0,0,1
96.62012,171.22360,141.46082,0,0,0,0,1
96.64047,171.22360,141.46082,0,0,0,0,1
96.66017,171.22360,141.46082,0,0,0,0,1
96.68007,171.22360,141.46082,0,0,0,0,1
96.70031,171.22360,141.46082,0,0,0,0,1
96.72051,171.22360,141.46082,0,0,0,0,1
96.74007,171.22360,141.46082,0,0,0,0,1
96.76009,171.22360,141.46082,0,0,0,0,1
96.78033,171.22360,141.46082,0,0,0,0,1
96.80007,171.22360,141.46082,0,0,0,0,1
96.82028,171.22360,141.46082,0,0,0,0,1
96.84055,171.22360,141.46082,0,0,0,0,1
96.86030,171.22360,141.46082,0,0,0,0,1
96.88025,171.22360,141.46082,0,0,0,0,1
96.90042,171.22360,141.46082,0,0,0,0,1
96.92023,171.22360,141.46082,0,0,0,0,1
96.94036,171.22360,141.46082,0,0,0,0,1
96.96004,171.22360,141.46082,0,0,0,0,1
96.98029,171.22360,141.46082,0,0,0,0,1
97.00006,171.22360,141.46082,0,0,0,0,1
97.02021,171.22360,141.46082,0,0,0,0,1
97.04042,171.22360,141.46082,0,0,0,0,1
97.06009,171.22360,141.46082,0,0,0,0,1
97.08023,171.22360,141.46082,1,0,0,0,1
97.10014,171.18047,141.12256,1,0,0,0,1
97.12037,171.13733,140.78430,1,0,0,0,1
97.14057,171.09419,140.44604,1,0,0,0,1
97.16026,171.05106,140.10779,1,0,0,0,1
97.18041,171.00792,139.76953,1,0,0,0,1
97.20011,170.87851,138.75476,1,0,0,0,1
97.22030,170.83537,138.41650,1,0,0,0,1
97.24048,170.79224,138.07825,0,0,0,0,1
97.26014,170.79224,138.07825,0,0,0,0,1
97.28033,170.79224,138.07825,0,0,0,0,1
97.30034,170.79224,138.07825,0,0,0,0,1
97.32050,170.79224,138.07825,0,0,0,0,1
97.34034,170.79224,138.07825,0,0,0,0,1
97.36048,170.79224,138.07825,0,0,0,0,1
97.38018,170.79224,138.07825,0,0,0,0,1
97.40013,170.79224,138.07825,0,0,0,0,1
97.42024,170.79224,138.07825,0,0,0,0,1
97.44064,170.79224,138.07825,0,0,0,0,1
97.46043,170.79224,138.07825,0,0,0,0,1
97.48050,170.79224,138.07825,0,0,0,0,1
97.50016,170.79224,138.07825,0,0,0,0,1
97.52049,170.79224,138.07825,0,0,0,0,1
97.54016,170.79224,138.07825,0,0,0,0,1
97.56035,170.79224,138.07825,0,0,0,0,1
97.58005,170.79224,138.07825,0,0,0,0,1
97.60014,170.79224,138.07825,0,0,0,0,1
97.62032,170.79224,138.07825,0,0,0,0,1
97.64040,170.79224,138.07825,0,0,0,0,1
97.66039,170.79224,138.07825,0,0,0,0,1
97.68021,170.79224,138.07825,0,0,0,0,1
97.70041,170.79224,138.07825,0,0,0,0,1
97.72015,170.79224,138.07825,0,0,0,0,1
97.74038,170.79224,138.07825,0,0,0,0,1
97.76013,170.79224,138.07825,0,0,0,0,1
97.78049,170.79224,138.07825,1,0,0,0,1
97.80061,170.74910,137.73999,1,0,1,0,1
97.82019,170.70596,137.40173,1,0,1,0,1
97.84030,170.63931,137.06731,1,0,1,0,1
97.86046,170.54947,136.73836,1,0,1,0,1
97.88018,170.43687,136.41649,1,0,1,0,1
97.90022,170.14574,135.80023,1,0,1,0,1
97.92030,169.96861,135.50885,1,0,1,0,1
97.94039,169.77156,135.23055,0,0,0,0,1
97.96044,169.55556,134.96667,0,0,0,0,1
97.98015,169.55556,134.96667,0,0,0,0,1
98.00007,169.55556,134.96667,0,0,0,0,1
98.02038,169.55556,134.96667,0,0,0,0,1
98.04016,169.55556,134.96667,0,0,0,0,1
98.06027,169.55556,134.96667,0,0,0,0,1
98.08008,169.55556,134.96667,0,0,0,0,1
98.10030,169.55556,134.96667,0,0,0,0,1
98.12047,169.55556,134.96667,0,0,0,0,1
98.14024,169.55556,134.96667,0,0,0,0,1
98.16043,169.55556,134.96667,0,0,0,0,1
98.18017,169.55556,134.96667,0,0,0,0,1
98.20017,169.55556,134.96667,0,0,0,0,1
98.22048,169.55556,134.96667,0,0,0,0,1
98.24019,169.55556,134.96667,0,0,0,0,1
98.26036,169.55556,134.96667,0,0,0,0,1
98.28016,169.55556,134.96667,0,0,0,0,1
98.30023,169.55556,134.96667,0,0,0,0,1
98.32038,169.55556,134.96667,0,0,0,0,1
98.34007,169.55556,134.96667,0,0,0,0,1
98.36022,169.55556,134.96667,0,0,0,0,1
98.38041,169.55556,134.96667,0,0,0,0,1
98.40040,169.55556,134.96667,0,0,0,0,1
98.42014,169.55556,134.96667,0,0,0,0,1
98.44029,169.55556,134.96667,0,0,0,0,1
98.46024,169.55556,134.96667,0,0,0,0,1
98.48048,169.55556,134.96667,0,0,0,0,1
98.50028,169.55556,134.96667,0,0,0,0,1
98.52030,169.55556,134.96667,0,0,0,0,1
98.54010,169.55556,134.96667,0,0,0,0,1
98.56022,169.55556,134.96667,0,0,0,0,1
98.58046,169.55556,134.96667,0,0,0,0,1
98.60047,169.55556,134.96667,0,0,0,0,1
98.62009,169.55556,134.96667,0,0,0,0,1
98.64026,169.55556,134.96667,0,0,0,0,1
98.66053,169.55556,134.96667,0,1,0,0,1
98.68023,169.55556,134.96667,1,1,0,0,1
98.70019,169.35846,134.68840,1,1,0,0,1
98.72024,169.18124,134.39706,1,1,0,0,1
98.74038,169.02478,134.09409,1,1,0,0,1
98.76011,168.88983,133.78093,1,1,0,0,1
98.78031,168.68698,133.13023,1,1,0,0,1
98.80048,168.62007,132.79587,0,0,0,0,1
98.82019,168.57664,132.45764,0,0,0,0,1
98.84036,168.57664,132.45764,0,0,0,0,1
98.86007,168.57664,132.45764,0,0,0,0,1
98.88039,168.57664,132.45764,0,0,0,0,1
98.90033,168.57664,132.45764,0,0,0,0,1
98.92041,168.57664,132.45764,0,0,0,0,1
98.94009,168.57664,132.45764,0,0,0,0,1
98.96031,168.57664,132.45764,0,0,0,0,1
98.98049,168.57664,132.45764,0,0,0,0,1
99.00040,168.57664,132.45764,0,0,0,0,1
99.02008,168.57664,132.45764,0,0,0,0,1
99.04047,168.57664,132.45764,0,0,0,0,1
99.06017,168.57664,132.45764,0,0,0,0,1
99.08019,168.57664,132.45764,0,0,0,0,1
99.10037,168.57664,132.45764,0,0,0,0,1
99.12051,168.57664,132.45764,0,0,0,0,1
99.14037,168.57664,132.45764,0,0,0,0,1
99.16004,168.57664,132.45764,0,0,0,0,1
99.18026,168.57664,132.45764,0,0,0,0,1
99.20082,168.57664,132.45764,0,0,0,0,1
99.22044,168.57664,132.45764,0,0,0,0,1
99.24022,168.57664,132.45764,0,0,0,0,1
99.26010,168.57664,132.45764,0,0,0,0,1
99.28019,168.57664,132.45764,0,0,0,0,1
99.30045,168.57664,132.45764,0,0,0,0,1
99.32013,168.57664,132.45764,0,0,0,0,1
99.34033,168.57664,132.45764,0,0,0,0,1
99.36038,168.57664,132.45764,0,0,0,0,1
99.38031,168.57664,132.45764,0,0,0,0,1
99.40024,168.57664,132.45764,0,0,0,0,1
99.42039,168.57664,132.45764,0,0,0,0,1
99.44008,168.57664,132.45764,0,0,0,0,1
99.46051,168.57664,132.45764,0,0,0,0,1
99.48006,168.57664,132.45764,0,0,0,0,1
99.50066,168.57664,132.45764,0,0,0,0,1
99.52014,168.57664,132.45764,1,0,0,0,1
99.54052,168.55692,132.11722,1,0,0,0,1
99.56030,168.53719,131.77679,1,0,0,0,1
99.58050,168.49773,131.09595,1,0,0,0,1
99.60054,168.45827,130.41510,1,0,0,0,1
99.62010,168.43854,130.07468,1,0,0,0,1
99.64047,168.41881,129.73425,1,0,0,0,1
99.66008,168.39908,129.39383,0,0,0,0,1
99.68010,168.37935,129.05341,0,0,0,0,1
99.70034,168.37935,129.05341,0,0,0,0,1
99.72023,168.37935,129.05341,0,0,0,0,1
99.74015,168.37935,129.05341,0,0,0,0,1
99.76039,168.37935,129.05341,0,0,0,0,1
99.78040,168.37935,129.05341,0,0,0,0,1
99.80046,168.37935,129.05341,0,0,0,0,1
99.82006,168.37935,129.05341,0,0,0,0,1
99.84005,168.37935,129.05341,0,0,0,0,1
99.86009,168.37935,129.05341,0,0,0,0,1
99.88039,168.37935,129.05341,0,0,0,0,1
99.90012,168.37935,129.05341,0,0,0,0,1
99.92048,168.37935,129.05341,0,0,0,0,1
99.94033,168.37935,129.05341,0,0,0,0,1
99.96051,168.37935,129.05341,0,0,0,0,1
99.98012,168.37935,129.05341,0,0,0,0,1
100.00023,168.37935,129.05341,0,0,0,0,1
100.02038,168.37935,129.05341,0,0,0,0,1
100.04028,168.37935,129.05341,0,0,0,0,1
100.06006,168.37935,129.05341,0,0,0,0,1
100.08028,168.37935,129.05341,0,0,0,0,1
100.10045,168.37935,129.05341,0,0,0,0,1
100.12026,168.37935,129.05341,0,0,0,0,1
100.14036,168.37935,129.05341,0,0,0,0,1
100.16009,168.37935,129.05341,0,0,0,0,1
100.18033,168.37935,129.05341,0,0,0,0,1
100.20022,168.37935,129.05341,0,0,0,0,1
100.22036,168.37935,129.05341,0,0,0,0,1
100.24045,168.37935,129.05341,0,0,0,0,1
100.26056,168.37935,129.05341,0,0,0,0,1
100.28026,168.37935,129.05341,0,0,0,0,1
100.30046,168.37935,129.05341,0,0,0,0,1
100.32055,168.37935,129.05341,0,0,0,0,1
100.34015,168.37935,129.05341,0,0,0,0,1
100.36030,168.37935,129.05341,0,0,0,0,1
100.38016,168.37935,129.05341,0,0,0,0,1
100.40052,168.37935,129.05341,1,0,1,0,1
100.42035,168.35962,128.71298,1,0,1,0,1
100.44004,168.31616,128.37476,1,0,1,0,1
100.46023,168.24919,128.04041,1,0,1,0,1
100.48030,168.15903,127.71154,1,0,1,0,1
100.50021,168.04613,127.38978,1,0,1,0,1
100.52037,167.75439,126.77379,1,0,1,0,1
100.54005,167.57698,126.48257,0,0,0,0,1
100.56025,167.37967,126.20446,0,0,0,0,1
100.58044,167.37967,126.20446,0,0,0,0,1
100.60028,167.37967,126.20446,0,0,0,0,1
100.62026,167.37967,126.20446,0,0,0,0,1
100.64046,167.37967,126.20446,0,0,0,0,1
100.66030,167.37967,126.20446,0,0,0,0,1
100.68053,167.37967,126.20446,0,0,0,0,1
100.70033,167.37967,126.20446,0,0,0,0,1
100.72013,167.37967,126.20446,0,0,0,0,1
100.74023,167.37967,126.20446,0,0,0,0,1
100.76053,167.37967,126.20446,0,0,0,0,1
100.78034,167.37967,126.20446,0,0,0,0,1
100.80008,167.37967,126.20446,0,0,0,0,1
100.82008,167.37967,126.20446,0,0,0,0,1
100.84016,167.37967,126.20446,0,0,0,0,1
100.86040,167.37967,126.20446,0,0,0,0,1
100.88026,167.37967,126.20446,0,0,0,0,1
100.90023,167.37967,126.20446,0,0,0,0,1
100.92036,167.37967,126.20446,0,0,0,0,1
100.94051,167.37967,126.20446,0,0,0,0,1
100.96027,167.37967,126.20446,0,0,0,0,1
100.98023,167.37967,126.20446,0,0,0,0,1
101.00040,167.37967,126.20446,0,0,0,0,1
101.02014,167.37967,126.20446,0,0,0,0,1
101.04052,167.37967,126.20446,0,0,0,0,1
101.06020,167.37967,126.20446,0,0,0,0,1
101.08035,167.37967,126.20446,0,0,0,0,1
101.10032,167.37967,126.20446,0,0,0,0,1
101.12051,167.37967,126.20446,0,0,0,0,1
101.14007,167.37967,126.20446,0,0,0,0,1
101.16008,167.37967,126.20446,0,0,0,0,1
101.18009,167.37967,126.20446,0,0,0,0,1
101.20025,167.37967,126.20446,0,0,0,0,1
101.22057,167.37967,126.20446,1,1,0,0,1
101.24011,167.16342,125.94080,1,1,0,0,1
101.26031,166.96608,125.66270,1,1,0,0,1
101.28034,166.78862,125.37152,1,1,0,0,1
101.30018,166.63190,125.06867,1,1,0,0,1
101.32038,166.38361,124.43392,1,1,0,0,1
101.34028,166.29326,124.10511,1,1,0,0,1
101.36046,166.22606,123.77080,0,0,0,0,1
101.38026,166.22606,123.77080,0,0,0,0,1
101.40041,166.22606,123.77080,0,0,0,0,1
101.42013,166.22606,123.77080,0,0,0,0,1
101.44035,166.22606,123.77080,0,0,0,0,1
101.46005,166.22606,123.77080,0,0,0,0,1
101.48049,166.22606,123.77080,0,0,0,0,1
101.50036,166.22606,123.77080,0,0,0,0,1
101.52052,166.22606,123.77080,0,0,0,0,1
101.54050,166.22606,123.77080,0,0,0,0,1
101.56048,166.22606,123.77080,0,0,0,0,1
101.58048,166.22606,123.77080,0,0,0,0,1
101.60033,166.22606,123.77080,0,0,0,0,1
101.62049,166.22606,123.77080,0,0,0,0,1
101.64016,166.22606,123.77080,0,0,0,0,1
101.66041,166.22606,123.77080,0,0,0,0,1
101.68013,166.22606,123.77080,0,0,0,0,1
101.70020,166.22606,123.77080,0,0,0,0,1
101.72041,166.22606,123.77080,0,0,0,0,1
101.74026,166.22606,123.77080,0,0,0,0,1
101.76046,166.22606,123.77080,0,0,0,0,1
101.78023,166.22606,123.77080,0,0,0,0,1
101.80022,166.22606,123.77080,0,0,0,0,1
101.82043,166.22606,123.77080,0,0,0,0,1
101.84013,166.22606,123.77080,0,0,0,0,1
101.86033,166.22606,123.77080,0,0,0,0,1
101.88020,166.22606,123.77080,0,0,0,0,1
101.90038,166.22606,123.77080,0,0,0,0,1
101.92050,166.22606,123.77080,0,0,0,0,1
101.94017,166.22606,123.77080,0,0,0,0,1
101.96019,166.22606,123.77080,0,0,0,0,1
101.98024,166.22606,123.77080,0,0,0,0,1
102.00023,166.22606,123.77080,0,0,0,0,1
102.02023,166.22606,123.77080,0,0,0,0,1
102.04035,166.22606,123.77080,0,0,0,0,1
102.06055,166.22606,123.77080,1,0,0,0,1
102.08044,166.18234,123.43261,1,0,0,0,1
102.10011,166.13863,123.09442,1,0,0,0,1
102.12034,166.05119,122.41805,1,0,0,0,1
102.14042,166.00748,122.07986,1,0,0,0,1
102.16016,165.96376,121.74167,1,0,0,0,1
102.18033,165.92004,121.40348,1,0,0,0,1
102.20045,165.87633,121.06529,0,0,0,0,1
102.22020,165.83261,120.72710,0,0,0,0,1
102.24052,165.83261,120.72710,0,0,0,0,1
102.26012,165.83261,120.72710,0,0,0,0,1
102.28051,165.83261,120.72710,0,0,0,0,1
102.30022,165.83261,120.72710,0,0,0,0,1
102.32042,165.83261,120.72710,0,0,0,0,1
102.34007,165.83261,120.72710,0,0,0,0,1
102.36024,165.83261,120.72710,0,0,0,0,1
102.38052,165.83261,120.72710,0,0,0,0,1
102.40052,165.83261,120.72710,0,0,0,0,1
102.42034,165.83261,120.72710,0,0,0,0,1
102.44052,165.83261,120.72710,0,0,0,0,1
102.46027,165.83261,120.72710,0,0,0,0,1
102.48038,165.83261,120.72710,0,0,0,0,1
102.50053,165.83261,120.72710,0,0,0,0,1
102.52018,165.83261,120.72710,0,0,0,0,1
102.54035,165.83261,120.72710,0,0,0,0,1
102.56007,165.83261,120.72710,0,0,0,0,1
102.58052,165.83261,120.72710,0,0,0,0,1
102.60018,165.83261,120.72710,0,0,0,0,1
102.62024,165.83261,120.72710,0,0,0,0,1
102.64028,165.83261,120.72710,0,0,0,0,1
102.66032,165.83261,120.72710,0,0,0,0,1
102.68041,165.83261,120.72710,0,0,0,0,1
102.70022,165.83261,120.72710,0,0,0,0,1
102.72029,165.83261,120.72710,0,0,0,0,1
102.74050,165.83261,120.72710,0,0,0,0,1
102.76034,165.83261,120.72710,0,0,0,0,1
102.78016,165.83261,120.72710,0,0,0,0,1
102.80039,165.83261,120.72710,0,0,0,0,1
102.82019,165.83261,120.72710,0,0,0,0,1
102.84030,165.83261,120.72710,0,0,0,0,1
102.86013,165.83261,120.72710,0,0,1,0,1
102.88018,165.83261,120.72710,1,0,1,0,1
102.90040,165.78889,120.38892,1,0,1,0,1
102.92028,165.63126,119.72581,1,0,1,0,1
102.94053,165.51810,119.40414,1,0,1,0,1
102.96025,165.38275,119.09115,1,0,1,0,1
102.98052,165.22588,118.78838,1,0,1,0,1
103.00025,165.04825,118.49729,1,0,1,0,1
103.02045,164.63426,117.95583,1,0,1,0,1
103.04008,164.39993,117.70809,1,0,1,0,1
103.06020,164.14888,117.47733,0,0,0,0,1
103.08031,164.14888,117.47733,0,0,0,0,1
103.10046,164.14888,117.47733,0,0,0,0,1
103.12004,164.14888,117.47733,0,0,0,0,1
103.14055,164.14888,117.47733,0,0,0,0,1
103.16030,164.14888,117.47733,0,0,0,0,1
103.18032,164.14888,117.47733,0,0,0,0,1
103.20043,164.14888,117.47733,0,0,0,0,1
103.22049,164.14888,117.47733,0,0,0,0,1
103.24051,164.14888,117.47733,0,0,0,0,1
103.26063,164.14888,117.47733,0,0,0,0,1
103.28043,164.14888,117.47733,0,0,0,0,1
103.30018,164.14888,117.47733,0,0,0,0,1
103.32036,164.14888,117.47733,0,0,0,0,1
103.34009,164.14888,117.47733,0,0,0,0,1
103.36020,164.14888,117.47733,0,0,0,0,1
103.38035,164.14888,117.47733,0,0,0,0,1
103.40040,164.14888,117.47733,0,0,0,0,1
103.42016,164.14888,117.47733,0,0,0,0,1
103.44009,164.14888,117.47733,0,0,0,0,1
103.46040,164.14888,117.47733,0,0,0,0,1
103.48011,164.14888,117.47733,0,0,0,0,1
103.50034,164.14888,117.47733,0,0,0,0,1
103.52038,164.14888,117.47733,0,0,0,0,1
103.54020,164.14888,117.47733,0,0,0,0,1
103.56038,164.14888,117.47733,0,0,0,0,1
103.58052,164.14888,117.47733,0,0,0,0,1
103.60004,164.14888,117.47733,0,0,0,0,1
103.62047,164.14888,117.47733,0,0,0,0,1
103.64010,164.14888,117.47733,1,1,0,0,1
103.66040,163.86812,117.28379,1,1,0,0,1
103.68028,163.60155,117.07114,1,1,0,0,1
103.70011,163.35045,116.84043,1,1,0,0,1
103.72032,162.89949,116.32935,1,1,0,0,1
103.74010,162.70183,116.05148,0,0,0,0,1
103.76038,162.70183,116.05148,0,0,0,0,1
103.78034,162.70183,116.05148,0,0,0,0,1
103.80008,162.70183,116.05148,0,0,0,0,1
103.82012,162.70183,116.05148,0,0,0,0,1
103.84035,162.70183,116.05148,0,0,0,0,1
103.86005,162.70183,116.05148,0,0,0,0,1
103.88034,162.70183,116.05148,0,0,0,0,1
103.90021,162.70183,116.05148,0,0,0,0,1
103.92049,162.70183,116.05148,0,0,0,0,1
103.94015,162.70183,116.05148,0,0,0,0,1
103.96036,162.70183,116.05148,0,0,0,0,1
103.98024,162.70183,116.05148,0,0,0,0,1
104.00029,162.70183,116.05148,0,0,0,0,1
104.02021,162.70183,116.05148,0,0,0,0,1
104.04040,162.70183,116.05148,0,0,0,0,1
104.06048,162.70183,116.05148,0,0,0,0,1
104.08010,162.70183,116.05148,0,0,0,0,1
104.10030,162.70183,116.05148,0,0,0,0,1
104.12040,162.70183,116.05148,0,0,0,0,1
104.14036,162.70183,116.05148,0,0,0,0,1
104.16048,162.70183,116.05148,0,0,0,0,1
104.18048,162.70183,116.05148,0,0,0,0,1
104.20055,162.70183,116.05148,0,0,0,0,1
104.22046,162.70183,116.05148,0,0,0,0,1
104.24027,162.70183,116.05148,0,0,0,0,1
104.26009,162.70183,116.05148,0,0,0,0,1
104.28049,162.70183,116.05148,0,0,0,0,1
104.30012,162.70183,116.05148,0,0,0,0,1
104.32050,162.70183,116.05148,0,0,0,0,1
104.34007,162.70183,116.05148,0,0,0,0,1
104.36019,162.70183,116.05148,0,0,0,0,1
104.38036,162.70183,116.05148,0,0,0,0,1
104.40021,162.70183,116.05148,0,0,0,0,1
104.42022,162.70183,116.05148,0,0,0,0,1
104.44038,162.70183,116.05148,0,0,0,0,1
104.46028,162.70183,116.05148,0,0,0,0,1
104.48034,162.70183,116.05148,0,0,0,0,1
104.50006,162.70183,116.05148,0,0,0,0,1
104.52023,162.70183,116.05148,0,0,0,0,1
104.54025,162.70183,116.05148,0,0,0,0,1
104.56042,162.70183,116.05148,1,0,0,0,1
104.58024,162.52403,115.76051,1,0,0,0,1
104.60042,162.34624,115.46953,1,0,0,0,1
104.62055,162.16844,115.17855,1,0,0,0,1
104.64053,161.81285,114.59660,1,0,0,0,1
104.66032,161.63506,114.30562,1,0,0,0,1
104.68023,161.45726,114.01464,0,0,0,0,1
104.70041,161.45726,114.01464,0,0,0,0,1
104.72022,161.45726,114.01464,0,0,0,0,1
104.74028,161.45726,114.01464,0,0,0,0,1
104.76043,161.45726,114.01464,0,0,0,0,1
104.78013,161.45726,114.01464,0,0,0,0,1
104.80014,161.45726,114.01464,0,0,0,0,1
104.82052,161.45726,114.01464,0,0,0,0,1
104.84030,161.45726,114.01464,0,0,0,0,1
104.86040,161.45726,114.01464,0,0,0,0,1
104.88038,161.45726,114.01464,0,0,0,0,1
104.90017,161.45726,114.01464,0,0,0,0,1
104.92035,161.45726,114.01464,0,0,0,0,1
104.94015,161.45726,114.01464,0,0,0,0,1
104.96029,161.45726,114.01464,0,0,0,0,1
104.98054,161.45726,114.01464,0,0,0,0,1
105.00020,161.45726,114.01464,0,0,0,0,1
105.02056,161.45726,114.01464,0,0,0,0,1
105.04007,161.45726,114.01464,0,0,0,0,1
105.06021,161.45726,114.01464,0,0,0,0,1
105.08035,161.45726,114.01464,0,0,0,0,1
105.10055,161.45726,114.01464,0,0,0,0,1
105.12025,161.45726,114.01464,0,0,0,0,1
105.14039,161.45726,114.01464,0,0,0,0,1
105.16032,161.45726,114.01464,0,0,0,0,1
105.18051,161.45726,114.01464,0,0,0,0,1
105.20023,161.45726,114.01464,0,0,0,0,1
105.22037,161.45726,114.01464,0,0,0,0,1
105.24049,161.45726,114.01464,0,0,0,0,1
105.26008,161.45726,114.01464,0,0,0,0,1
105.28018,161.45726,114.01464,0,0,0,0,1
105.30020,161.45726,114.01464,0,0,0,0,1
105.32004,161.45726,114.01464,0,0,0,0,1
105.34037,161.45726,114.01464,0,0,0,0,1
105.36050,161.45726,114.01464,1,0,1,0,1
105.38013,161.27946,113.72366,1,0,1,0,1
105.40020,161.08179,113.44581,1,0,1,0,1
105.42040,160.86519,113.18244,1,0,1,0,1
105.44049,160.37953,112.70422,1,0,1,0,1
105.46049,159.83199,112.29833,1,0,1,0,1
105.48021,159.53830,112.12505,1,0,1,0,1
105.50009,159.23323,111.97269,0,0,0,0,1
105.52033,158.91826,111.84202,0,0,0,0,1
105.54029,158.91826,111.84202,0,0,0,0,1
105.56008,158.91826,111.84202,0,0,0,0,1
105.58025,158.91826,111.84202,0,0,0,0,1
105.60030,158.91826,111.84202,0,0,0,0,1
105.62021,158.91826,111.84202,0,0,0,0,1
105.64037,158.91826,111.84202,0,0,0,0,1
105.66012,158.91826,111.84202,0,0,0,0,1
105.68037,158.91826,111.84202,0,0,0,0,1
105.70011,158.91826,111.84202,0,0,0,0,1
105.72036,158.91826,111.84202,0,0,0,0,1
105.74055,158.91826,111.84202,0,0,0,0,1
105.76053,158.91826,111.84202,0,0,0,0,1
105.78015,158.91826,111.84202,0,0,0,0,1
105.80018,158.91826,111.84202,0,0,0,0,1
105.82020,158.91826,111.84202,0,0,0,0,1
105.84024,158.91826,111.84202,0,0,0,0,1
105.86051,158.91826,111.84202,0,0,0,0,1
105.88030,158.91826,111.84202,0,0,0,0,1
105.90022,158.91826,111.84202,0,0,0,0,1
105.92045,158.91826,111.84202,0,0,0,0,1
105.94025,158.91826,111.84202,0,0,0,0,1
105.96029,158.91826,111.84202,0,0,0,0,1
105.98033,158.91826,111.84202,0,0,0,0,1
106.00050,158.91826,111.84202,0,0,0,0,1
106.02015,158.91826,111.84202,0,0,0,0,1
106.04043,158.91826,111.84202,0,0,0,0,1
106.06021,158.91826,111.84202,0,0,0,0,1
106.08040,158.91826,111.84202,0,0,0,0,1
106.10029,158.91826,111.84202,0,0,0,0,1
106.12053,158.91826,111.84202,0,0,0,0,1
106.14071,158.91826,111.84202,0,1,0,0,1
106.16051,158.91826,111.84202,1,1,0,0,1
106.18030,158.60327,111.71137,1,1,0,0,1
106.20019,158.29817,111.55907,1,1,0,0,1
106.22025,158.00444,111.38587,1,1,0,0,1
106.24043,157.45671,110.98022,1,1,0,0,1
106.26011,156.97075,110.50230,1,1,0,0,1
106.28026,156.75394,110.23910,0,0,0,0,1
106.30019,156.75394,110.23910,0,0,0,0,1
106.32031,156.75394,110.23910,0,0,0,0,1
106.34031,156.75394,110.23910,0,0,0,0,1
106.36033,156.75394,110.23910,0,0,0,0,1
106.38009,156.75394,110.23910,0,0,0,0,1
106.40037,156.75394,110.23910,0,0,0,0,1
106.42008,156.75394,110.23910,0,0,0,0,1
106.44018,156.75394,110.23910,0,0,0,0,1
106.46038,156.75394,110.23910,0,0,0,0,1
106.48007,156.75394,110.23910,0,0,0,0,1
106.50034,156.75394,110.23910,0,0,0,0,1
106.52024,156.75394,110.23910,0,0,0,0,1
106.54015,156.75394,110.23910,0,0,0,0,1
106.56043,156.75394,110.23910,0,0,0,0,1
106.58054,156.75394,110.23910,0,0,0,0,1
106.60018,156.75394,110.23910,0,0,0,0,1
106.62047,156.75394,110.23910,0,0,0,0,1
106.64022,156.75394,110.23910,0,0,0,0,1
106.66014,156.75394,110.23910,0,0,0,0,1
106.68040,156.75394,110.23910,0,0,0,0,1
106.70020,156.75394,110.23910,0,0,0,0,1
106.72026,156.75394,110.23910,0,0,0,0,1
106.74049,156.75394,110.23910,0,0,0,0,1
106.76037,156.75394,110.23910,0,0,0,0,1
106.78051,156.75394,110.23910,0,0,0,0,1
106.80047,156.75394,110.23910,0,0,0,0,1
106.82016,156.75394,110.23910,0,0,0,0,1
106.84042,156.75394,110.23910,0,0,0,0,1
106.86041,156.75394,110.23910,0,0,0,0,1
106.88015,156.75394,110.23910,0,0,0,0,1
106.90036,156.75394,110.23910,0,0,0,0,1
106.92012,156.75394,110.23910,0,0,0,0,1
106.94012,156.75394,110.23910,0,0,0,0,1
106.96020,156.75394,110.23910,0,0,0,0,1
106.98020,156.75394,110.23910,0,0,0,0,1
107.00035,156.75394,110.23910,0,0,0,0,1
107.02018,156.75394,110.23910,0,0,0,0,1
107.04032,156.75394,110.23910,0,0,0,0,1
107.06045,156.75394,110.23910,1,0,0,0,1
107.08014,156.55602,109.96142,1,0,0,0,1
107.10048,156.35809,109.68374,1,0,0,0,1
107.12026,156.16017,109.40606,1,0,0,0,1
107.14043,155.76433,108.85070,1,0,0,0,1
107.16033,155.56641,108.57302,1,0,0,0,1
107.18010,155.36848,108.29534,1,0,0,0,1
107.20028,155.17056,108.01766,0,0,0,0,1
107.22025,155.17056,108.01766,0,0,0,0,1
107.24061,155.17056,108.01766,0,0,0,0,1
107.26042,155.17056,108.01766,0,0,0,0,1
107.28012,155.17056,108.01766,0,0,0,0,1
107.30034,155.17056,108.01766,0,0,0,0,1
107.32058,155.17056,108.01766,0,0,0,0,1
107.34018,155.17056,108.01766,0,0,0,0,1
107.36041,155.17056,108.01766,0,0,0,0,1
107.38054,155.17056,108.01766,0,0,0,0,1
107.40043,155.17056,108.01766,0,0,0,0,1
107.42039,155.17056,108.01766,0,0,0,0,1
107.44021,155.17056,108.01766,0,0,0,0,1
107.46048,155.17056,108.01766,0,0,0,0,1
107.48018,155.17056,108.01766,0,0,0,0,1
107.50037,155.17056,108.01766,0,0,0,0,1
107.52042,155.17056,108.01766,0,0,0,0,1
107.54027,155.17056,108.01766,0,0,0,0,1
107.56035,155.17056,108.01766,0,0,0,0,1
107.58032,155.17056,108.01766,0,0,0,0,1
107.60042,155.17056,108.01766,0,0,0,0,1
107.62038,155.17056,108.01766,0,0,0,0,1
107.64005,155.17056,108.01766,0,0,0,0,1
107.66040,155.17056,108.01766,0,0,0,0,1
107.68046,155.17056,108.01766,0,0,0,0,1
107.70051,155.17056,108.01766,0,0,0,0,1
107.72018,155.17056,108.01766,0,0,0,0,1
107.74050,155.17056,108.01766,0,0,0,0,1
107.76037,155.17056,108.01766,0,0,0,0,1
107.78032,155.17056,108.01766,0,0,0,0,1
107.80011,155.17056,108.01766,0,0,0,0,1
107.82041,155.17056,108.01766,1,0,0,0,1
107.84055,154.97264,107.73998,1,0,0,0,1
107.86019,154.77472,107.46230,1,0,1,0,1
107.88043,154.57680,107.18462,1,0,1,0,1
107.90052,154.35997,106.92144,1,0,1,0,1
107.92048,154.12529,106.67404,1,0,1,0,1
107.94044,153.60704,106.23135,1,0,1,0,1
107.96021,153.32600,106.03822,1,0,1,0,1
107.98038,153.03217,105.86519,1,0,1,0,1
108.00050,152.72696,105.71310,1,0,1,0,1
108.02056,152.41188,105.58270,0,0,0,0,1
108.04019,152.08846,105.47461,0,0,0,0,1
108.06034,152.08846,105.47461,0,0,0,0,1
108.08049,152.08846,105.47461,0,0,0,0,1
108.10025,152.08846,105.47461,0,0,0,0,1
108.12015,152.08846,105.47461,0,0,0,0,1
108.14035,152.08846,105.47461,0,0,0,0,1
108.16043,152.08846,105.47461,0,0,0,0,1
108.18005,152.08846,105.47461,0,0,0,0,1
108.20029,152.08846,105.47461,0,0,0,0,1
108.22050,152.08846,105.47461,0,0,0,0,1
108.24018,152.08846,105.47461,0,0,0,0,1
108.26042,152.08846,105.47461,0,0,0,0,1
108.28026,152.08846,105.47461,0,0,0,0,1
108.30054,152.08846,105.47461,0,0,0,0,1
108.32020,152.08846,105.47461,0,0,0,0,1
108.34037,152.08846,105.47461,0,0,0,0,1
108.36020,152.08846,105.47461,0,0,0,0,1
108.38052,152.08846,105.47461,0,0,0,0,1
108.40023,152.08846,105.47461,0,0,0,0,1
108.42048,152.08846,105.47461,0,0,0,0,1
108.44051,152.08846,105.47461,0,0,0,0,1
108.46008,152.08846,105.47461,0,0,0,0,1
108.48008,152.08846,105.47461,0,0,0,0,1
108.50015,152.08846,105.47461,0,0,0,0,1
108.52015,152.08846,105.47461,0,0,0,0,1
108.54015,152.08846,105.47461,0,0,0,0,1
108.56004,152.08846,105.47461,0,0,0,0,1
108.58052,152.08846,105.47461,0,0,0,0,1
108.60020,152.08846,105.47461,0,0,0,0,1
108.62028,152.08846,105.47461,0,0,0,0,1
108.64017,152.08846,105.47461,1,1,0,0,1
108.66016,151.75829,105.38937,1,1,0,0,1
108.68041,151.43486,105.28132,1,1,0,0,1
108.70029,151.11975,105.15098,1,1,0,0,1
108.72050,150.81450,104.99898,1,1,0,0,1
108.74019,150.52060,104.82606,1,1,0,0,1
108.76041,149.97249,104.42094,1,1,0,0,1
108.78048,149.72095,104.19070,1,1,0,0,1
108.80049,149.48607,103.94349,0,0,0,0,1
108.82042,149.48607,103.94349,0,0,0,0,1
108.84016,149.48607,103.94349,0,0,0,0,1
108.86048,149.48607,103.94349,0,0,0,0,1
108.88048,149.48607,103.94349,0,0,0,0,1
108.90016,149.48607,103.94349,0,0,0,0,1
108.92006,149.48607,103.94349,0,0,0,0,1
108.94021,149.48607,103.94349,0,0,0,0,1
108.96024,149.48607,103.94349,0,0,0,0,1
108.98039,149.48607,103.94349,0,0,0,0,1
109.00014,149.48607,103.94349,0,0,0,0,1
109.02020,149.48607,103.94349,0,0,0,0,1
109.04040,149.48607,103.94349,0,0,0,0,1
109.06011,149.48607,103.94349,0,0,0,0,1
109.08027,149.48607,103.94349,0,0,0,0,1
109.10024,149.48607,103.94349,0,0,0,0,1
109.12018,149.48607,103.94349,0,0,0,0,1
109.14049,149.48607,103.94349,0,0,0,0,1
109.16009,149.48607,103.94349,0,0,0,0,1
109.18028,149.48607,103.94349,0,0,0,0,1
109.20033,149.48607,103.94349,0,0,0,0,1
109.22024,149.48607,103.94349,0,0,0,0,1
109.24047,149.48607,103.94349,0,0,0,0,1
109.26032,149.48607,103.94349,0,0,0,0,1
109.28052,149.48607,103.94349,0,0,0,0,1
109.30024,149.48607,103.94349,0,0,0,0,1
109.32038,149.48607,103.94349,0,0,0,0,1
109.34027,149.48607,103.94349,0,0,0,0,1
109.36048,149.48607,103.94349,0,0,0,0,1
109.38020,149.48607,103.94349,0,0,0,0,1
109.40038,149.48607,103.94349,0,0,0,0,1
109.42035,149.48607,103.94349,0,0,0,0,1
109.44005,149.48607,103.94349,0,0,0,0,1
109.46047,149.48607,103.94349,0,0,0,0,1
109.48011,149.48607,103.94349,0,0,0,0,1
109.50042,149.48607,103.94349,0,0,0,0,1
109.52053,149.48607,103.94349,0,0,0,0,1
109.54027,149.48607,103.94349,1,0,0,0,1
109.56025,149.26901,103.68050,1,0,0,0,1
109.58048,149.05196,103.41750,1,0,0,0,1
109.60032,148.83490,103.15451,1,0,0,0,1
109.62033,148.61784,102.89152,1,0,0,0,1
109.64034,148.40079,102.62852,1,0,0,0,1
109.66027,147.96667,102.10254,1,0,0,0,1
109.68003,147.74962,101.83955,1,0,0,0,1
109.70017,147.53256,101.57655,0,0,0,0,1
109.72017,147.31551,101.31356,0,0,0,0,1
109.74021,147.31551,101.31356,0,0,0,0,1
109.76046,147.31551,101.31356,0,0,0,0,1
109.78028,147.31551,101.31356,0,0,0,0,1
109.80048,147.31551,101.31356,0,0,0,0,1
109.82050,147.31551,101.31356,0,0,0,0,1
109.84016,147.31551,101.31356,0,0,0,0,1
109.86033,147.31551,101.31356,0,0,0,0,1
109.88050,147.31551,101.31356,0,0,0,0,1
109.90024,147.31551,101.31356,0,0,0,0,1
109.92027,147.31551,101.31356,0,0,0,0,1
109.94048,147.31551,101.31356,0,0,0,0,1
109.96023,147.31551,101.31356,0,0,0,0,1
109.98053,147.31551,101.31356,0,0,0,0,1
110.00031,147.31551,101.31356,0,0,0,0,1
110.02049,147.31551,101.31356,0,0,0,0,1
110.04039,147.31551,101.31356,0,0,0,0,1
110.06022,147.31551,101.31356,0,0,0,0,1
110.08039,147.31551,101.31356,0,0,0,0,1
110.10055,147.31551,101.31356,0,0,0,0,1
110.12021,147.31551,101.31356,0,0,0,0,1
110.14053,147.31551,101.31356,0,0,0,0,1
110.16052,147.31551,101.31356,0,0,0,0,1
110.18019,147.31551,101.31356,0,0,0,0,1
110.20035,147.31551,101.31356,0,0,0,0,1
110.22051,147.31551,101.31356,0,0,0,0,1
110.24051,147.31551,101.31356,0,0,0,0,1
110.26021,147.31551,101.31356,0,0,0,0,1
110.28037,147.31551,101.31356,1,0,0,0,1
110.30040,147.09845,101.05057,1,0,1,0,1
110.32051,146.88139,100.78757,1,0,1,0,1
110.34020,146.66434,100.52458,1,0,1,0,1
110.36063,146.17786,100.04720,1,0,1,0,1
110.38037,145.91081,99.83515,1,0,1,0,1
110.40022,145.62961,99.64227,1,0,1,0,1
110.42017,145.33562,99.46949,1,0,1,0,1
110.44030,145.03029,99.31767,1,0,1,0,1
110.46048,144.39159,99.07973,1,0,1,0,1
110.48023,144.06134,98.99478,1,0,1,0,1
110.50051,143.72597,98.93311,1,0,0,0,1
110.52028,143.38710,98.89500,0,0,0,0,1
110.54018,143.04823,98.85689,0,0,0,0,1
110.56019,143.04823,98.85689,0,0,0,0,1
110.58036,143.04823,98.85689,0,0,0,0,1
110.60050,143.04823,98.85689,0,0,0,0,1
110.62018,143.04823,98.85689,0,0,0,0,1
110.64020,143.04823,98.85689,0,0,0,0,1
110.66026,143.04823,98.85689,0,0,0,0,1
110.68046,143.04823,98.85689,0,0,0,0,1
110.70017,143.04823,98.85689,0,0,0,0,1
110.72020,143.04823,98.85689,0,0,0,0,1
110.74023,143.04823,98.85689,0,0,0,0,1
110.76032,143.04823,98.85689,0,0,0,0,1
110.78014,143.04823,98.85689,0,0,0,0,1
110.80015,143.04823,98.85689,0,0,0,0,1
110.82016,143.04823,98.85689,0,0,0,0,1
110.84019,143.04823,98.85689,0,0,0,0,1
110.86045,143.04823,98.85689,0,0,0,0,1
110.88011,143.04823,98.85689,0,0,0,0,1
110.90048,143.04823,98.85689,0,0,0,0,1
110.92009,143.04823,98.85689,0,0,0,0,1
110.94025,143.04823,98.85689,0,0,0,0,1
110.96046,143.04823,98.85689,0,0,0,0,1
110.98008,143.04823,98.85689,0,0,0,0,1
111.00007,143.04823,98.85689,0,0,0,0,1
111.02014,143.04823,98.85689,0,0,0,0,1
111.04025,143.04823,98.85689,0,0,0,0,1
111.06038,143.04823,98.85689,0,0,0,0,1
111.08040,143.04823,98.85689,0,0,0,0,1
111.10048,143.04823,98.85689,0,0,0,0,1
111.12040,143.04823,98.85689,0,0,0,0,1
111.14006,143.04823,98.85689,0,0,0,0,1
111.16011,143.04823,98.85689,0,0,0,0,1
111.18037,143.04823,98.85689,0,0,0,0,1
111.20025,143.04823,98.85689,0,0,0,0,1
111.22009,143.04823,98.85689,0,0,0,0,1
111.24032,143.04823,98.85689,0,0,0,0,1
111.26020,143.04823,98.85689,0,0,0,0,1
111.28047,143.04823,98.85689,0,0,0,0,1
111.30014,143.04823,98.85689,0,0,0,0,1
111.32021,143.04823,98.85689,0,1,0,0,1
111.34007,143.04823,98.85689,0,1,0,0,1
111.36031,143.04823,98.85689,1,1,0,0,1
111.38040,142.72469,98.74918,1,1,0,0,1
111.40056,142.40944,98.61916,1,1,0,0,1
111.42027,142.10403,98.46748,1,1,0,0,1
111.44008,141.80995,98.29488,1,1,0,0,1
111.46030,141.26141,97.89033,1,1,0,0,1
111.48052,141.00963,97.66036,0,1,0,0,1
111.50029,140.77449,97.41339,0,0,0,0,1
111.52039,140.77449,97.41339,0,0,0,0,1
111.54005,140.77449,97.41339,0,0,0,0,1
111.56029,140.77449,97.41339,0,0,0,0,1
111.58031,140.77449,97.41339,0,0,0,0,1
111.60053,140.77449,97.41339,0,0,0,0,1
111.62031,140.77449,97.41339,0,0,0,0,1
111.64033,140.77449,97.41339,0,0,0,0,1
111.66015,140.77449,97.41339,0,0,0,0,1
111.68047,140.77449,97.41339,0,0,0,0,1
111.70039,140.77449,97.41339,0,0,0,0,1
111.72005,140.77449,97.41339,0,0,0,0,1
111.74016,140.77449,97.41339,0,0,0,0,1
111.76023,140.77449,97.41339,0,0,0,0,1
111.78038,140.77449,97.41339,0,0,0,0,1
111.80047,140.77449,97.41339,0,0,0,0,1
111.82029,140.77449,97.41339,0,0,0,0,1
111.84046,140.77449,97.41339,0,0,0,0,1
111.86052,140.77449,97.41339,0,0,0,0,1
111.88024,140.77449,97.41339,0,0,0,0,1
111.90010,140.77449,97.41339,0,0,0,0,1
111.92035,140.77449,97.41339,0,0,0,0,1
111.94018,140.77449,97.41339,0,0,0,0,1
111.96018,140.77449,97.41339,0,0,0,0,1
111.98020,140.77449,97.41339,0,0,0,0,1
112.00052,140.77449,97.41339,0,0,0,0,1
112.02020,140.77449,97.41339,0,0,0,0,1
112.04028,140.77449,97.41339,0,0,0,0,1
112.06035,140.77449,97.41339,0,0,0,0,1
112.08007,140.77449,97.41339,0,0,0,0,1
112.10023,140.77449,97.41339,0,0,0,0,1
112.12027,140.77449,97.41339,0,0,0,0,1
112.14010,140.77449,97.41339,0,0,0,0,1
112.16035,140.77449,97.41339,1,0,0,0,1
112.18010,140.55716,97.15063,1,0,0,0,1
112.20006,140.33983,96.88786,1,0,0,0,1
112.22011,140.12250,96.62510,1,0,0,0,1
112.24024,139.90517,96.36234,1,0,0,0,1
112.26032,139.47050,95.83681,1,0,0,0,1
112.28027,139.25317,95.57404,1,0,0,0,1
112.30034,139.03584,95.31128,1,0,0,0,1
112.32020,138.81851,95.04852,1,0,0,0,1
112.34007,138.60118,94.78575,0,0,0,0,1
112.36065,138.38385,94.52299,0,0,0,0,1
112.38021,138.38385,94.52299,0,0,0,0,1
112.40051,138.38385,94.52299,0,0,0,0,1
112.42027,138.38385,94.52299,0,0,0,0,1
112.44036,138.38385,94.52299,0,0,0,0,1
112.46008,138.38385,94.52299,0,0,0,0,1
112.48010,138.38385,94.52299,0,0,0,0,1
112.50040,138.38385,94.52299,0,0,0,0,1
112.52003,138.38385,94.52299,0,0,0,0,1
112.54019,138.38385,94.52299,0,0,0,0,1
112.56041,138.38385,94.52299,0,0,0,0,1
112.58045,138.38385,94.52299,0,0,0,0,1
112.60011,138.38385,94.52299,0,0,0,0,1
112.62031,138.38385,94.52299,0,0,0,0,1
112.64009,138.38385,94.52299,0,0,0,0,1
112.66024,138.38385,94.52299,0,0,0,0,1
112.68030,138.38385,94.52299,0,0,0,0,1
112.70037,138.38385,94.52299,0,0,0,0,1
112.72022,138.38385,94.52299,0,0,0,0,1
112.74009,138.38385,94.52299,0,0,0,0,1
112.76082,138.38385,94.52299,0,0,0,0,1
112.78029,138.38385,94.52299,0,0,0,0,1
112.80031,138.38385,94.52299,0,0,0,0,1
112.82010,138.38385,94.52299,0,0,0,0,1
112.84014,138.38385,94.52299,0,0,0,0,1
112.86025,138.38385,94.52299,0,0,0,0,1
112.88024,138.38385,94.52299,0,0,0,0,1
112.90056,138.38385,94.52299,0,0,0,0,1
112.92018,138.38385,94.52299,0,0,0,0,1
112.94035,138.38385,94.52299,0,0,0,0,1
112.96040,138.38385,94.52299,1,0,0,0,1
112.98004,138.16652,94.26022,1,0,1,0,1
113.00016,137.94919,93.99746,1,0,1,0,1
113.02033,137.71404,93.75051,1,0,1,0,1
113.04023,137.46220,93.52059,1,0,1,0,1
113.06020,137.19493,93.30882,1,0,1,0,1
113.08046,136.61935,92.94376,1,0,1,0,1
113.10021,136.31386,92.79226,1,0,1,0,1
113.12015,135.99854,92.66246,1,0,1,0,1
113.14041,135.67491,92.55500,1,0,1,0,1
113.16022,135.34457,92.47040,1,0,1,0,1
113.18050,134.67024,92.37132,0,0,0,0,1
113.20029,134.67024,92.37132,0,0,0,0,1
113.22031,134.67024,92.37132,0,0,0,0,1
113.24041,134.67024,92.37132,0,0,0,0,1
113.26005,134.67024,92.37132,0,0,0,0,1
113.28034,134.67024,92.37132,0,0,0,0,1
113.30050,134.67024,92.37132,0,0,0,0,1
113.32020,134.67024,92.37132,0,0,0,0,1
113.34035,134.67024,92.37132,0,0,0,0,1
113.36014,134.67024,92.37132,0,0,0,0,1
113.38033,134.67024,92.37132,0,0,0,0,1
113.40037,134.67024,92.37132,0,0,0,0,1
113.42036,134.67024,92.37132,0,0,0,0,1
113.44027,134.67024,92.37132,0,0,0,0,1
113.46015,134.67024,92.37132,0,0,0,0,1
113.48022,134.67024,92.37132,0,0,0,0,1
113.50041,134.67024,92.37132,0,0,0,0,1
113.52053,134.67024,92.37132,0,0,0,0,1
113.54019,134.67024,92.37132,0,0,0,0,1
113.56004,134.67024,92.37132,0,0,0,0,1
113.58022,134.67024,92.37132,0,0,0,0,1
113.60050,134.67024,92.37132,0,0,0,0,1
113.62036,134.67024,92.37132,0,0,0,0,1
113.64024,134.67024,92.37132,0,0,0,0,1
113.66015,134.67024,92.37132,0,0,0,0,1
113.68014,134.67024,92.37132,0,0,0,0,1
113.70036,134.67024,92.37132,0,0,0,0,1
113.72053,134.67024,92.37132,0,0,0,0,1
113.74053,134.67024,92.37132,0,0,0,0,1
113.76013,134.67024,92.37132,0,0,0,0,1
113.78040,134.67024,92.37132,0,0,0,0,1
113.80009,134.67024,92.37132,0,0,0,0,1
113.82029,134.67024,92.37132,0,0,0,0,1
113.84017,134.67024,92.37132,0,0,0,0,1
113.86031,134.67024,92.37132,0,0,0,0,1
113.88055,134.67024,92.37132,0,1,0,0,1
113.90030,134.67024,92.37132,1,1,0,0,1
113.92039,134.33133,92.33361,1,1,0,0,1
113.94007,133.99588,92.27235,1,1,0,0,1
113.96029,133.66551,92.18785,1,1,0,0,1
113.98052,133.02644,91.95087,1,1,0,0,1
114.00046,132.72086,91.79954,1,1,0,0,1
114.02042,132.42657,91.62727,1,1,0,0,1
114.04048,132.14502,91.43489,1,0,0,0,1
114.06015,131.87756,91.22335,0,0,0,0,1
114.08040,131.87756,91.22335,0,0,0,0,1
114.10021,131.87756,91.22335,0,0,0,0,1
114.12043,131.87756,91.22335,0,0,0,0,1
114.14052,131.87756,91.22335,0,0,0,0,1
114.16015,131.87756,91.22335,0,0,0,0,1
114.18038,131.87756,91.22335,0,0,0,0,1
114.20006,131.87756,91.22335,0,0,0,0,1
114.22027,131.87756,91.22335,0,0,0,0,1
114.24020,131.87756,91.22335,0,0,0,0,1
114.26022,131.87756,91.22335,0,0,0,0,1
114.28039,131.87756,91.22335,0,0,0,0,1
114.30036,131.87756,91.22335,0,0,0,0,1
114.32012,131.87756,91.22335,0,0,0,0,1
114.34023,131.87756,91.22335,0,0,0,0,1
114.36010,131.87756,91.22335,0,0,0,0,1
114.38021,131.87756,91.22335,0,0,0,0,1
114.40040,131.87756,91.22335,0,0,0,0,1
114.42028,131.87756,91.22335,0,0,0,0,1
114.44048,131.87756,91.22335,0,0,0,0,1
114.46028,131.87756,91.22335,0,0,0,0,1
114.48003,131.87756,91.22335,0,0,0,0,1
114.50046,131.87756,91.22335,0,0,0,0,1
114.52039,131.87756,91.22335,0,0,0,0,1
114.54022,131.87756,91.22335,0,0,0,0,1
114.56015,131.87756,91.22335,0,0,0,0,1
114.58017,131.87756,91.22335,0,0,0,0,1
114.60051,131.87756,91.22335,0,0,0,0,1
114.62019,131.87756,91.22335,0,0,0,0,1
114.64015,131.87756,91.22335,0,0,0,0,1
114.66029,131.87756,91.22335,0,0,0,0,1
114.68023,131.87756,91.22335,0,0,0,0,1
114.70041,131.87756,91.22335,0,0,0,0,1
114.72010,131.87756,91.22335,1,0,0,0,1
114.74014,131.87756,91.22335,1,0,0,0,1
114.76037,131.62552,90.99368,1,0,0,0,1
114.78046,131.12143,90.53432,1,0,0,0,1
114.80012,130.86938,90.30465,1,0,0,0,1
114.82018,130.61734,90.07497,1,0,0,0,1
114.84038,130.36530,89.84530,1,0,0,0,1
114.86033,130.11325,89.61562,0,0,0,0,1
114.88003,129.86121,89.38595,0,0,0,0,1
114.90035,129.86121,89.38595,0,0,0,0,1
114.92014,129.86121,89.38595,0,0,0,0,1
114.94040,129.86121,89.38595,0,0,0,0,1
114.96016,129.86121,89.38595,0,0,0,0,1
114.98016,129.86121,89.38595,0,0,0,0,1
115.00019,129.86121,89.38595,0,0,0,0,1
115.02019,129.86121,89.38595,0,0,0,0,1
115.04018,129.86121,89.38595,0,0,0,0,1
115.06018,129.86121,89.38595,0,0,0,0,1
115.08053,129.86121,89.38595,0,0,0,0,1
115.10030,129.86121,89.38595,0,0,0,0,1
115.12047,129.86121,89.38595,0,0,0,0,1
115.14011,129.86121,89.38595,0,0,0,0,1
115.16029,129.86121,89.38595,0,0,0,0,1
115.18054,129.86121,89.38595,0,0,0,0,1
115.20045,129.86121,89.38595,0,0,0,0,1
115.22021,129.86121,89.38595,0,0,0,0,1
115.24046,129.86121,89.38595,0,0,0,0,1
115.26015,129.86121,89.38595,0,0,0,0,1
115.28044,129.86121,89.38595,0,0,0,0,1
115.30028,129.86121,89.38595,0,0,0,0,1
115.32046,129.86121,89.38595,0,0,0,0,1
115.34018,129.86121,89.38595,0,0,0,0,1
115.36029,129.86121,89.38595,0,0,0,0,1
115.38050,129.86121,89.38595,0,0,0,0,1
115.40010,129.86121,89.38595,0,0,0,0,1
115.42018,129.86121,89.38595,0,0,0,0,1
115.44037,129.86121,89.38595,0,0,0,0,1
115.46014,129.86121,89.38595,0,0,0,0,1
115.48019,129.86121,89.38595,0,0,0,0,1
115.50041,129.86121,89.38595,0,0,0,0,1
115.52039,129.86121,89.38595,0,0,0,0,1
115.54051,129.86121,89.38595,1,0,1,0,1
115.56014,129.86121,89.38595,1,0,1,0,1
115.58039,129.34169,88.94476,1,0,1,0,1
115.60025,129.06010,88.75243,1,0,1,0,1
115.62010,128.76576,88.58025,1,0,1,0,1
115.64046,128.46013,88.42903,1,0,1,0,1
115.66024,128.14467,88.29953,1,0,1,0,1
115.68039,127.49052,88.10809,1,0,1,0,1
115.70018,126.81607,88.00967,1,0,0,0,1
115.72016,126.47534,87.99600,0,0,0,0,1
115.74048,126.47534,87.99600,0,0,0,0,1
115.76018,126.47534,87.99600,0,0,0,0,1
115.78050,126.47534,87.99600,0,0,0,0,1
115.80008,126.47534,87.99600,0,0,0,0,1
115.82021,126.47534,87.99600,0,0,0,0,1
115.84040,126.47534,87.99600,0,0,0,0,1
115.86005,126.47534,87.99600,0,0,0,0,1
115.88022,126.47534,87.99600,0,0,0,0,1
115.90051,126.47534,87.99600,0,0,0,0,1
115.92031,126.47534,87.99600,0,0,0,0,1
115.94044,126.47534,87.99600,0,0,0,0,1
115.96007,126.47534,87.99600,0,0,0,0,1
115.98021,126.47534,87.99600,0,0,0,0,1
116.00041,126.47534,87.99600,0,0,0,0,1
116.02053,126.47534,87.99600,0,0,0,0,1
116.04046,126.47534,87.99600,0,0,0,0,1
116.06016,126.47534,87.99600,0,0,0,0,1
116.08041,126.47534,87.99600,0,0,0,0,1
116.10041,126.47534,87.99600,0,0,0,0,1
116.12025,126.47534,87.99600,0,0,0,0,1
116.14030,126.47534,87.99600,0,0,0,0,1
116.16053,126.47534,87.99600,0,0,0,0,1
116.18020,126.47534,87.99600,0,0,0,0,1
116.20007,126.47534,87.99600,0,0,0,0,1
116.22029,126.47534,87.99600,0,0,0,0,1
116.24027,126.47534,87.99600,0,0,0,0,1
116.26053,126.47534,87.99600,0,0,0,0,1
116.28021,126.47534,87.99600,0,0,0,0,1
116.30021,126.47534,87.99600,0,0,0,0,1
116.32040,126.47534,87.99600,0,0,0,0,1
116.34023,126.47534,87.99600,1,1,0,0,1
116.36011,126.13461,87.98234,1,1,0,0,1
116.38014,125.46016,87.88401,1,1,0,0,1
116.40024,125.12971,87.79982,1,1,0,0,1
116.42039,124.80595,87.69279,1,1,0,0,1
116.44010,124.49043,87.56345,1,1,0,0,1
116.46028,123.89026,87.24042,1,1,0,0,1
116.48030,123.34087,86.83702,1,1,0,0,1
116.50051,123.08860,86.60758,0,0,0,0,1
116.52042,123.08860,86.60758,0,0,0,0,1
116.54021,123.08860,86.60758,0,0,0,0,1
116.56048,123.08860,86.60758,0,0,0,0,1
116.58019,123.08860,86.60758,0,0,0,0,1
116.60040,123.08860,86.60758,0,0,0,0,1
116.62018,123.08860,86.60758,0,0,0,0,1
116.64027,123.08860,86.60758,0,0,0,0,1
116.66054,123.08860,86.60758,0,0,0,0,1
116.68014,123.08860,86.60758,0,0,0,0,1
116.70030,123.08860,86.60758,0,0,0,0,1
116.72007,123.08860,86.60758,0,0,0,0,1
116.74018,123.08860,86.60758,0,0,0,0,1
116.76036,123.08860,86.60758,0,0,0,0,1
116.78029,123.08860,86.60758,0,0,0,0,1
116.80014,123.08860,86.60758,0,0,0,0,1
116.82022,123.08860,86.60758,0,0,0,0,1
116.84043,123.08860,86.60758,0,0,0,0,1
116.86006,123.08860,86.60758,0,0,0,0,1
116.88027,123.08860,86.60758,0,0,0,0,1
116.90035,123.08860,86.60758,0,0,0,0,1
116.92004,123.08860,86.60758,0,0,0,0,1
116.94025,123.08860,86.60758,0,0,0,0,1
116.96036,123.08860,86.60758,0,0,0,0,1
116.98050,123.08860,86.60758,0,0,0,0,1
117.00017,123.08860,86.60758,0,0,0,0,1
117.02033,123.08860,86.60758,0,0,0,0,1
117.04053,123.08860,86.60758,0,0,0,0,1
117.06026,123.08860,86.60758,0,0,0,0,1
117.08051,123.08860,86.60758,0,0,0,0,1
117.10047,123.08860,86.60758,0,0,0,0,1
117.12046,123.08860,86.60758,0,0,0,0,1
117.14050,123.08860,86.60758,0,0,0,0,1
117.16052,123.08860,86.60758,0,0,0,0,1
117.18053,123.08860,86.60758,1,0,0,0,1
117.20003,122.87071,86.34528,1,0,0,0,1
117.22053,122.43494,85.82066,1,0,0,0,1
117.24024,122.21705,85.55836,1,0,0,0,1
117.26025,121.99916,85.29605,1,0,0,0,1
117.28038,121.78127,85.03374,1,0,0,0,1
117.30039,121.34550,84.50913,1,0,0,0,1
117.32014,121.12761,84.24683,1,0,0,0,1
117.34007,120.90972,83.98452,0,0,0,0,1
117.36032,120.90972,83.98452,0,0,0,0,1
117.38052,120.90972,83.98452,0,0,0,0,1
117.40032,120.90972,83.98452,0,0,0,0,1
117.42030,120.90972,83.98452,0,0,0,0,1
117.44015,120.90972,83.98452,0,0,0,0,1
117.46045,120.90972,83.98452,0,0,0,0,1
117.48044,120.90972,83.98452,0,0,0,0,1
117.50024,120.90972,83.98452,0,0,0,0,1
117.52043,120.90972,83.98452,0,0,0,0,1
117.54011,120.90972,83.98452,0,0,0,0,1
117.56013,120.90972,83.98452,0,0,0,0,1
117.58055,120.90972,83.98452,0,0,0,0,1
117.60016,120.90972,83.98452,0,0,0,0,1
117.62028,120.90972,83.98452,0,0,0,0,1
117.64047,120.90972,83.98452,0,0,0,0,1
117.66035,120.90972,83.98452,0,0,0,0,1
117.68023,120.90972,83.98452,0,0,0,0,1
117.70028,120.90972,83.98452,0,0,0,0,1
117.72016,120.90972,83.98452,0,0,0,0,1
117.74028,120.90972,83.98452,0,0,0,0,1
117.76015,120.90972,83.98452,0,0,0,0,1
117.78025,120.90972,83.98452,0,0,0,0,1
117.80028,120.90972,83.98452,0,0,0,0,1
117.82030,120.90972,83.98452,0,0,0,0,1
117.84009,120.90972,83.98452,0,0,0,0,1
117.86032,120.90972,83.98452,0,0,0,0,1
117.88005,120.90972,83.98452,0,0,0,0,1
117.90028,120.90972,83.98452,0,0,0,0,1
117.92021,120.90972,83.98452,0,0,0,0,1
117.94037,120.90972,83.98452,0,0,0,0,1
117.96011,120.90972,83.98452,0,0,0,0,1
117.98005,120.90972,83.98452,1,0,0,0,1
118.00024,120.69183,83.72221,1,0,0,0,1
118.02018,120.25606,83.19760,1,0,0,0,1
118.04044,120.03817,82.93530,1,0,1,0,1
118.06007,119.82028,82.67299,1,0,1,0,1
118.08026,119.58460,82.42654,1,0,1,0,1
118.10047,119.06458,81.98594,1,0,1,0,1
118.12021,118.78276,81.79395,1,0,1,0,1
118.14038,118.48823,81.62210,1,0,1,0,1
118.16006,118.18241,81.47124,0,0,1,0,1
118.18029,117.86681,81.34211,0,0,0,0,1
118.20024,117.86681,81.34211,0,0,0,0,1
118.22022,117.86681,81.34211,0,0,0,0,1
118.24006,117.86681,81.34211,0,0,0,0,1
118.26010,117.86681,81.34211,0,0,0,0,1
118.28021,117.86681,81.34211,0,0,0,0,1
118.30035,117.86681,81.34211,0,0,0,0,1
118.32022,117.86681,81.34211,0,0,0,0,1
118.34038,117.86681,81.34211,0,0,0,0,1
118.36005,117.86681,81.34211,0,0,0,0,1
118.38028,117.86681,81.34211,0,0,0,0,1
118.40020,117.86681,81.34211,0,0,0,0,1
118.42024,117.86681,81.34211,0,0,0,0,1
118.44038,117.86681,81.34211,0,0,0,0,1
118.46011,117.86681,81.34211,0,0,0,0,1
118.48017,117.86681,81.34211,0,0,0,0,1
118.50069,117.86681,81.34211,0,0,0,0,1
118.52029,117.86681,81.34211,0,0,0,0,1
118.54026,117.86681,81.34211,0,0,0,0,1
118.56046,117.86681,81.34211,0,0,0,0,1
118.58022,117.86681,81.34211,0,0,0,0,1
118.60044,117.86681,81.34211,0,0,0,0,1
118.62027,117.86681,81.34211,0,0,0,0,1
118.64036,117.86681,81.34211,0,0,0,0,1
118.66040,117.86681,81.34211,0,0,0,0,1
118.68010,117.86681,81.34211,0,0,0,0,1
118.70016,117.86681,81.34211,0,0,0,0,1
118.72032,117.86681,81.34211,0,0,0,0,1
118.74053,117.86681,81.34211,0,0,0,0,1
118.76041,117.86681,81.34211,0,0,0,0,1
118.78018,117.86681,81.34211,0,0,0,0,1
118.80047,117.86681,81.34211,0,0,0,0,1
118.82012,117.86681,81.34211,1,1,0,0,1
118.84018,117.53629,81.25821,1,1,0,0,1
118.86031,117.21243,81.15146,1,1,0,0,1
118.88048,116.89680,81.02238,1,1,0,0,1
118.90049,116.29634,80.69987,1,1,0,0,1
118.92021,116.01443,80.50801,1,1,0,0,1
118.94043,115.74660,80.29696,1,1,0,0,1
118.96071,115.49413,80.06774,1,0,0,0,1
118.98017,115.25827,79.82147,0,0,0,0,1
119.00037,115.04015,79.55936,0,0,0,0,1
119.02004,115.04015,79.55936,0,0,0,0,1
119.04049,115.04015,79.55936,0,0,0,0,1
119.06017,115.04015,79.55936,0,0,0,0,1
119.08014,115.04015,79.55936,0,0,0,0,1
119.10054,115.04015,79.55936,0,0,0,0,1
119.12053,115.04015,79.55936,0,0,0,0,1
119.14024,115.04015,79.55936,0,0,0,0,1
119.16027,115.04015,79.55936,0,0,0,0,1
119.18015,115.04015,79.55936,0,0,0,0,1
119.20053,115.04015,79.55936,0,0,0,0,1
119.22009,115.04015,79.55936,0,0,0,0,1
119.24022,115.04015,79.55936,0,0,0,0,1
119.26037,115.04015,79.55936,0,0,0,0,1
119.28009,115.04015,79.55936,0,0,0,0,1
119.30021,115.04015,79.55936,0,0,0,0,1
119.32022,115.04015,79.55936,0,0,0,0,1
119.34052,115.04015,79.55936,0,0,0,0,1
119.36053,115.04015,79.55936,0,0,0,0,1
119.38053,115.04015,79.55936,0,0,0,0,1
119.40024,115.04015,79.55936,0,0,0,0,1
119.42054,115.04015,79.55936,0,0,0,0,1
119.44029,115.04015,79.55936,0,0,0,0,1
119.46003,115.04015,79.55936,0,0,0,0,1
119.48024,115.04015,79.55936,0,0,0,0,1
119.50027,115.04015,79.55936,0,0,0,0,1
119.52029,115.04015,79.55936,0,0,0,0,1
119.54053,115.04015,79.55936,0,0,0,0,1
119.56028,115.04015,79.55936,0,0,0,0,1
119.58031,115.04015,79.55936,0,0,0,0,1
119.60053,115.04015,79.55936,0,0,0,0,1
119.62014,115.04015,79.55936,0,0,0,0,1
119.64038,115.04015,79.55936,0,0,0,0,1
119.66011,115.04015,79.55936,0,0,1,0,1
119.68029,115.04015,79.55936,0,0,1,0,1
119.70048,115.04015,79.55936,0,0,1,0,1
119.72014,115.04015,79.55936,0,0,1,0,1
119.74032,115.04015,79.55936,0,0,1,0,1
119.76021,115.04015,79.55936,0,0,1,0,1
119.78052,115.04015,79.55936,0,0,1,0,1
119.80030,115.04015,79.55936,0,0,1,0,1
119.82053,115.04015,79.55936,0,0,1,0,1
119.84040,115.04015,79.55936,0,0,1,0,1
119.86052,115.04015,79.55936,0,0,1,0,1
119.88013,115.04015,79.55936,0,0,1,0,1
119.90039,115.04015,79.55936,0,0,1,0,1
119.92036,115.04015,79.55936,0,0,1,0,1
119.94045,115.04015,79.55936,0,0,1,0,1
119.96011,115.04015,79.55936,0,0,1,0,1
119.98044,115.04015,79.55936,0,0,1,0,1
120.00053,115.04015,79.55936,0,0,1,0,1
120.02029,115.04015,79.55936,0,0,1,0,1
120.04026,115.04015,79.55936,0,0,1,0,1
120.06020,115.04015,79.55936,0,0,1,0,1
120.08043,115.04015,79.55936,0,0,1,0,1
120.10011,115.04015,79.55936,0,0,1,0,1
120.12010,115.04015,79.55936,0,0,1,0,1
120.14041,115.04015,79.55936,0,0,1,0,1
120.16047,115.04015,79.55936,0,0,1,0,1
120.18021,115.04015,79.55936,0,0,1,0,1
120.20036,115.04015,79.55936,0,0,1,0,1
120.22008,115.04015,79.55936,0,0,0,0,1
120.24055,115.04015,79.55936,0,0,0,0,1
120.26040,115.04015,79.55936,0,0,0,0,1
120.28007,115.04015,79.55936,0,0,0,0,1
120.30013,115.04015,79.55936,0,0,0,0,1
120.32022,115.04015,79.55936,0,0,0,0,1
120.34044,115.04015,79.55936,0,0,0,0,1
120.36012,115.04015,79.55936,0,0,0,0,1
120.38032,115.04015,79.55936,0,0,0,0,1
120.40042,115.04015,79.55936,0,0,0,0,1
120.42045,115.04015,79.55936,0,0,0,0,1
120.44006,115.04015,79.55936,0,0,0,0,1
120.46022,115.04015,79.55936,0,0,0,0,1
120.48046,115.04015,79.55936,0,0,0,0,1
120.50035,115.04015,79.55936,0,0,0,0,1
120.52025,115.04015,79.55936,0,0,0,0,1
120.54040,115.04015,79.55936,0,0,0,0,1
120.56019,115.04015,79.55936,0,0,0,0,1
120.58052,115.04015,79.55936,0,0,0,0,1
120.60030,115.04015,79.55936,0,0,0,0,1
120.62027,115.04015,79.55936,0,0,0,0,1
120.64006,115.04015,79.55936,0,0,0,0,1
120.66034,115.04015,79.55936,0,0,0,0,1
120.68051,115.04015,79.55936,0,0,0,0,1
120.70012,115.04015,79.55936,0,0,0,0,1
120.72055,115.04015,79.55936,0,0,0,0,1
120.74037,115.04015,79.55936,0,0,0,0,1
120.76045,115.04015,79.55936,0,0,0,0,1
120.78015,115.04015,79.55936,0,0,0,0,1
120.80031,115.04015,79.55936,0,0,0,0,1
120.82053,115.04015,79.55936,0,0,0,0,1
120.84015,115.04015,79.55936,0,0,0,0,1
120.86042,115.04015,79.55936,0,0,0,0,1
120.88007,115.04015,79.55936,0,0,0,0,1
120.90035,115.04015,79.55936,0,0,0,0,1
120.92051,115.04015,79.55936,0,0,0,0,1
120.94010,115.04015,79.55936,0,0,0,0,1
120.96042,115.04015,79.55936,0,0,0,0,1
120.98020,115.04015,79.55936,0,0,0,0,1
121.00040,115.04015,79.55936,0,0,0,0,1
121.02014,115.04015,79.55936,0,0,0,0,1
121.04013,115.04015,79.55936,0,0,0,0,1
121.06019,115.04015,79.55936,0,0,0,0,1
121.08012,115.04015,79.55936,0,0,0,0,1
121.10034,115.04015,79.55936,0,0,0,0,1
121.12009,115.04015,79.55936,0,0,0,0,1
121.14053,115.04015,79.55936,0,0,0,0,1
121.16025,115.04015,79.55936,0,0,0,0,1
121.18042,115.04015,79.55936,0,0,0,0,1
121.20013,115.04015,79.55936,0,0,0,0,1
121.22034,115.04015,79.55936,0,0,0,0,1
121.24032,115.04015,79.55936,0,0,0,0,1
121.26010,115.04015,79.55936,0,0,0,0,1
121.28027,115.04015,79.55936,0,0,0,0,1
121.30011,115.04015,79.55936,0,0,0,0,1
121.32030,115.04015,79.55936,0,0,0,0,1
121.34048,115.04015,79.55936,0,0,0,0,1
121.36024,115.04015,79.55936,0,0,0,0,1
121.38048,115.04015,79.55936,0,0,0,0,1
121.40011,115.04015,79.55936,0,0,0,0,1
121.42034,115.04015,79.55936,0,0,0,0,1
121.44010,115.04015,79.55936,0,0,0,0,1
121.46043,115.04015,79.55936,0,0,0,0,1
121.48043,115.04015,79.55936,0,0,0,0,1
121.50045,115.04015,79.55936,0,0,0,0,1
121.52017,115.04015,79.55936,0,0,0,0,1
121.54019,115.04015,79.55936,0,0,0,0,1
121.56012,115.04015,79.55936,0,0,0,0,1
121.58049,115.04015,79.55936,0,0,0,0,1
121.60012,115.04015,79.55936,0,0,0,0,1
121.62024,115.04015,79.55936,0,0,0,0,1
121.64021,115.04015,79.55936,0,0,0,0,1
121.66038,115.04015,79.55936,0,0,0,0,1
121.68016,115.04015,79.55936,0,0,0,0,1
121.70034,115.04015,79.55936,0,0,0,0,1
121.72047,115.04015,79.55936,0,0,0,0,1
121.74015,115.04015,79.55936,0,0,0,0,1
121.76022,115.04015,79.55936,0,0,0,0,1
121.78016,115.04015,79.55936,1,0,0,0,1
121.80047,115.01588,79.89949,1,0,0,0,1
121.82040,114.96735,80.57976,1,0,0,0,1
121.84010,114.94308,80.91989,1,0,0,0,1
121.86044,114.91881,81.26003,1,0,0,0,1
121.88012,114.89454,81.60016,1,0,0,0,1
121.90035,114.87027,81.94029,1,0,0,0,1
121.92007,114.82173,82.62056,0,0,0,0,1
121.94017,114.82173,82.62056,0,0,0,0,1
121.96043,114.82173,82.62056,0,0,0,0,1
121.98018,114.82173,82.62056,0,0,0,0,1
122.00043,114.82173,82.62056,0,0,0,0,1
122.02023,114.82173,82.62056,0,0,0,0,1
122.04038,114.82173,82.62056,0,0,0,0,1
122.06052,114.82173,82.62056,0,0,0,0,1
122.08018,114.82173,82.62056,0,0,0,0,1
122.10031,114.82173,82.62056,0,0,0,0,1
122.12048,114.82173,82.62056,0,0,0,0,1
122.14056,114.82173,82.62056,0,0,0,0,1
122.16031,114.82173,82.62056,0,0,0,0,1
122.18052,114.82173,82.62056,0,0,0,0,1
122.20015,114.82173,82.62056,0,0,0,0,1
122.22036,114.82173,82.62056,0,0,0,0,1
122.24049,114.82173,82.62056,0,0,0,0,1
122.26047,114.82173,82.62056,0,0,0,0,1
122.28019,114.82173,82.62056,0,0,0,0,1
122.30028,114.82173,82.62056,0,0,0,0,1
122.32048,114.82173,82.62056,0,0,0,0,1
122.34033,114.82173,82.62056,0,0,0,0,1
122.36049,114.82173,82.62056,0,0,0,0,1
122.38037,114.82173,82.62056,0,0,0,0,1
122.40012,114.82173,82.62056,0,0,0,0,1
122.42029,114.82173,82.62056,0,0,0,0,1
122.44043,114.82173,82.62056,0,0,0,0,1
122.46011,114.82173,82.62056,0,0,0,0,1
122.48042,114.82173,82.62056,0,0,0,0,1
122.50052,114.82173,82.62056,0,0,0,0,1
122.52030,114.82173,82.62056,0,0,0,0,1
122.54006,114.82173,82.62056,0,0,0,0,1
122.56035,114.82173,82.62056,0,0,0,0,1
122.58005,114.82173,82.62056,0,0,0,0,1
122.60031,114.82173,82.62056,0,0,0,0,1
122.62046,114.82173,82.62056,0,0,0,0,1
122.64027,114.82173,82.62056,0,0,0,0,1
122.66053,114.82173,82.62056,1,0,0,0,1
122.68022,114.82173,82.62056,1,0,0,0,1
122.70050,114.79746,82.96069,1,0,1,0,1
122.72015,114.79609,83.98203,1,0,1,0,1
122.74040,114.84315,84.31977,1,0,1,0,1
122.76037,114.91367,84.65340,1,0,1,0,1
122.78006,115.00733,84.98129,1,0,1,0,1
122.80039,115.12366,85.30183,1,0,0,0,1
122.82030,115.42194,85.91468,0,0,0,0,1
122.84028,115.42194,85.91468,0,0,0,0,1
122.86044,115.42194,85.91468,0,0,0,0,1
122.88020,115.42194,85.91468,0,0,0,0,1
122.90042,115.42194,85.91468,0,0,0,0,1
122.92007,115.42194,85.91468,0,0,0,0,1
122.94031,115.42194,85.91468,0,0,0,0,1
122.96009,115.42194,85.91468,0,0,0,0,1
122.98027,115.42194,85.91468,0,0,0,0,1
123.00041,115.42194,85.91468,0,0,0,0,1
123.02056,115.42194,85.91468,0,0,0,0,1
123.04032,115.42194,85.91468,0,0,0,0,1
123.06014,115.42194,85.91468,0,0,0,0,1
123.08047,115.42194,85.91468,0,0,0,0,1
123.10029,115.42194,85.91468,0,0,0,0,1
123.12049,115.42194,85.91468,0,0,0,0,1
123.14053,115.42194,85.91468,0,0,0,0,1
123.16034,115.42194,85.91468,0,0,0,0,1
123.18034,115.42194,85.91468,0,0,0,0,1
123.20013,115.42194,85.91468,0,0,0,0,1
123.22053,115.42194,85.91468,0,0,0,0,1
123.24045,115.42194,85.91468,0,0,0,0,1
123.26033,115.42194,85.91468,0,0,0,0,1
123.28019,115.42194,85.91468,0,0,0,0,1
123.30009,115.42194,85.91468,0,0,0,0,1
123.32057,115.42194,85.91468,0,0,0,0,1
123.34025,115.42194,85.91468,0,0,0,0,1
123.36013,115.42194,85.91468,0,0,0,0,1
123.38043,115.42194,85.91468,0,0,0,0,1
123.40039,115.42194,85.91468,0,0,0,0,1
123.42009,115.42194,85.91468,0,0,0,0,1
123.44035,115.42194,85.91468,0,0,0,0,1
123.46029,115.42194,85.91468,0,0,0,0,1
123.48010,115.42194,85.91468,0,0,0,0,1
123.50038,115.42194,85.91468,1,1,0,0,1
123.52012,115.56039,86.22630,1,1,0,0,1
123.54004,115.77053,86.87469,1,1,0,0,1
123.56018,115.84119,87.20829,1,1,0,0,1
123.58049,115.88840,87.54601,1,1,0,0,1
123.60020,115.91196,87.88619,1,1,0,0,1
123.62047,115.88772,88.56735,1,1,0,0,1
123.64055,115.84004,88.90501,1,1,0,0,1
123.66046,115.76894,89.23851,0,1,0,0,1
123.68045,115.67474,89.56625,0,0,0,0,1
123.70018,115.67474,89.56625,0,0,0,0,1
123.72042,115.67474,89.56625,0,0,0,0,1
123.74020,115.67474,89.56625,0,0,0,0,1
123.76018,115.67474,89.56625,0,0,0,0,1
123.78054,115.67474,89.56625,0,0,0,0,1
123.80026,115.67474,89.56625,0,0,0,0,1
123.82015,115.67474,89.56625,0,0,0,0,1
123.84050,115.67474,89.56625,0,0,0,0,1
123.86052,115.67474,89.56625,0,0,0,0,1
123.88034,115.67474,89.56625,0,0,0,0,1
123.90046,115.67474,89.56625,0,0,0,0,1
123.92047,115.67474,89.56625,0,0,0,0,1
123.94008,115.67474,89.56625,0,0,0,0,1
123.96025,115.67474,89.56625,0,0,0,0,1
123.98051,115.67474,89.56625,0,0,0,0,1
124.00015,115.67474,89.56625,0,0,0,0,1
124.02045,115.67474,89.56625,0,0,0,0,1
124.04030,115.67474,89.56625,0,0,0,0,1
124.06047,115.67474,89.56625,0,0,0,0,1
124.08011,115.67474,89.56625,0,0,0,0,1
124.10026,115.67474,89.56625,0,0,0,0,1
124.12083,115.67474,89.56625,0,0,0,0,1
124.14026,115.67474,89.56625,0,0,0,0,1
124.16039,115.67474,89.56625,0,0,0,0,1
124.18007,115.67474,89.56625,0,0,0,0,1
124.20021,115.67474,89.56625,0,0,0,0,1
124.22038,115.67474,89.56625,0,0,0,0,1
124.24053,115.67474,89.56625,0,0,0,0,1
124.26026,115.67474,89.56625,0,0,0,0,1
124.28044,115.67474,89.56625,0,0,0,0,1
124.30024,115.67474,89.56625,1,0,0,0,1
124.32012,115.44112,90.20698,1,0,0,0,1
124.34042,115.32430,90.52734,1,0,0,0,1
124.36020,115.20749,90.84771,1,0,0,0,1
124.38053,115.09068,91.16808,1,0,0,0,1
124.40038,114.97386,91.48844,1,0,0,0,1
124.42007,114.74023,92.12917,1,0,0,0,1
124.44018,114.62342,92.44954,0,0,0,0,1
124.46040,114.50661,92.76991,0,0,0,0,1
124.48017,114.50661,92.76991,0,0,0,0,1
124.50007,114.50661,92.76991,0,0,0,0,1
124.52008,114.50661,92.76991,0,0,0,0,1
124.54048,114.50661,92.76991,0,0,0,0,1
124.56032,114.50661,92.76991,0,0,0,0,1
124.58049,114.50661,92.76991,0,0,0,0,1
124.60035,114.50661,92.76991,0,0,0,0,1
124.62023,114.50661,92.76991,0,0,0,0,1
124.64051,114.50661,92.76991,0,0,0,0,1
124.66027,114.50661,92.76991,0,0,0,0,1
124.68018,114.50661,92.76991,0,0,0,0,1
124.70012,114.50661,92.76991,0,0,0,0,1
124.72034,114.50661,92.76991,0,0,0,0,1
124.74053,114.50661,92.76991,0,0,0,0,1
124.76022,114.50661,92.76991,0,0,0,0,1
124.78017,114.50661,92.76991,0,0,0,0,1
124.80026,114.50661,92.76991,0,0,0,0,1
124.82012,114.50661,92.76991,0,0,0,0,1
124.84013,114.50661,92.76991,0,0,0,0,1
124.86041,114.50661,92.76991,0,0,0,0,1
124.88026,114.50661,92.76991,0,0,0,0,1
124.90051,114.50661,92.76991,0,0,0,0,1
124.92043,114.50661,92.76991,0,0,0,0,1
124.94017,114.50661,92.76991,0,0,0,0,1
124.96039,114.50661,92.76991,0,0,0,0,1
124.98013,114.50661,92.76991,0,0,0,0,1
125.00011,114.50661,92.76991,0,0,0,0,1
125.02032,114.50661,92.76991,0,0,0,0,1
125.04048,114.50661,92.76991,0,0,0,0,1
125.06024,114.50661,92.76991,0,0,0,0,1
125.08011,114.50661,92.76991,0,0,0,0,1
125.10040,114.50661,92.76991,1,0,0,0,1
125.12021,114.38979,93.09027,1,0,0,0,1
125.14055,114.27298,93.41064,1,0,1,0,1
125.16027,114.15617,93.73100,1,0,1,0,1
125.18047,114.06200,94.05875,1,0,1,0,1
125.20010,113.99097,94.39227,1,0,1,0,1
125.22051,113.91951,95.07009,1,0,1,0,1
125.24030,113.91944,95.41109,1,0,1,0,1
125.26045,113.94319,95.75127,0,0,0,0,1
125.28008,113.99064,96.08895,0,0,0,0,1
125.30030,113.99064,96.08895,0,0,0,0,1
125.32008,113.99064,96.08895,0,0,0,0,1
125.34047,113.99064,96.08895,0,0,0,0,1
125.36019,113.99064,96.08895,0,0,0,0,1
125.38044,113.99064,96.08895,0,0,0,0,1
125.40062,113.99064,96.08895,0,0,0,0,1
125.42032,113.99064,96.08895,0,0,0,0,1
125.44042,113.99064,96.08895,0,0,0,0,1
125.46014,113.99064,96.08895,0,0,0,0,1
125.48012,113.99064,96.08895,0,0,0,0,1
125.50007,113.99064,96.08895,0,0,0,0,1
125.52025,113.99064,96.08895,0,0,0,0,1
125.54024,113.99064,96.08895,0,0,0,0,1
125.56047,113.99064,96.08895,0,0,0,0,1
125.58019,113.99064,96.08895,0,0,0,0,1
125.60015,113.99064,96.08895,0,0,0,0,1
125.62020,113.99064,96.08895,0,0,0,0,1
125.64032,113.99064,96.08895,0,0,0,0,1
125.66022,113.99064,96.08895,0,0,0,0,1
125.68014,113.99064,96.08895,0,0,0,0,1
125.70008,113.99064,96.08895,0,0,0,0,1
125.72033,113.99064,96.08895,0,0,0,0,1
125.74020,113.99064,96.08895,0,0,0,0,1
125.76019,113.99064,96.08895,0,0,0,0,1
125.78037,113.99064,96.08895,0,0,0,0,1
125.80018,113.99064,96.08895,0,0,0,0,1
125.82018,113.99064,96.08895,0,0,0,0,1
125.84020,113.99064,96.08895,0,0,0,0,1
125.86021,113.99064,96.08895,0,0,0,0,1
125.88022,113.99064,96.08895,0,0,0,0,1
125.90010,113.99064,96.08895,0,0,0,0,1
125.92018,113.99064,96.08895,0,0,0,0,1
125.94017,113.99064,96.08895,0,0,0,0,1
125.96009,113.99064,96.08895,1,1,0,0,1
125.98015,113.99064,96.08895,1,1,0,0,1
126.00017,114.03809,96.42664,1,1,0,0,1
126.02019,114.06187,96.76681,1,1,0,0,1
126.04035,114.03809,97.44798,1,1,0,0,1
126.06014,113.99064,97.78567,1,1,0,0,1
126.08019,113.91976,98.11922,1,1,0,0,1
126.10028,113.82579,98.44701,1,0,0,0,1
126.12007,113.70919,98.76746,0,0,0,0,1
126.14023,113.70919,98.76746,0,0,0,0,1
126.16041,113.70919,98.76746,0,0,0,0,1
126.18016,113.70919,98.76746,0,0,0,0,1
126.20035,113.70919,98.76746,0,0,0,0,1
126.22054,113.70919,98.76746,0,0,0,0,1
126.24044,113.70919,98.76746,0,0,0,0,1
126.26010,113.70919,98.76746,0,0,0,0,1
126.28023,113.70919,98.76746,0,0,0,0,1
126.30034,113.70919,98.76746,0,0,0,0,1
126.32009,113.70919,98.76746,0,0,0,0,1
126.34052,113.70919,98.76746,0,0,0,0,1
126.36028,113.70919,98.76746,0,0,0,0,1
126.38044,113.70919,98.76746,0,0,0,0,1
126.40011,113.70919,98.76746,0,0,0,0,1
126.42031,113.70919,98.76746,0,0,0,0,1
126.44016,113.70919,98.76746,0,0,0,0,1
126.46048,113.70919,98.76746,0,0,0,0,1
126.48046,113.70919,98.76746,0,0,0,0,1
126.50035,113.70919,98.76746,0,0,0,0,1
126.52008,113.70919,98.76746,0,0,0,0,1
126.54027,113.70919,98.76746,0,0,0,0,1
126.56047,113.70919,98.76746,0,0,0,0,1
126.58012,113.70919,98.76746,0,0,0,0,1
126.60015,113.70919,98.76746,0,0,0,0,1
126.62038,113.70919,98.76746,0,0,0,0,1
126.64011,113.70919,98.76746,0,0,0,0,1
126.66010,113.70919,98.76746,0,0,0,0,1
126.68020,113.70919,98.76746,0,0,0,0,1
126.70052,113.70919,98.76746,0,0,0,0,1
126.72010,113.70919,98.76746,0,0,0,0,1
126.74027,113.70919,98.76746,0,0,0,0,1
126.76024,113.70919,98.76746,0,0,0,0,1
126.78008,113.70919,98.76746,0,0,0,0,1
126.80038,113.70919,98.76746,0,0,0,0,1
126.82008,113.70919,98.76746,0,0,0,0,1
126.84026,113.70919,98.76746,0,0,0,0,1
126.86024,113.70919,98.76746,1,0,0,0,1
126.88035,113.57053,99.07899,1,0,0,0,1
126.90045,113.43186,99.39052,1,0,0,0,1
126.92009,113.29320,99.70205,1,0,0,0,1
126.94018,113.01587,100.32511,1,0,0,0,1
126.96040,112.87720,100.63664,1,0,0,0,1
126.98008,112.73854,100.94817,1,0,0,0,1
127.00010,112.59988,101.25970,1,0,0,0,1
127.02033,112.46121,101.57124,1,0,0,0,1
127.04049,112.18388,102.19430,0,0,0,0,1
127.06028,112.04522,102.50583,0,0,0,0,1
127.08031,112.04522,102.50583,0,0,0,0,1
127.10011,112.04522,102.50583,0,0,0,0,1
127.12020,112.04522,102.50583,0,0,0,0,1
127.14036,112.04522,102.50583,0,0,0,0,1
127.16050,112.04522,102.50583,0,0,0,0,1
127.18013,112.04522,102.50583,0,0,0,0,1
127.20042,112.04522,102.50583,0,0,0,0,1
127.22019,112.04522,102.50583,0,0,0,0,1
127.24040,112.04522,102.50583,0,0,0,0,1
127.26047,112.04522,102.50583,0,0,0,0,1
127.28023,112.04522,102.50583,0,0,0,0,1
127.30054,112.04522,102.50583,0,0,0,0,1
127.32013,112.04522,102.50583,0,0,0,0,1
127.34032,112.04522,102.50583,0,0,0,0,1
127.36051,112.04522,102.50583,0,0,0,0,1
127.38050,112.04522,102.50583,0,0,0,0,1
127.40012,112.04522,102.50583,0,0,0,0,1
127.42032,112.04522,102.50583,0,0,0,0,1
127.44018,112.04522,102.50583,0,0,0,0,1
127.46036,112.04522,102.50583,0,0,0,0,1
127.48051,112.04522,102.50583,0,0,0,0,1
127.50047,112.04522,102.50583,0,0,0,0,1
127.52017,112.04522,102.50583,0,0,0,0,1
127.54049,112.04522,102.50583,0,0,0,0,1
127.56024,112.04522,102.50583,0,0,0,0,1
127.58025,112.04522,102.50583,0,0,0,0,1
127.60024,112.04522,102.50583,0,0,0,0,1
127.62010,112.04522,102.50583,0,0,0,0,1
127.64031,112.04522,102.50583,0,0,0,0,1
127.66049,112.04522,102.50583,0,0,0,0,1
127.68046,112.04522,102.50583,0,0,0,0,1
127.70006,112.04522,102.50583,0,0,0,0,1
127.72016,112.04522,102.50583,0,0,0,0,1
127.74035,112.04522,102.50583,0,0,0,0,1
127.76010,112.04522,102.50583,0,0,0,0,1
127.78022,112.04522,102.50583,1,0,1,0,1
127.80009,111.90656,102.81736,1,0,1,0,1
127.82040,111.76789,103.12889,1,0,1,0,1
127.84006,111.55741,103.77716,1,0,1,0,1
127.86022,111.43931,104.44843,1,0,1,0,1
127.88043,111.41569,104.78861,1,0,1,0,1
127.90009,111.41589,105.12962,1,0,1,0,1
127.92026,111.43990,105.46977,0,0,0,0,1
127.94064,111.48760,105.80742,0,0,0,0,1
127.96041,111.48760,105.80742,0,0,0,0,1
127.98016,111.48760,105.80742,0,0,0,0,1
128.00016,111.48760,105.80742,0,0,0,0,1
128.02023,111.48760,105.80742,0,0,0,0,1
128.04026,111.48760,105.80742,0,0,0,0,1
128.06027,111.48760,105.80742,0,0,0,0,1
128.08031,111.48760,105.80742,0,0,0,0,1
128.10046,111.48760,105.80742,0,0,0,0,1
128.12030,111.48760,105.80742,0,0,0,0,1
128.14044,111.48760,105.80742,0,0,0,0,1
128.16011,111.48760,105.80742,0,0,0,0,1
128.18026,111.48760,105.80742,0,0,0,0,1
128.20017,111.48760,105.80742,0,0,0,0,1
128.22041,111.48760,105.80742,0,0,0,0,1
128.24011,111.48760,105.80742,0,0,0,0,1
128.26032,111.48760,105.80742,0,0,0,0,1
128.28055,111.48760,105.80742,0,0,0,0,1
128.30019,111.48760,105.80742,0,0,0,0,1
128.32033,111.48760,105.80742,0,0,0,0,1
128.34018,111.48760,105.80742,0,0,0,0,1
128.36037,111.48760,105.80742,0,0,0,0,1
128.38019,111.48760,105.80742,0,0,0,0,1
128.40035,111.48760,105.80742,0,0,0,0,1
128.42051,111.48760,105.80742,0,0,0,0,1
128.44026,111.48760,105.80742,0,0,0,0,1
128.46045,111.48760,105.80742,0,0,0,0,1
128.48032,111.48760,105.80742,0,0,0,0,1
128.50016,111.48760,105.80742,0,0,0,0,1
128.52019,111.48760,105.80742,0,0,0,0,1
128.54009,111.48760,105.80742,0,0,0,0,1
128.56023,111.48760,105.80742,0,0,0,0,1
128.58018,111.48760,105.80742,0,0,0,0,1
128.60007,111.48760,105.80742,1,1,0,0,1
128.62029,111.55877,106.14091,1,1,0,0,1
128.64036,111.63058,106.81870,1,1,0,0,1
128.66049,111.63088,107.15970,1,1,0,0,1
128.68012,111.60739,107.49989,1,1,0,0,1
128.70026,111.56023,107.83761,1,1,0,0,1
128.72046,111.48964,108.17122,1,1,0,0,1
128.74038,111.27962,108.81965,1,0,0,0,1
128.76004,111.14123,109.13130,0,0,0,0,1
128.78018,111.14123,109.13130,0,0,0,0,1
128.80009,111.14123,109.13130,0,0,0,0,1
128.82029,111.14123,109.13130,0,0,0,0,1
128.84006,111.14123,109.13130,0,0,0,0,1
128.86032,111.14123,109.13130,0,0,0,0,1
128.88041,111.14123,109.13130,0,0,0,0,1
128.90029,111.14123,109.13130,0,0,0,0,1
128.92006,111.14123,109.13130,0,0,0,0,1
128.94029,111.14123,109.13130,0,0,0,0,1
128.96037,111.14123,109.13130,0,0,0,0,1
128.98008,111.14123,109.13130,0,0,0,0,1
129.00027,111.14123,109.13130,0,0,0,0,1
129.02056,111.14123,109.13130,0,0,0,0,1
129.04041,111.14123,109.13130,0,0,0,0,1
129.06018,111.14123,109.13130,0,0,0,0,1
129.08040,111.14123,109.13130,0,0,0,0,1
129.10027,111.14123,109.13130,0,0,0,0,1
129.12037,111.14123,109.13130,0,0,0,0,1
129.14059,111.14123,109.13130,0,0,0,0,1
129.16054,111.14123,109.13130,0,0,0,0,1
129.18018,111.14123,109.13130,0,0,0,0,1
129.20013,111.14123,109.13130,0,0,0,0,1
129.22041,111.14123,109.13130,0,0,0,0,1
129.24051,111.14123,109.13130,0,0,0,0,1
129.26012,111.14123,109.13130,0,0,0,0,1
129.28034,111.14123,109.13130,0,0,0,0,1
129.30021,111.14123,109.13130,0,0,0,0,1
129.32044,111.14123,109.13130,0,0,0,0,1
129.34015,111.14123,109.13130,0,0,0,0,1
129.36025,111.14123,109.13130,0,0,0,0,1
129.38042,111.14123,109.13130,0,0,0,0,1
129.40006,111.14123,109.13130,0,0,0,0,1
129.42045,111.14123,109.13130,0,0,0,0,1
129.44031,111.14123,109.13130,0,0,0,0,1
129.46043,111.14123,109.13130,1,0,0,0,1
129.48024,111.14123,109.13130,1,0,0,0,1
129.50042,111.00283,109.44296,1,0,0,0,1
129.52009,110.86443,109.75461,1,0,0,0,1
129.54025,110.58764,110.37791,1,0,0,0,1
129.56044,110.44924,110.68957,1,0,0,0,1
129.58018,110.31084,111.00122,1,0,0,0,1
129.60017,110.17245,111.31287,1,0,0,0,1
129.62051,110.03405,111.62453,1,0,0,0,1
129.64012,109.89565,111.93618,0,0,0,0,1
129.66018,109.75726,112.24783,0,0,0,0,1
129.68016,109.75726,112.24783,0,0,0,0,1
129.70026,109.75726,112.24783,0,0,0,0,1
129.72045,109.75726,112.24783,0,0,0,0,1
129.74018,109.75726,112.24783,0,0,0,0,1
129.76046,109.75726,112.24783,0,0,0,0,1
129.78045,109.75726,112.24783,0,0,0,0,1
129.80040,109.75726,112.24783,0,0,0,0,1
129.82013,109.75726,112.24783,0,0,0,0,1
129.84018,109.75726,112.24783,0,0,0,0,1
129.86039,109.75726,112.24783,0,0,0,0,1
129.88019,109.75726,112.24783,0,0,0,0,1
129.90031,109.75726,112.24783,0,0,0,0,1
129.92012,109.75726,112.24783,0,0,0,0,1
129.94030,109.75726,112.24783,0,0,0,0,1
129.96019,109.75726,112.24783,0,0,0,0,1
129.98008,109.75726,112.24783,0,0,0,0,1
130.00043,109.75726,112.24783,0,0,0,0,1
130.02019,109.75726,112.24783,0,0,0,0,1
130.04044,109.75726,112.24783,0,0,0,0,1
130.06016,109.75726,112.24783,0,0,0,0,1
130.08026,109.75726,112.24783,0,0,0,0,1
130.10008,109.75726,112.24783,0,0,0,0,1
130.12035,109.75726,112.24783,0,0,0,0,1
130.14019,109.75726,112.24783,0,0,0,0,1
130.16029,109.75726,112.24783,0,0,0,0,1
130.18032,109.75726,112.24783,0,0,0,0,1
130.20030,109.75726,112.24783,0,0,0,0,1
130.22047,109.75726,112.24783,0,0,0,0,1
130.24046,109.75726,112.24783,0,0,0,0,1
130.26005,109.75726,112.24783,0,0,0,0,1
130.28026,109.75726,112.24783,0,0,0,0,1
130.30042,109.75726,112.24783,1,0,0,0,1
130.32042,109.61886,112.55949,1,0,1,0,1
130.34006,109.48046,112.87114,1,0,1,0,1
130.36026,109.22577,113.50335,1,0,1,0,1
130.38009,109.13214,113.83125,1,0,1,0,1
130.40038,109.06165,114.16488,1,0,1,0,1
130.42006,109.01462,114.50262,1,0,1,0,1
130.44047,108.99129,114.84283,1,0,1,0,1
130.46008,109.01608,115.52396,1,0,1,0,1
130.48022,109.06408,115.86157,0,0,0,0,1
130.50017,109.13554,116.19500,0,0,0,0,1
130.52034,109.13554,116.19500,0,0,0,0,1
130.54043,109.13554,116.19500,0,0,0,0,1
130.56043,109.13554,116.19500,0,0,0,0,1
130.58015,109.13554,116.19500,0,0,0,0,1
130.60011,109.13554,116.19500,0,0,0,0,1
130.62041,109.13554,116.19500,0,0,0,0,1
130.64049,109.13554,116.19500,0,0,0,0,1
130.66048,109.13554,116.19500,0,0,0,0,1
130.68012,109.13554,116.19500,0,0,0,0,1
130.70025,109.13554,116.19500,0,0,0,0,1
130.72004,109.13554,116.19500,0,0,0,0,1
130.74020,109.13554,116.19500,0,0,0,0,1
130.76043,109.13554,116.19500,0,0,0,0,1
130.78019,109.13554,116.19500,0,0,0,0,1
130.80034,109.13554,116.19500,0,0,0,0,1
130.82023,109.13554,116.19500,0,0,0,0,1
130.84045,109.13554,116.19500,0,0,0,0,1
130.86011,109.13554,116.19500,0,0,0,0,1
130.88026,109.13554,116.19500,0,0,0,0,1
130.90051,109.13554,116.19500,0,0,0,0,1
130.92024,109.13554,116.19500,0,0,0,0,1
130.94004,109.13554,116.19500,0,0,0,0,1
130.96011,109.13554,116.19500,0,0,0,0,1
130.98045,109.13554,116.19500,0,0,0,0,1
131.00052,109.13554,116.19500,0,0,0,0,1
131.02029,109.13554,116.19500,0,0,0,0,1
131.04024,109.13554,116.19500,0,0,0,0,1
131.06054,109.13554,116.19500,0,0,0,0,1
131.08023,109.13554,116.19500,0,0,0,0,1
131.10052,109.13554,116.19500,0,0,0,0,1
131.12017,109.13554,116.19500,0,0,0,0,1
131.14022,109.13554,116.19500,0,0,0,0,1
131.16054,109.13554,116.19500,1,1,0,0,1
131.18028,109.23010,116.52262,1,1,0,0,1
131.20048,109.30159,116.85604,1,1,0,0,1
131.22009,109.34966,117.19363,1,1,0,0,1
131.24032,109.37405,117.53376,1,1,0,0,1
131.26008,109.35151,118.21497,1,1,0,0,1
131.28030,109.30468,118.55273,1,1,0,0,1
131.30052,109.23441,118.88641,1,1,0,0,1
131.32045,109.14103,119.21438,0,0,0,0,1
131.34024,109.14103,119.21438,0,0,0,0,1
131.36068,109.14103,119.21438,0,0,0,0,1
131.38044,109.14103,119.21438,0,0,0,0,1
131.40020,109.14103,119.21438,0,0,0,0,1
131.42032,109.14103,119.21438,0,0,0,0,1
131.44044,109.14103,119.21438,0,0,0,0,1
131.46028,109.14103,119.21438,0,0,0,0,1
131.48040,109.14103,119.21438,0,0,0,0,1
131.50015,109.14103,119.21438,0,0,0,0,1
131.52037,109.14103,119.21438,0,0,0,0,1
131.54031,109.14103,119.21438,0,0,0,0,1
131.56022,109.14103,119.21438,0,0,0,0,1
131.58008,109.14103,119.21438,0,0,0,0,1
131.60045,109.14103,119.21438,0,0,0,0,1
131.62046,109.14103,119.21438,0,0,0,0,1
131.64006,109.14103,119.21438,0,0,0,0,1
131.66043,109.14103,119.21438,0,0,0,0,1
131.68054,109.14103,119.21438,0,0,0,0,1
131.70040,109.14103,119.21438,0,0,0,0,1
131.72009,109.14103,119.21438,0,0,0,0,1
131.74048,109.14103,119.21438,0,0,0,0,1
131.76018,109.14103,119.21438,0,0,0,0,1
131.78039,109.14103,119.21438,0,0,0,0,1
131.80016,109.14103,119.21438,0,0,0,0,1
131.82021,109.14103,119.21438,0,0,0,0,1
131.84038,109.14103,119.21438,0,0,0,0,1
131.86051,109.14103,119.21438,0,0,0,0,1
131.88022,109.14103,119.21438,0,0,0,0,1
131.90040,109.14103,119.21438,0,0,0,0,1
131.92062,109.14103,119.21438,0,0,0,0,1
131.94024,109.14103,119.21438,0,0,0,0,1
131.96034,109.14103,119.21438,0,0,0,0,1
131.98052,109.14103,119.21438,0,0,0,0,1
132.00029,109.14103,119.21438,0,0,0,0,1
132.02048,109.14103,119.21438,0,0,0,0,1
132.04052,109.14103,119.21438,0,0,0,0,1
132.06021,109.14103,119.21438,1,0,0,0,1
132.08030,109.02501,119.53503,1,0,0,0,1
132.10036,108.90899,119.85569,1,0,0,0,1
132.12049,108.79297,120.17635,1,0,0,0,1
132.14032,108.56093,120.81766,1,0,0,0,1
132.16045,108.44491,121.13831,1,0,0,0,1
132.18014,108.21287,121.77962,1,0,0,0,1
132.20019,108.09685,122.10028,1,0,0,0,1
132.22022,107.98083,122.42094,0,0,0,0,1
132.24008,107.86481,122.74159,0,0,0,0,1
132.26045,107.86481,122.74159,0,0,0,0,1
132.28020,107.86481,122.74159,0,0,0,0,1
132.30010,107.86481,122.74159,0,0,0,0,1
132.32007,107.86481,122.74159,0,0,0,0,1
132.34010,107.86481,122.74159,0,0,0,0,1
132.36012,107.86481,122.74159,0,0,0,0,1
132.38021,107.86481,122.74159,0,0,0,0,1
132.40022,107.86481,122.74159,0,0,0,0,1
132.42021,107.86481,122.74159,0,0,0,0,1
132.44035,107.86481,122.74159,0,0,0,0,1
132.46009,107.86481,122.74159,0,0,0,0,1
132.48021,107.86481,122.74159,0,0,0,0,1
132.50027,107.86481,122.74159,0,0,0,0,1
132.52022,107.86481,122.74159,0,0,0,0,1
132.54029,107.86481,122.74159,0,0,0,0,1
132.56021,107.86481,122.74159,0,0,0,0,1
132.58053,107.86481,122.74159,0,0,0,0,1
132.60007,107.86481,122.74159,0,0,0,0,1
132.62023,107.86481,122.74159,0,0,0,0,1
132.64051,107.86481,122.74159,0,0,0,0,1
132.66005,107.86481,122.74159,0,0,0,0,1
132.68039,107.86481,122.74159,0,0,0,0,1
132.70052,107.86481,122.74159,0,0,0,0,1
132.72023,107.86481,122.74159,0,0,0,0,1
132.74055,107.86481,122.74159,0,0,0,0,1
132.76012,107.86481,122.74159,0,0,0,0,1
132.78027,107.86481,122.74159,0,0,0,0,1
132.80023,107.86481,122.74159,0,0,0,0,1
132.82045,107.86481,122.74159,0,0,0,0,1
132.84052,107.86481,122.74159,0,0,0,0,1
132.86022,107.86481,122.74159,0,0,0,0,1
132.88045,107.86481,122.74159,0,0,0,0,1
132.90022,107.86481,122.74159,1,0,0,0,1
132.92040,107.74879,123.06225,1,0,1,0,1
132.94014,107.63277,123.38290,1,0,1,0,1
132.96029,107.35320,124.36523,1,0,1,0,1
132.98018,107.30647,124.70302,1,0,1,0,1
133.00054,107.28343,125.04324,1,0,1,0,1
133.02005,107.28422,125.38423,1,0,1,0,1
133.04043,107.30882,125.72434,1,0,1,0,1
133.06019,107.42885,126.39527,1,0,0,0,1
133.08013,107.52370,126.72282,0,0,0,0,1
133.10019,107.52370,126.72282,0,0,0,0,1
133.12014,107.52370,126.72282,0,0,0,0,1
133.14021,107.52370,126.72282,0,0,0,0,1
133.16004,107.52370,126.72282,0,0,0,0,1
133.18018,107.52370,126.72282,0,0,0,0,1
133.20053,107.52370,126.72282,0,0,0,0,1
133.22013,107.52370,126.72282,0,0,0,0,1
133.24037,107.52370,126.72282,0,0,0,0,1
133.26035,107.52370,126.72282,0,0,0,0,1
133.28006,107.52370,126.72282,0,0,0,0,1
133.30035,107.52370,126.72282,0,0,0,0,1
133.32051,107.52370,126.72282,0,0,0,0,1
133.34015,107.52370,126.72282,0,0,0,0,1
133.36037,107.52370,126.72282,0,0,0,0,1
133.38028,107.52370,126.72282,0,0,0,0,1
133.40005,107.52370,126.72282,0,0,0,0,1
133.42023,107.52370,126.72282,0,0,0,0,1
133.44009,107.52370,126.72282,0,0,0,0,1
133.46037,107.52370,126.72282,0,0,0,0,1
133.48031,107.52370,126.72282,0,0,0,0,1
133.50050,107.52370,126.72282,0,0,0,0,1
133.52032,107.52370,126.72282,0,0,0,0,1
133.54051,107.52370,126.72282,0,0,0,0,1
133.56006,107.52370,126.72282,0,0,0,0,1
133.58028,107.52370,126.72282,0,0,0,0,1
133.60039,107.52370,126.72282,0,0,0,0,1
133.62053,107.52370,126.72282,0,0,0,0,1
133.64051,107.52370,126.72282,0,0,0,0,1
133.66022,107.52370,126.72282,0,0,0,0,1
133.68036,107.52370,126.72282,0,0,0,0,1
133.70052,107.52370,126.72282,0,1,0,0,1
133.72017,107.52370,126.72282,1,1,0,0,1
133.74050,107.59547,127.05618,1,1,0,0,1
133.76053,107.66853,127.73383,1,1,0,0,1
133.78020,107.66944,128.07483,1,1,0,0,1
133.80060,107.64658,128.41505,1,1,0,0,1
133.82034,107.60004,128.75287,1,1,0,0,1
133.84052,107.53005,129.08661,1,1,0,0,1
133.86019,107.43697,129.41466,1,1,0,0,1
133.88039,107.18340,130.04732,0,0,0,0,1
133.90009,107.18340,130.04732,0,0,0,0,1
133.92016,107.18340,130.04732,0,0,0,0,1
133.94021,107.18340,130.04732,0,0,0,0,1
133.96051,107.18340,130.04732,0,0,0,0,1
133.98054,107.18340,130.04732,0,0,0,0,1
134.00071,107.18340,130.04732,0,0,0,0,1
134.02032,107.18340,130.04732,0,0,0,0,1
134.04049,107.18340,130.04732,0,0,0,0,1
134.06051,107.18340,130.04732,0,0,0,0,1
134.08039,107.18340,130.04732,0,0,0,0,1
134.10014,107.18340,130.04732,0,0,0,0,1
134.12049,107.18340,130.04732,0,0,0,0,1
134.14019,107.18340,130.04732,0,0,0,0,1
134.16049,107.18340,130.04732,0,0,0,0,1
134.18019,107.18340,130.04732,0,0,0,0,1
134.20047,107.18340,130.04732,0,0,0,0,1
134.22051,107.18340,130.04732,0,0,0,0,1
134.24029,107.18340,130.04732,0,0,0,0,1
134.26053,107.18340,130.04732,0,0,0,0,1
134.28050,107.18340,130.04732,0,0,0,0,1
134.30034,107.18340,130.04732,0,0,0,0,1
134.32050,107.18340,130.04732,0,0,0,0,1
134.34010,107.18340,130.04732,0,0,0,0,1
134.36031,107.18340,130.04732,0,0,0,0,1
134.38008,107.18340,130.04732,0,0,0,0,1
134.40029,107.18340,130.04732,0,0,0,0,1
134.42032,107.18340,130.04732,0,0,0,0,1
134.44048,107.18340,130.04732,0,0,0,0,1
134.46014,107.18340,130.04732,0,0,0,0,1
134.48020,107.18340,130.04732,0,0,0,0,1
134.50032,107.18340,130.04732,0,0,0,0,1
134.52032,107.18340,130.04732,0,0,0,0,1
134.54046,107.18340,130.04732,0,0,0,0,1
134.56036,107.18340,130.04732,1,0,0,0,1
134.58037,106.86491,130.65038,1,0,0,0,1
134.60015,106.70566,130.95190,1,0,0,0,1
134.62021,106.54641,131.25343,1,0,0,0,1
134.64030,106.38716,131.55496,1,0,0,0,1
134.66019,106.22791,131.85649,1,0,0,0,1
134.68054,105.90942,132.45955,1,0,0,0,1
134.70029,105.75017,132.76108,0,0,0,0,1
134.72048,105.59092,133.06261,0,0,0,0,1
134.74053,105.59092,133.06261,0,0,0,0,1
134.76028,105.59092,133.06261,0,0,0,0,1
134.78011,105.59092,133.06261,0,0,0,0,1
134.80031,105.59092,133.06261,0,0,0,0,1
134.82053,105.59092,133.06261,0,0,0,0,1
134.84025,105.59092,133.06261,0,0,0,0,1
134.86006,105.59092,133.06261,0,0,0,0,1
134.88055,105.59092,133.06261,0,0,0,0,1
134.90040,105.59092,133.06261,0,0,0,0,1
134.92008,105.59092,133.06261,0,0,0,0,1
134.94026,105.59092,133.06261,0,0,0,0,1
134.96041,105.59092,133.06261,0,0,0,0,1
134.98005,105.59092,133.06261,0,0,0,0,1
135.00025,105.59092,133.06261,0,0,0,0,1
135.02038,105.59092,133.06261,0,0,0,0,1
135.04028,105.59092,133.06261,0,0,0,0,1
135.06015,105.59092,133.06261,0,0,0,0,1
135.08011,105.59092,133.06261,0,0,0,0,1
135.10018,105.59092,133.06261,0,0,0,0,1
135.12015,105.59092,133.06261,0,0,0,0,1
135.14053,105.59092,133.06261,0,0,0,0,1
135.16022,105.59092,133.06261,0,0,0,0,1
135.18048,105.59092,133.06261,0,0,0,0,1
135.20010,105.59092,133.06261,0,0,0,0,1
135.22037,105.59092,133.06261,0,0,0,0,1
135.24014,105.59092,133.06261,0,0,0,0,1
135.26043,105.59092,133.06261,0,0,0,0,1
135.28015,105.59092,133.06261,0,0,0,0,1
135.30034,105.59092,133.06261,0,0,0,0,1
135.32052,105.59092,133.06261,0,0,0,0,1
135.34047,105.59092,133.06261,0,0,0,0,1
135.36044,105.59092,133.06261,1,0,0,0,1
135.38040,105.43167,133.36414,1,0,0,0,1
135.40037,105.27242,133.66566,1,0,1,0,1
135.42045,105.11317,133.96719,1,0,1,0,1
135.44025,104.97537,134.27911,1,0,1,0,1
135.46059,104.85970,134.59990,1,0,1,0,1
135.48023,104.69685,135.26175,1,0,1,0,1
135.50055,104.65047,135.59958,1,0,1,0,1
135.52024,104.62779,135.93982,1,0,0,0,1
135.54048,104.62894,136.28082,0,0,0,0,1
135.56019,104.65389,136.62091,0,0,0,0,1
135.58032,104.65389,136.62091,0,0,0,0,1
135.60044,104.65389,136.62091,0,0,0,0,1
135.62012,104.65389,136.62091,0,0,0,0,1
135.64030,104.65389,136.62091,0,0,0,0,1
135.66009,104.65389,136.62091,0,0,0,0,1
135.68049,104.65389,136.62091,0,0,0,0,1
135.70039,104.65389,136.62091,0,0,0,0,1
135.72052,104.65389,136.62091,0,0,0,0,1
135.74025,104.65389,136.62091,0,0,0,0,1
135.76042,104.65389,136.62091,0,0,0,0,1
135.78008,104.65389,136.62091,0,0,0,0,1
135.80054,104.65389,136.62091,0,0,0,0,1
135.82019,104.65389,136.62091,0,0,0,0,1
135.84040,104.65389,136.62091,0,0,0,0,1
135.86025,104.65389,136.62091,0,0,0,0,1
135.88043,104.65389,136.62091,0,0,0,0,1
135.90022,104.65389,136.62091,0,0,0,0,1
135.92012,104.65389,136.62091,0,0,0,0,1
135.94048,104.65389,136.62091,0,0,0,0,1
135.96013,104.65389,136.62091,0,0,0,0,1
135.98019,104.65389,136.62091,0,0,0,0,1
136.00017,104.65389,136.62091,0,0,0,0,1
136.02037,104.65389,136.62091,0,0,0,0,1
136.04010,104.65389,136.62091,0,0,0,0,1
136.06015,104.65389,136.62091,0,0,0,0,1
136.08040,104.65389,136.62091,0,0,0,0,1
136.10006,104.65389,136.62091,0,0,0,0,1
136.12014,104.65389,136.62091,0,0,0,0,1
136.14008,104.65389,136.62091,0,0,0,0,1
136.16032,104.65389,136.62091,0,0,0,0,1
136.18052,104.65389,136.62091,0,0,0,0,1
136.20036,104.65389,136.62091,1,1,0,0,1
136.22004,104.65389,136.62091,1,1,0,0,1
136.24008,104.65507,136.96191,1,1,0,0,1
136.26049,104.63246,137.30217,1,1,0,0,1
136.28035,104.51645,137.97382,1,1,0,0,1
136.30016,104.42361,138.30194,1,1,0,0,1
136.32017,104.30812,138.62279,1,1,0,0,1
136.34048,104.17053,138.93480,1,1,0,0,1
136.36051,104.01152,139.23645,0,0,0,0,1
136.38018,103.83186,139.52628,0,0,0,0,1
136.40013,103.83186,139.52628,0,0,0,0,1
136.42029,103.83186,139.52628,0,0,0,0,1
136.44005,103.83186,139.52628,0,0,0,0,1
136.46029,103.83186,139.52628,0,0,0,0,1
136.48012,103.83186,139.52628,0,0,0,0,1
136.50017,103.83186,139.52628,0,0,0,0,1
136.52035,103.83186,139.52628,0,0,0,0,1
136.54026,103.83186,139.52628,0,0,0,0,1
136.56011,103.83186,139.52628,0,0,0,0,1
136.58016,103.83186,139.52628,0,0,0,0,1
136.60037,103.83186,139.52628,0,0,0,0,1
136.62044,103.83186,139.52628,0,0,0,0,1
136.64009,103.83186,139.52628,0,0,0,0,1
136.66029,103.83186,139.52628,0,0,0,0,1
136.68046,103.83186,139.52628,0,0,0,0,1
136.70031,103.83186,139.52628,0,0,0,0,1
136.72031,103.83186,139.52628,0,0,0,0,1
136.74043,103.83186,139.52628,0,0,0,0,1
136.76032,103.83186,139.52628,0,0,0,0,1
136.78034,103.83186,139.52628,0,0,0,0,1
136.80041,103.83186,139.52628,0,0,0,0,1
136.82020,103.83186,139.52628,0,0,0,0,1
136.84012,103.83186,139.52628,0,0,0,0,1
136.86026,103.83186,139.52628,0,0,0,0,1
136.88052,103.83186,139.52628,0,0,0,0,1
136.90026,103.83186,139.52628,0,0,0,0,1
136.92049,103.83186,139.52628,0,0,0,0,1
136.94017,103.83186,139.52628,0,0,0,0,1
136.96050,103.83186,139.52628,0,0,0,0,1
136.98035,103.83186,139.52628,0,0,0,0,1
137.00047,103.83186,139.52628,0,0,0,0,1
137.02010,103.83186,139.52628,0,0,0,0,1
137.04027,103.83186,139.52628,0,0,0,0,1
137.06047,103.83186,139.52628,0,0,0,0,1
137.08049,103.83186,139.52628,0,0,0,0,1
137.10017,103.83186,139.52628,0,0,0,0,1
137.12054,103.83186,139.52628,0,0,0,0,1
137.14008,103.83186,139.52628,0,0,0,0,1
137.16030,103.83186,139.52628,1,0,0,0,1
137.18020,103.65219,139.81610,1,0,0,0,1
137.20005,103.47253,140.10593,1,0,0,0,1
137.22047,103.29286,140.39575,1,0,0,0,1
137.24006,103.11320,140.68558,1,0,0,0,1
137.26040,102.75387,141.26523,1,0,0,0,1
137.28012,102.39454,141.84488,1,0,0,0,1
137.30054,102.21487,142.13470,1,0,0,0,1
137.32045,102.03521,142.42453,0,0,0,0,1
137.34011,102.03521,142.42453,0,0,0,0,1
137.36015,102.03521,142.42453,0,0,0,0,1
137.38036,102.03521,142.42453,0,0,0,0,1
137.40053,102.03521,142.42453,0,0,0,0,1
137.42021,102.03521,142.42453,0,0,0,0,1
137.44039,102.03521,142.42453,0,0,0,0,1
137.46035,102.03521,142.42453,0,0,0,0,1
137.48053,102.03521,142.42453,0,0,0,0,1
137.50021,102.03521,142.42453,0,0,0,0,1
137.52039,102.03521,142.42453,0,0,0,0,1
137.54013,102.03521,142.42453,0,0,0,0,1
137.56030,102.03521,142.42453,0,0,0,0,1
137.58010,102.03521,142.42453,0,0,0,0,1
137.60027,102.03521,142.42453,0,0,0,0,1
137.62016,102.03521,142.42453,0,0,0,0,1
137.64037,102.03521,142.42453,0,0,0,0,1
137.66007,102.03521,142.42453,0,0,0,0,1
137.68014,102.03521,142.42453,0,0,0,0,1
137.70037,102.03521,142.42453,0,0,0,0,1
137.72046,102.03521,142.42453,0,0,0,0,1
137.74051,102.03521,142.42453,0,0,0,0,1
137.76026,102.03521,142.42453,0,0,0,0,1
137.78004,102.03521,142.42453,0,0,0,0,1
137.80027,102.03521,142.42453,0,0,0,0,1
137.82043,102.03521,142.42453,0,0,0,0,1
137.84011,102.03521,142.42453,0,0,0,0,1
137.86046,102.03521,142.42453,0,0,0,0,1
137.88023,102.03521,142.42453,0,0,0,0,1
137.90053,102.03521,142.42453,0,0,0,0,1
137.92046,102.03521,142.42453,0,0,0,0,1
137.94020,102.03521,142.42453,0,0,0,0,1
137.96030,102.03521,142.42453,0,0,0,0,1
137.98005,102.03521,142.42453,1,0,0,0,1
138.00013,101.85555,142.71436,1,0,1,0,1
138.02038,101.49622,143.29401,1,0,1,0,1
138.04009,101.33723,143.59567,1,0,1,0,1
138.06044,101.19971,143.90771,1,0,1,0,1
138.08013,101.08430,144.22859,1,0,1,0,1
138.10046,100.92202,144.89058,1,0,1,0,1
138.12013,100.87593,145.22845,1,0,1,0,1
138.14021,100.85355,145.56873,0,0,1,0,1
138.16036,100.85500,145.90973,0,0,0,0,1
138.18011,100.85500,145.90973,0,0,0,0,1
138.20046,100.85500,145.90973,0,0,0,0,1
138.22036,100.85500,145.90973,0,0,0,0,1
138.24052,100.85500,145.90973,0,0,0,0,1
138.26045,100.85500,145.90973,0,0,0,0,1
138.28012,100.85500,145.90973,0,0,0,0,1
138.30029,100.85500,145.90973,0,0,0,0,1
138.32048,100.85500,145.90973,0,0,0,0,1
138.34016,100.85500,145.90973,0,0,0,0,1
138.36043,100.85500,145.90973,0,0,0,0,1
138.38045,100.85500,145.90973,0,0,0,0,1
138.40032,100.85500,145.90973,0,0,0,0,1
138.42006,100.85500,145.90973,0,0,0,0,1
138.44027,100.85500,145.90973,0,0,0,0,1
138.46016,100.85500,145.90973,0,0,0,0,1
138.48031,100.85500,145.90973,0,0,0,0,1
138.50006,100.85500,145.90973,0,0,0,0,1
138.52010,100.85500,145.90973,0,0,0,0,1
138.54018,100.85500,145.90973,0,0,0,0,1
138.56010,100.85500,145.90973,0,0,0,0,1
138.58025,100.85500,145.90973,0,0,0,0,1
138.60045,100.85500,145.90973,0,0,0,0,1
138.62011,100.85500,145.90973,0,0,0,0,1
138.64020,100.85500,145.90973,0,0,0,0,1
138.66049,100.85500,145.90973,0,0,0,0,1
138.68024,100.85500,145.90973,0,0,0,0,1
138.70025,100.85500,145.90973,0,0,0,0,1
138.72010,100.85500,145.90973,0,0,0,0,1
138.74030,100.85500,145.90973,0,0,0,0,1
138.76043,100.85500,145.90973,0,0,0,0,1
138.78054,100.85500,145.90973,0,0,0,0,1
138.80032,100.85500,145.90973,0,0,0,0,1
138.82043,100.85500,145.90973,1,1,0,0,1
138.84028,100.90393,146.24719,1,1,0,0,1
138.86027,100.92921,146.58725,1,1,0,0,1
138.88030,100.93072,146.92825,1,1,0,0,1
138.90029,100.86248,147.60641,1,1,0,0,1
138.92012,100.79307,147.94028,1,1,0,0,1
138.94020,100.70055,148.26848,1,1,0,0,1
138.96046,100.58536,148.58943,1,0,0,0,1
138.98035,100.44807,148.90158,0,0,0,0,1
139.00043,100.44807,148.90158,0,0,0,0,1
139.02042,100.44807,148.90158,0,0,0,0,1
139.04013,100.44807,148.90158,0,0,0,0,1
139.06031,100.44807,148.90158,0,0,0,0,1
139.08010,100.44807,148.90158,0,0,0,0,1
139.10031,100.44807,148.90158,0,0,0,0,1
139.12052,100.44807,148.90158,0,0,0,0,1
139.14025,100.44807,148.90158,0,0,0,0,1
139.16049,100.44807,148.90158,0,0,0,0,1
139.18004,100.44807,148.90158,0,0,0,0,1
139.20050,100.44807,148.90158,0,0,0,0,1
139.22012,100.44807,148.90158,0,0,0,0,1
139.24037,100.44807,148.90158,0,0,0,0,1
139.26024,100.44807,148.90158,0,0,0,0,1
139.28018,100.44807,148.90158,0,0,0,0,1
139.30050,100.44807,148.90158,0,0,0,0,1
139.32018,100.44807,148.90158,0,0,0,0,1
139.34038,100.44807,148.90158,0,0,0,0,1
139.36014,100.44807,148.90158,0,0,0,0,1
139.38044,100.44807,148.90158,0,0,0,0,1
139.40010,100.44807,148.90158,0,0,0,0,1
139.42009,100.44807,148.90158,0,0,0,0,1
139.44018,100.44807,148.90158,0,0,0,0,1
139.46010,100.44807,148.90158,0,0,0,0,1
139.48042,100.44807,148.90158,0,0,0,0,1
139.50005,100.44807,148.90158,0,0,0,0,1
139.52023,100.44807,148.90158,0,0,0,0,1
139.54005,100.44807,148.90158,0,0,0,0,1
139.56031,100.44807,148.90158,0,0,0,0,1
139.58052,100.44807,148.90158,0,0,0,0,1
139.60018,100.44807,148.90158,0,0,0,0,1
139.62047,100.44807,148.90158,0,0,0,0,1
139.64028,100.44807,148.90158,0,0,0,0,1
139.66007,100.44807,148.90158,0,0,0,0,1
139.68032,100.44807,148.90158,0,0,0,0,1
139.70053,100.28934,149.20338,1,0,0,0,1
139.72014,100.13062,149.50519,1,0,0,0,1
139.74044,99.97190,149.80699,1,0,0,0,1
139.76024,99.81318,150.10880,1,0,0,0,1
139.78047,99.65446,150.41060,1,0,0,0,1
139.80017,99.33701,151.01421,1,0,0,0,1
139.82034,99.17829,151.31601,1,0,0,0,1
139.84013,99.01957,151.61781,0,0,0,0,1
139.86033,98.86085,151.91962,0,0,0,0,1
139.88033,98.86085,151.91962,0,0,0,0,1
139.90052,98.86085,151.91962,0,0,0,0,1
139.92018,98.86085,151.91962,0,0,0,0,1
139.94021,98.86085,151.91962,0,0,0,0,1
139.96053,98.86085,151.91962,0,0,0,0,1
139.98049,98.86085,151.91962,0,0,0,0,1
140.00023,98.86085,151.91962,0,0,0,0,1
140.02028,98.86085,151.91962,0,0,0,0,1
140.04053,98.86085,151.91962,0,0,0,0,1
140.06035,98.86085,151.91962,0,0,0,0,1
140.08022,98.86085,151.91962,0,0,0,0,1
140.10039,98.86085,151.91962,0,0,0,0,1
140.12005,98.86085,151.91962,0,0,0,0,1
140.14007,98.86085,151.91962,0,0,0,0,1
140.16028,98.86085,151.91962,0,0,0,0,1
140.18013,98.86085,151.91962,0,0,0,0,1
140.20007,98.86085,151.91962,0,0,0,0,1
140.22030,98.86085,151.91962,0,0,0,0,1
140.24056,98.86085,151.91962,0,0,0,0,1
140.26019,98.86085,151.91962,0,0,0,0,1
140.28028,98.86085,151.91962,0,0,0,0,1
140.30016,98.86085,151.91962,0,0,0,0,1
140.32052,98.86085,151.91962,0,0,0,0,1
140.34045,98.86085,151.91962,0,0,0,0,1
140.36011,98.86085,151.91962,0,0,0,0,1
140.38027,98.86085,151.91962,0,0,0,0,1
140.40035,98.86085,151.91962,0,0,0,0,1
140.42036,98.86085,151.91962,0,0,0,0,1
140.44003,98.86085,151.91962,0,0,0,0,1
140.46056,98.86085,151.91962,0,0,0,0,1
140.48052,98.86085,151.91962,0,0,0,0,1
140.50039,98.86085,151.91962,0,0,0,0,1
140.52007,98.86085,151.91962,0,0,0,0,1
140.54018,98.86085,151.91962,1,0,0,0,1
140.56024,98.86085,151.91962,1,0,0,0,1
140.58021,98.70213,152.22142,1,0,0,0,1
140.60012,98.38468,152.82503,1,0,1,0,1
140.62016,98.22596,153.12683,1,0,1,0,1
140.64052,98.08870,153.43898,1,0,1,0,1
140.66047,97.97357,153.75996,1,0,1,0,1
140.68021,97.88114,154.08820,1,0,1,0,1
140.70050,97.76607,154.75999,1,0,1,0,1
140.72021,97.74398,155.10028,1,0,1,0,1
140.74041,97.74571,155.44127,0,0,0,0,1
140.76007,97.74571,155.44127,0,0,0,0,1
140.78054,97.74571,155.44127,0,0,0,0,1
140.80009,97.74571,155.44127,0,0,0,0,1
140.82026,97.74571,155.44127,0,0,0,0,1
140.84021,97.74571,155.44127,0,0,0,0,1
140.86044,97.74571,155.44127,0,0,0,0,1
140.88049,97.74571,155.44127,0,0,0,0,1
140.90050,97.74571,155.44127,0,0,0,0,1
140.92048,97.74571,155.44127,0,0,0,0,1
140.94012,97.74571,155.44127,0,0,0,0,1
140.96027,97.74571,155.44127,0,0,0,0,1
140.98042,97.74571,155.44127,0,0,0,0,1
141.00011,97.74571,155.44127,0,0,0,0,1
141.02011,97.74571,155.44127,0,0,0,0,1
141.04011,97.74571,155.44127,0,0,0,0,1
141.06017,97.74571,155.44127,0,0,0,0,1
141.08017,97.74571,155.44127,0,0,0,0,1
141.10022,97.74571,155.44127,0,0,0,0,1
141.12010,97.74571,155.44127,0,0,0,0,1
141.14028,97.74571,155.44127,0,0,0,0,1
141.16036,97.74571,155.44127,0,0,0,0,1
141.18028,97.74571,155.44127,0,0,0,0,1
141.20007,97.74571,155.44127,0,0,0,0,1
141.22039,97.74571,155.44127,0,0,0,0,1
141.24035,97.74571,155.44127,0,0,0,0,1
141.26008,97.74571,155.44127,0,0,0,0,1
141.28039,97.74571,155.44127,0,0,0,0,1
141.30061,97.74571,155.44127,0,0,0,0,1
141.32029,97.74571,155.44127,0,0,0,0,1
141.34045,97.74571,155.44127,0,0,0,0,1
141.36008,97.74571,155.44127,0,0,0,0,1
141.38054,97.74571,155.44127,0,0,0,0,1
141.40039,97.74571,155.44127,0,0,0,0,1
141.42014,97.74571,155.44127,0,0,0,0,1
141.44035,97.74571,155.44127,1,1,0,0,1
141.46045,97.77126,155.78131,1,1,0,0,1
141.48021,97.77302,156.12230,1,1,0,0,1
141.50049,97.70530,156.80051,1,1,0,0,1
141.52019,97.63615,157.13441,1,1,0,0,1
141.54011,97.54388,157.46269,1,1,0,0,1
141.56062,97.42893,157.78374,1,1,0,0,1
141.58012,97.13339,158.39790,0,0,0,0,1
141.60032,96.95423,158.68805,0,0,0,0,1
141.62046,96.95423,158.68805,0,0,0,0,1
141.64015,96.95423,158.68805,0,0,0,0,1
141.66034,96.95423,158.68805,0,0,0,0,1
141.68052,96.95423,158.68805,0,0,0,0,1
141.70027,96.95423,158.68805,0,0,0,0,1
141.72053,96.95423,158.68805,0,0,0,0,1
141.74030,96.95423,158.68805,0,0,0,0,1
141.76060,96.95423,158.68805,0,0,0,0,1
141.78042,96.95423,158.68805,0,0,0,0,1
141.80009,96.95423,158.68805,0,0,0,0,1
141.82034,96.95423,158.68805,0,0,0,0,1
141.84046,96.95423,158.68805,0,0,0,0,1
141.86015,96.95423,158.68805,0,0,0,0,1
141.88020,96.95423,158.68805,0,0,0,0,1
141.90044,96.95423,158.68805,0,0,0,0,1
141.92053,96.95423,158.68805,0,0,0,0,1
141.94007,96.95423,158.68805,0,0,0,0,1
141.96023,96.95423,158.68805,0,0,0,0,1
141.98022,96.95423,158.68805,0,0,0,0,1
142.00052,96.95423,158.68805,0,0,0,0,1
142.02027,96.95423,158.68805,0,0,0,0,1
142.04042,96.95423,158.68805,0,0,0,0,1
142.06013,96.95423,158.68805,0,0,0,0,1
142.08033,96.95423,158.68805,0,0,0,0,1
142.10056,96.95423,158.68805,0,0,0,0,1
142.12022,96.95423,158.68805,0,0,0,0,1
142.14041,96.95423,158.68805,0,0,0,0,1
142.16015,96.95423,158.68805,0,0,0,0,1
142.18042,96.95423,158.68805,0,0,0,0,1
142.20021,96.95423,158.68805,0,0,0,0,1
142.22045,96.95423,158.68805,0,0,0,0,1
142.24017,96.95423,158.68805,0,0,0,0,1
142.26031,96.95423,158.68805,0,0,0,0,1
142.28004,96.95423,158.68805,1,0,0,0,1
142.30031,96.75527,158.96498,1,0,0,0,1
142.32055,96.35735,159.51884,1,0,0,0,1
142.34048,96.15839,159.79578,1,0,0,0,1
142.36024,95.76048,160.34964,1,0,0,0,1
142.38016,95.56152,160.62657,1,0,0,0,1
142.40032,95.36256,160.90350,1,0,0,0,1
142.42018,94.96464,161.45737,0,0,0,0,1
142.44014,94.96464,161.45737,0,0,0,0,1
142.46033,94.96464,161.45737,0,0,0,0,1
142.48053,94.96464,161.45737,0,0,0,0,1
142.50022,94.96464,161.45737,0,0,0,0,1
142.52051,94.96464,161.45737,0,0,0,0,1
142.54014,94.96464,161.45737,0,0,0,0,1
142.56037,94.96464,161.45737,0,0,0,0,1
142.58052,94.96464,161.45737,0,0,0,0,1
142.60009,94.96464,161.45737,0,0,0,0,1
142.62011,94.96464,161.45737,0,0,0,0,1
142.64050,94.96464,161.45737,0,0,0,0,1
142.66011,94.96464,161.45737,0,0,0,0,1
142.68027,94.96464,161.45737,0,0,0,0,1
142.70012,94.96464,161.45737,0,0,0,0,1
142.72022,94.96464,161.45737,0,0,0,0,1
142.74007,94.96464,161.45737,0,0,0,0,1
142.76042,94.96464,161.45737,0,0,0,0,1
142.78046,94.96464,161.45737,0,0,0,0,1
142.80053,94.96464,161.45737,0,0,0,0,1
142.82039,94.96464,161.45737,0,0,0,0,1
142.84014,94.96464,161.45737,0,0,0,0,1
142.86007,94.96464,161.45737,0,0,0,0,1
142.88019,94.96464,161.45737,0,0,0,0,1
142.90043,94.96464,161.45737,0,0,0,0,1
142.92010,94.96464,161.45737,0,0,0,0,1
142.94027,94.96464,161.45737,0,0,0,0,1
142.96046,94.96464,161.45737,0,0,0,0,1
142.98042,94.96464,161.45737,0,0,0,0,1
143.00051,94.96464,161.45737,0,0,0,0,1
143.02020,94.96464,161.45737,0,0,0,0,1
143.04014,94.96464,161.45737,0,0,0,0,1
143.06045,94.96464,161.45737,0,0,0,0,1
143.08021,94.96464,161.45737,0,0,0,0,1
143.10034,94.96464,161.45737,0,0,0,0,1
143.12023,94.96464,161.45737,0,0,0,0,1
143.14046,94.96464,161.45737,0,0,0,0,1
143.16005,94.96464,161.45737,1,0,0,0,1
143.18026,94.96464,161.45737,1,0,1,0,1
143.20028,94.76568,161.73430,1,0,1,0,1
143.22048,94.38758,162.30139,1,0,1,0,1
143.24028,94.22915,162.60335,1,0,1,0,1
143.26030,94.09219,162.91563,1,0,1,0,1
143.28004,93.97737,163.23672,1,0,1,0,1
143.30048,93.88525,163.56505,1,0,1,0,1
143.32035,93.77082,164.23695,1,0,1,0,1
143.34041,93.74906,164.57726,1,0,0,0,1
143.36032,93.75112,164.91824,0,0,0,0,1
143.38037,93.75112,164.91824,0,0,0,0,1
143.40038,93.75112,164.91824,0,0,0,0,1
143.42011,93.75112,164.91824,0,0,0,0,1
143.44006,93.75112,164.91824,0,0,0,0,1
143.46014,93.75112,164.91824,0,0,0,0,1
143.48040,93.75112,164.91824,0,0,0,0,1
143.50018,93.75112,164.91824,0,0,0,0,1
143.52047,93.75112,164.91824,0,0,0,0,1
143.54048,93.75112,164.91824,0,0,0,0,1
143.56007,93.75112,164.91824,0,0,0,0,1
143.58054,93.75112,164.91824,0,0,0,0,1
143.60054,93.75112,164.91824,0,0,0,0,1
143.62021,93.75112,164.91824,0,0,0,0,1
143.64021,93.75112,164.91824,0,0,0,0,1
143.66010,93.75112,164.91824,0,0,0,0,1
143.68048,93.75112,164.91824,0,0,0,0,1
143.70023,93.75112,164.91824,0,0,0,0,1
143.72034,93.75112,164.91824,0,0,0,0,1
143.74010,93.75112,164.91824,0,0,0,0,1
143.76050,93.75112,164.91824,0,0,0,0,1
143.78034,93.75112,164.91824,0,0,0,0,1
143.80051,93.75112,164.91824,0,0,0,0,1
143.82022,93.75112,164.91824,0,0,0,0,1
143.84009,93.75112,164.91824,0,0,0,0,1
143.86021,93.75112,164.91824,0,0,0,0,1
143.88043,93.75112,164.91824,0,0,0,0,1
143.90031,93.75112,164.91824,0,0,0,0,1
143.92012,93.75112,164.91824,0,0,0,0,1
143.94038,93.75112,164.91824,0,0,0,0,1
143.96013,93.75112,164.91824,0,0,0,0,1
143.98009,93.75112,164.91824,0,0,0,0,1
144.00034,93.75112,164.91824,0,0,0,0,1
144.02052,93.75112,164.91824,0,1,0,0,1
144.04044,93.75112,164.91824,1,1,0,0,1
144.06021,93.75318,165.25923,1,1,0,0,1
144.08051,93.73145,165.59953,1,1,0,0,1
144.10019,93.68605,165.93750,1,1,0,0,1
144.12035,93.52520,166.59982,1,1,0,0,1
144.14006,93.41054,166.92096,1,1,0,0,1
144.16032,93.27376,167.23332,1,1,0,0,1
144.18050,93.11552,167.53539,1,1,0,0,1
144.20009,92.93661,167.82568,0,0,0,0,1
144.22020,92.73789,168.10280,0,0,0,0,1
144.24045,92.73789,168.10280,0,0,0,0,1
144.26024,92.73789,168.10280,0,0,0,0,1
144.28009,92.73789,168.10280,0,0,0,0,1
144.30019,92.73789,168.10280,0,0,0,0,1
144.32020,92.73789,168.10280,0,0,0,0,1
144.34039,92.73789,168.10280,0,0,0,0,1
144.36014,92.73789,168.10280,0,0,0,0,1
144.38030,92.73789,168.10280,0,0,0,0,1
144.40048,92.73789,168.10280,0,0,0,0,1
144.42019,92.73789,168.10280,0,0,0,0,1
144.44038,92.73789,168.10280,0,0,0,0,1
144.46010,92.73789,168.10280,0,0,0,0,1
144.48022,92.73789,168.10280,0,0,0,0,1
144.50031,92.73789,168.10280,0,0,0,0,1
144.52051,92.73789,168.10280,0,0,0,0,1
144.54043,92.73789,168.10280,0,0,0,0,1
144.56019,92.73789,168.10280,0,0,0,0,1
144.58044,92.73789,168.10280,0,0,0,0,1
144.60017,92.73789,168.10280,0,0,0,0,1
144.62051,92.73789,168.10280,0,0,0,0,1
144.64024,92.73789,168.10280,0,0,0,0,1
144.66036,92.73789,168.10280,0,0,0,0,1
144.68009,92.73789,168.10280,0,0,0,0,1
144.70048,92.73789,168.10280,0,0,0,0,1
144.72030,92.73789,168.10280,0,0,0,0,1
144.74046,92.73789,168.10280,0,0,0,0,1
144.76017,92.73789,168.10280,0,0,0,0,1
144.78009,92.73789,168.10280,0,0,0,0,1
144.80046,92.73789,168.10280,0,0,0,0,1
144.82013,92.73789,168.10280,0,0,0,0,1
144.84039,92.73789,168.10280,0,0,0,0,1
144.86037,92.73789,168.10280,1,0,0,0,1
144.88023,92.52032,168.36537,1,0,0,0,1
144.90014,92.30276,168.62794,1,0,0,0,1
144.92047,91.86762,169.15309,1,0,0,0,1
144.94011,91.65005,169.41566,1,0,0,0,1
144.96036,91.43249,169.67824,1,0,0,0,1
144.98047,91.21492,169.94081,1,0,0,0,1
145.00017,90.99735,170.20338,1,0,0,0,1
145.02032,90.56222,170.72853,0,0,0,0,1
145.04047,90.56222,170.72853,0,0,0,0,1
145.06020,90.56222,170.72853,0,0,0,0,1
145.08039,90.56222,170.72853,0,0,0,0,1
145.10046,90.56222,170.72853,0,0,0,0,1
145.12015,90.56222,170.72853,0,0,0,0,1
145.14029,90.56222,170.72853,0,0,0,0,1
145.16039,90.56222,170.72853,0,0,0,0,1
145.18028,90.56222,170.72853,0,0,0,0,1
145.20046,90.56222,170.72853,0,0,0,0,1
145.22059,90.56222,170.72853,0,0,0,0,1
145.24007,90.56222,170.72853,0,0,0,0,1
145.26012,90.56222,170.72853,0,0,0,0,1
145.28024,90.56222,170.72853,0,0,0,0,1
145.30047,90.56222,170.72853,0,0,0,0,1
145.32030,90.56222,170.72853,0,0,0,0,1
145.34030,90.56222,170.72853,0,0,0,0,1
145.36031,90.56222,170.72853,0,0,0,0,1
145.38043,90.56222,170.72853,0,0,0,0,1
145.40046,90.56222,170.72853,0,0,0,0,1
145.42047,90.56222,170.72853,0,0,0,0,1
145.44012,90.56222,170.72853,0,0,0,0,1
145.46047,90.56222,170.72853,0,0,0,0,1
145.48013,90.56222,170.72853,0,0,0,0,1
145.50027,90.56222,170.72853,0,0,0,0,1
145.52036,90.56222,170.72853,0,0,0,0,1
145.54003,90.56222,170.72853,0,0,0,0,1
145.56043,90.56222,170.72853,0,0,0,0,1
145.58016,90.56222,170.72853,0,0,0,0,1
145.60039,90.56222,170.72853,0,0,0,0,1
145.62046,90.56222,170.72853,0,0,0,0,1
145.64012,90.56222,170.72853,1,0,0,0,1
145.66025,90.56222,170.72853,1,0,0,0,1
145.68048,90.34465,170.99110,1,0,1,0,1
145.70049,90.12708,171.25368,1,0,1,0,1
145.72017,89.74953,171.82114,1,0,1,0,1
145.74050,89.59139,172.12325,1,0,1,0,1
145.76025,89.45473,172.43567,1,0,1,0,1
145.78052,89.34023,172.75687,1,0,1,0,1
145.80038,89.24843,173.08528,1,0,0,0,1
145.82015,89.17979,173.41930,0,0,0,0,1
145.84026,89.13464,173.75729,0,0,0,0,1
145.86049,89.13464,173.75729,0,0,0,0,1
145.88004,89.13464,173.75729,0,0,0,0,1
145.90007,89.13464,173.75729,0,0,0,0,1
145.92049,89.13464,173.75729,0,0,0,0,1
145.94033,89.13464,173.75729,0,0,0,0,1
145.96037,89.13464,173.75729,0,0,0,0,1
145.98020,89.13464,173.75729,0,0,0,0,1
146.00026,89.13464,173.75729,0,0,0,0,1
146.02017,89.13464,173.75729,0,0,0,0,1
146.04036,89.13464,173.75729,0,0,0,0,1
146.06055,89.13464,173.75729,0,0,0,0,1
146.08012,89.13464,173.75729,0,0,0,0,1
146.10046,89.13464,173.75729,0,0,0,0,1
146.12040,89.13464,173.75729,0,0,0,0,1
146.14040,89.13464,173.75729,0,0,0,0,1
146.16038,89.13464,173.75729,0,0,0,0,1
146.18050,89.13464,173.75729,0,0,0,0,1
146.20028,89.13464,173.75729,0,0,0,0,1
146.22047,89.13464,173.75729,0,0,0,0,1
146.24048,89.13464,173.75729,0,0,0,0,1
146.26012,89.13464,173.75729,0,0,0,0,1
146.28010,89.13464,173.75729,0,0,0,0,1
146.30027,89.13464,173.75729,0,0,0,0,1
146.32017,89.13464,173.75729,0,0,0,0,1
146.34023,89.13464,173.75729,0,0,0,0,1
146.36006,89.13464,173.75729,0,0,0,0,1
146.38009,89.13464,173.75729,0,0,0,0,1
146.40057,89.13464,173.75729,0,0,0,0,1
146.42026,89.13464,173.75729,0,0,0,0,1
146.44041,89.13464,173.75729,0,0,0,0,1
146.46010,89.13464,173.75729,0,0,0,0,1
146.48034,89.13464,173.75729,0,0,0,0,1
146.50044,89.13464,173.75729,0,1,0,0,1
146.52008,89.13464,173.75729,1,1,0,0,1
146.54039,89.02089,174.42932,1,1,0,0,1
146.56007,88.92915,174.75775,1,1,0,0,1
146.58035,88.81474,175.07898,1,1,0,0,1
146.60046,88.67819,175.39145,1,1,0,0,1
146.62043,88.52020,175.69363,1,1,0,0,1
146.64052,88.14300,176.26134,1,1,0,0,1
146.66024,87.69048,176.77103,0,0,0,0,1
146.68049,87.69048,176.77103,0,0,0,0,1
146.70024,87.69048,176.77103,0,0,0,0,1
146.72004,87.69048,176.77103,0,0,0,0,1
146.74041,87.69048,176.77103,0,0,0,0,1
146.76054,87.69048,176.77103,0,0,0,0,1
146.78021,87.69048,176.77103,0,0,0,0,1
146.80045,87.69048,176.77103,0,0,0,0,1
146.82052,87.69048,176.77103,0,0,0,0,1
146.84026,87.69048,176.77103,0,0,0,0,1
146.86034,87.69048,176.77103,0,0,0,0,1
146.88028,87.69048,176.77103,0,0,0,0,1
146.90050,87.69048,176.77103,0,0,0,0,1
146.92025,87.69048,176.77103,0,0,0,0,1
146.94052,87.69048,176.77103,0,0,0,0,1
146.96013,87.69048,176.77103,0,0,0,0,1
146.98033,87.69048,176.77103,0,0,0,0,1
147.00031,87.69048,176.77103,0,0,0,0,1
147.02011,87.69048,176.77103,0,0,0,0,1
147.04032,87.69048,176.77103,0,0,0,0,1
147.06012,87.69048,176.77103,0,0,0,0,1
147.08043,87.69048,176.77103,0,0,0,0,1
147.10053,87.69048,176.77103,0,0,0,0,1
147.12036,87.69048,176.77103,0,0,0,0,1
147.14005,87.69048,176.77103,0,0,0,0,1
147.16017,87.69048,176.77103,0,0,0,0,1
147.18019,87.69048,176.77103,0,0,0,0,1
147.20051,87.69048,176.77103,0,0,0,0,1
147.22046,87.69048,176.77103,0,0,0,0,1
147.24011,87.69048,176.77103,0,0,0,0,1
147.26037,87.69048,176.77103,0,0,0,0,1
147.28008,87.69048,176.77103,0,0,0,0,1
147.30029,87.69048,176.77103,0,0,0,0,1
147.32047,87.69048,176.77103,0,0,0,0,1
147.34021,87.69048,176.77103,0,0,0,0,1
147.36050,87.69048,176.77103,0,0,0,0,1
147.38013,87.69048,176.77103,0,0,0,0,1
147.40037,87.69048,176.77103,1,0,0,0,1
147.42017,87.69048,176.77103,1,0,0,0,1
147.44047,87.22015,177.26492,1,0,0,0,1
147.46017,86.74983,177.75882,1,0,0,0,1
147.48039,86.51467,178.00577,1,0,0,0,1
147.50013,86.27951,178.25272,1,0,0,0,1
147.52032,86.04435,178.49966,1,0,0,0,1
147.54034,85.57403,178.99356,1,0,0,0,1
147.56005,85.33887,179.24051,1,0,0,0,1
147.58004,85.10371,179.48746,0,0,0,0,1
147.60005,85.10371,179.48746,0,0,0,0,1
147.62016,85.10371,179.48746,0,0,0,0,1
147.64045,85.10371,179.48746,0,0,0,0,1
147.66050,85.10371,179.48746,0,0,0,0,1
147.68017,85.10371,179.48746,0,0,0,0,1
147.70036,85.10371,179.48746,0,0,0,0,1
147.72023,85.10371,179.48746,0,0,0,0,1
147.74046,85.10371,179.48746,0,0,0,0,1
147.76019,85.10371,179.48746,0,0,0,0,1
147.78040,85.10371,179.48746,0,0,0,0,1
147.80012,85.10371,179.48746,0,0,0,0,1
147.82043,85.10371,179.48746,0,0,0,0,1
147.84023,85.10371,179.48746,0,0,0,0,1
147.86045,85.10371,179.48746,0,0,0,0,1
147.88015,85.10371,179.48746,0,0,0,0,1
147.90029,85.10371,179.48746,0,0,0,0,1
147.92008,85.10371,179.48746,0,0,0,0,1
147.94027,85.10371,179.48746,0,0,0,0,1
147.96011,85.10371,179.48746,0,0,0,0,1
147.98038,85.10371,179.48746,0,0,0,0,1
148.00033,85.10371,179.48746,0,0,0,0,1
148.02046,85.10371,179.48746,0,0,0,0,1
148.04046,85.10371,179.48746,0,0,0,0,1
148.06031,85.10371,179.48746,0,0,0,0,1
148.08011,85.10371,179.48746,0,0,0,0,1
148.10005,85.10371,179.48746,0,0,0,0,1
148.12042,85.10371,179.48746,0,0,0,0,1
148.14030,85.10371,179.48746,0,0,0,0,1
148.16051,85.10371,179.48746,0,0,0,0,1
148.18021,85.10371,179.48746,0,0,0,0,1
148.20039,85.10371,179.48746,0,0,0,0,1
148.22012,85.10371,179.48746,0,0,0,0,1
148.24052,84.86855,179.73441,1,0,0,0,1
148.26015,84.63338,179.98135,1,0,1,0,1
148.28030,84.39822,180.22830,1,0,1,0,1
148.30025,84.18089,180.49107,1,0,1,0,1
148.32024,83.98243,180.76837,1,0,1,0,1
148.34054,83.64594,181.36110,1,0,1,0,1
148.36007,83.64594,181.36110,1,0,1,0,1
148.38024,83.39532,181.99493,1,0,1,0,1
148.40009,83.30380,182.32343,1,0,0,0,1
148.42032,83.23545,182.65750,0,0,0,0,1
148.44055,83.16710,182.99158,0,0,0,0,1
148.46023,83.16710,182.99158,0,0,0,0,1
148.48049,83.16710,182.99158,0,0,0,0,1
148.50016,83.16710,182.99158,0,0,0,0,1
148.52032,83.16710,182.99158,0,0,0,0,1
148.54014,83.16710,182.99158,0,0,0,0,1
148.56051,83.16710,182.99158,0,0,0,0,1
148.58014,83.16710,182.99158,0,0,0,0,1
148.60023,83.16710,182.99158,0,0,0,0,1
148.62011,83.16710,182.99158,0,0,0,0,1
148.64062,83.16710,182.99158,0,0,0,0,1
148.66005,83.16710,182.99158,0,0,0,0,1
148.68029,83.16710,182.99158,0,0,0,0,1
148.70016,83.16710,182.99158,0,0,0,0,1
148.72040,83.16710,182.99158,0,0,0,0,1
148.74017,83.16710,182.99158,0,0,0,0,1
148.76050,83.16710,182.99158,0,0,0,0,1
148.78062,83.16710,182.99158,0,0,0,0,1
148.80049,83.16710,182.99158,0,0,0,0,1
148.82018,83.16710,182.99158,0,0,0,0,1
148.84035,83.16710,182.99158,0,0,0,0,1
148.86055,83.16710,182.99158,0,0,0,0,1
148.88054,83.16710,182.99158,0,0,0,0,1
148.90040,83.16710,182.99158,0,0,0,0,1
148.92047,83.16710,182.99158,0,0,0,0,1
148.94006,83.16710,182.99158,0,0,0,0,1
148.96038,83.16710,182.99158,0,0,0,0,1
148.98045,83.16710,182.99158,0,0,0,0,1
149.00011,83.16710,182.99158,0,0,0,0,1
149.02031,83.16710,182.99158,0,0,0,0,1
149.04039,83.16710,182.99158,0,0,0,0,1
149.06029,83.16710,182.99158,0,1,0,0,1
149.08022,83.16710,182.99158,1,1,0,0,1
149.10043,83.09875,183.32565,1,1,0,0,1
149.12009,83.00726,183.65416,1,1,0,0,1
149.14008,82.75679,184.28806,1,1,0,0,1
149.16037,82.59902,184.59036,1,1,0,0,1
149.18020,82.42056,184.88094,1,1,0,0,1
149.20008,82.22226,185.15836,1,1,0,0,1
149.22023,82.00510,185.42126,1,1,0,0,1
149.24038,81.51849,185.89853,0,0,0,0,1
149.26052,81.25143,186.11057,0,0,0,0,1
149.28053,81.25143,186.11057,0,0,0,0,1
149.30018,81.25143,186.11057,0,0,0,0,1
149.32050,81.25143,186.11057,0,0,0,0,1
149.34016,81.25143,186.11057,0,0,0,0,1
149.36057,81.25143,186.11057,0,0,0,0,1
149.38021,81.25143,186.11057,0,0,0,0,1
149.40023,81.25143,186.11057,0,0,0,0,1
149.42030,81.25143,186.11057,0,0,0,0,1
149.44045,81.25143,186.11057,0,0,0,0,1
149.46041,81.25143,186.11057,0,0,0,0,1
149.48011,81.25143,186.11057,0,0,0,0,1
149.50011,81.25143,186.11057,0,0,0,0,1
149.52036,81.25143,186.11057,0,0,0,0,1
149.54035,81.25143,186.11057,0,0,0,0,1
149.56045,81.25143,186.11057,0,0,0,0,1
149.58020,81.25143,186.11057,0,0,0,0,1
149.60034,81.25143,186.11057,0,0,0,0,1
149.62024,81.25143,186.11057,0,0,0,0,1
149.64038,81.25143,186.11057,0,0,0,0,1
149.66043,81.25143,186.11057,0,0,0,0,1
149.68017,81.25143,186.11057,0,0,0,0,1
149.70018,81.25143,186.11057,0,0,0,0,1
149.72021,81.25143,186.11057,0,0,0,0,1
149.74026,81.25143,186.11057,0,0,0,0,1
149.76026,81.25143,186.11057,0,0,0,0,1
149.78030,81.25143,186.11057,0,0,0,0,1
149.80042,81.25143,186.11057,0,0,0,0,1
149.82020,81.25143,186.11057,0,0,0,0,1
149.84040,81.25143,186.11057,0,0,0,0,1
149.86048,81.25143,186.11057,0,0,0,0,1
149.88017,81.25143,186.11057,0,0,0,0,1
149.90013,81.25143,186.11057,0,0,0,0,1
149.92013,81.25143,186.11057,0,0,0,0,1
149.94003,81.25143,186.11057,1,0,0,0,1
149.96043,80.71729,186.53464,1,0,0,0,1
149.98008,80.45023,186.74667,1,0,0,0,1
150.00035,80.18316,186.95871,1,0,0,0,1
150.02059,79.91609,187.17075,1,0,0,0,1
150.04016,79.38196,187.59482,1,0,0,0,1
150.06037,79.11489,187.80685,1,0,0,0,1
150.08005,78.84782,188.01889,1,0,0,0,1
150.10054,78.58076,188.23093,0,0,0,0,1
150.12006,78.58076,188.23093,0,0,0,0,1
150.14025,78.58076,188.23093,0,0,0,0,1
150.16037,78.58076,188.23093,0,0,0,0,1
150.18006,78.58076,188.23093,0,0,0,0,1
150.20008,78.58076,188.23093,0,0,0,0,1
150.22052,78.58076,188.23093,0,0,0,0,1
150.24019,78.58076,188.23093,0,0,0,0,1
150.26010,78.58076,188.23093,0,0,0,0,1
150.28038,78.58076,188.23093,0,0,0,0,1
150.30028,78.58076,188.23093,0,0,0,0,1
150.32049,78.58076,188.23093,0,0,0,0,1
150.34036,78.58076,188.23093,0,0,0,0,1
150.36061,78.58076,188.23093,0,0,0,0,1
150.38008,78.58076,188.23093,0,0,0,0,1
150.40028,78.58076,188.23093,0,0,0,0,1
150.42044,78.58076,188.23093,0,0,0,0,1
150.44022,78.58076,188.23093,0,0,0,0,1
150.46045,78.58076,188.23093,0,0,0,0,1
150.48006,78.58076,188.23093,0,0,0,0,1
150.50032,78.58076,188.23093,0,0,0,0,1
150.52046,78.58076,188.23093,0,0,0,0,1
150.54007,78.58076,188.23093,0,0,0,0,1
150.56025,78.58076,188.23093,0,0,0,0,1
150.58044,78.58076,188.23093,0,0,0,0,1
150.60036,78.58076,188.23093,0,0,0,0,1
150.62057,78.58076,188.23093,0,0,0,0,1
150.64048,78.58076,188.23093,0,0,0,0,1
150.66029,78.58076,188.23093,0,0,0,0,1
150.68028,78.58076,188.23093,0,0,0,0,1
150.70045,78.58076,188.23093,0,0,0,0,1
150.72010,78.58076,188.23093,0,0,0,0,1
150.74028,78.58076,188.23093,0,0,0,0,1
150.76030,78.58076,188.23093,1,0,1,0,1
150.78049,78.31369,188.44296,1,0,1,0,1
150.80052,78.04662,188.65500,1,0,1,0,1
150.82015,77.79501,188.88516,1,0,1,0,1
150.84027,77.56010,189.13234,1,0,1,0,1
150.86041,77.14482,189.67281,1,0,1,0,1
150.88024,76.96649,189.96346,1,0,1,0,1
150.90013,76.80890,190.26585,1,0,1,0,1
150.92048,76.67281,190.57852,1,0,0,0,1
150.94049,76.55888,190.89993,0,0,0,0,1
150.96017,76.46768,191.22852,0,0,0,0,1
150.98021,76.46768,191.22852,0,0,0,0,1
151.00056,76.46768,191.22852,0,0,0,0,1
151.02033,76.46768,191.22852,0,0,0,0,1
151.04043,76.46768,191.22852,0,0,0,0,1
151.06048,76.46768,191.22852,0,0,0,0,1
151.08014,76.46768,191.22852,0,0,0,0,1
151.10029,76.46768,191.22852,0,0,0,0,1
151.12016,76.46768,191.22852,0,0,0,0,1
151.14041,76.46768,191.22852,0,0,0,0,1
151.16006,76.46768,191.22852,0,0,0,0,1
151.18019,76.46768,191.22852,0,0,0,0,1
151.20016,76.46768,191.22852,0,0,0,0,1
151.22043,76.46768,191.22852,0,0,0,0,1
151.24013,76.46768,191.22852,0,0,0,0,1
151.26053,76.46768,191.22852,0,0,0,0,1
151.28019,76.46768,191.22852,0,0,0,0,1
151.30037,76.46768,191.22852,0,0,0,0,1
151.32053,76.46768,191.22852,0,0,0,0,1
151.34040,76.46768,191.22852,0,0,0,0,1
151.36004,76.46768,191.22852,0,0,0,0,1
151.38045,76.46768,191.22852,0,0,0,0,1
151.40028,76.46768,191.22852,0,0,0,0,1
151.42037,76.46768,191.22852,0,0,0,0,1
151.44015,76.46768,191.22852,0,0,0,0,1
151.46036,76.46768,191.22852,0,0,0,0,1
151.48053,76.46768,191.22852,0,0,0,0,1
151.50020,76.46768,191.22852,0,0,0,0,1
151.52042,76.46768,191.22852,0,0,0,0,1
151.54019,76.46768,191.22852,0,0,0,0,1
151.56034,76.46768,191.22852,1,0,0,0,1
151.58053,76.37648,191.55710,1,1,0,0,1
151.60028,76.28528,191.88568,1,1,0,0,1
151.62052,76.17139,192.20709,1,1,0,0,1
151.64024,76.03535,192.51979,1,1,0,0,1
151.66044,75.69963,193.11296,1,1,0,0,1
151.68017,75.50157,193.39055,1,1,0,0,1
151.70032,75.28464,193.65364,1,1,0,0,1
151.72056,75.04988,193.90097,0,0,0,0,1
151.74039,74.79845,194.13133,0,0,0,0,1
151.76010,74.79845,194.13133,0,0,0,0,1
151.78042,74.79845,194.13133,0,0,0,0,1
151.80010,74.79845,194.13133,0,0,0,0,1
151.82043,74.79845,194.13133,0,0,0,0,1
151.84047,74.79845,194.13133,0,0,0,0,1
151.86007,74.79845,194.13133,0,0,0,0,1
151.88024,74.79845,194.13133,0,0,0,0,1
151.90021,74.79845,194.13133,0,0,0,0,1
151.92023,74.79845,194.13133,0,0,0,0,1
151.94031,74.79845,194.13133,0,0,0,0,1
151.96013,74.79845,194.13133,0,0,0,0,1
151.98029,74.79845,194.13133,0,0,0,0,1
152.00055,74.79845,194.13133,0,0,0,0,1
152.02022,74.79845,194.13133,0,0,0,0,1
152.04053,74.79845,194.13133,0,0,0,0,1
152.06043,74.79845,194.13133,0,0,0,0,1
152.08004,74.79845,194.13133,0,0,0,0,1
152.10049,74.79845,194.13133,0,0,0,0,1
152.12008,74.79845,194.13133,0,0,0,0,1
152.14028,74.79845,194.13133,0,0,0,0,1
152.16023,74.79845,194.13133,0,0,0,0,1
152.18046,74.79845,194.13133,0,0,0,0,1
152.20052,74.79845,194.13133,0,0,0,0,1
152.22018,74.79845,194.13133,0,0,0,0,1
152.24010,74.79845,194.13133,0,0,0,0,1
152.26054,74.79845,194.13133,0,0,0,0,1
152.28023,74.79845,194.13133,0,0,0,0,1
152.30050,74.79845,194.13133,0,0,0,0,1
152.32018,74.79845,194.13133,0,0,0,0,1
152.34037,74.79845,194.13133,0,0,0,0,1
152.36027,74.79845,194.13133,0,0,0,0,1
152.38028,74.79845,194.13133,0,0,0,0,1
152.40033,74.79845,194.13133,0,0,0,0,1
152.42043,74.79845,194.13133,0,0,0,0,1
152.44042,74.79845,194.13133,0,0,0,0,1
152.46035,74.79845,194.13133,0,0,0,0,1
152.48029,74.79845,194.13133,0,0,0,0,1
152.50010,74.79845,194.13133,1,0,0,0,1
152.52026,74.54701,194.36169,1,0,0,0,1
152.54039,74.29558,194.59206,1,0,0,0,1
152.56053,73.79271,195.05278,1,0,0,0,1
152.58016,73.28984,195.51350,1,0,0,0,1
152.60010,73.03841,195.74387,1,0,0,0,1
152.62041,72.78697,195.97423,1,0,0,0,1
152.64027,72.53554,196.20459,0,0,0,0,1
152.66046,72.28410,196.43495,0,0,0,0,1
152.68021,72.28410,196.43495,0,0,0,0,1
152.70013,72.28410,196.43495,0,0,0,0,1
152.72019,72.28410,196.43495,0,0,0,0,1
152.74010,72.28410,196.43495,0,0,0,0,1
152.76011,72.28410,196.43495,0,0,0,0,1
152.78053,72.28410,196.43495,0,0,0,0,1
152.80044,72.28410,196.43495,0,0,0,0,1
152.82041,72.28410,196.43495,0,0,0,0,1
152.84012,72.28410,196.43495,0,0,0,0,1
152.86024,72.28410,196.43495,0,0,0,0,1
152.88018,72.28410,196.43495,0,0,0,0,1
152.90038,72.28410,196.43495,0,0,0,0,1
152.92015,72.28410,196.43495,0,0,0,0,1
152.94029,72.28410,196.43495,0,0,0,0,1
152.96032,72.28410,196.43495,0,0,0,0,1
152.98026,72.28410,196.43495,0,0,0,0,1
153.00049,72.28410,196.43495,0,0,0,0,1
153.02043,72.28410,196.43495,0,0,0,0,1
153.04038,72.28410,196.43495,0,0,0,0,1
153.06007,72.28410,196.43495,0,0,0,0,1
153.08027,72.28410,196.43495,0,0,0,0,1
153.10036,72.28410,196.43495,0,0,0,0,1
153.12054,72.28410,196.43495,0,0,0,0,1
153.14052,72.28410,196.43495,0,0,0,0,1
153.16069,72.28410,196.43495,0,0,0,0,1
153.18033,72.28410,196.43495,0,0,0,0,1
153.20016,72.28410,196.43495,0,0,0,0,1
153.22022,72.28410,196.43495,0,0,0,0,1
153.24030,72.28410,196.43495,0,0,0,0,1
153.26043,72.28410,196.43495,0,0,0,0,1
153.28010,72.28410,196.43495,0,0,0,0,1
153.30051,72.28410,196.43495,1,0,0,0,1
153.32028,72.03267,196.66531,1,0,0,0,1
153.34053,71.78123,196.89568,1,0,1,0,1
153.36031,71.27837,197.35640,1,0,1,0,1
153.38022,71.04363,197.60374,1,0,1,0,1
153.40026,70.82675,197.86688,1,0,1,0,1
153.42018,70.62878,198.14453,1,0,1,0,1
153.44050,70.45067,198.43532,1,0,1,0,1
153.46059,70.15746,199.05061,1,0,1,0,1
153.48018,70.04378,199.37210,1,0,1,0,1
153.50012,69.95283,199.70074,0,0,0,0,1
153.52008,69.88505,200.03494,0,0,0,0,1
153.54025,69.88505,200.03494,0,0,0,0,1
153.56043,69.88505,200.03494,0,0,0,0,1
153.58050,69.88505,200.03494,0,0,0,0,1
153.60057,69.88505,200.03494,0,0,0,0,1
153.62036,69.88505,200.03494,0,0,0,0,1
153.64052,69.88505,200.03494,0,0,0,0,1
153.66016,69.88505,200.03494,0,0,0,0,1
153.68043,69.88505,200.03494,0,0,0,0,1
153.70013,69.88505,200.03494,0,0,0,0,1
153.72031,69.88505,200.03494,0,0,0,0,1
153.74029,69.88505,200.03494,0,0,0,0,1
153.76044,69.88505,200.03494,0,0,0,0,1
153.78039,69.88505,200.03494,0,0,0,0,1
153.80017,69.88505,200.03494,0,0,0,0,1
153.82043,69.88505,200.03494,0,0,0,0,1
153.84012,69.88505,200.03494,0,0,0,0,1
153.86019,69.88505,200.03494,0,0,0,0,1
153.88042,69.88505,200.03494,0,0,0,0,1
153.90052,69.88505,200.03494,0,0,0,0,1
153.92011,69.88505,200.03494,0,0,0,0,1
153.94032,69.88505,200.03494,0,0,0,0,1
153.96013,69.88505,200.03494,0,0,0,0,1
153.98043,69.88505,200.03494,0,0,0,0,1
154.00046,69.88505,200.03494,0,0,0,0,1
154.02020,69.88505,200.03494,0,0,0,0,1
154.04019,69.88505,200.03494,0,0,0,0,1
154.06021,69.88505,200.03494,0,0,0,0,1
154.08039,69.88505,200.03494,0,0,0,0,1
154.10032,69.88505,200.03494,0,0,0,0,1
154.12047,69.88505,200.03494,1,1,0,0,1
154.14013,69.81727,200.36914,1,1,0,0,1
154.16039,69.61273,201.01932,1,1,0,0,1
154.18009,69.47697,201.33212,1,1,0,0,1
154.20020,69.31972,201.63470,1,1,0,0,1
154.22054,69.14175,201.92558,1,1,0,0,1
154.24005,68.94394,202.20334,1,1,0,0,1
154.26005,68.72723,202.46663,1,0,0,0,1
154.28047,68.24146,202.94473,0,0,0,0,1
154.30042,68.24146,202.94473,0,0,0,0,1
154.32012,68.24146,202.94473,0,0,0,0,1
154.34040,68.24146,202.94473,0,0,0,0,1
154.36015,68.24146,202.94473,0,0,0,0,1
154.38004,68.24146,202.94473,0,0,0,0,1
154.40030,68.24146,202.94473,0,0,0,0,1
154.42028,68.24146,202.94473,0,0,0,0,1
154.44029,68.24146,202.94473,0,0,0,0,1
154.46051,68.24146,202.94473,0,0,0,0,1
154.48051,68.24146,202.94473,0,0,0,0,1
154.50016,68.24146,202.94473,0,0,0,0,1
154.52024,68.24146,202.94473,0,0,0,0,1
154.54035,68.24146,202.94473,0,0,0,0,1
154.56039,68.24146,202.94473,0,0,0,0,1
154.58044,68.24146,202.94473,0,0,0,0,1
154.60054,68.24146,202.94473,0,0,0,0,1
154.62036,68.24146,202.94473,0,0,0,0,1
154.64008,68.24146,202.94473,0,0,0,0,1
154.66034,68.24146,202.94473,0,0,0,0,1
154.68059,68.24146,202.94473,0,0,0,0,1
154.70054,68.24146,202.94473,0,0,0,0,1
154.72015,68.24146,202.94473,0,0,0,0,1
154.74029,68.24146,202.94473,0,0,0,0,1
154.76013,68.24146,202.94473,0,0,0,0,1
154.78026,68.24146,202.94473,0,0,0,0,1
154.80044,68.24146,202.94473,0,0,0,0,1
154.82011,68.24146,202.94473,0,0,0,0,1
154.84030,68.24146,202.94473,0,0,0,0,1
154.86042,68.24146,202.94473,0,0,0,0,1
154.88019,68.24146,202.94473,0,0,0,0,1
154.90005,68.24146,202.94473,0,0,0,0,1
154.92043,67.99022,203.17531,1,0,0,0,1
154.94008,67.73898,203.40588,1,0,0,0,1
154.96033,67.48775,203.63646,1,0,0,0,1
154.98027,66.98528,204.09761,1,0,0,0,1
155.00027,66.73404,204.32819,1,0,0,0,1
155.02047,66.48280,204.55876,1,0,0,0,1
155.04048,66.23157,204.78934,1,0,0,0,1
155.06017,65.98033,205.01991,1,0,0,0,1
155.08048,65.47786,205.48106,0,0,0,0,1
155.10012,65.47786,205.48106,0,0,0,0,1
155.12050,65.47786,205.48106,0,0,0,0,1
155.14013,65.47786,205.48106,0,0,0,0,1
155.16031,65.47786,205.48106,0,0,0,0,1
155.18022,65.47786,205.48106,0,0,0,0,1
155.20046,65.47786,205.48106,0,0,0,0,1
155.22049,65.47786,205.48106,0,0,0,0,1
155.24028,65.47786,205.48106,0,0,0,0,1
155.26012,65.47786,205.48106,0,0,0,0,1
155.28031,65.47786,205.48106,0,0,0,0,1
155.30042,65.47786,205.48106,0,0,0,0,1
155.32008,65.47786,205.48106,0,0,0,0,1
155.34028,65.47786,205.48106,0,0,0,0,1
155.36014,65.47786,205.48106,0,0,0,0,1
155.38022,65.47786,205.48106,0,0,0,0,1
155.40038,65.47786,205.48106,0,0,0,0,1
155.42051,65.47786,205.48106,0,0,0,0,1
155.44042,65.47786,205.48106,0,0,0,0,1
155.46049,65.47786,205.48106,0,0,0,0,1
155.48013,65.47786,205.48106,0,0,0,0,1
155.50033,65.47786,205.48106,0,0,0,0,1
155.52005,65.47786,205.48106,0,0,0,0,1
155.54021,65.47786,205.48106,0,0,0,0,1
155.56051,65.47786,205.48106,0,0,0,0,1
155.58025,65.47786,205.48106,0,0,0,0,1
155.60040,65.47786,205.48106,0,0,0,0,1
155.62010,65.47786,205.48106,0,0,0,0,1
155.64030,65.47786,205.48106,0,0,0,0,1
155.66010,65.47786,205.48106,1,0,0,0,1
155.68023,64.97539,205.94221,1,0,1,0,1
155.70047,64.74087,206.18977,1,0,1,0,1
155.72022,64.52421,206.45309,1,0,1,0,1
155.74040,64.32647,206.73091,1,0,1,0,1
155.76016,64.14861,207.02185,1,0,1,0,1
155.78030,63.85593,207.63739,1,0,1,0,1
155.80022,63.74253,207.95898,1,0,1,0,1
155.82018,63.65187,208.28770,1,0,1,0,1
155.84031,63.58438,208.62196,1,0,0,0,1
155.86038,63.54040,208.96011,0,0,0,0,1
155.88053,63.52015,209.30051,0,0,0,0,1
155.90013,63.52015,209.30051,0,0,0,0,1
155.92046,63.52015,209.30051,0,0,0,0,1
155.94015,63.52015,209.30051,0,0,0,0,1
155.96038,63.52015,209.30051,0,0,0,0,1
155.98053,63.52015,209.30051,0,0,0,0,1
156.00019,63.52015,209.30051,0,0,0,0,1
156.02041,63.52015,209.30051,0,0,0,0,1
156.04050,63.52015,209.30051,0,0,0,0,1
156.06016,63.52015,209.30051,0,0,0,0,1
156.08011,63.52015,209.30051,0,0,0,0,1
156.10042,63.52015,209.30051,0,0,0,0,1
156.12052,63.52015,209.30051,0,0,0,0,1
156.14012,63.52015,209.30051,0,0,0,0,1
156.16040,63.52015,209.30051,0,0,0,0,1
156.18012,63.52015,209.30051,0,0,0,0,1
156.20015,63.52015,209.30051,0,0,0,0,1
156.22042,63.52015,209.30051,0,0,0,0,1
156.24008,63.52015,209.30051,0,0,0,0,1
156.26008,63.52015,209.30051,0,0,0,0,1
156.28011,63.52015,209.30051,0,0,0,0,1
156.30025,63.52015,209.30051,0,0,0,0,1
156.32052,63.52015,209.30051,0,0,0,0,1
156.34034,63.52015,209.30051,0,0,0,0,1
156.36012,63.52015,209.30051,0,0,0,0,1
156.38023,63.52015,209.30051,0,0,0,0,1
156.40011,63.52015,209.30051,0,0,0,0,1
156.42017,63.52015,209.30051,0,0,0,0,1
156.44036,63.52015,209.30051,0,0,0,0,1
156.46003,63.52015,209.30051,0,0,0,0,1
156.48021,63.52015,209.30051,0,0,0,0,1
156.50011,63.52015,209.30051,0,0,0,0,1
156.52035,63.52015,209.30051,0,0,0,0,1
156.54035,63.52015,209.30051,0,0,0,0,1
156.56039,63.52015,209.30051,0,0,0,0,1
156.58039,63.49989,209.64090,1,1,0,0,1
156.60010,63.47963,209.98129,1,1,0,0,1
156.62050,63.43568,210.31944,1,1,0,0,1
156.64027,63.36826,210.65372,1,1,0,0,1
156.66041,63.27769,210.98247,1,1,0,0,1
156.68068,63.02898,211.61707,1,1,0,0,1
156.70010,62.87205,211.91982,1,0,0,0,1
156.72040,62.69439,212.21088,0,0,0,0,1
156.74020,62.69439,212.21088,0,0,0,0,1
156.76010,62.69439,212.21088,0,0,0,0,1
156.78046,62.69439,212.21088,0,0,0,0,1
156.80004,62.69439,212.21088,0,0,0,0,1
156.82027,62.69439,212.21088,0,0,0,0,1
156.84055,62.69439,212.21088,0,0,0,0,1
156.86030,62.69439,212.21088,0,0,0,0,1
156.88040,62.69439,212.21088,0,0,0,0,1
156.90011,62.69439,212.21088,0,0,0,0,1
156.92027,62.69439,212.21088,0,0,0,0,1
156.94051,62.69439,212.21088,0,0,0,0,1
156.96024,62.69439,212.21088,0,0,0,0,1
156.98042,62.69439,212.21088,0,0,0,0,1
157.00052,62.69439,212.21088,0,0,0,0,1
157.02038,62.69439,212.21088,0,0,0,0,1
157.04046,62.69439,212.21088,0,0,0,0,1
157.06011,62.69439,212.21088,0,0,0,0,1
157.08030,62.69439,212.21088,0,0,0,0,1
157.10048,62.69439,212.21088,0,0,0,0,1
157.12017,62.69439,212.21088,0,0,0,0,1
157.14036,62.69439,212.21088,0,0,0,0,1
157.16056,62.69439,212.21088,0,0,0,0,1
157.18013,62.69439,212.21088,0,0,0,0,1
157.20031,62.69439,212.21088,0,0,0,0,1
157.22008,62.69439,212.21088,0,0,0,0,1
157.24052,62.69439,212.21088,0,0,0,0,1
157.26028,62.69439,212.21088,0,0,0,0,1
157.28055,62.69439,212.21088,0,0,0,0,1
157.30043,62.69439,212.21088,0,0,0,0,1
157.32013,62.69439,212.21088,0,0,0,0,1
157.34032,62.69439,212.21088,0,0,0,0,1
157.36049,62.69439,212.21088,0,0,0,0,1
157.38028,62.69439,212.21088,0,0,0,0,1
157.40046,62.69439,212.21088,0,0,0,0,1
157.42019,62.69439,212.21088,0,0,0,0,1
157.44035,62.69439,212.21088,0,0,0,0,1
157.46007,62.69439,212.21088,0,0,0,0,1
157.48032,62.69439,212.21088,0,0,0,0,1
157.50026,62.69439,212.21088,0,0,0,0,1
157.52053,62.69439,212.21088,0,0,0,0,1
157.54040,62.69439,212.21088,0,0,0,0,1
157.56008,62.69439,212.21088,0,0,0,0,1
157.58031,62.69439,212.21088,0,0,0,0,1
157.60050,62.69439,212.21088,0,0,0,0,1
157.62035,62.69439,212.21088,0,0,0,0,1
157.64009,62.69439,212.21088,0,0,0,0,1
157.66055,62.69439,212.21088,0,0,0,0,1
157.68045,62.69439,212.21088,0,0,0,0,1
157.70016,62.69439,212.21088,0,0,0,0,1
157.72034,62.69439,212.21088,0,0,0,0,1
157.74051,62.69439,212.21088,0,0,0,0,1
157.76018,62.69439,212.21088,0,0,0,0,1
157.78041,62.69439,212.21088,0,0,0,0,1
157.80010,62.69439,212.21088,0,0,0,0,1
157.82015,62.69439,212.21088,0,0,0,0,1
157.84035,62.69439,212.21088,0,0,0,0,1
157.86049,62.69439,212.21088,0,0,0,0,1
157.88010,62.69439,212.21088,0,0,0,0,1
157.90038,62.69439,212.21088,0,0,0,0,1
157.92052,62.69439,212.21088,0,0,0,0,1
157.94010,62.69439,212.21088,0,0,0,0,1
157.96041,62.69439,212.21088,0,0,0,0,1
157.98017,62.69439,212.21088,0,0,0,0,1
158.00025,62.69439,212.21088,0,0,0,0,1
158.02047,62.69439,212.21088,0,0,0,0,1
158.04012,62.69439,212.21088,0,0,0,0,1
158.06025,62.69439,212.21088,0,0,0,0,1
158.08040,62.69439,212.21088,0,0,0,0,1
158.10006,62.69439,212.21088,0,0,0,0,1
158.12028,62.69439,212.21088,0,0,0,0,1
158.14045,62.69439,212.21088,0,0,0,0,1
158.16017,62.69439,212.21088,0,0,0,0,1
158.18040,62.69439,212.21088,0,0,0,0,1
158.20041,62.69439,212.21088,0,0,0,0,1
158.22038,62.69439,212.21088,0,0,0,0,1
158.24038,62.69439,212.21088,0,0,0,0,1
158.26050,62.69439,212.21088,0,0,0,0,1
158.28026,62.69439,212.21088,0,0,0,0,1
158.30022,62.69439,212.21088,0,0,0,0,1
158.32033,62.69439,212.21088,0,0,0,0,1
158.34051,62.69439,212.21088,0,0,0,0,1
158.36005,62.69439,212.21088,0,0,0,0,1
158.38006,62.69439,212.21088,0,0,0,0,1
158.40012,62.69439,212.21088,0,0,0,0,1
158.42043,62.69439,212.21088,0,0,0,0,1
158.44039,62.69439,212.21088,0,0,0,0,1
158.46052,62.69439,212.21088,0,0,0,0,1
158.48026,62.69439,212.21088,0,0,0,0,1
158.50051,62.69439,212.21088,0,0,0,0,1
158.52014,62.69439,212.21088,0,0,0,0,1
158.54029,62.69439,212.21088,0,0,0,0,1
158.56025,62.69439,212.21088,0,0,0,0,1
158.58030,62.69439,212.21088,0,0,0,0,1
158.60033,62.69439,212.21088,0,0,0,0,1
158.62051,62.69439,212.21088,0,0,0,0,1
158.64018,62.69439,212.21088,0,0,0,0,1
158.66023,62.69439,212.21088,0,0,0,0,1
158.68023,62.69439,212.21088,0,0,0,0,1
158.70053,62.69439,212.21088,0,0,0,0,1
158.72028,62.69439,212.21088,0,0,0,0,1
158.74046,62.69439,212.21088,0,0,0,0,1
158.76025,62.69439,212.21088,0,0,0,0,1
158.78053,62.69439,212.21088,0,0,0,0,1
158.80018,62.69439,212.21088,0,0,0,0,1
158.82038,62.69439,212.21088,0,0,0,0,1
158.84061,62.69439,212.21088,0,0,0,0,1
158.86020,62.69439,212.21088,0,0,0,0,1
158.88040,62.69439,212.21088,0,0,0,0,1
158.90014,62.69439,212.21088,0,0,0,0,1
158.92033,62.69439,212.21088,0,0,0,0,1
158.94038,62.69439,212.21088,0,0,0,0,1
158.96038,62.69439,212.21088,0,0,0,0,1
158.98014,62.69439,212.21088,0,0,0,0,1
159.00020,62.69439,212.21088,0,0,0,0,1
159.02041,62.69439,212.21088,0,0,0,0,1
159.04013,62.69439,212.21088,0,0,0,0,1
159.06038,62.69439,212.21088,0,0,0,0,1
159.08004,62.69439,212.21088,0,0,0,0,1
159.10016,62.69439,212.21088,0,0,0,0,1
159.12043,62.69439,212.21088,0,0,0,0,1
159.14046,62.69439,212.21088,0,0,0,0,1
159.16006,62.69439,212.21088,0,0,0,0,1
159.18038,62.69439,212.21088,0,0,0,0,1
159.20046,62.69439,212.21088,0,0,0,0,1
159.22017,62.69439,212.21088,0,0,0,0,1
159.24047,62.69439,212.21088,0,0,0,0,1
159.26041,62.69439,212.21088,0,0,0,0,1
159.28028,62.69439,212.21088,0,0,0,0,1
159.30051,62.69439,212.21088,0,0,0,0,1
159.32024,62.69439,212.21088,0,0,0,0,1
159.34007,62.69439,212.21088,0,0,0,0,1
159.36047,62.69439,212.21088,0,0,0,0,1
159.38020,62.69439,212.21088,0,0,0,0,1
159.40038,62.69439,212.21088,0,0,0,0,1
159.42046,62.69439,212.21088,0,0,0,0,1
159.44018,62.69439,212.21088,0,0,0,0,1
159.46031,62.69439,212.21088,0,0,0,0,1
159.48055,62.69439,212.21088,0,0,0,0,1
159.50020,62.69439,212.21088,0,0,0,0,1
159.52020,62.69439,212.21088,0,0,0,0,1
159.54036,62.69439,212.21088,0,0,0,0,1
159.56029,62.69439,212.21088,0,0,0,0,1
159.58006,62.69439,212.21088,0,0,0,0,1
159.60022,62.69439,212.21088,0,0,0,0,1
159.62026,62.69439,212.21088,0,0,0,0,1
159.64047,62.69439,212.21088,0,0,0,0,1
159.66022,62.69439,212.21088,0,0,0,0,1
159.68055,62.69439,212.21088,0,0,0,0,1
159.70022,62.69439,212.21088,0,0,0,0,1
159.72049,62.69439,212.21088,0,0,0,0,1
159.74028,62.69439,212.21088,0,0,0,0,1
159.76042,62.69439,212.21088,0,0,0,0,1
159.78027,62.69439,212.21088,0,0,0,0,1
159.80044,62.69439,212.21088,0,0,0,0,1
159.82027,62.69439,212.21088,0,0,0,0,1
159.84004,62.69439,212.21088,0,0,0,0,1
159.86016,62.69439,212.21088,0,0,0,0,1
159.88021,62.69439,212.21088,0,0,0,0,1
159.90024,62.69439,212.21088,0,0,0,0,1
159.92053,62.69439,212.21088,0,0,0,0,1
159.94018,62.69439,212.21088,0,0,1,0,1
159.96022,62.69439,212.21088,0,0,1,0,1
159.98015,62.69439,212.21088,0,0,1,0,1
160.00035,62.69439,212.21088,0,0,1,0,1
160.02036,62.69439,212.21088,0,0,1,0,1
160.04027,62.69439,212.21088,0,0,1,0,1
160.06038,62.69439,212.21088,0,0,1,0,1
160.08007,62.69439,212.21088,0,0,1,0,1
160.10006,62.69439,212.21088,0,0,1,0,1
160.12076,62.69439,212.21088,0,0,1,0,1
160.14018,62.69439,212.21088,0,0,1,0,1
160.16018,62.69439,212.21088,0,0,1,0,1
160.18036,62.69439,212.21088,0,0,1,0,1
160.20050,62.69439,212.21088,0,0,1,0,1
160.22014,62.69439,212.21088,0,0,1,0,1
160.24046,62.69439,212.21088,0,0,1,0,1
160.26038,62.69439,212.21088,0,0,1,0,1
160.28025,62.69439,212.21088,0,0,1,0,1
160.30035,62.69439,212.21088,0,0,1,0,1
160.32052,62.69439,212.21088,0,0,1,0,1
160.34027,62.69439,212.21088,0,0,0,0,1
160.36024,62.69439,212.21088,0,0,0,0,1
160.38036,62.69439,212.21088,0,0,0,0,1
160.40004,62.69439,212.21088,0,0,0,0,1
160.42051,62.69439,212.21088,0,0,0,0,1
160.44015,62.69439,212.21088,0,0,0,0,1
160.46048,62.69439,212.21088,0,0,0,0,1
160.48022,62.69439,212.21088,0,0,0,0,1
160.50052,62.69439,212.21088,0,0,0,0,1
160.52025,62.69439,212.21088,0,0,0,0,1
160.54042,62.69439,212.21088,0,0,0,0,1
160.56024,62.69439,212.21088,0,0,0,0,1
160.58024,62.69439,212.21088,0,0,0,0,1
160.60027,62.69439,212.21088,0,0,0,0,1
160.62027,62.69439,212.21088,0,0,0,0,1
160.64036,62.69439,212.21088,0,0,0,0,1
160.66005,62.69439,212.21088,0,0,0,0,1
160.68004,62.69439,212.21088,0,0,0,0,1
160.70023,62.69439,212.21088,0,0,0,0,1
160.72009,62.69439,212.21088,0,0,0,0,1
160.74020,62.69439,212.21088,0,0,1,0,1
160.76003,62.69439,212.21088,0,0,1,0,1
160.78024,62.69439,212.21088,0,0,0,0,1
160.80037,62.69439,212.21088,0,0,0,0,1
160.82028,62.69439,212.21088,0,0,0,0,1
160.84039,62.69439,212.21088,0,0,0,0,1
160.86010,62.69439,212.21088,0,0,0,0,1
160.88032,62.69439,212.21088,0,0,0,0,1
160.90079,62.69439,212.21088,0,0,0,0,1
160.92020,62.69439,212.21088,0,0,0,0,1
160.94052,62.69439,212.21088,0,0,0,0,1
160.96032,62.69439,212.21088,0,0,0,0,1
160.98034,62.69439,212.21088,0,0,0,0,1
161.00052,62.69439,212.21088,0,0,0,0,1
161.02036,62.69439,212.21088,0,0,0,0,1
161.04007,62.69439,212.21088,0,0,0,0,1
161.06038,62.69439,212.21088,0,0,0,0,1
161.08028,62.69439,212.21088,0,0,0,0,1
161.10045,62.69439,212.21088,0,0,0,0,1
161.12054,62.69439,212.21088,0,0,0,0,1
161.14048,62.69439,212.21088,0,0,0,0,1
161.16022,62.69439,212.21088,0,0,0,0,1
161.18052,62.69439,212.21088,0,0,0,0,1
161.20018,62.69439,212.21088,0,0,0,0,1
161.22014,62.69439,212.21088,0,0,0,0,1
161.24037,62.69439,212.21088,0,0,0,0,1
161.26014,62.69439,212.21088,0,0,0,0,1
161.28033,62.69439,212.21088,0,0,0,0,1
161.30049,62.69439,212.21088,0,0,0,0,1
161.32019,62.69439,212.21088,0,0,1,0,1
161.34031,62.69439,212.21088,0,0,1,0,1
161.36038,62.69439,212.21088,0,0,1,0,1
161.38026,62.69439,212.21088,0,0,1,0,1
161.40048,62.69439,212.21088,0,0,1,0,1
161.42013,62.69439,212.21088,0,0,1,0,1
161.44043,62.69439,212.21088,0,0,1,0,1
161.46049,62.69439,212.21088,0,0,1,0,1
161.48026,62.69439,212.21088,0,0,1,0,1
161.50007,62.69439,212.21088,0,0,1,0,1
161.52016,62.69439,212.21088,0,0,1,0,1
161.54031,62.69439,212.21088,0,0,1,0,1
161.56004,62.69439,212.21088,0,0,1,0,1
161.58023,62.69439,212.21088,0,0,1,0,1
161.60006,62.69439,212.21088,0,0,0,0,1
161.62040,62.69439,212.21088,0,0,0,0,1
161.64010,62.69439,212.21088,0,0,0,0,1
161.66028,62.69439,212.21088,0,0,0,0,1
161.68006,62.69439,212.21088,0,0,0,0,1
161.70036,62.69439,212.21088,0,0,0,0,1
161.72014,62.69439,212.21088,0,0,0,0,1
161.74052,62.69439,212.21088,0,0,0,0,1
161.76047,62.69439,212.21088,0,0,0,0,1
161.78043,62.69439,212.21088,0,0,0,0,1
161.80051,62.69439,212.21088,0,0,0,0,1
161.82022,62.69439,212.21088,0,0,0,0,1
161.84034,62.69439,212.21088,0,0,0,0,1
161.86046,62.69439,212.21088,0,0,0,0,1
161.88029,62.69439,212.21088,0,0,0,0,1
161.90015,62.69439,212.21088,0,0,0,0,1
161.92027,62.69439,212.21088,0,0,0,0,1
161.94007,62.69439,212.21088,0,0,0,0,1
161.96030,62.69439,212.21088,0,0,0,0,1
161.98053,62.69439,212.21088,0,0,0,0,1
162.00051,62.69439,212.21088,0,0,0,0,1
162.02019,62.69439,212.21088,0,0,0,0,1
162.04034,62.69439,212.21088,0,0,0,0,1
162.06009,62.69439,212.21088,0,0,0,0,1
162.08004,62.69439,212.21088,0,0,0,0,1
162.10043,62.69439,212.21088,0,0,0,0,1
162.12022,62.69439,212.21088,0,0,0,0,1
162.14030,62.69439,212.21088,0,0,0,0,1
162.16054,62.69439,212.21088,0,0,0,0,1
162.18046,62.69439,212.21088,0,0,0,0,1
162.20038,62.69439,212.21088,0,0,0,0,1
162.22052,62.69439,212.21088,0,0,0,0,1
162.24026,62.69439,212.21088,0,0,0,0,1
162.26032,62.69439,212.21088,0,0,0,0,1
162.28045,62.69439,212.21088,0,0,0,0,1
162.30045,62.69439,212.21088,0,0,0,0,1
162.32039,62.69439,212.21088,0,0,0,0,1
162.34047,62.69439,212.21088,0,0,0,0,1
162.36049,62.69439,212.21088,0,0,0,0,1
162.38022,62.69439,212.21088,0,0,0,0,1
162.40060,62.69439,212.21088,0,0,0,0,1
162.42030,62.69439,212.21088,0,0,0,0,1
162.44034,62.69439,212.21088,0,0,0,0,1
162.46049,62.69439,212.21088,0,0,0,0,1
162.48045,62.69439,212.21088,0,0,0,0,1
162.50011,62.69439,212.21088,0,0,0,0,1
162.52033,62.69439,212.21088,0,0,0,0,1
162.54023,62.69439,212.21088,0,0,0,0,1
162.56051,62.69439,212.21088,0,0,0,0,1
162.58051,62.69439,212.21088,0,0,0,0,1
162.60042,62.69439,212.21088,0,0,0,0,1
162.62013,62.69439,212.21088,0,0,0,0,1
162.64033,62.69439,212.21088,0,0,0,0,1
162.66047,62.69439,212.21088,0,0,0,0,1
162.68018,62.69439,212.21088,0,0,0,0,1
162.70040,62.69439,212.21088,0,0,0,0,1
162.72039,62.69439,212.21088,0,0,0,0,1
162.74025,62.69439,212.21088,0,0,0,0,1
162.76025,62.69439,212.21088,0,0,0,0,1
162.78024,62.69439,212.21088,0,0,0,0,1
162.80025,62.69439,212.21088,0,0,0,0,1
162.82041,62.69439,212.21088,0,0,0,0,1
162.84050,62.69439,212.21088,0,0,0,0,1
162.86014,62.69439,212.21088,0,0,0,0,1
162.88003,62.69439,212.21088,0,0,0,0,1
162.90039,62.69439,212.21088,0,0,0,0,1
162.92026,62.69439,212.21088,0,0,0,0,1
162.94046,62.69439,212.21088,0,0,0,0,1
162.96031,62.69439,212.21088,0,0,0,0,1
162.98009,62.69439,212.21088,0,0,0,0,1
163.00019,62.69439,212.21088,0,0,0,0,1
163.02014,62.69439,212.21088,0,0,0,0,1
163.04037,62.69439,212.21088,0,0,0,0,1
163.06050,62.69439,212.21088,0,0,0,0,1
163.08013,62.69439,212.21088,0,0,0,0,1
163.10039,62.69439,212.21088,0,0,0,0,1
163.12046,62.69439,212.21088,0,0,0,0,1
163.14052,62.69439,212.21088,0,0,0,0,1
163.16021,62.69439,212.21088,0,0,0,0,1
163.18042,62.69439,212.21088,0,1,0,0,1
163.20010,62.69439,212.21088,0,1,0,0,1
163.22043,62.69439,212.21088,0,1,0,0,1
163.24035,62.69439,212.21088,0,0,0,0,1
163.26004,62.69439,212.21088,0,0,0,0,1
163.28020,62.69439,212.21088,0,0,0,0,1
163.30035,62.69439,212.21088,0,0,0,0,1
163.32048,62.69439,212.21088,0,0,0,0,1
163.34005,62.69439,212.21088,0,0,0,0,1
163.36024,62.69439,212.21088,0,0,0,0,1
163.38044,62.69439,212.21088,0,0,0,0,1
163.40014,62.69439,212.21088,0,0,0,0,1
163.42034,62.69439,212.21088,0,0,0,0,1
163.44041,62.69439,212.21088,0,0,0,0,1
163.46027,62.69439,212.21088,0,0,0,0,1
163.48026,62.69439,212.21088,0,0,0,0,1
163.50004,62.69439,212.21088,0,0,0,0,1
163.52020,62.69439,212.21088,0,0,0,0,1
163.54043,62.69439,212.21088,0,0,0,0,1
163.56028,62.69439,212.21088,0,0,0,0,1
163.58047,62.69439,212.21088,0,0,0,0,1
163.60032,62.69439,212.21088,0,0,0,0,1
163.62011,62.69439,212.21088,0,0,0,0,1
163.64029,62.69439,212.21088,0,0,0,0,1
163.66047,62.69439,212.21088,0,0,0,0,1
163.68011,62.69439,212.21088,0,0,0,0,1
163.70039,62.69439,212.21088,0,0,0,0,1
163.72047,62.69439,212.21088,0,0,0,0,1
163.74050,62.69439,212.21088,0,0,0,0,1
163.76012,62.69439,212.21088,0,0,0,0,1
163.78027,62.69439,212.21088,0,0,0,0,1
163.80055,62.69439,212.21088,0,0,0,0,1
163.82042,62.69439,212.21088,0,0,0,0,1
163.84018,62.69439,212.21088,0,0,0,0,1
163.86030,62.69439,212.21088,0,0,0,0,1
163.88005,62.69439,212.21088,0,0,0,0,1
163.90011,62.69439,212.21088,0,0,0,0,1
163.92054,62.69439,212.21088,0,0,0,0,1
163.94059,62.69439,212.21088,0,0,0,0,1
163.96018,62.69439,212.21088,0,0,0,0,1
163.98016,62.69439,212.21088,0,0,0,0,1
164.00033,62.69439,212.21088,0,0,0,0,1
164.02006,62.69439,212.21088,0,0,0,0,1
164.04031,62.69439,212.21088,0,0,0,0,1
164.06028,62.69439,212.21088,0,0,0,0,1
164.08036,62.69439,212.21088,0,0,0,0,1
164.10050,62.69439,212.21088,0,0,0,0,1
164.12008,62.69439,212.21088,0,0,0,0,1
164.14040,62.69439,212.21088,0,0,0,0,1
164.16055,62.69439,212.21088,0,0,0,0,1
164.18041,62.69439,212.21088,0,0,0,0,1
164.20047,62.69439,212.21088,0,0,0,0,1
164.22016,62.69439,212.21088,0,0,0,0,1
164.24005,62.69439,212.21088,0,0,0,0,1
164.26023,62.69439,212.21088,0,0,0,0,1
164.28053,62.69439,212.21088,0,0,0,0,1
164.30049,62.69439,212.21088,0,0,0,0,1
164.32037,62.69439,212.21088,0,0,0,0,1
164.34043,62.69439,212.21088,0,0,0,0,1
164.36053,62.69439,212.21088,0,0,0,0,1
164.38024,62.69439,212.21088,0,0,0,0,1
164.40016,62.69439,212.21088,0,0,0,0,1
164.42028,62.69439,212.21088,0,0,0,0,1
164.44091,62.69439,212.21088,0,0,0,0,1
164.46006,62.69439,212.21088,0,0,0,0,1
164.48047,62.69439,212.21088,0,0,0,0,1
164.50045,62.69439,212.21088,0,0,0,0,1
164.52013,62.69439,212.21088,0,0,0,0,1
164.54038,62.69439,212.21088,0,0,0,0,1
164.56052,62.69439,212.21088,0,0,0,0,1
164.58035,62.69439,212.21088,0,0,0,0,1
164.60019,62.69439,212.21088,0,0,0,0,1
164.62043,62.69439,212.21088,0,0,0,0,1
164.64012,62.69439,212.21088,0,0,0,0,1
164.66048,62.69439,212.21088,0,0,0,0,1
164.68049,62.69439,212.21088,0,0,0,0,1
164.70042,62.69439,212.21088,0,0,0,0,1
164.72021,62.69439,212.21088,0,0,0,0,1
164.74043,62.69439,212.21088,0,0,0,0,1
164.76010,62.69439,212.21088,0,0,0,0,1
164.78030,62.69439,212.21088,0,0,0,0,1
164.80044,62.69439,212.21088,0,0,0,0,1
164.82010,62.69439,212.21088,0,0,0,0,1
164.84036,62.69439,212.21088,0,0,0,0,1
164.86053,62.69439,212.21088,0,0,0,0,1
164.88006,62.69439,212.21088,0,0,0,0,1
164.90040,62.69439,212.21088,0,0,0,0,1
164.92041,62.69439,212.21088,0,0,0,0,1
164.94043,62.69439,212.21088,0,0,0,0,1
164.96047,62.69439,212.21088,0,0,0,0,1
164.98039,62.69439,212.21088,0,0,0,0,1
165.00004,62.69439,212.21088,0,0,0,0,1
165.02058,62.69439,212.21088,0,0,0,0,1
165.04016,62.69439,212.21088,0,0,0,0,1
165.06041,62.69439,212.21088,0,0,0,0,1
165.08038,62.69439,212.21088,0,0,0,0,1
165.10051,62.69439,212.21088,0,0,0,0,1
165.12017,62.69439,212.21088,0,0,0,0,1
165.14021,62.69439,212.21088,0,0,0,0,1
165.16015,62.69439,212.21088,0,0,0,0,1
165.18029,62.69439,212.21088,0,0,0,0,1
165.20056,62.69439,212.21088,0,0,0,0,1
165.22027,62.69439,212.21088,0,0,0,0,1
165.24005,62.69439,212.21088,0,0,0,0,1
165.26039,62.69439,212.21088,0,0,0,0,1
165.28003,62.69439,212.21088,0,0,0,0,1
165.30050,62.69439,212.21088,0,0,0,0,1
165.32025,62.69439,212.21088,0,0,0,0,1
165.34030,62.69439,212.21088,0,0,0,0,1
165.36044,62.69439,212.21088,0,0,0,0,1
165.38008,62.69439,212.21088,0,0,0,0,1
165.40017,62.69439,212.21088,0,0,0,0,1
165.42046,62.69439,212.21088,0,0,0,0,1
165.44022,62.69439,212.21088,0,0,0,0,1
165.46060,62.69439,212.21088,0,0,0,0,1
165.48026,62.69439,212.21088,0,0,0,0,1
165.50043,62.69439,212.21088,0,0,0,0,1
165.52018,62.69439,212.21088,0,0,0,0,1
165.54018,62.69439,212.21088,0,0,0,0,1
165.56043,62.69439,212.21088,0,0,0,0,1
165.58018,62.69439,212.21088,0,0,0,0,1
165.60050,62.69439,212.21088,0,0,0,0,1
165.62036,62.69439,212.21088,0,0,0,0,1
165.64052,62.69439,212.21088,0,0,0,0,1
165.66023,62.69439,212.21088,0,0,0,0,1
165.68031,62.69439,212.21088,0,0,0,0,1
165.70028,62.69439,212.21088,0,0,0,0,1
165.72048,62.69439,212.21088,0,0,0,0,1
165.74020,62.69439,212.21088,0,0,0,0,1
165.76042,62.69439,212.21088,0,0,0,0,1
165.78013,62.69439,212.21088,0,0,0,0,1
165.80052,62.69439,212.21088,0,0,0,0,1
165.82020,62.69439,212.21088,0,0,0,0,1
165.84039,62.69439,212.21088,0,0,0,0,1
165.86012,62.69439,212.21088,0,0,0,0,1
165.88032,62.69439,212.21088,0,0,0,0,1
165.90045,62.69439,212.21088,0,0,0,0,1
165.92020,62.69439,212.21088,0,0,0,0,1
165.94058,62.69439,212.21088,0,0,0,0,1
165.96032,62.69439,212.21088,0,0,0,0,1
165.98046,62.69439,212.21088,0,0,0,0,1
166.00042,62.69439,212.21088,0,0,0,0,1
166.02009,62.69439,212.21088,0,0,0,0,1
166.04031,62.69439,212.21088,0,0,0,0,1
166.06038,62.69439,212.21088,0,0,0,0,1
166.08006,62.69439,212.21088,0,0,0,0,1
166.10022,62.69439,212.21088,0,0,0,0,1
166.12008,62.69439,212.21088,0,0,0,0,1
166.14046,62.69439,212.21088,0,0,0,0,1
166.16059,62.69439,212.21088,0,0,0,0,1
166.18048,62.69439,212.21088,0,0,0,0,1
166.20028,62.69439,212.21088,0,0,0,0,1
166.22021,62.69439,212.21088,0,0,0,0,1
166.24032,62.69439,212.21088,0,0,0,0,1
166.26019,62.69439,212.21088,0,0,0,0,1
166.28041,62.69439,212.21088,0,0,0,0,1
166.30015,62.69439,212.21088,1,0,0,0,1
166.32016,62.92776,211.96225,1,0,0,0,1
166.34046,63.16114,211.71362,1,0,0,0,1
166.36024,63.39452,211.46500,1,0,0,0,1
166.38037,63.62789,211.21637,1,0,0,0,1
166.40017,63.86127,210.96774,1,0,0,0,1
166.42007,64.32802,210.47049,1,0,0,0,1
166.44017,64.56139,210.22186,1,0,0,0,1
166.46032,64.79477,209.97324,1,0,0,0,1
166.48010,65.02814,209.72461,1,0,0,0,1
166.50054,65.26152,209.47598,1,0,0,0,1
166.52006,65.49490,209.22736,1,0,0,0,1
166.54012,65.96165,208.73010,1,0,0,0,1
166.56038,66.19502,208.48148,1,0,0,0,1
166.58021,66.42840,208.23285,1,0,0,0,1
166.60036,66.66177,207.98422,1,0,0,0,1
166.62045,67.12852,207.48697,1,0,0,0,1
166.64015,67.36190,207.23834,1,0,0,0,1
166.66032,67.59528,206.98972,1,0,0,0,1
166.68005,67.82865,206.74109,1,0,0,0,1
166.70027,68.29540,206.24384,1,0,0,0,1
166.72050,68.76215,205.74658,1,0,0,0,1
166.74037,68.99553,205.49796,1,0,0,0,1
166.76035,69.22890,205.24933,1,0,0,0,1
166.78007,69.46228,205.00070,1,0,0,0,1
166.80004,69.69566,204.75208,0,0,0,0,1
166.82032,69.92903,204.50345,0,0,0,0,1
166.84048,69.92903,204.50345,0,0,0,0,1
166.86052,69.92903,204.50345,0,0,0,0,1
166.88017,69.92903,204.50345,0,0,0,0,1
166.90031,69.92903,204.50345,0,0,0,0,1
166.92039,69.92903,204.50345,0,0,0,0,1
166.94022,69.92903,204.50345,0,0,0,0,1
166.96042,69.92903,204.50345,0,0,0,0,1
166.98043,69.92903,204.50345,0,0,0,0,1
167.00017,69.92903,204.50345,0,0,0,0,1
167.02019,69.92903,204.50345,0,0,0,0,1
167.04027,69.92903,204.50345,0,0,0,0,1
167.06016,69.92903,204.50345,0,0,0,0,1
167.08034,69.92903,204.50345,0,0,0,0,1
167.10032,69.92903,204.50345,0,0,0,0,1
167.12033,69.92903,204.50345,0,0,0,0,1
167.14040,69.92903,204.50345,0,0,0,0,1
167.16004,69.92903,204.50345,0,0,0,0,1
167.18012,69.92903,204.50345,0,0,0,0,1
167.20039,69.92903,204.50345,0,0,0,0,1
167.22016,69.92903,204.50345,0,0,0,0,1
167.24059,69.92903,204.50345,0,0,0,0,1
167.26042,69.92903,204.50345,0,0,0,0,1
167.28046,69.92903,204.50345,0,0,0,0,1
167.30041,69.92903,204.50345,1,0,0,0,1
167.32035,69.92903,204.50345,1,0,0,0,1
167.34048,70.39578,204.00620,1,0,0,0,1
167.36021,70.62916,203.75757,1,0,1,0,1
167.38036,70.86253,203.50894,1,0,1,0,1
167.40043,71.07797,203.24461,1,0,1,0,1
167.42053,71.27443,202.96590,1,0,1,0,1
167.44011,71.60665,202.37076,1,0,1,0,1
167.46028,71.74079,202.05725,1,0,1,0,1
167.48021,71.94186,201.40599,1,0,1,0,1
167.50025,72.00781,201.07143,1,0,1,0,1
167.52045,72.05024,200.73308,1,0,1,0,1
167.54026,72.06384,200.05164,1,0,1,0,1
167.56006,72.03493,199.71187,1,0,1,0,1
167.58048,71.98238,199.37494,1,0,1,0,1
167.60018,71.90642,199.04251,1,0,1,0,1
167.62047,71.80743,198.71620,1,0,1,0,1
167.64023,71.54241,198.08826,1,0,0,0,1
167.66048,71.37767,197.78969,1,0,0,0,1
167.68014,71.21293,197.49112,1,0,0,0,1
167.70042,71.04819,197.19255,1,0,0,0,1
167.72010,70.88345,196.89398,0,0,0,0,1
167.74035,70.88345,196.89398,0,0,0,0,1
167.76043,70.88345,196.89398,0,0,0,0,1
167.78052,70.88345,196.89398,0,0,0,0,1
167.80040,70.88345,196.89398,0,0,0,0,1
167.82044,70.88345,196.89398,0,0,0,0,1
167.84022,70.88345,196.89398,0,0,0,0,1
167.86006,70.88345,196.89398,0,0,0,0,1
167.88028,70.88345,196.89398,0,0,0,0,1
167.90010,70.88345,196.89398,0,0,0,0,1
167.92018,70.88345,196.89398,0,0,0,0,1
167.94037,70.88345,196.89398,0,0,0,0,1
167.96005,70.88345,196.89398,0,0,0,0,1
167.98023,70.88345,196.89398,0,0,0,0,1
168.00032,70.88345,196.89398,0,0,0,0,1
168.02048,70.88345,196.89398,0,0,0,0,1
168.04047,70.88345,196.89398,0,0,0,0,1
168.06025,70.88345,196.89398,0,0,0,0,1
168.08033,70.88345,196.89398,0,0,0,0,1
168.10049,70.88345,196.89398,0,0,0,0,1
168.12013,70.88345,196.89398,0,0,0,0,1
168.14034,70.88345,196.89398,0,0,0,0,1
168.16008,70.88345,196.89398,0,0,0,0,1
168.18016,70.88345,196.89398,0,0,0,0,1
168.20048,70.88345,196.89398,0,0,0,0,1
168.22022,70.88345,196.89398,0,0,0,0,1
168.24039,70.88345,196.89398,0,0,0,0,1
168.26017,70.88345,196.89398,0,0,0,0,1
168.28033,70.88345,196.89398,0,0,0,0,1
168.30025,70.88345,196.89398,0,1,0,0,1
168.32016,70.88345,196.89398,1,1,0,0,1
168.34035,70.57519,196.28609,1,1,0,0,1
168.36018,70.45359,195.96750,1,1,0,0,1
168.38048,70.35451,195.64120,1,1,0,0,1
168.40023,70.27842,195.30881,1,1,0,0,1
168.42004,70.22570,194.97191,1,1,0,0,1
168.44042,70.19128,194.29120,1,1,0,0,1
168.46019,70.20975,193.95070,1,1,0,0,1
168.48026,70.25191,193.61232,1,1,0,0,1
168.50046,70.31757,193.27769,1,1,0,0,1
168.52022,70.40640,192.94847,1,1,0,0,1
168.54043,70.65176,192.31258,1,1,0,0,1
168.56012,70.80709,192.00900,1,1,0,0,1
168.58038,70.98322,191.71701,1,1,0,0,1
168.60005,71.17928,191.43800,1,1,0,0,1
168.62029,71.39431,191.17336,1,1,0,0,1
168.64006,71.87705,190.69218,1,1,0,0,1
168.66025,72.42204,190.28287,1,1,0,0,1
168.68046,72.71461,190.10770,1,1,0,0,1
168.70035,73.01869,189.95335,1,1,0,0,1
168.72006,73.33279,189.82060,1,1,0,0,1
168.74040,73.98489,189.62230,1,1,0,0,1
168.76016,74.31973,189.55772,1,0,0,0,1
168.78030,74.65824,189.51666,0,0,0,0,1
168.80041,74.99880,189.49931,0,0,0,0,1
168.82007,74.99880,189.49931,0,0,0,0,1
168.84030,74.99880,189.49931,0,0,0,0,1
168.86031,74.99880,189.49931,0,0,0,0,1
168.88046,74.99880,189.49931,0,0,0,0,1
168.90020,74.99880,189.49931,0,0,0,0,1
168.92046,74.99880,189.49931,0,0,0,0,1
168.94032,74.99880,189.49931,0,0,0,0,1
168.96031,74.99880,189.49931,0,0,0,0,1
168.98047,74.99880,189.49931,0,0,0,0,1
169.00044,74.99880,189.49931,0,0,0,0,1
169.02052,74.99880,189.49931,0,0,0,0,1
169.04019,74.99880,189.49931,0,0,0,0,1
169.06044,74.99880,189.49931,0,0,0,0,1
169.08014,74.99880,189.49931,0,0,0,0,1
169.10039,74.99880,189.49931,0,0,0,0,1
169.12015,74.99880,189.49931,0,0,0,0,1
169.14050,74.99880,189.49931,0,0,0,0,1
169.16005,74.99880,189.49931,0,0,0,0,1
169.18017,74.99880,189.49931,0,0,0,0,1
169.20037,74.99880,189.49931,0,0,0,0,1
169.22027,74.99880,189.49931,0,0,0,0,1
169.24028,74.99880,189.49931,0,0,0,0,1
169.26052,74.99880,189.49931,0,0,0,0,1
169.28038,74.99880,189.49931,0,0,0,0,1
169.30029,74.99880,189.49931,0,0,0,0,1
169.32030,74.99880,189.49931,0,0,0,0,1
169.34048,74.99880,189.49931,0,0,0,0,1
169.36016,74.99880,189.49931,0,0,0,0,1
169.38006,74.99880,189.49931,0,0,0,0,1
169.40010,74.99880,189.49931,0,0,0,0,1
169.42046,74.99880,189.49931,1,0,0,0,1
169.44012,74.99880,189.49931,1,0,0,0,1
169.46010,75.67992,189.46461,1,0,0,0,1
169.48048,76.02048,189.44727,1,0,0,0,1
169.50044,76.36105,189.42992,1,0,0,0,1
169.52011,76.70161,189.41257,1,0,0,0,1
169.54027,77.38273,189.37787,1,0,0,0,1
169.56005,77.72329,189.36052,1,0,0,0,1
169.58015,78.06385,189.34317,1,0,0,0,1
169.60038,78.40441,189.32582,1,0,0,0,1
169.62014,78.74497,189.30847,1,0,0,0,1
169.64039,79.42609,189.27377,1,0,0,0,1
169.66039,79.76665,189.25642,1,0,0,0,1
169.68023,80.10722,189.23907,1,0,0,0,1
169.70035,80.44778,189.22173,1,0,0,0,1
169.72024,80.78834,189.20438,1,0,0,0,1
169.74066,81.46946,189.16968,1,0,0,0,1
169.76044,81.81002,189.15233,1,0,0,0,1
169.78026,82.15058,189.13498,1,0,0,0,1
169.80013,82.49114,189.11763,1,0,0,0,1
169.82032,82.83170,189.10028,1,0,0,0,1
169.84017,83.51283,189.06558,1,0,0,0,1
169.86040,84.19395,189.03088,1,0,0,0,1
169.88052,84.53451,189.01353,1,0,0,0,1
169.90021,84.87507,188.99619,1,0,0,0,1
169.92037,85.21563,188.97884,1,0,0,0,1
169.94032,85.89675,188.94414,0,0,0,0,1
169.96049,85.89675,188.94414,0,0,0,0,1
169.98008,85.89675,188.94414,0,0,0,0,1
170.00020,85.89675,188.94414,0,0,0,0,1
170.02037,85.89675,188.94414,0,0,0,0,1
170.04020,85.89675,188.94414,0,0,0,0,1
170.06036,85.89675,188.94414,0,0,0,0,1
170.08043,85.89675,188.94414,0,0,0,0,1
170.10017,85.89675,188.94414,0,0,0,0,1
170.12052,85.89675,188.94414,0,0,0,0,1
170.14007,85.89675,188.94414,0,0,0,0,1
170.16027,85.89675,188.94414,0,0,0,0,1
170.18046,85.89675,188.94414,0,0,0,0,1
170.20032,85.89675,188.94414,0,0,0,0,1
170.22037,85.89675,188.94414,0,0,0,0,1
170.24019,85.89675,188.94414,0,0,0,0,1
170.26021,85.89675,188.94414,0,0,0,0,1
170.28031,85.89675,188.94414,0,0,0,0,1
170.30007,85.89675,188.94414,0,0,0,0,1
170.32044,85.89675,188.94414,0,0,0,0,1
170.34036,85.89675,188.94414,0,0,0,0,1
170.36047,85.89675,188.94414,0,0,0,0,1
170.38031,85.89675,188.94414,0,0,0,0,1
170.40045,85.89675,188.94414,0,0,0,0,1
170.42032,85.89675,188.94414,0,0,0,0,1
170.44029,85.89675,188.94414,0,0,0,0,1
170.46012,85.89675,188.94414,0,0,0,0,1
170.48032,85.89675,188.94414,0,0,0,0,1
170.50033,85.89675,188.94414,0,0,0,0,1
170.52015,85.89675,188.94414,0,0,0,0,1
170.54016,85.89675,188.94414,0,0,0,0,1
170.56042,85.89675,188.94414,1,0,0,0,1
170.58024,86.23731,188.92679,1,0,0,0,1
170.60029,86.91843,188.89209,1,0,1,0,1
170.62024,87.25900,188.87474,1,0,1,0,1
170.64044,87.93807,188.81630,1,0,1,0,1
170.66030,88.27289,188.75166,1,0,1,0,1
170.68047,88.60238,188.66380,1,0,1,0,1
170.70028,88.92493,188.55315,1,0,1,0,1
170.72031,89.23896,188.42024,1,0,1,0,1
170.74044,89.83540,188.09036,1,0,1,0,1
170.76018,90.11488,187.89500,1,0,1,0,1
170.78026,90.38005,187.68060,1,0,1,0,1
170.80009,90.62959,187.44821,1,0,1,0,1
170.82014,90.86230,187.19896,1,0,1,0,1
170.84050,91.27274,186.65482,1,0,1,0,1
170.86050,91.44846,186.36258,1,0,1,0,1
170.88027,91.60336,186.05879,1,0,1,0,1
170.90036,91.73666,185.74492,1,0,1,0,1
170.92031,91.84771,185.42252,1,0,1,0,1
170.94016,92.00102,184.75841,1,0,1,0,1
170.96036,92.04253,184.41994,1,0,1,0,1
170.98008,92.06031,184.07941,1,0,1,0,1
171.00033,92.02449,183.39877,1,0,1,0,1
171.02031,91.97103,183.06200,1,0,0,0,1
171.04053,91.79432,182.40372,1,0,0,0,1
171.06034,91.69446,182.07767,1,0,0,0,1
171.08049,91.59460,181.75162,0,0,0,0,1
171.10018,91.59460,181.75162,0,0,0,0,1
171.12032,91.59460,181.75162,0,0,0,0,1
171.14054,91.59460,181.75162,0,0,0,0,1
171.16047,91.59460,181.75162,0,0,0,0,1
171.18005,91.59460,181.75162,0,0,0,0,1
171.20009,91.59460,181.75162,0,0,0,0,1
171.22014,91.59460,181.75162,0,0,0,0,1
171.24040,91.59460,181.75162,0,0,0,0,1
171.26032,91.59460,181.75162,0,0,0,0,1
171.28042,91.59460,181.75162,0,0,0,0,1
171.30009,91.59460,181.75162,0,0,0,0,1
171.32045,91.59460,181.75162,0,0,0,0,1
171.34046,91.59460,181.75162,0,0,0,0,1
171.36021,91.59460,181.75162,0,0,0,0,1
171.38040,91.59460,181.75162,0,0,0,0,1
171.40051,91.59460,181.75162,0,0,0,0,1
171.42050,91.59460,181.75162,0,0,0,0,1
171.44004,91.59460,181.75162,0,0,0,0,1
171.46012,91.59460,181.75162,0,0,0,0,1
171.48010,91.59460,181.75162,0,0,0,0,1
171.50024,91.59460,181.75162,0,0,0,0,1
171.52037,91.59460,181.75162,0,0,0,0,1
171.54046,91.59460,181.75162,0,0,0,0,1
171.56012,91.59460,181.75162,0,0,0,0,1
171.58026,91.59460,181.75162,0,0,0,0,1
171.60006,91.59460,181.75162,0,0,0,0,1
171.62028,91.59460,181.75162,1,1,0,0,1
171.64039,91.59460,181.75162,1,1,0,0,1
171.66010,91.46419,181.08263,1,1,0,0,1
171.68028,91.43428,180.74294,1,1,0,0,1
171.70042,91.42813,180.40199,1,1,0,0,1
171.72014,91.44578,180.06145,1,1,0,0,1
171.74040,91.48713,179.72296,1,1,0,0,1
171.76038,91.64003,179.05875,1,1,0,0,1
171.78031,91.88387,178.42227,1,1,0,0,1
171.80005,92.03847,178.11833,1,1,0,0,1
171.82019,92.21389,177.82591,1,1,0,0,1
171.84041,92.40928,177.54643,1,1,0,0,1
171.86007,92.85605,177.03169,1,1,0,0,1
171.88026,93.10526,176.79893,1,1,0,0,1
171.90041,93.37010,176.58412,1,1,0,0,1
171.92025,93.64928,176.38831,1,1,0,0,1
171.94039,93.94143,176.21243,1,1,0,0,1
171.96020,94.55891,175.92386,1,1,0,0,1
171.98032,94.88123,175.81256,1,1,0,0,1
172.00041,95.21053,175.72401,1,1,0,0,1
172.02036,95.54521,175.65865,1,0,0,0,1
172.04051,95.88363,175.61678,1,0,0,0,1
172.06040,96.56046,175.53304,0,0,0,0,1
172.08052,96.89888,175.49117,0,0,0,0,1
172.10041,96.89888,175.49117,0,0,0,0,1
172.12052,96.89888,175.49117,0,0,0,0,1
172.14031,96.89888,175.49117,0,0,0,0,1
172.16053,96.89888,175.49117,0,0,0,0,1
172.18025,96.89888,175.49117,0,0,0,0,1
172.20034,96.89888,175.49117,0,0,0,0,1
172.22006,96.89888,175.49117,0,0,0,0,1
172.24039,96.89888,175.49117,0,0,0,0,1
172.26005,96.89888,175.49117,0,0,0,0,1
172.28014,96.89888,175.49117,0,0,0,0,1
172.30041,96.89888,175.49117,0,0,0,0,1
172.32032,96.89888,175.49117,0,0,0,0,1
172.34049,96.89888,175.49117,0,0,0,0,1
172.36019,96.89888,175.49117,0,0,0,0,1
172.38033,96.89888,175.49117,0,0,0,0,1
172.40051,96.89888,175.49117,0,0,0,0,1
172.42027,96.89888,175.49117,0,0,0,0,1
172.44005,96.89888,175.49117,0,0,0,0,1
172.46051,96.89888,175.49117,0,0,0,0,1
172.48026,96.89888,175.49117,0,0,0,0,1
172.50045,96.89888,175.49117,0,0,0,0,1
172.52008,96.89888,175.49117,0,0,0,0,1
172.54046,96.89888,175.49117,0,0,0,0,1
172.56015,96.89888,175.49117,0,0,0,0,1
172.58026,96.89888,175.49117,0,0,0,0,1
172.60048,96.89888,175.49117,0,0,0,0,1
172.62016,96.89888,175.49117,0,0,0,0,1
172.64039,96.89888,175.49117,0,0,0,0,1
172.66053,96.89888,175.49117,0,0,0,0,1
172.68025,96.89888,175.49117,0,0,0,0,1
172.70006,96.89888,175.49117,0,0,0,0,1
172.72008,96.89888,175.49117,0,0,0,0,1
172.74008,96.89888,175.49117,0,0,0,0,1
172.76035,96.89888,175.49117,1,0,0,0,1
172.78029,97.23730,175.44930,1,0,0,0,1
172.80052,97.57571,175.40742,1,0,0,0,1
172.82007,97.91413,175.36555,1,0,0,0,1
172.84030,98.25255,175.32368,1,0,0,0,1
172.86013,98.92938,175.23994,1,0,0,0,1
172.88031,99.26780,175.19807,1,0,0,0,1
172.90009,99.60622,175.15620,1,0,0,0,1
172.92026,99.94463,175.11433,1,0,0,0,1
172.94050,100.28305,175.07246,1,0,0,0,1
172.96024,101.29830,174.94685,1,0,0,0,1
172.98049,101.63672,174.90498,1,0,0,0,1
173.00041,101.97514,174.86311,1,0,0,0,1
173.02006,102.31355,174.82124,1,0,0,0,1
173.04016,102.65197,174.77937,1,0,0,0,1
173.06029,103.32880,174.69563,1,0,0,0,1
173.08011,103.66722,174.65376,1,0,0,0,1
173.10031,104.00564,174.61189,1,0,0,0,1
173.12034,104.34406,174.57002,1,0,0,0,1
173.14051,104.68247,174.52815,1,0,0,0,1
173.16034,105.35931,174.44441,1,0,0,0,1
173.18036,105.69772,174.40254,1,0,0,0,1
173.20029,106.03614,174.36067,1,0,0,0,1
173.22051,106.37456,174.31880,1,0,0,0,1
173.24051,106.71297,174.27693,0,0,0,0,1
173.26025,107.05139,174.23506,0,0,0,0,1
173.28040,107.05139,174.23506,0,0,0,0,1
173.30010,107.05139,174.23506,0,0,0,0,1
173.32030,107.05139,174.23506,0,0,0,0,1
173.34030,107.05139,174.23506,0,0,0,0,1
173.36047,107.05139,174.23506,0,0,0,0,1
173.38019,107.05139,174.23506,0,0,0,0,1
173.40044,107.05139,174.23506,0,0,0,0,1
173.42046,107.05139,174.23506,0,0,0,0,1
173.44010,107.05139,174.23506,0,0,0,0,1
173.46016,107.05139,174.23506,0,0,0,0,1
173.48026,107.05139,174.23506,0,0,0,0,1
173.50021,107.05139,174.23506,0,0,0,0,1
173.52052,107.05139,174.23506,0,0,0,0,1
173.54028,107.05139,174.23506,0,0,0,0,1
173.56055,107.05139,174.23506,0,0,0,0,1
173.58010,107.05139,174.23506,0,0,0,0,1
173.60018,107.05139,174.23506,0,0,0,0,1
173.62025,107.05139,174.23506,0,0,0,0,1
173.64024,107.05139,174.23506,0,0,0,0,1
173.66024,107.05139,174.23506,0,0,0,0,1
173.68034,107.05139,174.23506,0,0,0,0,1
173.70020,107.05139,174.23506,0,0,0,0,1
173.72018,107.05139,174.23506,0,0,0,0,1
173.74031,107.05139,174.23506,0,0,0,0,1
173.76032,107.05139,174.23506,0,0,0,0,1
173.78051,107.05139,174.23506,0,0,0,0,1
173.80017,107.05139,174.23506,1,0,0,0,1
173.82039,107.38981,174.19319,1,0,0,0,1
173.84047,107.72823,174.15132,1,0,1,0,1
173.86034,108.40506,174.06758,1,0,1,0,1
173.88021,108.73973,174.00218,1,0,1,0,1
173.90036,109.06902,173.91357,1,0,1,0,1
173.92003,109.39130,173.80219,1,0,1,0,1
173.94026,110.00866,173.51334,1,0,1,0,1
173.96045,110.30070,173.33730,1,0,1,0,1
173.98014,110.57974,173.14130,1,0,1,0,1
174.00035,110.84441,172.92628,1,0,1,0,1
174.02027,111.32555,172.44353,1,0,1,0,1
174.04043,111.53967,172.17813,1,0,1,0,1
174.06050,111.73474,171.89844,1,0,1,0,1
174.08022,111.90980,171.60580,1,0,1,0,1
174.10052,112.19656,170.98747,1,0,1,0,1
174.12049,112.30688,170.66481,1,0,1,0,1
174.14038,112.39439,170.33524,1,0,0,0,1
174.16024,112.45866,170.00035,1,0,0,0,1
174.18045,112.54013,169.32323,0,0,0,0,1
174.20014,112.58086,168.98466,0,0,0,0,1
174.22032,112.58086,168.98466,0,0,0,0,1
174.24044,112.58086,168.98466,0,0,0,0,1
174.26019,112.58086,168.98466,0,0,0,0,1
174.28041,112.58086,168.98466,0,0,0,0,1
174.30008,112.58086,168.98466,0,0,0,0,1
174.32029,112.58086,168.98466,0,0,0,0,1
174.34030,112.58086,168.98466,0,0,0,0,1
174.36045,112.58086,168.98466,0,0,0,0,1
174.38012,112.58086,168.98466,0,0,0,0,1
174.40031,112.58086,168.98466,0,0,0,0,1
174.42018,112.58086,168.98466,0,0,0,0,1
174.44047,112.58086,168.98466,0,0,0,0,1
174.46038,112.58086,168.98466,0,0,0,0,1
174.48030,112.58086,168.98466,0,0,0,0,1
174.50026,112.58086,168.98466,0,0,0,0,1
174.52048,112.58086,168.98466,0,0,0,0,1
174.54017,112.58086,168.98466,0,0,0,0,1
174.56039,112.58086,168.98466,0,0,0,0,1
174.58010,112.58086,168.98466,0,0,0,0,1
174.60039,112.58086,168.98466,0,0,0,0,1
174.62051,112.58086,168.98466,0,0,0,0,1
174.64019,112.58086,168.98466,0,0,0,0,1
174.66047,112.58086,168.98466,0,0,0,0,1
174.68055,112.58086,168.98466,0,0,0,0,1
174.70032,112.58086,168.98466,0,0,0,0,1
174.72042,112.58086,168.98466,0,0,0,0,1
174.74005,112.58086,168.98466,0,0,0,0,1
174.76030,112.58086,168.98466,0,0,0,0,1
174.78016,112.58086,168.98466,0,0,0,0,1
174.80011,112.58086,168.98466,0,0,0,0,1
174.82015,112.58086,168.98466,0,0,0,0,1
174.84036,112.58086,168.98466,0,0,0,0,1
174.86029,112.58086,168.98466,0,0,0,0,1
174.88017,112.58086,168.98466,1,1,0,0,1
174.90040,112.66233,168.30754,1,1,0,0,1
174.92012,112.72658,167.97264,1,1,0,0,1
174.94038,112.81403,167.64305,1,1,0,0,1
174.96014,113.05670,167.00613,1,1,0,0,1
174.98045,113.21075,166.70192,1,1,0,0,1
175.00035,113.38564,166.40918,1,1,0,0,1
175.02009,113.58051,166.12935,1,1,0,0,1
175.04028,113.79443,165.86380,1,1,0,0,1
175.06027,114.27514,165.38060,1,1,0,0,1
175.08047,114.53958,165.16531,1,1,0,0,1
175.10012,114.81840,164.96899,1,1,0,0,1
175.12037,115.11022,164.79259,1,1,0,0,1
175.14054,115.41364,164.63696,1,1,0,0,1
175.16032,116.04929,164.39099,1,1,0,0,1
175.18048,116.37843,164.30183,1,1,0,0,1
175.20019,116.71299,164.23586,1,1,0,0,1
175.22005,117.05133,164.19336,1,1,0,0,1
175.24018,117.39182,164.17458,1,0,0,0,1
175.26039,117.73278,164.17958,1,0,0,0,1
175.28010,118.41235,164.23711,0,0,0,0,1
175.30024,118.41235,164.23711,0,0,0,0,1
175.32040,118.41235,164.23711,0,0,0,0,1
175.34043,118.41235,164.23711,0,0,0,0,1
175.36026,118.41235,164.23711,0,0,0,0,1
175.38045,118.41235,164.23711,0,0,0,0,1
175.40019,118.41235,164.23711,0,0,0,0,1
175.42034,118.41235,164.23711,0,0,0,0,1
175.44010,118.41235,164.23711,0,0,0,0,1
175.46009,118.41235,164.23711,0,0,0,0,1
175.48040,118.41235,164.23711,0,0,0,0,1
175.50004,118.41235,164.23711,0,0,0,0,1
175.52036,118.41235,164.23711,0,0,0,0,1
175.54027,118.41235,164.23711,0,0,0,0,1
175.56024,118.41235,164.23711,0,0,0,0,1
175.58024,118.41235,164.23711,0,0,0,0,1
175.60034,118.41235,164.23711,0,0,0,0,1
175.62053,118.41235,164.23711,0,0,0,0,1
175.64014,118.41235,164.23711,0,0,0,0,1
175.66028,118.41235,164.23711,0,0,0,0,1
175.68019,118.41235,164.23711,0,0,0,0,1
175.70034,118.41235,164.23711,0,0,0,0,1
175.72051,118.41235,164.23711,0,0,0,0,1
175.74019,118.41235,164.23711,0,0,0,0,1
175.76020,118.41235,164.23711,0,0,0,0,1
175.78020,118.41235,164.23711,0,0,0,0,1
175.80034,118.41235,164.23711,0,0,0,0,1
175.82038,118.41235,164.23711,0,0,0,0,1
175.84044,118.41235,164.23711,0,0,0,0,1
175.86034,118.41235,164.23711,0,0,0,0,1
175.88019,118.41235,164.23711,0,0,0,0,1
175.90032,118.41235,164.23711,0,0,0,0,1
175.92045,118.41235,164.23711,0,0,0,0,1
175.94022,118.41235,164.23711,1,0,0,0,1
175.96038,118.41235,164.23711,1,0,0,0,1
175.98047,119.09191,164.29463,1,0,0,0,1
176.00010,119.43169,164.32339,1,0,0,0,1
176.02036,119.77148,164.35216,1,0,0,0,1
176.04036,120.11126,164.38092,1,0,0,0,1
176.06010,120.45104,164.40968,1,0,0,0,1
176.08034,121.13061,164.46721,1,0,0,0,1
176.10052,121.81017,164.52473,1,0,0,0,1
176.12024,122.14996,164.55350,1,0,0,0,1
176.14042,122.48974,164.58226,1,0,0,0,1
176.16051,122.82952,164.61102,1,0,0,0,1
176.18023,123.50909,164.66855,1,0,0,0,1
176.20035,123.84887,164.69731,1,0,0,0,1
176.22005,124.18865,164.72607,1,0,0,0,1
176.24007,124.52843,164.75484,1,0,0,0,1
176.26050,124.86822,164.78360,1,0,0,0,1
176.28028,125.54778,164.84113,1,0,0,0,1
176.30053,125.88757,164.86989,1,0,0,0,1
176.32050,126.22735,164.89865,1,0,0,0,1
176.34016,126.56713,164.92741,1,0,0,0,1
176.36042,126.90691,164.95618,0,0,0,0,1
176.38025,127.24670,164.98494,0,0,0,0,1
176.40012,127.24670,164.98494,0,0,0,0,1
176.42043,127.24670,164.98494,0,0,0,0,1
176.44007,127.24670,164.98494,0,0,0,0,1
176.46035,127.24670,164.98494,0,0,0,0,1
176.48025,127.24670,164.98494,0,0,0,0,1
176.50059,127.24670,164.98494,0,0,0,0,1
176.52022,127.24670,164.98494,0,0,0,0,1
176.54028,127.24670,164.98494,0,0,0,0,1
176.56045,127.24670,164.98494,0,0,0,0,1
176.58053,127.24670,164.98494,0,0,0,0,1
176.60063,127.24670,164.98494,0,0,0,0,1
176.62052,127.24670,164.98494,0,0,0,0,1
176.64017,127.24670,164.98494,0,0,0,0,1
176.66046,127.24670,164.98494,0,0,0,0,1
176.68028,127.24670,164.98494,0,0,0,0,1
176.70062,127.24670,164.98494,0,0,0,0,1
176.72039,127.24670,164.98494,0,0,0,0,1
176.74008,127.24670,164.98494,0,0,0,0,1
176.76029,127.24670,164.98494,0,0,0,0,1
176.78032,127.24670,164.98494,0,0,0,0,1
176.80044,127.24670,164.98494,0,0,0,0,1
176.82040,127.24670,164.98494,0,0,0,0,1
176.84022,127.24670,164.98494,0,0,0,0,1
176.86039,127.24670,164.98494,0,0,0,0,1
176.88026,127.24670,164.98494,0,0,0,0,1
176.90031,127.24670,164.98494,0,0,0,0,1
176.92045,127.24670,164.98494,0,0,0,0,1
176.94010,127.24670,164.98494,0,0,0,0,1
176.96030,127.24670,164.98494,1,0,0,0,1
176.98016,127.58648,165.01370,1,0,0,0,1
177.00031,127.92626,165.04247,1,0,1,0,1
177.02044,128.26605,165.07123,1,0,1,0,1
177.04012,128.60701,165.07620,1,0,1,0,1
177.06055,128.94749,165.05734,1,0,1,0,1
177.08054,129.62036,164.94864,1,0,1,0,1
177.10039,129.94946,164.85933,1,0,1,0,1
177.12027,130.27151,164.74725,1,0,1,0,1
177.14045,130.58496,164.61296,1,0,1,0,1
177.16011,130.88826,164.45711,1,0,1,0,1
177.18009,131.45856,164.08386,1,0,1,0,1
177.20028,131.72278,163.86829,1,0,1,0,1
177.22048,131.97130,163.63480,1,0,1,0,1
177.24031,132.20290,163.38452,1,0,1,0,1
177.26056,132.41646,163.11868,1,0,1,0,1
177.28027,132.78537,162.54558,1,0,0,0,1
177.30052,133.09247,161.93663,1,0,0,0,1
177.32024,133.24602,161.63216,1,0,0,0,1
177.34039,133.39957,161.32768,0,0,0,0,1
177.36022,133.39957,161.32768,0,0,0,0,1
177.38050,133.39957,161.32768,0,0,0,0,1
177.40034,133.39957,161.32768,0,0,0,0,1
177.42054,133.39957,161.32768,0,0,0,0,1
177.44032,133.39957,161.32768,0,0,0,0,1
177.46010,133.39957,161.32768,0,0,0,0,1
177.48033,133.39957,161.32768,0,0,0,0,1
177.50053,133.39957,161.32768,0,0,0,0,1
177.52022,133.39957,161.32768,0,0,0,0,1
177.54050,133.39957,161.32768,0,0,0,0,1
177.56030,133.39957,161.32768,0,0,0,0,1
177.58051,133.39957,161.32768,0,0,0,0,1
177.60064,133.39957,161.32768,0,0,0,0,1
177.62032,133.39957,161.32768,0,0,0,0,1
177.64014,133.39957,161.32768,0,0,0,0,1
177.66032,133.39957,161.32768,0,0,0,0,1
177.68052,133.39957,161.32768,0,0,0,0,1
177.70021,133.39957,161.32768,0,0,0,0,1
177.72019,133.39957,161.32768,0,0,0,0,1
177.74050,133.39957,161.32768,0,0,0,0,1
177.76033,133.39957,161.32768,0,0,0,0,1
177.78031,133.39957,161.32768,0,0,0,0,1
177.80024,133.39957,161.32768,0,0,0,0,1
177.82047,133.39957,161.32768,0,0,0,0,1
177.84046,133.39957,161.32768,0,0,0,0,1
177.86020,133.39957,161.32768,0,0,0,0,1
177.88037,133.39957,161.32768,0,0,0,0,1
177.90004,133.39957,161.32768,0,0,0,0,1
177.92009,133.39957,161.32768,0,1,0,0,1
177.94048,133.39957,161.32768,1,1,0,0,1
177.96049,133.55312,161.02321,1,1,0,0,1
177.98050,133.92195,160.45004,1,1,0,0,1
178.00049,134.13544,160.18414,1,1,0,0,1
178.02041,134.36694,159.93378,1,1,0,0,1
178.04041,134.61536,159.70016,1,1,0,0,1
178.06007,135.15794,159.28767,1,1,0,0,1
178.08011,135.44948,159.11079,1,1,0,0,1
178.10005,136.06595,158.82008,1,1,0,0,1
178.12024,136.38789,158.70767,1,1,0,0,1
178.14050,136.71689,158.61798,1,1,0,0,1
178.16023,137.05133,158.55145,1,1,0,0,1
178.18047,137.73006,158.48906,1,1,0,0,1
178.20022,138.07103,158.49350,1,1,0,0,1
178.22015,138.41086,158.52171,1,1,0,0,1
178.24032,138.74789,158.57356,1,1,0,0,1
178.26004,139.08049,158.64879,1,1,0,0,1
178.28032,139.72592,158.86780,1,1,0,0,1
178.30054,140.03561,159.01051,1,1,0,0,1
178.32026,140.33461,159.17448,1,0,0,0,1
178.34054,140.62144,159.35890,1,0,0,0,1
178.36025,140.89471,159.56288,0,0,0,0,1
178.38049,141.16798,159.76686,0,0,0,0,1
178.40022,141.16798,159.76686,0,0,0,0,1
178.42052,141.16798,159.76686,0,0,0,0,1
178.44011,141.16798,159.76686,0,0,0,0,1
178.46037,141.16798,159.76686,0,0,0,0,1
178.48020,141.16798,159.76686,0,0,0,0,1
178.50045,141.16798,159.76686,0,0,0,0,1
178.52020,141.16798,159.76686,0,0,0,0,1
178.54033,141.16798,159.76686,0,0,0,0,1
178.56012,141.16798,159.76686,0,0,0,0,1
178.58028,141.16798,159.76686,0,0,0,0,1
178.60043,141.16798,159.76686,0,0,0,0,1
178.62048,141.16798,159.76686,0,0,0,0,1
178.64021,141.16798,159.76686,0,0,0,0,1
178.66022,141.16798,159.76686,0,0,0,0,1
178.68026,141.16798,159.76686,0,0,0,0,1
178.70051,141.16798,159.76686,0,0,0,0,1
178.72020,141.16798,159.76686,0,0,0,0,1
178.74040,141.16798,159.76686,0,0,0,0,1
178.76023,141.16798,159.76686,0,0,0,0,1
178.78027,141.16798,159.76686,0,0,0,0,1
178.80052,141.16798,159.76686,0,0,0,0,1
178.82004,141.16798,159.76686,0,0,0,0,1
178.84038,141.16798,159.76686,0,0,0,0,1
178.86009,141.16798,159.76686,0,0,0,0,1
178.88026,141.16798,159.76686,0,0,0,0,1
178.90048,141.16798,159.76686,0,0,0,0,1
178.92034,141.16798,159.76686,1,0,0,0,1
178.94035,141.44125,159.97084,1,0,0,0,1
178.96012,141.71452,160.17482,1,0,0,0,1
178.98047,142.26106,160.58278,1,0,0,0,1
179.00013,142.53433,160.78676,1,0,0,0,1
179.02007,142.80760,160.99074,1,0,0,0,1
179.04026,143.08087,161.19472,1,0,0,0,1
179.06044,143.35414,161.39870,1,0,0,0,1
179.08031,143.90068,161.80666,1,0,0,0,1
179.10008,144.17395,162.01064,1,0,0,0,1
179.12033,144.44722,162.21461,1,0,0,0,1
179.14005,144.72049,162.41859,1,0,0,0,1
179.16026,144.99376,162.62257,1,0,0,0,1
179.18046,145.54030,163.03053,1,0,0,0,1
179.20008,145.81357,163.23451,1,0,0,0,1
179.22077,146.36011,163.64247,1,0,0,0,1
179.24008,146.63338,163.84645,1,0,0,0,1
179.26023,146.90665,164.05043,1,0,0,0,1
179.28048,147.45319,164.45839,1,0,0,0,1
179.30016,147.72646,164.66237,1,0,0,0,1
179.32018,147.99973,164.86635,1,0,0,0,1
179.34030,148.27299,165.07033,1,0,0,0,1
179.36004,148.54626,165.27431,1,0,0,0,1
179.38060,149.09280,165.68227,1,0,0,0,1
179.40022,149.36607,165.88625,0,0,0,0,1
179.42021,149.63934,166.09023,0,0,0,0,1
179.44040,149.63934,166.09023,0,0,0,0,1
179.46023,149.63934,166.09023,0,0,0,0,1
179.48005,149.63934,166.09023,0,0,0,0,1
179.50026,149.63934,166.09023,0,0,0,0,1
179.52042,149.63934,166.09023,0,0,0,0,1
179.54029,149.63934,166.09023,0,0,0,0,1
179.56046,149.63934,166.09023,0,0,0,0,1
179.58011,149.63934,166.09023,0,0,0,0,1
179.60041,149.63934,166.09023,0,0,0,0,1
179.62034,149.63934,166.09023,0,0,0,0,1
179.64006,149.63934,166.09023,0,0,0,0,1
179.66041,149.63934,166.09023,0,0,0,0,1
179.68022,149.63934,166.09023,0,0,0,0,1
179.70008,149.63934,166.09023,0,0,0,0,1
179.72026,149.63934,166.09023,0,0,0,0,1
179.74039,149.63934,166.09023,0,0,0,0,1
179.76016,149.63934,166.09023,0,0,0,0,1
179.78034,149.63934,166.09023,0,0,0,0,1
179.80058,149.63934,166.09023,0,0,0,0,1
179.82032,149.63934,166.09023,0,0,0,0,1
179.84056,149.63934,166.09023,1,0,0,0,1
179.86033,149.63934,166.09023,1,0,0,0,1
179.88013,149.91261,166.29420,1,0,0,0,1
179.90030,150.45915,166.70216,1,0,0,0,1
179.92050,150.73242,166.90614,1,0,1,0,1
179.94033,151.00569,167.11012,1,0,1,0,1
179.96024,151.29254,167.29451,1,0,1,0,1
179.98037,151.59157,167.45842,1,0,1,0,1
180.00007,152.22025,167.72169,1,0,1,0,1
180.02024,152.87947,167.89481,1,0,1,0,1
180.04005,153.21654,167.94643,1,0,1,0,1
180.06043,153.55640,167.97438,1,0,1,0,1
180.08011,153.89737,167.97853,1,0,1,0,1
180.10011,154.57603,167.91547,1,0,1,0,1
180.12012,154.91040,167.84856,1,0,1,0,1
180.14010,155.23929,167.75845,1,0,1,0,1
180.16009,155.56108,167.64561,1,0,1,0,1
180.18012,155.87421,167.51057,1,0,1,0,1
180.20045,156.46838,167.17664,1,0,0,0,1
180.22042,156.74654,166.97937,1,0,0,0,1
180.24005,157.01024,166.76317,1,0,0,0,1
180.26004,157.27394,166.54697,0,0,0,0,1
180.28007,157.53764,166.33076,0,0,0,0,1
180.30017,157.53764,166.33076,0,0,0,0,1
180.32044,157.53764,166.33076,0,0,0,0,1
180.34045,157.53764,166.33076,0,0,0,0,1
180.36018,157.53764,166.33076,0,0,0,0,1
180.38040,157.53764,166.33076,0,0,0,0,1
180.40021,157.53764,166.33076,0,0,0,0,1
180.42030,157.53764,166.33076,0,0,0,0,1
180.44031,157.53764,166.33076,0,0,0,0,1
180.46009,157.53764,166.33076,0,0,0,0,1
180.48030,157.53764,166.33076,0,0,0,0,1
180.50010,157.53764,166.33076,0,0,0,0,1
180.52020,157.53764,166.33076,0,0,0,0,1
180.54040,157.53764,166.33076,0,0,0,0,1
180.56051,157.53764,166.33076,0,0,0,0,1
180.58020,157.53764,166.33076,0,0,0,0,1
180.60050,157.53764,166.33076,0,0,0,0,1
180.62012,157.53764,166.33076,0,0,0,0,1
180.64004,157.53764,166.33076,0,0,0,0,1
180.66041,157.53764,166.33076,0,0,0,0,1
180.68035,157.53764,166.33076,0,0,0,0,1
180.70052,157.53764,166.33076,0,0,0,0,1
180.72010,157.53764,166.33076,0,0,0,0,1
180.74047,157.53764,166.33076,0,0,0,0,1
180.76021,157.53764,166.33076,0,0,0,0,1
180.78045,157.53764,166.33076,0,0,0,0,1
180.80006,157.53764,166.33076,0,0,0,0,1
180.82042,157.53764,166.33076,0,0,0,0,1
180.84020,157.53764,166.33076,0,0,0,0,1
180.86035,157.53764,166.33076,0,1,0,0,1
180.88010,157.53764,166.33076,1,1,0,0,1
180.90029,157.81578,166.13348,1,1,0,0,1
180.92010,158.10699,165.95607,1,1,0,0,1
180.94015,158.40988,165.79941,1,1,0,0,1
180.96039,158.72295,165.66425,1,1,0,0,1
180.98031,159.04468,165.55124,1,1,0,0,1
181.00022,159.70782,165.39381,1,1,0,0,1
181.02021,160.04602,165.35016,1,1,0,0,1
181.04035,160.38643,165.33020,1,1,0,0,1
181.06024,160.72740,165.33403,1,1,0,0,1
181.08043,161.06728,165.36162,1,1,0,0,1
181.10029,161.73714,165.48746,1,1,0,0,1
181.12028,162.06386,165.58510,1,1,0,0,1
181.14046,162.38298,165.70529,1,1,0,0,1
181.16051,162.69293,165.84744,1,1,0,0,1
181.18021,162.99222,166.01086,1,1,0,0,1
181.20042,163.55302,166.39824,1,1,0,0,1
181.22052,164.05447,166.85986,1,1,0,0,1
181.24038,164.27985,167.11577,1,1,0,0,1
181.26006,164.48682,167.38678,1,1,0,0,1
181.28036,164.67439,167.67155,1,1,0,0,1
181.30017,164.98776,168.27682,1,0,0,0,1
181.32049,165.11205,168.59438,0,0,0,0,1
181.34054,165.23633,168.91193,0,0,0,0,1
181.36035,165.23633,168.91193,0,0,0,0,1
181.38026,165.23633,168.91193,0,0,0,0,1
181.40022,165.23633,168.91193,0,0,0,0,1
181.42045,165.23633,168.91193,0,0,0,0,1
181.44033,165.23633,168.91193,0,0,0,0,1
181.46007,165.23633,168.91193,0,0,0,0,1
181.48047,165.23633,168.91193,0,0,0,0,1
181.50049,165.23633,168.91193,0,0,0,0,1
181.52044,165.23633,168.91193,0,0,0,0,1
181.54026,165.23633,168.91193,0,0,0,0,1
181.56007,165.23633,168.91193,0,0,0,0,1
181.58024,165.23633,168.91193,0,0,0,0,1
181.60028,165.23633,168.91193,0,0,0,0,1
181.62026,165.23633,168.91193,0,0,0,0,1
181.64049,165.23633,168.91193,0,0,0,0,1
181.66053,165.23633,168.91193,0,0,0,0,1
181.68024,165.23633,168.91193,0,0,0,0,1
181.70047,165.23633,168.91193,0,0,0,0,1
181.72019,165.23633,168.91193,0,0,0,0,1
181.74036,165.23633,168.91193,0,0,0,0,1
181.76008,165.23633,168.91193,0,0,0,0,1
181.78026,165.23633,168.91193,0,0,0,0,1
181.80050,165.23633,168.91193,0,0,0,0,1
181.82033,165.23633,168.91193,0,0,0,0,1
181.84046,165.23633,168.91193,0,0,0,0,1
181.86026,165.23633,168.91193,0,0,0,0,1
181.88016,165.23633,168.91193,1,0,0,0,1
181.90055,165.36061,169.22948,1,0,0,0,1
181.92047,165.48489,169.54703,1,0,0,0,1
181.94016,165.60918,169.86458,1,0,0,0,1
181.96008,165.73346,170.18213,1,0,0,0,1
181.98028,165.98203,170.81723,1,0,0,0,1
182.00011,166.10631,171.13478,1,0,0,0,1
182.02037,166.35487,171.76988,1,0,0,0,1
182.04029,166.47916,172.08743,1,0,0,0,1
182.06040,166.60344,172.40498,1,0,0,0,1
182.08052,166.72772,172.72253,1,0,0,0,1
182.10032,166.97629,173.35764,1,0,0,0,1
182.12045,167.10057,173.67519,1,0,0,0,1
182.14005,167.22485,173.99274,1,0,0,0,1
182.16030,167.34914,174.31029,1,0,0,0,1
182.18025,167.47342,174.62784,1,0,0,0,1
182.20008,167.72198,175.26294,1,0,0,0,1
182.22028,167.84627,175.58049,1,0,0,0,1
182.24010,167.97055,175.89804,1,0,0,0,1
182.26007,168.09483,176.21559,1,0,0,0,1
182.28008,168.21912,176.53314,0,0,0,0,1
182.30023,168.34340,176.85069,0,0,0,0,1
182.32023,168.34340,176.85069,0,0,0,0,1
182.34028,168.34340,176.85069,0,0,0,0,1
182.36037,168.34340,176.85069,0,0,0,0,1
182.38048,168.34340,176.85069,0,0,0,0,1
182.40054,168.34340,176.85069,0,0,0,0,1
182.42015,168.34340,176.85069,0,0,0,0,1
182.44036,168.34340,176.85069,0,0,0,0,1
182.46004,168.34340,176.85069,0,0,0,0,1
182.48030,168.34340,176.85069,0,0,0,0,1
182.50019,168.34340,176.85069,0,0,0,0,1
182.52015,168.34340,176.85069,0,0,0,0,1
182.54024,168.34340,176.85069,0,0,0,0,1
182.56026,168.34340,176.85069,0,0,0,0,1
182.58051,168.34340,176.85069,0,0,0,0,1
182.60045,168.34340,176.85069,0,0,0,0,1
182.62020,168.34340,176.85069,0,0,0,0,1
182.64013,168.34340,176.85069,1,0,0,0,1
182.66010,168.34340,176.85069,1,0,0,0,1
182.68036,168.46768,177.16824,1,0,0,0,1
182.70027,168.71625,177.80334,1,0,1,0,1
182.72047,168.84053,178.12090,1,0,1,0,1
182.74056,168.98668,178.42899,1,0,1,0,1
182.76025,169.34164,179.01085,1,0,1,0,1
182.78025,169.54872,179.28177,1,0,1,0,1
182.80047,170.01701,179.77699,1,0,1,0,1
182.82030,170.27594,179.99889,1,0,1,0,1
182.84008,170.54974,180.20215,1,0,1,0,1
182.86045,170.83707,180.38580,1,0,1,0,1
182.88032,171.13652,180.54893,1,0,1,0,1
182.90010,171.76588,180.81059,1,0,1,0,1
182.92040,171.76588,180.81059,1,0,1,0,1
182.94005,172.42557,180.98199,1,0,1,0,1
182.96049,172.76277,181.03275,1,0,1,0,1
182.98053,173.44368,181.06308,1,0,1,0,1
183.00034,173.78406,181.04253,1,0,1,0,1
183.02029,174.12218,180.99826,1,0,1,0,1
183.04015,174.45638,180.93048,1,0,1,0,1
183.06044,175.10651,180.72586,1,0,1,0,1
183.08055,175.41928,180.59001,1,0,0,0,1
183.10028,175.72180,180.43265,1,0,0,0,1
183.12036,176.02432,180.27528,1,0,0,0,1
183.14051,176.62936,179.96056,0,0,0,0,1
183.16019,176.62936,179.96056,0,0,0,0,1
183.18046,176.62936,179.96056,0,0,0,0,1
183.20049,176.62936,179.96056,0,0,0,0,1
183.22040,176.62936,179.96056,0,0,0,0,1
183.24019,176.62936,179.96056,0,0,0,0,1
183.26008,176.62936,179.96056,0,0,0,0,1
183.28043,176.62936,179.96056,0,0,0,0,1
183.30024,176.62936,179.96056,0,0,0,0,1
183.32049,176.62936,179.96056,0,0,0,0,1
183.34032,176.62936,179.96056,0,0,0,0,1
183.36057,176.62936,179.96056,0,0,0,0,1
183.38030,176.62936,179.96056,0,0,0,0,1
183.40035,176.62936,179.96056,0,0,0,0,1
183.42038,176.62936,179.96056,0,0,0,0,1
183.44034,176.62936,179.96056,0,0,0,0,1
183.46006,176.62936,179.96056,0,0,0,0,1
183.48026,176.62936,179.96056,0,0,0,0,1
183.50043,176.62936,179.96056,0,0,0,0,1
183.52034,176.62936,179.96056,0,0,0,0,1
183.54054,176.62936,179.96056,0,0,0,0,1
183.56026,176.62936,179.96056,0,0,0,0,1
183.58019,176.62936,179.96056,0,0,0,0,1
183.60024,176.62936,179.96056,0,0,0,0,1
183.62022,176.62936,179.96056,0,0,0,0,1
183.64044,176.62936,179.96056,1,1,0,0,1
183.66047,176.93188,179.80319,1,1,0,0,1
183.68032,177.24464,179.66731,1,1,0,0,1
183.70050,177.89474,179.46252,1,1,0,0,1
183.72043,178.22891,179.39462,1,1,0,0,1
183.74007,178.56700,179.35019,1,1,0,0,1
183.76025,178.90736,179.32944,1,1,0,0,1
183.78008,179.24835,179.33247,1,1,0,0,1
183.80009,179.58830,179.35928,1,1,0,0,1
183.82024,180.25845,179.48360,1,1,0,0,1
183.84045,180.58540,179.58049,1,1,0,0,1
183.86020,180.90480,179.69995,1,1,0,0,1
183.88049,180.90480,179.69995,1,1,0,0,1
183.90018,181.80234,180.18735,1,0,0,0,1
183.92043,182.07645,180.39020,1,0,0,0,1
183.94031,182.59503,180.83313,0,0,0,0,1
183.96052,182.59503,180.83313,0,0,0,0,1
183.98060,182.59503,180.83313,0,0,0,0,1
184.00033,182.59503,180.83313,0,0,0,0,1
184.02032,182.59503,180.83313,0,0,0,0,1
184.04048,182.59503,180.83313,0,0,0,0,1
184.06021,182.59503,180.83313,0,0,0,0,1
184.08039,182.59503,180.83313,0,0,0,0,1
184.10006,182.59503,180.83313,0,0,0,0,1
184.12027,182.59503,180.83313,0,0,0,0,1
184.14042,182.59503,180.83313,0,0,0,0,1
184.16044,182.59503,180.83313,0,0,0,0,1
184.18024,182.59503,180.83313,0,0,0,0,1
184.20047,182.59503,180.83313,0,0,0,0,1
184.22029,182.59503,180.83313,0,0,0,0,1
184.24014,182.59503,180.83313,0,0,0,0,1
184.26046,182.59503,180.83313,0,0,0,0,1
184.28050,182.59503,180.83313,0,0,0,0,1
184.30039,182.59503,180.83313,0,0,0,0,1
184.32044,182.59503,180.83313,0,0,0,0,1
184.34037,182.59503,180.83313,0,0,0,0,1
184.36033,182.59503,180.83313,0,0,0,0,1
184.38051,182.59503,180.83313,0,0,0,0,1
184.40033,182.59503,180.83313,0,0,0,0,1
184.42041,182.59503,180.83313,0,0,0,0,1
184.44052,182.59503,180.83313,0,0,0,0,1
184.46046,182.59503,180.83313,0,0,0,0,1
184.48047,182.59503,180.83313,0,0,0,0,1
184.50025,182.59503,180.83313,0,0,0,0,1
184.52043,182.59503,180.83313,0,0,0,0,1
184.54026,182.59503,180.83313,0,0,0,0,1
184.56040,182.59503,180.83313,0,0,0,0,1
184.58020,182.59503,180.83313,1,0,0,0,1
184.60039,182.59503,180.83313,1,0,0,0,1
184.62009,183.11362,181.27606,1,0,0,0,1
184.64022,183.37291,181.49753,1,0,0,0,1
184.66004,183.63220,181.71899,1,0,0,0,1
184.68044,183.89149,181.94046,1,0,0,0,1
184.70022,184.15079,182.16193,1,0,0,0,1
184.72021,184.92867,182.82632,1,0,0,0,1
184.74039,185.18796,183.04779,1,0,0,0,1
184.76039,185.44725,183.26926,1,0,0,0,1
184.78020,185.70654,183.49072,1,0,0,0,1
184.80038,185.96584,183.71219,1,0,0,0,1
184.82017,186.48442,184.15512,1,0,0,0,1
184.84047,186.74371,184.37659,1,0,0,0,1
184.86040,187.00301,184.59805,1,0,0,0,1
184.88014,187.26230,184.81952,1,0,0,0,1
184.90018,187.52159,185.04099,0,0,0,0,1
184.92034,187.78088,185.26245,0,0,0,0,1
184.94051,187.78088,185.26245,0,0,0,0,1
184.96029,187.78088,185.26245,0,0,0,0,1
184.98028,187.78088,185.26245,0,0,0,0,1
185.00011,187.78088,185.26245,0,0,0,0,1
185.02017,187.78088,185.26245,0,0,0,0,1
185.04052,187.78088,185.26245,0,0,0,0,1
185.06035,187.78088,185.26245,0,0,0,0,1
185.08006,187.78088,185.26245,0,0,0,0,1
185.10021,187.78088,185.26245,0,0,0,0,1
185.12040,187.78088,185.26245,0,0,0,0,1
185.14022,187.78088,185.26245,0,0,0,0,1
185.16013,187.78088,185.26245,0,0,0,0,1
185.18019,187.78088,185.26245,0,0,0,0,1
185.20039,187.78088,185.26245,0,0,0,0,1
185.22052,187.78088,185.26245,0,0,0,0,1
185.24026,187.78088,185.26245,0,0,0,0,1
185.26044,187.78088,185.26245,0,0,0,0,1
185.28005,187.78088,185.26245,0,0,0,0,1
185.30026,187.78088,185.26245,0,0,0,0,1
185.32042,187.78088,185.26245,0,0,0,0,1
185.34058,187.78088,185.26245,0,0,0,0,1
185.36019,187.78088,185.26245,0,0,0,0,1
185.38022,187.78088,185.26245,0,0,0,0,1
185.40039,187.78088,185.26245,0,0,0,0,1
185.42052,187.78088,185.26245,0,0,0,0,1
185.44026,187.78088,185.26245,0,0,0,0,1
185.46040,187.78088,185.26245,1,0,0,0,1
185.48007,188.04018,185.48392,1,0,0,0,1
185.50010,188.29947,185.70538,1,0,0,0,1
185.52031,188.81805,186.14832,1,0,0,0,1
185.54027,189.33664,186.59125,1,0,1,0,1
185.56053,189.59593,186.81271,1,0,1,0,1
185.58013,189.87006,187.01553,1,0,1,0,1
185.60028,190.15768,187.19872,1,0,1,0,1
185.62043,190.76773,187.50267,1,0,1,0,1
185.64030,191.08717,187.62198,1,0,1,0,1
185.66056,191.41417,187.71867,1,0,1,0,1
185.68008,191.74713,187.79230,1,0,1,0,1
185.70027,192.08441,187.84250,1,0,1,0,1
185.72025,192.76537,187.87173,1,0,1,0,1
185.74054,193.10571,187.85063,1,0,0,0,1
185.76024,193.44376,187.80580,1,0,0,0,1
185.78029,193.78180,187.76097,1,0,0,0,1
185.80045,194.11984,187.71614,1,0,0,0,1
185.82013,194.79593,187.62648,0,0,0,0,1
185.84033,194.79593,187.62648,0,0,0,0,1
185.86022,194.79593,187.62648,0,0,0,0,1
185.88046,194.79593,187.62648,0,0,0,0,1
185.90041,194.79593,187.62648,0,0,0,0,1
185.92042,194.79593,187.62648,0,0,0,0,1
185.94016,194.79593,187.62648,0,0,0,0,1
185.96038,194.79593,187.62648,0,0,0,0,1
185.98053,194.79593,187.62648,0,0,0,0,1
186.00020,194.79593,187.62648,0,0,0,0,1
186.02042,194.79593,187.62648,0,0,0,0,1
186.04050,194.79593,187.62648,0,0,0,0,1
186.06012,194.79593,187.62648,0,0,0,0,1
186.08019,194.79593,187.62648,0,0,0,0,1
186.10018,194.79593,187.62648,0,0,0,0,1
186.12047,194.79593,187.62648,0,0,0,0,1
186.14007,194.79593,187.62648,0,0,0,0,1
186.16037,194.79593,187.62648,0,0,0,0,1
186.18006,194.79593,187.62648,0,0,0,0,1
186.20017,194.79593,187.62648,0,0,0,0,1
186.22041,194.79593,187.62648,0,0,0,0,1
186.24015,194.79593,187.62648,0,0,0,0,1
186.26045,194.79593,187.62648,0,0,0,0,1
186.28014,194.79593,187.62648,0,0,0,0,1
186.30032,194.79593,187.62648,0,0,0,0,1
186.32034,194.79593,187.62648,0,0,0,0,1
186.34015,194.79593,187.62648,1,1,0,0,1
186.36028,195.13397,187.58165,1,1,0,0,1
186.38041,195.47432,187.56052,1,1,0,0,1
186.40022,195.81531,187.56317,1,1,0,0,1
186.42023,196.49260,187.63966,1,1,0,0,1
186.44039,196.82559,187.71313,1,1,0,0,1
186.46036,197.15265,187.80965,1,1,0,0,1
186.48007,197.47218,187.92873,1,1,0,0,1
186.50035,197.78262,188.06981,1,1,0,0,1
186.52014,198.37027,188.41510,1,1,0,0,1
186.54038,198.64461,188.61763,1,1,0,0,1
186.56011,198.90416,188.83879,1,1,0,0,1
186.58029,199.14766,189.07751,1,1,0,0,1
186.60028,199.37392,189.33264,1,1,0,0,1
186.62041,199.77037,189.88707,1,1,0,0,1
186.64040,199.93864,190.18365,1,0,0,0,1
186.66040,200.08583,190.49126,0,0,0,0,1
186.68060,200.23302,190.79886,0,0,0,0,1
186.70025,200.23302,190.79886,0,0,0,0,1
186.72049,200.23302,190.79886,0,0,0,0,1
186.74009,200.23302,190.79886,0,0,0,0,1
186.76021,200.23302,190.79886,0,0,0,0,1
186.78038,200.23302,190.79886,0,0,0,0,1
186.80031,200.23302,190.79886,0,0,0,0,1
186.82012,200.23302,190.79886,0,0,0,0,1
186.84051,200.23302,190.79886,0,0,0,0,1
186.86029,200.23302,190.79886,0,0,0,0,1
186.88032,200.23302,190.79886,0,0,0,0,1
186.90004,200.23302,190.79886,0,0,0,0,1
186.92035,200.23302,190.79886,0,0,0,0,1
186.94007,200.23302,190.79886,0,0,0,0,1
186.96025,200.23302,190.79886,0,0,0,0,1
186.98047,200.23302,190.79886,0,0,0,0,1
187.00011,200.23302,190.79886,0,0,0,0,1
187.02021,200.23302,190.79886,0,0,0,0,1
187.04040,200.23302,190.79886,0,0,0,0,1
187.06012,200.23302,190.79886,0,0,0,0,1
187.08025,200.23302,190.79886,0,0,0,0,1
187.10044,200.23302,190.79886,0,0,0,0,1
187.12039,200.23302,190.79886,0,0,0,0,1
187.14005,200.23302,190.79886,0,0,0,0,1
187.16021,200.23302,190.79886,0,0,0,0,1
187.18024,200.23302,190.79886,0,0,0,0,1
187.20047,200.23302,190.79886,0,0,0,0,1
187.22053,200.23302,190.79886,0,0,0,0,1
187.24020,200.23302,190.79886,0,0,0,0,1
187.26009,200.23302,190.79886,0,0,0,0,1
187.28028,200.23302,190.79886,0,0,0,0,1
187.30022,200.23302,190.79886,0,0,0,0,1
187.32048,200.23302,190.79886,0,0,0,0,1
187.34028,200.23302,190.79886,0,0,0,0,1
187.36033,200.23302,190.79886,1,0,0,0,1
187.38037,200.23302,190.79886,1,0,0,0,1
187.40014,200.38020,191.10646,1,0,0,0,1
187.42044,200.67458,191.72166,1,0,0,0,1
187.44013,200.82176,192.02927,1,0,0,0,1
187.46034,201.11613,192.64447,1,0,0,0,1
187.48005,201.26332,192.95207,1,0,0,0,1
187.50009,201.41051,193.25967,1,0,0,0,1
187.52046,201.70488,193.87488,1,0,0,0,1
187.54012,201.85207,194.18248,1,0,0,0,1
187.56035,201.99925,194.49008,1,0,0,0,1
187.58022,202.14644,194.79768,1,0,0,0,1
187.60041,202.29362,195.10529,1,0,0,0,1
187.62039,202.58800,195.72049,1,0,0,0,1
187.64028,202.73518,196.02809,1,0,0,0,1
187.66041,202.88237,196.33569,0,0,0,0,1
187.68019,202.88237,196.33569,0,0,0,0,1
187.70006,202.88237,196.33569,0,0,0,0,1
187.72039,202.88237,196.33569,0,0,0,0,1
187.74011,202.88237,196.33569,0,0,0,0,1
187.76040,202.88237,196.33569,0,0,0,0,1
187.78007,202.88237,196.33569,0,0,0,0,1
187.80023,202.88237,196.33569,0,0,0,0,1
187.82015,202.88237,196.33569,0,0,0,0,1
187.84042,202.88237,196.33569,0,0,0,0,1
187.86019,202.88237,196.33569,0,0,0,0,1
187.88034,202.88237,196.33569,0,0,0,0,1
187.90005,202.88237,196.33569,0,0,0,0,1
187.92014,202.88237,196.33569,0,0,0,0,1
187.94033,202.88237,196.33569,0,0,0,0,1
187.96049,202.88237,196.33569,0,0,0,0,1
187.98038,202.88237,196.33569,0,0,0,0,1
188.00005,202.88237,196.33569,0,0,0,0,1
188.02018,202.88237,196.33569,0,0,0,0,1
188.04034,202.88237,196.33569,0,0,0,0,1
188.06050,202.88237,196.33569,0,0,0,0,1
188.08028,202.88237,196.33569,0,0,0,0,1
188.10048,202.88237,196.33569,0,0,0,0,1
188.12050,202.88237,196.33569,0,0,0,0,1
188.14017,202.88237,196.33569,0,0,0,0,1
188.16022,202.88237,196.33569,0,0,0,0,1
188.18044,202.88237,196.33569,0,0,0,0,1
188.20009,202.88237,196.33569,1,0,0,0,1
188.22021,202.88237,196.33569,1,0,0,0,1
188.24039,203.32393,197.25850,1,0,0,0,1
188.26008,203.47112,197.56610,1,0,1,0,1
188.28010,203.61830,197.87370,1,0,1,0,1
188.30026,203.78661,198.17027,1,0,1,0,1
188.32026,203.97520,198.45436,1,0,1,0,1
188.34048,204.40955,198.97964,1,0,1,0,1
188.36018,204.65315,199.21826,1,0,1,0,1
188.38010,204.91283,199.43929,1,0,1,0,1
188.40041,205.18730,199.64163,1,0,1,0,1
188.42005,205.47523,199.82431,1,0,1,0,1
188.44025,206.08580,200.12721,1,0,1,0,1
188.46029,206.40546,200.24596,1,0,1,0,1
188.48006,206.73262,200.34209,1,0,1,0,1
188.50027,207.06570,200.41515,1,0,1,0,1
188.52044,207.40308,200.46477,1,0,0,0,1
188.54027,208.08408,200.49283,0,0,0,0,1
188.56043,208.08408,200.49283,0,0,0,0,1
188.58019,208.08408,200.49283,0,0,0,0,1
188.60021,208.08408,200.49283,0,0,0,0,1
188.62053,208.08408,200.49283,0,0,0,0,1
188.64030,208.08408,200.49283,0,0,0,0,1
188.66049,208.08408,200.49283,0,0,0,0,1
188.68039,208.08408,200.49283,0,0,0,0,1
188.70061,208.08408,200.49283,0,0,0,0,1
188.72052,208.08408,200.49283,0,0,0,0,1
188.74018,208.08408,200.49283,0,0,0,0,1
188.76031,208.08408,200.49283,0,0,0,0,1
188.78034,208.08408,200.49283,0,0,0,0,1
188.80008,208.08408,200.49283,0,0,0,0,1
188.82009,208.08408,200.49283,0,0,0,0,1
188.84009,208.08408,200.49283,0,0,0,0,1
188.86008,208.08408,200.49283,0,0,0,0,1
188.88016,208.08408,200.49283,0,0,0,0,1
188.90041,208.08408,200.49283,0,0,0,0,1
188.92008,208.08408,200.49283,0,0,0,0,1
188.94022,208.08408,200.49283,0,0,0,0,1
188.96043,208.08408,200.49283,0,0,0,0,1
188.98021,208.08408,200.49283,0,0,0,0,1
189.00034,208.08408,200.49283,0,0,0,0,1
189.02043,208.08408,200.49283,0,0,0,0,1
189.04010,208.08408,200.49283,0,0,0,0,1
189.06037,208.08408,200.49283,0,0,0,0,1
189.08002,208.08408,200.49283,0,0,0,0,1
189.10006,208.08408,200.49283,0,1,0,0,1
189.12043,208.08408,200.49283,1,1,0,0,1
189.14021,208.76508,200.52084,1,1,0,0,1
189.16044,209.10246,200.57039,1,1,0,0,1
189.18040,209.43556,200.64334,1,1,0,0,1
189.20031,209.76277,200.73935,1,1,0,0,1
189.22030,210.08249,200.85794,1,1,0,0,1
189.24060,210.69325,201.16048,1,1,0,0,1
189.26049,210.98132,201.34294,1,1,0,0,1
189.28053,211.25598,201.54504,1,1,0,0,1
189.30018,211.51587,201.76581,1,1,0,0,1
189.32018,211.75974,202.00417,1,1,0,0,1
189.34073,212.19470,202.52892,1,1,0,0,1
189.36037,212.38368,202.81276,1,1,0,0,1
189.38004,212.55241,203.10909,1,1,0,0,1
189.40048,212.70007,203.41646,1,0,0,0,1
189.42016,212.82593,203.73338,1,0,0,0,1
189.44044,213.03284,204.38326,0,0,0,0,1
189.46052,213.03284,204.38326,0,0,0,0,1
189.48011,213.03284,204.38326,0,0,0,0,1
189.50029,213.03284,204.38326,0,0,0,0,1
189.52044,213.03284,204.38326,0,0,0,0,1
189.54013,213.03284,204.38326,0,0,0,0,1
189.56038,213.03284,204.38326,0,0,0,0,1
189.58006,213.03284,204.38326,0,0,0,0,1
189.60020,213.03284,204.38326,0,0,0,0,1
189.62047,213.03284,204.38326,0,0,0,0,1
189.64024,213.03284,204.38326,0,0,0,0,1
189.66049,213.03284,204.38326,0,0,0,0,1
189.68026,213.03284,204.38326,0,0,0,0,1
189.70051,213.03284,204.38326,0,0,0,0,1
189.72021,213.03284,204.38326,0,0,0,0,1
189.74039,213.03284,204.38326,0,0,0,0,1
189.76029,213.03284,204.38326,0,0,0,0,1
189.78038,213.03284,204.38326,0,0,0,0,1
189.80006,213.03284,204.38326,0,0,0,0,1
189.82036,213.03284,204.38326,0,0,0,0,1
189.84031,213.03284,204.38326,0,0,0,0,1
189.86036,213.03284,204.38326,0,0,0,0,1
189.88051,213.03284,204.38326,0,0,0,0,1
189.90026,213.03284,204.38326,0,0,0,0,1
189.92016,213.03284,204.38326,0,0,0,0,1
189.94047,213.03284,204.38326,0,0,0,0,1
189.96015,213.03284,204.38326,0,0,0,0,1
189.98036,213.03284,204.38326,0,0,0,0,1
190.00011,213.03284,204.38326,0,0,0,0,1
190.02035,213.03284,204.38326,0,0,0,0,1
190.04004,213.03284,204.38326,0,0,0,0,1
190.06030,213.03284,204.38326,0,0,0,0,1
190.08030,213.03284,204.38326,1,0,0,0,1
190.10017,213.13629,204.70819,1,0,0,0,1
190.12007,213.23975,205.03313,1,0,0,0,1
190.14036,213.44666,205.68300,1,0,0,0,1
190.16016,213.55011,206.00793,1,0,0,0,1
190.18030,213.65356,206.33287,1,0,0,0,1
190.20009,213.75702,206.65781,1,0,0,0,1
190.22028,213.96393,207.30768,1,0,0,0,1
190.24053,214.06738,207.63261,1,0,0,0,1
190.26015,214.27429,208.28249,1,0,0,0,1
190.28020,214.37775,208.60742,1,0,0,0,1
190.30029,214.48120,208.93236,1,0,0,0,1
190.32045,214.58466,209.25729,1,0,0,0,1
190.34015,214.79156,209.90717,1,0,0,0,1
190.36044,214.89502,210.23210,1,0,0,0,1
190.38050,214.99847,210.55704,1,0,0,0,1
190.40034,215.10193,210.88197,1,0,0,0,1
190.42012,215.20538,211.20691,1,0,0,0,1
190.44061,215.41229,211.85678,1,0,0,0,1
190.46048,215.51575,212.18172,1,0,0,0,1
190.48037,215.61920,212.50665,0,0,0,0,1
190.50032,215.61920,212.50665,0,0,0,0,1
190.52048,215.61920,212.50665,0,0,0,0,1
190.54077,215.61920,212.50665,0,0,0,0,1
190.56030,215.61920,212.50665,0,0,0,0,1
190.58041,215.61920,212.50665,0,0,0,0,1
190.60010,215.61920,212.50665,0,0,0,0,1
190.62040,215.61920,212.50665,0,0,0,0,1
190.64024,215.61920,212.50665,0,0,0,0,1
190.66044,215.61920,212.50665,0,0,0,0,1
190.68054,215.61920,212.50665,0,0,0,0,1
190.70015,215.61920,212.50665,0,0,0,0,1
190.72009,215.61920,212.50665,0,0,0,0,1
190.74011,215.61920,212.50665,0,0,0,0,1
190.76043,215.61920,212.50665,0,0,0,0,1
190.78006,215.61920,212.50665,0,0,0,0,1
190.80035,215.61920,212.50665,0,0,0,0,1
190.82010,215.61920,212.50665,0,0,0,0,1
190.84013,215.61920,212.50665,0,0,0,0,1
190.86034,215.61920,212.50665,0,0,0,0,1
190.88019,215.61920,212.50665,0,0,0,0,1
190.90035,215.61920,212.50665,1,0,0,0,1
190.92007,215.61920,212.50665,1,0,0,0,1
190.94019,215.82611,213.15652,1,0,0,0,1
190.96029,215.92957,213.48146,1,0,1,0,1
190.98017,216.03302,213.80640,1,0,1,0,1
191.00028,216.26236,214.44824,1,0,1,0,1
191.02028,216.41008,214.75558,1,0,1,0,1
191.04031,216.41008,214.75558,1,0,1,0,1
191.06039,216.97646,215.60550,1,0,1,0,1
191.08020,217.20325,215.86015,1,0,1,0,1
191.10041,217.44727,216.09834,1,0,1,0,1
191.12021,217.70732,216.31891,1,0,1,0,1
191.14035,218.27040,216.70297,1,0,1,0,1
191.16043,218.57068,216.86458,1,0,1,0,1
191.18034,218.57068,216.86458,1,0,1,0,1
191.20003,219.20135,217.12302,1,0,0,0,1
191.22034,219.86189,217.29106,0,0,0,0,1
191.24015,220.19510,217.36354,0,0,0,0,1
191.26044,220.19510,217.36354,0,0,0,0,1
191.28030,220.19510,217.36354,0,0,0,0,1
191.30049,220.19510,217.36354,0,0,0,0,1
191.32014,220.19510,217.36354,0,0,0,0,1
191.34041,220.19510,217.36354,0,0,0,0,1
191.36050,220.19510,217.36354,0,0,0,0,1
191.38018,220.19510,217.36354,0,0,0,0,1
191.40031,220.19510,217.36354,0,0,0,0,1
191.42005,220.19510,217.36354,0,0,0,0,1
191.44033,220.19510,217.36354,0,0,0,0,1
191.46021,220.19510,217.36354,0,0,0,0,1
191.48051,220.19510,217.36354,0,0,0,0,1
191.50042,220.19510,217.36354,0,0,0,0,1
191.52042,220.19510,217.36354,0,0,0,0,1
191.54021,220.19510,217.36354,0,0,0,0,1
191.56025,220.19510,217.36354,0,0,0,0,1
191.58009,220.19510,217.36354,0,0,0,0,1
191.60053,220.19510,217.36354,0,0,0,0,1
191.62039,220.19510,217.36354,0,0,0,0,1
191.64014,220.19510,217.36354,0,0,0,0,1
191.66026,220.19510,217.36354,0,0,0,0,1
191.68052,220.19510,217.36354,0,0,0,0,1
191.70021,220.19510,217.36354,0,0,0,0,1
191.72040,220.19510,217.36354,0,0,0,0,1
191.74055,220.19510,217.36354,0,1,0,0,1
191.76022,220.19510,217.36354,0,1,0,0,1
191.78023,220.19510,217.36354,1,1,0,0,1
191.80031,220.51498,217.48167,1,1,0,0,1
191.82030,220.82585,217.62183,1,1,0,0,1
191.84058,221.41454,217.96538,1,1,0,0,1
191.86051,221.68948,218.16708,1,1,0,0,1
191.88024,221.94969,218.38748,1,1,0,0,1
191.90046,222.19389,218.62549,1,1,0,0,1
191.92025,222.42090,218.87994,1,1,0,0,1
191.94048,222.81900,219.43318,1,1,0,0,1
191.96023,222.98816,219.72926,1,1,0,0,1
191.98045,223.13626,220.03642,1,1,0,0,1
192.00041,223.26257,220.35316,1,1,0,0,1
192.02054,223.36649,220.67795,1,1,0,0,1
192.04016,223.44749,221.00919,1,1,0,0,1
192.06018,223.53935,221.68454,1,1,0,0,1
192.08030,223.54974,222.02538,1,1,0,0,1
192.10047,223.53635,222.36612,1,1,0,0,1
192.12025,223.49922,222.70509,1,1,0,0,1
192.14038,223.43854,223.04065,1,1,0,0,1
192.16012,223.11871,224.01062,1,0,0,0,1
192.18045,222.96791,224.31647,0,0,0,0,1
192.20013,222.96791,224.31647,0,0,0,0,1
192.22046,222.96791,224.31647,0,0,0,0,1
192.24011,222.96791,224.31647,0,0,0,0,1
192.26029,222.96791,224.31647,0,0,0,0,1
192.28048,222.96791,224.31647,0,0,0,0,1
192.30018,222.96791,224.31647,0,0,0,0,1
192.32037,222.96791,224.31647,0,0,0,0,1
192.34010,222.96791,224.31647,0,0,0,0,1
192.36026,222.96791,224.31647,0,0,0,0,1
192.38015,222.96791,224.31647,0,0,0,0,1
192.40006,222.96791,224.31647,0,0,0,0,1
192.42027,222.96791,224.31647,0,0,0,0,1
192.44035,222.96791,224.31647,0,0,0,0,1
192.46063,222.96791,224.31647,0,0,0,0,1
192.48023,222.96791,224.31647,0,0,0,0,1
192.50053,222.96791,224.31647,0,0,0,0,1
192.52014,222.96791,224.31647,0,0,0,0,1
192.54044,222.96791,224.31647,0,0,0,0,1
192.56009,222.96791,224.31647,0,0,0,0,1
192.58025,222.96791,224.31647,0,0,0,0,1
192.60035,222.96791,224.31647,0,0,0,0,1
192.62046,222.96791,224.31647,0,0,0,0,1
192.64015,222.96791,224.31647,0,0,0,0,1
192.66023,222.96791,224.31647,0,0,0,0,1
192.68005,222.96791,224.31647,0,0,0,0,1
192.70032,222.96791,224.31647,0,0,0,0,1
192.72025,222.96791,224.31647,0,0,0,0,1
192.74015,222.96791,224.31647,0,0,0,0,1
192.76044,222.96791,224.31647,0,0,0,0,1
192.78020,222.96791,224.31647,0,0,0,0,1
192.80046,222.96791,224.31647,0,0,0,0,1
192.82036,222.96791,224.31647,0,0,0,0,1
192.84028,222.96791,224.31647,0,0,0,0,1
192.86029,222.96791,224.31647,0,0,0,0,1
192.88010,222.96791,224.31647,0,0,0,0,1
192.90031,222.96791,224.31647,0,0,0,0,1
192.92052,222.96791,224.31647,0,0,0,0,1
192.94032,222.96791,224.31647,0,0,0,0,1
192.96040,222.96791,224.31647,0,0,0,0,1
192.98018,222.96791,224.31647,1,0,0,0,1
193.00044,222.81711,224.62231,1,0,0,0,1
193.02019,222.66631,224.92816,1,0,0,0,1
193.04044,222.51550,225.23401,1,0,0,0,1
193.06019,222.21390,225.84570,1,0,0,0,1
193.08039,222.06310,226.15155,1,0,0,0,1
193.10006,221.91229,226.45740,1,0,0,0,1
193.12004,221.76149,226.76324,1,0,0,0,1
193.14009,221.61069,227.06909,1,0,0,0,1
193.16010,221.30908,227.68079,1,0,0,0,1
193.18009,221.15828,227.98663,1,0,0,0,1
193.20027,221.00748,228.29248,1,0,0,0,1
193.22018,220.85667,228.59833,1,0,0,0,1
193.24049,220.70587,228.90417,1,0,0,0,1
193.26026,220.40427,229.51587,1,0,0,0,1
193.28062,220.25346,229.82172,1,0,0,0,1
193.30010,220.10266,230.12756,1,0,0,0,1
193.32016,219.95186,230.43341,0,0,0,0,1
193.34035,219.80106,230.73926,0,0,0,0,1
193.36006,219.80106,230.73926,0,0,0,0,1
193.38024,219.80106,230.73926,0,0,0,0,1
193.40020,219.80106,230.73926,0,0,0,0,1
193.42039,219.80106,230.73926,0,0,0,0,1
193.44054,219.80106,230.73926,0,0,0,0,1
193.46035,219.80106,230.73926,0,0,0,0,1
193.48055,219.80106,230.73926,0,0,0,0,1
193.50035,219.80106,230.73926,0,0,0,0,1
193.52042,219.80106,230.73926,0,0,0,0,1
193.54009,219.80106,230.73926,0,0,0,0,1
193.56049,219.80106,230.73926,0,0,0,0,1
193.58009,219.80106,230.73926,0,0,0,0,1
193.60025,219.80106,230.73926,0,0,0,0,1
193.62037,219.80106,230.73926,0,0,0,0,1
193.64027,219.80106,230.73926,0,0,0,0,1
193.66052,219.80106,230.73926,0,0,0,0,1
193.68020,219.80106,230.73926,0,0,0,0,1
193.70041,219.80106,230.73926,0,0,0,0,1
193.72010,219.80106,230.73926,0,0,0,0,1
193.74047,219.80106,230.73926,0,0,0,0,1
193.76015,219.80106,230.73926,0,0,0,0,1
193.78032,219.80106,230.73926,0,0,0,0,1
193.80051,219.80106,230.73926,0,0,0,0,1
193.82007,219.80106,230.73926,0,0,0,0,1
193.84023,219.80106,230.73926,0,0,0,0,1
193.86041,219.80106,230.73926,1,0,0,0,1
193.88013,219.65025,231.04510,1,0,0,0,1
193.90039,219.49945,231.35095,1,0,0,0,1
193.92032,219.34865,231.65680,1,0,1,0,1
193.94007,219.19785,231.96265,1,0,1,0,1
193.96026,218.91797,232.58412,1,0,1,0,1
193.98045,218.81125,232.90799,1,0,1,0,1
194.00010,218.72742,233.23853,1,0,1,0,1
194.02021,218.66687,233.57411,1,0,1,0,1
194.04031,218.62990,233.91310,1,0,1,0,1
194.06040,218.62732,234.59468,1,0,1,0,1
194.08052,218.66171,234.93394,1,0,1,0,1
194.10025,218.71973,235.26997,1,0,1,0,1
194.12006,218.80106,235.60114,1,0,1,0,1
194.14020,219.03200,236.24240,1,0,1,0,1
194.16041,219.18048,236.54938,1,0,1,0,1
194.18004,219.53984,237.12852,1,0,1,0,1
194.20028,219.74896,237.39787,1,0,1,0,1
194.22034,219.97638,237.65196,1,0,1,0,1
194.24024,220.22099,237.88954,1,0,1,0,1
194.26047,220.75693,238.31065,1,0,1,0,1
194.28008,221.04564,238.49213,1,0,1,0,1
194.30028,221.34631,238.65298,1,0,1,0,1
194.32047,221.65749,238.79245,1,0,0,0,1
194.34017,221.97765,238.90985,1,0,0,0,1
194.36014,222.61797,239.14465,1,0,0,0,1
194.38034,222.93813,239.26205,0,0,0,0,1
194.40004,222.93813,239.26205,0,0,0,0,1
194.42023,222.93813,239.26205,0,0,0,0,1
194.44015,222.93813,239.26205,0,0,0,0,1
194.46054,222.93813,239.26205,0,0,0,0,1
194.48042,222.93813,239.26205,0,0,0,0,1
194.50037,222.93813,239.26205,0,0,0,0,1
194.52020,222.93813,239.26205,0,0,0,0,1
194.54041,222.93813,239.26205,0,0,0,0,1
194.56014,222.93813,239.26205,0,0,0,0,1
194.58038,222.93813,239.26205,0,0,0,0,1
194.60030,222.93813,239.26205,0,0,0,0,1
194.62026,222.93813,239.26205,0,0,0,0,1
194.64023,222.93813,239.26205,0,0,0,0,1
194.66054,222.93813,239.26205,0,0,0,0,1
194.68017,222.93813,239.26205,0,0,0,0,1
194.70028,222.93813,239.26205,0,0,0,0,1
194.72045,222.93813,239.26205,0,0,0,0,1
194.74018,222.93813,239.26205,0,0,0,0,1
194.76053,222.93813,239.26205,0,0,0,0,1
194.78051,222.93813,239.26205,0,0,0,0,1
194.80035,222.93813,239.26205,0,0,0,0,1
194.82045,222.93813,239.26205,0,0,0,0,1
194.84033,222.93813,239.26205,0,0,0,0,1
194.86042,222.93813,239.26205,1,1,0,0,1
194.88052,223.25829,239.37946,1,1,0,0,1
194.90022,223.87018,239.67969,1,1,0,0,1
194.92051,224.15894,239.86107,1,1,0,0,1
194.94018,224.43434,240.06215,1,1,0,0,1
194.96042,224.69505,240.28195,1,1,0,0,1
194.98029,225.16740,240.77333,1,1,0,0,1
195.00050,225.37674,241.04251,1,1,0,0,1
195.02019,225.56679,241.32564,1,1,0,0,1
195.04027,225.73663,241.62134,1,1,0,0,1
195.06056,226.01248,242.24461,1,1,0,0,1
195.08027,226.11714,242.56915,1,1,0,0,1
195.10047,226.19891,242.90021,1,1,0,0,1
195.12016,226.25740,243.23616,1,1,0,0,1
195.14040,226.29233,243.57536,1,1,0,0,1
195.16029,226.29089,244.25694,1,1,0,0,1
195.18022,226.25455,244.59599,1,1,0,0,1
195.20032,226.19464,244.93169,1,1,0,0,1
195.22052,226.11147,245.26239,1,0,0,0,1
195.24025,226.00543,245.58649,0,0,0,0,1
195.26053,225.87706,245.90240,0,0,0,0,1
195.28035,225.87706,245.90240,0,0,0,0,1
195.30036,225.87706,245.90240,0,0,0,0,1
195.32050,225.87706,245.90240,0,0,0,0,1
195.34007,225.87706,245.90240,0,0,0,0,1
195.36006,225.87706,245.90240,0,0,0,0,1
195.38007,225.87706,245.90240,0,0,0,0,1
195.40018,225.87706,245.90240,0,0,0,0,1
195.42026,225.87706,245.90240,0,0,0,0,1
195.44035,225.87706,245.90240,0,0,0,0,1
195.46017,225.87706,245.90240,0,0,0,0,1
195.48037,225.87706,245.90240,0,0,0,0,1
195.50015,225.87706,245.90240,0,0,0,0,1
195.52025,225.87706,245.90240,0,0,0,0,1
195.54032,225.87706,245.90240,0,0,0,0,1
195.56051,225.87706,245.90240,0,0,0,0,1
195.58022,225.87706,245.90240,0,0,0,0,1
195.60044,225.87706,245.90240,0,0,0,0,1
195.62024,225.87706,245.90240,0,0,0,0,1
195.64031,225.87706,245.90240,0,0,0,0,1
195.66019,225.87706,245.90240,0,0,0,0,1
195.68042,225.87706,245.90240,0,0,0,0,1
195.70009,225.87706,245.90240,0,0,0,0,1
195.72040,225.87706,245.90240,0,0,0,0,1
195.74027,225.87706,245.90240,0,0,0,0,1
195.76006,225.87706,245.90240,0,0,0,0,1
195.78026,225.87706,245.90240,0,0,0,0,1
195.80029,225.87706,245.90240,0,0,0,0,1
195.82042,225.87706,245.90240,0,0,0,0,1
195.84024,225.87706,245.90240,1,0,0,0,1
195.86049,225.74869,246.21832,1,0,0,0,1
195.88029,225.62032,246.53424,1,0,0,0,1
195.90043,225.49194,246.85016,1,0,0,0,1
195.92012,225.36357,247.16608,1,0,0,0,1
195.94021,225.23520,247.48199,1,0,0,0,1
195.96034,225.10683,247.79791,1,0,0,0,1
195.98047,224.85008,248.42975,1,0,0,0,1
196.00016,224.72171,248.74567,1,0,0,0,1
196.02034,224.59334,249.06158,1,0,0,0,1
196.04054,224.46497,249.37750,1,0,0,0,1
196.06014,224.33659,249.69342,1,0,0,0,1
196.08033,223.95148,250.64117,1,0,0,0,1
196.10045,223.82310,250.95709,1,0,0,0,1
196.12038,223.69473,251.27301,1,0,0,0,1
196.14053,223.56636,251.58893,1,0,0,0,1
196.16022,223.43799,251.90485,0,0,0,0,1
196.18045,223.43799,251.90485,0,0,0,0,1
196.20051,223.43799,251.90485,0,0,0,0,1
196.22009,223.43799,251.90485,0,0,0,0,1
196.24039,223.43799,251.90485,0,0,0,0,1
196.26005,223.43799,251.90485,0,0,0,0,1
196.28039,223.43799,251.90485,0,0,0,0,1
196.30007,223.43799,251.90485,0,0,0,0,1
196.32007,223.43799,251.90485,0,0,0,0,1
196.34027,223.43799,251.90485,0,0,0,0,1
196.36047,223.43799,251.90485,0,0,0,0,1
196.38034,223.43799,251.90485,0,0,0,0,1
196.40032,223.43799,251.90485,0,0,0,0,1
196.42009,223.43799,251.90485,0,0,0,0,1
196.44035,223.43799,251.90485,0,0,0,0,1
196.46049,223.43799,251.90485,0,0,0,0,1
196.48018,223.43799,251.90485,0,0,0,0,1
196.50042,223.43799,251.90485,0,0,0,0,1
196.52025,223.43799,251.90485,0,0,0,0,1
196.54047,223.43799,251.90485,0,0,0,0,1
196.56033,223.43799,251.90485,0,0,0,0,1
196.58009,223.43799,251.90485,0,0,0,0,1
196.60016,223.43799,251.90485,0,0,0,0,1
196.62028,223.43799,251.90485,0,0,0,0,1
196.64007,223.43799,251.90485,0,0,0,0,1
196.66039,223.43799,251.90485,0,0,0,0,1
196.68051,223.43799,251.90485,0,0,0,0,1
196.70029,223.43799,251.90485,1,0,0,0,1
196.72016,223.30962,252.22076,1,0,0,0,1
196.74032,223.18124,252.53668,1,0,1,0,1
196.76020,223.05287,252.85260,1,0,1,0,1
196.78022,222.86375,253.50743,1,0,1,0,1
196.80034,222.86375,253.50743,1,0,1,0,1
196.82033,222.80394,253.84314,1,0,1,0,1
196.84006,222.76663,254.86378,1,0,1,0,1
196.86023,222.80177,255.20297,1,0,1,0,1
196.88021,222.86052,255.53888,1,0,1,0,1
196.90037,223.04756,256.19431,1,0,1,0,1
196.92051,223.17494,256.51062,1,0,1,0,1
196.94020,223.32410,256.81726,1,0,1,0,1
196.96034,223.49431,257.11273,1,0,1,0,1
196.98006,223.89445,257.66449,1,0,1,0,1
197.00023,224.12244,257.91806,1,0,1,0,1
197.02028,224.36757,258.15509,1,0,1,0,1
197.04056,224.62866,258.37445,1,0,1,0,1
197.06011,225.19354,258.75586,1,0,1,0,1
197.08043,225.49457,258.91605,1,0,1,0,1
197.10008,225.80605,259.05484,1,0,1,0,1
197.12015,226.12645,259.17154,1,0,1,0,1
197.14047,226.78777,259.33649,1,0,0,0,1
197.16018,227.12544,259.38394,1,0,0,0,1
197.18033,227.46312,259.43140,0,0,0,0,1
197.20010,227.80080,259.47885,0,0,0,0,1
197.22035,227.80080,259.47885,0,0,0,0,1
197.24024,227.80080,259.47885,0,0,0,0,1
197.26041,227.80080,259.47885,0,0,0,0,1
197.28053,227.80080,259.47885,0,0,0,0,1
197.30046,227.80080,259.47885,0,0,0,0,1
197.32046,227.80080,259.47885,0,0,0,0,1
197.34004,227.80080,259.47885,0,0,0,0,1
197.36021,227.80080,259.47885,0,0,0,0,1
197.38053,227.80080,259.47885,0,0,0,0,1
197.40022,227.80080,259.47885,0,0,0,0,1
197.42024,227.80080,259.47885,0,0,0,0,1
197.44043,227.80080,259.47885,0,0,0,0,1
197.46022,227.80080,259.47885,0,0,0,0,1
197.48033,227.80080,259.47885,0,0,0,0,1
197.50032,227.80080,259.47885,0,0,0,0,1
197.52035,227.80080,259.47885,0,0,0,0,1
197.54034,227.80080,259.47885,0,0,0,0,1
197.56037,227.80080,259.47885,0,0,0,0,1
197.58018,227.80080,259.47885,0,0,0,0,1
197.60033,227.80080,259.47885,1,0,0,0,1
197.62014,228.13847,259.52631,1,1,0,0,1
197.64008,228.47615,259.57376,1,1,0,0,1
197.66027,229.13750,259.73862,1,1,0,0,1
197.68048,229.45795,259.85522,1,1,0,0,1
197.70031,230.07059,260.15396,1,1,0,0,1
197.72005,230.35980,260.33463,1,1,0,0,1
197.74030,230.63571,260.53500,1,1,0,0,1
197.76014,230.89697,260.75415,1,1,0,0,1
197.78004,231.37054,261.24435,1,1,0,0,1
197.80019,231.58055,261.51303,1,1,0,0,1
197.82020,231.77130,261.79568,1,1,0,0,1
197.84034,231.94188,262.09094,1,1,0,0,1
197.86052,232.09145,262.39740,1,1,0,0,1
197.88023,232.32475,263.03781,1,1,0,0,1
197.90036,232.40735,263.36865,1,1,0,0,1
197.92007,232.46667,263.70444,1,1,0,0,1
197.94038,232.50244,264.04355,1,1,0,0,1
197.96035,232.51447,264.38434,1,1,0,0,1
197.98051,232.46719,265.06427,0,0,0,0,1
198.00009,232.46719,265.06427,0,0,0,0,1
198.02004,232.46719,265.06427,0,0,0,0,1
198.04018,232.46719,265.06427,0,0,0,0,1
198.06034,232.46719,265.06427,0,0,0,0,1
198.08078,232.46719,265.06427,0,0,0,0,1
198.10004,232.46719,265.06427,0,0,0,0,1
198.12020,232.46719,265.06427,0,0,0,0,1
198.14044,232.46719,265.06427,0,0,0,0,1
198.16011,232.46719,265.06427,0,0,0,0,1
198.18036,232.46719,265.06427,0,0,0,0,1
198.20069,232.46719,265.06427,0,0,0,0,1
198.22018,232.46719,265.06427,0,0,0,0,1
198.24006,232.46719,265.06427,0,0,0,0,1
198.26027,232.46719,265.06427,0,0,0,0,1
198.28055,232.46719,265.06427,0,0,0,0,1
198.30012,232.46719,265.06427,0,0,0,0,1
198.32022,232.46719,265.06427,0,0,0,0,1
198.34043,232.46719,265.06427,0,0,0,0,1
198.36045,232.46719,265.06427,0,0,0,0,1
198.38018,232.46719,265.06427,0,0,0,0,1
198.40035,232.46719,265.06427,0,0,0,0,1
198.42011,232.46719,265.06427,0,0,0,0,1
198.44013,232.46719,265.06427,0,0,0,0,1
198.46032,232.46719,265.06427,0,0,0,0,1
198.48015,232.46719,265.06427,0,0,0,0,1
198.50044,232.46719,265.06427,0,0,0,0,1
198.52022,232.46719,265.06427,0,0,0,0,1
198.54048,232.46719,265.06427,1,0,0,0,1
198.56013,232.46719,265.06427,1,0,0,0,1
198.58043,232.34906,265.73596,1,0,0,0,1
198.60050,232.28999,266.07181,1,0,0,0,1
198.62029,232.23093,266.40765,1,0,0,0,1
198.64038,232.17186,266.74350,1,0,0,0,1
198.66016,232.11279,267.07935,1,0,0,0,1
198.68006,231.99466,267.75104,1,0,0,0,1
198.70026,231.93559,268.08688,1,0,0,0,1
198.72003,231.87653,268.42273,1,0,0,0,1
198.74005,231.81746,268.75858,1,0,0,0,1
198.76006,231.75839,269.09442,1,0,0,0,1
198.78046,231.64026,269.76611,1,0,0,0,1
198.80016,231.58119,270.10196,1,0,0,0,1
198.82046,231.52213,270.43781,1,0,0,0,1
198.84006,231.46306,270.77365,1,0,0,0,1
198.86044,231.34492,271.44534,1,0,0,0,1
198.88012,231.28586,271.78119,1,0,0,0,1
198.90043,231.16772,272.45288,1,0,0,0,1
198.92018,231.10866,272.78873,1,0,0,0,1
198.94035,231.04959,273.12457,1,0,0,0,1
198.96025,230.99052,273.46042,1,0,0,0,1
198.98055,230.87239,274.13211,1,0,0,0,1
199.00021,230.81332,274.46796,1,0,0,0,1
199.02033,230.75426,274.80380,1,0,0,0,1
199.04037,230.69519,275.13965,1,0,0,0,1
199.06007,230.63612,275.47549,1,0,0,0,1
199.08029,230.57706,275.81134,1,0,0,0,1
199.10052,230.45892,276.48303,0,0,0,0,1
199.12034,230.39986,276.81888,0,0,0,0,1
199.14032,230.39986,276.81888,0,0,0,0,1
199.16021,230.39986,276.81888,0,0,0,0,1
199.18045,230.39986,276.81888,0,0,0,0,1
199.20027,230.39986,276.81888,0,0,0,0,1
199.22025,230.39986,276.81888,0,0,0,0,1
199.24039,230.39986,276.81888,0,0,0,0,1
199.26013,230.39986,276.81888,0,0,0,0,1
199.28099,230.39986,276.81888,0,0,0,0,1
199.30036,230.39986,276.81888,0,0,0,0,1
199.32022,230.39986,276.81888,0,0,0,0,1
199.34041,230.39986,276.81888,0,0,0,0,1
199.36011,230.39986,276.81888,0,0,0,0,1
199.38014,230.39986,276.81888,0,0,0,0,1
199.40049,230.39986,276.81888,1,0,0,0,1
199.42053,230.34079,277.15472,1,0,0,0,1
199.44034,230.28172,277.49057,1,0,1,0,1
199.46017,230.22266,277.82642,1,0,1,0,1
199.48046,230.12811,278.50140,1,0,1,0,1
199.50010,230.11641,278.84219,1,0,1,0,1
199.52007,230.12854,279.18298,1,0,1,0,1
199.54010,230.16443,279.52209,1,0,1,0,1
199.56053,230.22392,279.85788,1,0,1,0,1
199.58018,230.41241,280.51291,1,0,1,0,1
199.60027,230.54050,280.82895,1,0,1,0,1
199.62057,230.86118,281.43036,1,0,1,0,1
199.64005,231.05223,281.71280,1,0,1,0,1
199.66004,231.26254,281.98123,1,0,1,0,1
199.68006,231.49109,282.23431,1,0,1,0,1
199.70008,231.99831,282.68961,1,0,1,0,1
199.72038,232.27452,282.88959,1,0,1,0,1
199.74008,232.56403,283.06979,1,0,1,0,1
199.76028,232.86540,283.22934,1,0,1,0,1
199.78010,233.49785,283.48343,1,0,1,0,1
199.80013,233.82584,283.57675,1,0,1,0,1
199.82045,234.15953,283.64694,1,0,1,0,1
199.84030,234.49731,283.69363,1,0,1,0,1
199.86047,234.83754,283.71664,1,0,1,0,1
199.88014,235.51865,283.69119,1,0,1,0,1
199.90027,235.85620,283.64288,1,0,0,0,1
199.92047,236.18956,283.57111,0,0,0,0,1
199.94016,236.52292,283.49933,0,0,0,0,1
199.96013,236.52292,283.49933,0,0,0,0,1
199.98056,236.52292,283.49933,0,0,0,0,1
200.00027,236.52292,283.49933,0,0,0,0,1
200.02025,236.52292,283.49933,0,0,0,0,1
200.04047,236.52292,283.49933,0,0,0,0,1
200.06044,236.52292,283.49933,0,0,0,0,1
200.08024,236.52292,283.49933,0,0,0,0,1
200.10050,236.52292,283.49933,0,0,0,0,1
200.12028,236.52292,283.49933,0,0,0,0,1
200.14046,236.52292,283.49933,0,0,0,0,1
200.16017,236.52292,283.49933,0,0,0,0,1
200.18048,236.52292,283.49933,0,0,0,0,1
200.20059,236.52292,283.49933,0,0,0,0,1
200.22031,236.52292,283.49933,0,0,0,0,1
200.24040,236.52292,283.49933,0,0,0,0,1
200.26017,236.52292,283.49933,1,1,0,0,1
200.28006,236.52292,283.49933,1,1,0,0,1
200.30042,237.19383,283.37921,1,1,0,0,1
200.32042,237.53394,283.35452,1,1,0,0,1
200.34010,237.87494,283.35361,1,1,0,0,1
200.36028,238.21516,283.37646,1,1,0,0,1
200.38013,238.55298,283.42300,1,1,0,0,1
200.40038,239.53552,283.70181,1,1,0,0,1
200.42033,239.84743,283.83963,1,1,0,0,1
200.44020,240.14896,283.99887,1,1,0,0,1
200.46003,240.43864,284.17877,1,1,0,0,1
200.48030,240.71509,284.37842,1,1,0,0,1
200.50047,241.22290,284.83304,1,1,0,0,1
200.52014,241.45180,285.08578,1,1,0,0,1
200.54021,241.66252,285.35388,1,1,0,0,1
200.56053,241.85403,285.63602,1,1,0,0,1
200.58021,242.02541,285.93082,1,1,0,0,1
200.60049,242.30447,286.55264,1,0,0,0,1
200.62027,242.41081,286.87665,0,0,0,0,1
200.64053,242.49431,287.20728,0,0,0,0,1
200.66009,242.49431,287.20728,0,0,0,0,1
200.68036,242.49431,287.20728,0,0,0,0,1
200.70011,242.49431,287.20728,0,0,0,0,1
200.72008,242.49431,287.20728,0,0,0,0,1
200.74008,242.49431,287.20728,0,0,0,0,1
200.76028,242.49431,287.20728,0,0,0,0,1
200.78057,242.49431,287.20728,0,0,0,0,1
200.80033,242.49431,287.20728,0,0,0,0,1
200.82028,242.49431,287.20728,0,0,0,0,1
200.84045,242.49431,287.20728,0,0,0,0,1
200.86035,242.49431,287.20728,0,0,0,0,1
200.88050,242.49431,287.20728,0,0,0,0,1
200.90016,242.49431,287.20728,0,0,0,0,1
200.92038,242.49431,287.20728,0,0,0,0,1
200.94029,242.49431,287.20728,0,0,0,0,1
200.96047,242.49431,287.20728,0,0,0,0,1
200.98006,242.49431,287.20728,0,0,0,0,1
201.00030,242.49431,287.20728,0,0,0,0,1
201.02040,242.49431,287.20728,0,0,0,0,1
201.04005,242.49431,287.20728,0,0,0,0,1
201.06034,242.49431,287.20728,0,0,0,0,1
201.08020,242.49431,287.20728,0,0,0,0,1
201.10037,242.49431,287.20728,0,0,0,0,1
201.12019,242.49431,287.20728,0,0,0,0,1
201.14034,242.49431,287.20728,0,0,0,0,1
201.16026,242.49431,287.20728,0,0,0,0,1
201.18048,242.49431,287.20728,0,0,0,0,1
201.20018,242.49431,287.20728,0,0,0,0,1
201.22051,242.49431,287.20728,0,0,0,0,1
201.24019,242.49431,287.20728,0,0,0,0,1
201.26034,242.49431,287.20728,0,0,0,0,1
201.28011,242.49431,287.20728,0,0,0,0,1
201.30018,242.49431,287.20728,0,0,0,0,1
201.32007,242.49431,287.20728,1,0,0,0,1
201.34054,242.57780,287.53790,1,0,0,0,1
201.36021,242.66130,287.86853,1,0,0,0,1
201.38006,242.74480,288.19916,1,0,0,0,1
201.40019,242.91179,288.86041,1,0,0,0,1
201.42034,242.99529,289.19104,1,0,0,0,1
201.44033,243.07878,289.52167,1,0,0,0,1
201.46051,243.16228,289.85229,1,0,0,0,1
201.48016,243.24577,290.18292,1,0,0,0,1
201.50037,243.41277,290.84418,1,0,0,0,1
201.52046,243.49626,291.17480,1,0,0,0,1
201.54043,243.66325,291.83606,1,0,0,0,1
201.56014,243.74675,292.16669,1,0,0,0,1
201.58025,243.83025,292.49731,1,0,0,0,1
201.60041,243.91374,292.82794,0,0,0,0,1
201.62005,243.99724,293.15857,0,0,0,0,1
201.64020,243.99724,293.15857,0,0,0,0,1
201.66027,243.99724,293.15857,0,0,0,0,1
201.68037,243.99724,293.15857,0,0,0,0,1
201.70043,243.99724,293.15857,0,0,0,0,1
201.72004,243.99724,293.15857,0,0,0,0,1
201.74015,243.99724,293.15857,0,0,0,0,1
201.76041,243.99724,293.15857,0,0,0,0,1
201.78013,243.99724,293.15857,0,0,0,0,1
201.80006,243.99724,293.15857,0,0,0,0,1
201.82005,243.99724,293.15857,0,0,0,0,1
201.84006,243.99724,293.15857,0,0,0,0,1
201.86052,243.99724,293.15857,0,0,0,0,1
201.88052,243.99724,293.15857,0,0,0,0,1
201.90064,243.99724,293.15857,0,0,0,0,1
201.92013,243.99724,293.15857,0,0,0,0,1
201.94047,243.99724,293.15857,0,0,0,0,1
201.96035,243.99724,293.15857,0,0,0,0,1
201.98024,243.99724,293.15857,0,0,0,0,1
202.00017,243.99724,293.15857,0,0,0,0,1
202.02029,243.99724,293.15857,0,0,0,0,1
202.04041,243.99724,293.15857,1,0,0,0,1
202.06028,244.08073,293.48920,1,0,0,0,1
202.08006,244.16423,293.81982,1,0,0,0,1
202.10023,244.33122,294.48108,1,0,0,0,1
202.12043,244.41472,294.81171,1,0,1,0,1
202.14013,244.49821,295.14233,1,0,1,0,1
202.16040,244.58171,295.47296,1,0,1,0,1
202.18015,244.68808,295.79694,1,0,1,0,1
202.20025,244.96730,296.41870,1,0,1,0,1
202.22003,245.13878,296.71344,1,0,1,0,1
202.24012,245.33043,296.99548,1,0,1,0,1
202.26045,245.54131,297.26346,1,0,1,0,1
202.28041,245.77039,297.51605,1,0,1,0,1
202.30031,246.27858,297.97028,1,0,1,0,1
202.32055,246.55521,298.16965,1,0,1,0,1
202.34029,246.84509,298.34921,1,0,1,0,1
202.36037,247.14680,298.50812,1,0,1,0,1
202.38042,247.77979,298.76086,1,0,1,0,1
202.40023,248.10797,298.85349,1,0,1,0,1
202.42020,248.77971,298.96893,1,0,1,0,1
202.44040,249.11998,298.99121,1,0,1,0,1
202.46007,249.46098,298.98969,1,0,0,0,1
202.48025,249.80104,298.96432,1,0,0,0,1
202.50058,250.48116,298.91360,0,0,0,0,1
202.52023,250.48116,298.91360,0,0,0,0,1
202.54023,250.48116,298.91360,0,0,0,0,1
202.56020,250.48116,298.91360,0,0,0,0,1
202.58050,250.48116,298.91360,0,0,0,0,1
202.60032,250.48116,298.91360,0,0,0,0,1
202.62040,250.48116,298.91360,0,0,0,0,1
202.64043,250.48116,298.91360,0,0,0,0,1
202.66026,250.48116,298.91360,0,0,0,0,1
202.68012,250.48116,298.91360,0,0,0,0,1
202.70015,250.48116,298.91360,0,0,0,0,1
202.72036,250.48116,298.91360,0,0,0,0,1
202.74053,250.48116,298.91360,0,0,0,0,1
202.76017,250.48116,298.91360,0,0,0,0,1
202.78039,250.48116,298.91360,0,0,0,0,1
202.80030,250.48116,298.91360,0,0,0,0,1
202.82025,250.48116,298.91360,0,0,0,0,1
202.84023,250.48116,298.91360,0,0,0,0,1
202.86043,250.48116,298.91360,0,0,0,0,1
202.88049,250.48116,298.91360,0,0,0,0,1
202.90013,250.48116,298.91360,0,0,0,0,1
202.92056,250.48116,298.91360,0,1,0,0,1
202.94044,250.48116,298.91360,1,1,0,0,1
202.96022,250.82216,298.91205,1,1,0,0,1
202.98047,251.16243,298.93427,1,1,0,0,1
203.00014,251.83420,299.04950,1,1,0,0,1
203.02049,252.16243,299.14197,1,1,0,0,1
203.04029,252.48341,299.25708,1,1,0,0,1
203.06054,252.79558,299.39432,1,1,0,0,1
203.08020,253.09741,299.55298,1,1,0,0,1
203.10051,253.66428,299.93143,1,1,0,0,1
203.12013,253.92654,300.14938,1,1,0,0,1
203.14029,254.40236,300.63739,1,1,0,0,1
203.16008,254.61359,300.90509,1,1,0,0,1
203.18032,254.80563,301.18686,1,1,0,0,1
203.20030,254.97757,301.48135,1,1,0,0,1
203.22044,255.25783,302.10266,1,1,0,0,1
203.24014,255.36479,302.42645,1,1,0,0,1
203.26031,255.44891,302.75693,1,1,0,0,1
203.28008,255.50978,303.09244,1,1,0,0,1
203.30057,255.56070,303.77213,1,1,0,0,1
203.32024,255.55051,304.11298,1,1,0,0,1
203.34020,255.51656,304.45227,1,1,0,0,1
203.36044,255.45903,304.78839,1,0,0,0,1
203.38007,255.37820,305.11966,0,0,0,0,1
203.40018,255.29738,305.45093,0,0,0,0,1
203.42023,255.29738,305.45093,0,0,0,0,1
203.44019,255.29738,305.45093,0,0,0,0,1
203.46033,255.29738,305.45093,0,0,0,0,1
203.48046,255.29738,305.45093,0,0,0,0,1
203.50032,255.29738,305.45093,0,0,0,0,1
203.52051,255.29738,305.45093,0,0,0,0,1
203.54022,255.29738,305.45093,0,0,0,0,1
203.56030,255.29738,305.45093,0,0,0,0,1
203.58007,255.29738,305.45093,0,0,0,0,1
203.60037,255.29738,305.45093,0,0,0,0,1
203.62004,255.29738,305.45093,0,0,0,0,1
203.64015,255.29738,305.45093,0,0,0,0,1
203.66024,255.29738,305.45093,0,0,0,0,1
203.68016,255.29738,305.45093,0,0,0,0,1
203.70042,255.29738,305.45093,0,0,0,0,1
203.72052,255.29738,305.45093,0,0,0,0,1
203.74046,255.29738,305.45093,0,0,0,0,1
203.76036,255.29738,305.45093,0,0,0,0,1
203.78018,255.29738,305.45093,0,0,0,0,1
203.80052,255.29738,305.45093,0,0,0,0,1
203.82051,255.29738,305.45093,0,0,0,0,1
203.84045,255.29738,305.45093,0,0,0,0,1
203.86014,255.29738,305.45093,0,0,0,0,1
203.88033,255.29738,305.45093,0,0,0,0,1
203.90052,255.29738,305.45093,0,0,0,0,1
203.92034,255.29738,305.45093,0,0,0,0,1
203.94047,255.29738,305.45093,0,0,0,0,1
203.96030,255.29738,305.45093,1,0,0,0,1
203.98029,255.21655,305.78220,1,0,0,0,1
204.00050,255.05490,306.44473,1,0,0,0,1
204.02051,254.97408,306.77600,1,0,0,0,1
204.04005,254.89325,307.10727,1,0,0,0,1
204.06005,254.81242,307.43854,1,0,0,0,1
204.08003,254.73160,307.76981,1,0,0,0,1
204.10038,254.56995,308.43234,1,0,0,0,1
204.12012,254.48912,308.76361,1,0,0,0,1
204.14044,254.40829,309.09488,1,0,0,0,1
204.16033,254.32747,309.42615,1,0,0,0,1
204.18022,254.24664,309.75742,1,0,0,0,1
204.20044,254.08499,310.41995,1,0,0,0,1
204.22031,254.00417,310.75122,1,0,0,0,1
204.24052,253.92334,311.08249,1,0,0,0,1
204.26043,253.84251,311.41376,1,0,0,0,1
204.28046,253.76169,311.74503,1,0,0,0,1
204.30042,253.60004,312.40756,1,0,0,0,1
204.32047,253.43839,313.07010,1,0,0,0,1
204.34014,253.35756,313.40137,1,0,0,0,1
204.36011,253.27673,313.73264,1,0,0,0,1
204.38033,253.19591,314.06390,1,0,0,0,1
204.40010,253.11508,314.39517,0,0,0,0,1
204.42048,253.03426,314.72644,0,0,0,0,1
204.44018,253.03426,314.72644,0,0,0,0,1
204.46057,253.03426,314.72644,0,0,0,0,1
204.48023,253.03426,314.72644,0,0,0,0,1
204.50008,253.03426,314.72644,0,0,0,0,1
204.52024,253.03426,314.72644,0,0,0,0,1
204.54045,253.03426,314.72644,0,0,0,0,1
204.56006,253.03426,314.72644,0,0,0,0,1
204.58009,253.03426,314.72644,0,0,0,0,1
204.60029,253.03426,314.72644,0,0,0,0,1
204.62039,253.03426,314.72644,0,0,0,0,1
204.64053,253.03426,314.72644,0,0,0,0,1
204.66051,253.03426,314.72644,0,0,0,0,1
204.68026,253.03426,314.72644,0,0,0,0,1
204.70034,253.03426,314.72644,0,0,0,0,1
204.72009,253.03426,314.72644,0,0,0,0,1
204.74026,253.03426,314.72644,0,0,0,0,1
204.76007,253.03426,314.72644,0,0,0,0,1
204.78029,253.03426,314.72644,0,0,0,0,1
204.80032,253.03426,314.72644,0,0,0,0,1
204.82040,253.03426,314.72644,1,0,0,0,1
204.84054,252.95343,315.05771,1,0,0,0,1
204.86020,252.87260,315.38898,1,0,0,0,1
204.88035,252.79178,315.72025,1,0,0,0,1
204.90015,252.71095,316.05151,1,0,1,0,1
204.92036,252.54930,316.71405,1,0,1,0,1
204.94006,252.49181,317.05017,1,0,1,0,1
204.96034,252.45793,317.38950,1,0,1,0,1
204.98051,252.44783,317.73035,1,0,1,0,1
205.00049,252.46156,318.07108,1,0,1,0,1
205.02030,252.56012,318.74548,1,0,1,0,1
205.04049,252.64447,319.07590,1,0,1,0,1
205.06028,252.75168,319.39960,1,0,1,0,1
205.08048,252.88124,319.71503,1,0,1,0,1
205.10005,253.03252,320.02063,1,0,1,0,1
205.12005,253.39713,320.59650,1,0,1,0,1
205.14020,253.83841,321.11594,1,0,1,0,1
205.16027,254.08517,321.35129,1,0,1,0,1
205.18044,254.34778,321.56882,1,0,1,0,1
205.20015,254.62492,321.76749,1,0,1,0,1
205.22034,255.21739,322.10443,1,0,1,0,1
205.24019,255.52982,322.24106,1,0,0,0,1
205.26043,255.85103,322.35553,1,0,0,0,1
205.28046,256.17944,322.44730,1,0,0,0,1
205.30036,256.50787,322.53906,1,0,0,0,1
205.32037,257.16473,322.72260,0,0,0,0,1
205.34050,257.16473,322.72260,0,0,0,0,1
205.36023,257.16473,322.72260,0,0,0,0,1
205.38040,257.16473,322.72260,0,0,0,0,1
205.40021,257.16473,322.72260,0,0,0,0,1
205.42039,257.16473,322.72260,0,0,0,0,1
205.44047,257.16473,322.72260,0,0,0,0,1
205.46014,257.16473,322.72260,0,0,0,0,1
205.48011,257.16473,322.72260,0,0,0,0,1
205.50028,257.16473,322.72260,0,0,0,0,1
205.52012,257.16473,322.72260,0,0,0,0,1
205.54034,257.16473,322.72260,0,0,0,0,1
205.56043,257.16473,322.72260,0,0,0,0,1
205.58022,257.16473,322.72260,0,0,0,0,1
205.60050,257.16473,322.72260,0,0,0,0,1
205.62028,257.16473,322.72260,0,0,0,0,1
205.64041,257.16473,322.72260,0,0,0,0,1
205.66010,257.16473,322.72260,0,0,0,0,1
205.68030,257.16473,322.72260,0,0,0,0,1
205.70053,257.16473,322.72260,0,0,0,0,1
205.72014,257.16473,322.72260,1,1,0,0,1
205.74047,257.49316,322.81436,1,1,0,0,1
205.76011,257.81439,322.92880,1,1,0,0,1
205.78018,258.12686,323.06537,1,1,0,0,1
205.80038,258.42905,323.22339,1,1,0,0,1
205.82023,258.99670,323.60065,1,1,0,0,1
205.84043,259.25943,323.81802,1,1,0,0,1
205.86022,259.50635,324.05319,1,1,0,0,1
205.88010,259.73627,324.30502,1,1,0,0,1
205.90018,259.94806,324.57227,1,1,0,0,1
205.92034,260.31326,325.14777,1,1,0,0,1
205.94058,260.59482,325.76849,1,1,0,0,1
205.96038,260.70245,326.09207,1,1,0,0,1
205.98033,260.78726,326.42236,1,1,0,0,1
206.00011,260.84885,326.75775,1,1,0,0,1
206.02023,260.90121,327.43732,1,1,0,0,1
206.04031,260.89172,327.77820,1,1,0,0,1
206.06050,260.85849,328.11758,1,1,0,0,1
206.08029,260.80167,328.45383,1,1,0,0,1
206.10041,260.72153,328.78528,1,1,0,0,1
206.12044,260.49301,329.42740,1,1,0,0,1
206.14033,260.34573,329.73495,1,1,0,0,1
206.16047,260.17737,330.03149,1,1,0,0,1
206.18046,259.98874,330.31558,1,1,0,0,1
206.20046,259.78076,330.58582,1,1,0,0,1
206.22023,259.31088,331.07953,1,0,0,0,1
206.24023,259.05127,331.30063,1,0,0,0,1
206.26044,258.79166,331.52173,1,0,0,0,1
206.28029,258.27243,331.96393,1,0,0,0,1
206.30016,258.01282,332.18503,0,0,0,0,1
206.32022,258.01282,332.18503,0,0,0,0,1
206.34049,258.01282,332.18503,0,0,0,0,1
206.36014,258.01282,332.18503,0,0,0,0,1
206.38010,258.01282,332.18503,0,0,0,0,1
206.40032,258.01282,332.18503,0,0,0,0,1
206.42035,258.01282,332.18503,0,0,0,0,1
206.44034,258.01282,332.18503,0,0,0,0,1
206.46031,258.01282,332.18503,0,0,0,0,1
206.48041,258.01282,332.18503,0,0,0,0,1
206.50007,258.01282,332.18503,0,0,0,0,1
206.52025,258.01282,332.18503,0,0,0,0,1
206.54054,258.01282,332.18503,0,0,0,0,1
206.56043,258.01282,332.18503,0,0,0,0,1
206.58055,258.01282,332.18503,0,0,0,0,1
206.60021,258.01282,332.18503,0,0,0,0,1
206.62012,258.01282,332.18503,0,0,0,0,1
206.64028,258.01282,332.18503,0,0,0,0,1
206.66060,258.01282,332.18503,0,0,0,0,1
206.68048,258.01282,332.18503,0,0,0,0,1
206.70039,258.01282,332.18503,0,0,0,0,1
206.72046,258.01282,332.18503,0,0,0,0,1
206.74036,258.01282,332.18503,0,0,0,0,1
206.76043,258.01282,332.18503,0,0,0,0,1
206.78047,258.01282,332.18503,0,0,0,0,1
206.80043,258.01282,332.18503,0,0,0,0,1
206.82021,258.01282,332.18503,0,0,0,0,1
206.84042,258.01282,332.18503,0,0,0,0,1
206.86053,258.01282,332.18503,1,0,0,0,1
206.88034,257.75320,332.40613,1,0,0,0,1
206.90008,257.49359,332.62723,1,0,0,0,1
206.92028,256.97437,333.06943,1,0,0,0,1
206.94052,256.71475,333.29053,1,0,0,0,1
206.96019,256.45514,333.51163,1,0,0,0,1
206.98020,256.19553,333.73273,1,0,0,0,1
207.00030,255.93591,333.95383,1,0,0,0,1
207.02019,255.41669,334.39603,1,0,0,0,1
207.04046,255.15707,334.61713,1,0,0,0,1
207.06030,254.63785,335.05933,1,0,0,0,1
207.08046,254.37823,335.28043,1,0,0,0,1
207.10013,254.11862,335.50153,1,0,0,0,1
207.12031,253.85901,335.72263,1,0,0,0,1
207.14019,253.33978,336.16483,1,0,0,0,1
207.16047,253.08017,336.38593,0,0,0,0,1
207.18026,253.08017,336.38593,0,0,0,0,1
207.20016,253.08017,336.38593,0,0,0,0,1
207.22027,253.08017,336.38593,0,0,0,0,1
207.24053,253.08017,336.38593,0,0,0,0,1
207.26023,253.08017,336.38593,0,0,0,0,1
207.28039,253.08017,336.38593,0,0,0,0,1
207.30023,253.08017,336.38593,0,0,0,0,1
207.32039,253.08017,336.38593,0,0,0,0,1
207.34008,253.08017,336.38593,0,0,0,0,1
207.36042,253.08017,336.38593,0,0,0,0,1
207.38033,253.08017,336.38593,0,0,0,0,1
207.40031,253.08017,336.38593,0,0,0,0,1
207.42045,253.08017,336.38593,0,0,0,0,1
207.44010,253.08017,336.38593,0,0,0,0,1
207.46033,253.08017,336.38593,0,0,0,0,1
207.48021,253.08017,336.38593,0,0,0,0,1
207.50040,253.08017,336.38593,0,0,0,0,1
207.52036,253.08017,336.38593,0,0,0,0,1
207.54066,253.08017,336.38593,0,0,0,0,1
207.56003,253.08017,336.38593,0,0,0,0,1
207.58014,253.08017,336.38593,1,0,0,0,1
207.60005,252.82056,336.60703,1,0,0,0,1
207.62036,252.30133,337.04922,1,0,0,0,1
207.64050,252.04172,337.27032,1,0,1,0,1
207.66015,251.78210,337.49142,1,0,1,0,1
207.68042,251.53856,337.73010,1,0,1,0,1
207.70053,251.31229,337.98520,1,0,1,0,1
207.72072,250.91586,338.53964,1,0,1,0,1
207.74026,250.74765,338.83627,1,0,1,0,1
207.76006,250.60056,339.14392,1,0,1,0,1
207.78028,250.47530,339.46109,1,0,1,0,1
207.80011,250.47530,339.46109,1,0,1,0,1
207.82033,250.23618,340.45401,1,0,1,0,1
207.84035,250.20331,340.79343,1,0,1,0,1
207.86052,250.20895,341.47498,1,0,1,0,1
207.88019,250.24745,341.81378,1,0,1,0,1
207.90034,250.30951,342.14908,1,0,1,0,1
207.92027,250.39484,342.47922,1,0,1,0,1
207.94020,250.63350,343.11765,1,0,1,0,1
207.96024,250.78568,343.42282,1,0,1,0,1
207.98036,250.95879,343.71661,1,0,1,0,1
208.00006,251.15199,343.99759,1,0,1,0,1
208.02020,251.59482,344.51572,1,0,0,0,1
208.04012,251.84229,344.75034,1,0,0,0,1
208.06025,252.08975,344.98495,0,0,0,0,1
208.08018,252.33722,345.21957,0,0,0,0,1
208.10016,252.33722,345.21957,0,0,0,0,1
208.12034,252.33722,345.21957,0,0,0,0,1
208.14053,252.33722,345.21957,0,0,0,0,1
208.16072,252.33722,345.21957,0,0,0,0,1
208.18028,252.33722,345.21957,0,0,0,0,1
208.20040,252.33722,345.21957,0,0,0,0,1
208.22036,252.33722,345.21957,0,0,0,0,1
208.24007,252.33722,345.21957,0,0,0,0,1
208.26040,252.33722,345.21957,0,0,0,0,1
208.28031,252.33722,345.21957,0,0,0,0,1
208.30014,252.33722,345.21957,0,0,0,0,1
208.32040,252.33722,345.21957,0,0,0,0,1
208.34042,252.33722,345.21957,0,0,0,0,1
208.36043,252.33722,345.21957,0,0,0,0,1
208.38047,252.33722,345.21957,0,0,0,0,1
208.40047,252.33722,345.21957,0,0,0,0,1
208.42038,252.33722,345.21957,0,0,0,0,1
208.44006,252.33722,345.21957,0,0,0,0,1
208.46020,252.33722,345.21957,0,0,0,0,1
208.48021,252.33722,345.21957,1,0,0,0,1
208.50021,252.58469,345.45419,1,1,0,0,1
208.52014,252.83215,345.68881,1,1,0,0,1
208.54034,253.06265,345.94012,1,1,0,0,1
208.56030,253.27507,346.20688,1,1,0,0,1
208.58018,253.64160,346.78152,1,1,0,0,1
208.60014,253.79393,347.08661,1,1,0,0,1
208.62003,253.92461,347.40158,1,1,0,0,1
208.64033,254.03300,347.72488,1,1,0,0,1
208.66016,254.18094,348.39023,1,1,0,0,1
208.68007,254.21976,348.72900,1,1,0,0,1
208.70051,254.23486,349.06967,1,1,0,0,1
208.72015,254.22617,349.41055,1,1,0,0,1
208.74049,254.13768,350.08636,1,1,0,0,1
208.76015,254.05832,350.41800,1,1,0,0,1
208.78035,253.95602,350.74329,1,1,0,0,1
208.80039,253.83128,351.06067,1,1,0,0,1
208.82024,253.68472,351.36856,1,1,0,0,1
208.84035,253.32907,351.95001,1,0,0,0,1
208.86053,253.12170,352.22070,0,0,0,0,1
208.88017,252.89597,352.47629,0,0,0,0,1
208.90021,252.89597,352.47629,0,0,0,0,1
208.92044,252.89597,352.47629,0,0,0,0,1
208.94035,252.89597,352.47629,0,0,0,0,1
208.96005,252.89597,352.47629,0,0,0,0,1
208.98005,252.89597,352.47629,0,0,0,0,1
209.00025,252.89597,352.47629,0,0,0,0,1
209.02047,252.89597,352.47629,0,0,0,0,1
209.04023,252.89597,352.47629,0,0,0,0,1
209.06024,252.89597,352.47629,0,0,0,0,1
209.08039,252.89597,352.47629,0,0,0,0,1
209.10035,252.89597,352.47629,0,0,0,0,1
209.12051,252.89597,352.47629,0,0,0,0,1
209.14017,252.89597,352.47629,0,0,0,0,1
209.16015,252.89597,352.47629,0,0,0,0,1
209.18052,252.89597,352.47629,0,0,0,0,1
209.20042,252.89597,352.47629,0,0,0,0,1
209.22030,252.89597,352.47629,0,0,0,0,1
209.24014,252.89597,352.47629,0,0,0,0,1
209.26019,252.89597,352.47629,0,0,0,0,1
209.28022,252.89597,352.47629,0,0,0,0,1
209.30037,252.89597,352.47629,0,0,0,0,1
209.32016,252.89597,352.47629,0,0,0,0,1
209.34038,252.89597,352.47629,0,0,0,0,1
209.36018,252.89597,352.47629,0,0,0,0,1
209.38055,252.89597,352.47629,0,0,0,0,1
209.40018,252.89597,352.47629,0,0,0,0,1
209.42038,252.89597,352.47629,0,0,0,0,1
209.44048,252.89597,352.47629,1,0,0,0,1
209.46037,252.44449,352.98746,1,0,0,0,1
209.48004,252.21875,353.24304,1,0,0,0,1
209.50023,251.99301,353.49863,1,0,0,0,1
209.52036,251.76727,353.75421,1,0,0,0,1
209.54055,251.31580,354.26538,1,0,0,0,1
209.56023,251.09006,354.52097,1,0,0,0,1
209.58014,250.86432,354.77655,1,0,0,0,1
209.60032,250.63858,355.03214,1,0,0,0,1
209.62046,250.18710,355.54330,1,0,0,0,1
209.64032,249.96136,355.79889,1,0,0,0,1
209.66037,249.73563,356.05447,1,0,0,0,1
209.68040,249.28415,356.56564,1,0,0,0,1
209.70027,249.05841,356.82123,1,0,0,0,1
209.72029,248.83267,357.07681,1,0,0,0,1
209.74043,248.60693,357.33240,0,0,0,0,1
209.76029,248.38120,357.58798,0,0,0,0,1
209.78012,248.38120,357.58798,0,0,0,0,1
209.80031,248.38120,357.58798,0,0,0,0,1
209.82040,248.38120,357.58798,0,0,0,0,1
209.84045,248.38120,357.58798,0,0,0,0,1
209.86044,248.38120,357.58798,0,0,0,0,1
209.88028,248.38120,357.58798,0,0,0,0,1
209.90008,248.38120,357.58798,0,0,0,0,1
209.92020,248.38120,357.58798,0,0,0,0,1
209.94029,248.38120,357.58798,0,0,0,0,1
209.96054,248.38120,357.58798,0,0,0,0,1
209.98022,248.38120,357.58798,0,0,0,0,1
210.00037,248.38120,357.58798,0,0,0,0,1
210.02008,248.38120,357.58798,0,0,0,0,1
210.04019,248.38120,357.58798,0,0,0,0,1
210.06036,248.38120,357.58798,0,0,0,0,1
210.08027,248.38120,357.58798,0,0,0,0,1
210.10015,248.38120,357.58798,0,0,0,0,1
210.12039,248.38120,357.58798,0,0,0,0,1
210.14042,248.38120,357.58798,0,0,0,0,1
210.16055,248.38120,357.58798,0,0,0,0,1
210.18023,248.38120,357.58798,0,0,0,0,1
210.20046,248.38120,357.58798,0,0,0,0,1
210.22017,248.38120,357.58798,0,0,0,0,1
210.24048,248.38120,357.58798,0,0,0,0,1
210.26012,248.38120,357.58798,1,0,1,0,1
210.28011,248.15546,357.84357,1,0,1,0,1
210.30033,247.94812,358.11429,1,0,1,0,1
210.32016,247.76019,358.39883,1,0,1,0,1
210.34021,247.57326,358.69702,1,0,1,0,1
210.36043,247.55194,358.69836,1,0,1,0,1
210.38017,247.53082,358.69968,1,0,1,0,1
210.40013,247.55333,358.72778,1,0,1,0,1
210.42041,247.58867,358.77194,1,0,1,0,1
210.44013,247.58020,359.13770,1,0,1,0,1
210.46014,247.58020,359.13770,1,0,1,0,1
210.48034,247.63487,359.81708,1,0,1,0,1
210.50053,247.78368,360.48221,1,0,1,0,1
210.52052,247.89253,360.80536,1,0,1,0,1
210.54052,247.89253,360.80536,1,0,1,0,1
210.56043,248.17651,361.71838,1,0,1,0,1
210.58017,248.54405,361.99896,1,0,1,0,1
210.60013,248.75697,362.26532,1,0,1,0,1
210.62040,248.98798,362.51614,1,0,1,0,1
210.64004,249.23593,362.75024,1,0,1,0,1
210.66029,249.77779,363.16370,1,0,1,0,1
210.68052,250.06903,363.34103,1,0,0,0,1
210.70024,250.37196,363.49762,1,0,0,0,1
210.72040,250.68509,363.63266,0,0,0,0,1
210.74009,250.99821,363.76770,0,0,0,0,1
210.76029,250.99821,363.76770,0,0,0,0,1
210.78014,250.99821,363.76770,0,0,0,0,1
210.80041,250.99821,363.76770,0,0,0,0,1
210.82027,250.99821,363.76770,0,0,0,0,1
210.84080,250.99821,363.76770,0,0,0,0,1
210.86013,250.99821,363.76770,0,0,0,0,1
210.88038,250.99821,363.76770,0,0,0,0,1
210.90020,250.99821,363.76770,0,0,0,0,1
210.92048,250.99821,363.76770,0,0,0,0,1
210.94017,250.99821,363.76770,0,0,0,0,1
210.96029,250.99821,363.76770,0,0,0,0,1
210.98027,250.99821,363.76770,0,0,0,0,1
211.00007,250.99821,363.76770,0,0,0,0,1
211.02009,250.99821,363.76770,0,0,0,0,1
211.04016,250.99821,363.76770,0,0,0,0,1
211.06004,250.99821,363.76770,0,0,0,0,1
211.08029,250.99821,363.76770,0,0,0,0,1
211.10046,250.99821,363.76770,0,0,0,0,1
211.12054,250.99821,363.76770,0,0,0,0,1
211.14022,250.99821,363.76770,0,0,0,0,1
211.16028,250.99821,363.76770,0,0,0,0,1
211.18012,250.99821,363.76770,0,0,0,0,1
211.20027,250.99821,363.76770,0,0,0,0,1
211.22049,250.99821,363.76770,0,0,0,0,1
211.24018,250.99821,363.76770,0,0,0,0,1
211.26042,250.99821,363.76770,0,0,0,0,1
211.28026,250.99821,363.76770,0,0,0,0,1
211.30044,250.99821,363.76770,0,0,0,0,1
211.32012,250.99821,363.76770,0,0,0,0,1
211.34013,250.99821,363.76770,0,0,0,0,1
211.36003,250.99821,363.76770,0,0,0,0,1
211.38026,250.99821,363.76770,0,0,0,0,1
211.40025,250.99821,363.76770,0,0,0,0,1
211.42026,250.99821,363.76770,0,0,0,0,1
211.44008,250.99821,363.76770,0,0,0,0,1
211.46021,250.99821,363.76770,0,0,0,0,1
211.48037,250.99821,363.76770,0,0,0,0,1
211.50009,250.99821,363.76770,0,0,0,0,1
211.52013,250.99821,363.76770,0,0,0,0,1
211.54052,250.99821,363.76770,0,0,0,0,1
211.56006,250.99821,363.76770,0,0,0,0,1
211.58017,250.99821,363.76770,0,0,0,0,1
211.60006,250.99821,363.76770,0,0,0,0,1
211.62006,250.99821,363.76770,0,0,0,0,1
211.64026,250.99821,363.76770,0,0,0,0,1
211.66044,250.99821,363.76770,0,0,0,0,1
211.68034,250.99821,363.76770,0,0,0,0,1
211.70018,250.99821,363.76770,0,0,0,0,1
211.72057,250.99821,363.76770,0,0,0,0,1
211.74011,250.99821,363.76770,0,0,0,0,1
211.76009,250.99821,363.76770,0,0,0,0,1
211.78027,251.31134,363.90274,1,0,0,0,1
211.80006,251.62447,364.03778,1,0,1,0,1
211.82035,251.93759,364.17282,1,0,1,0,1
211.84038,252.57251,364.42072,1,0,1,0,1
211.86004,252.90140,364.51080,1,0,1,0,1
211.88016,253.23576,364.57773,1,0,1,0,1
211.90031,253.57399,364.62112,1,0,1,0,1
211.92054,253.91443,364.64081,1,0,1,0,1
211.94031,254.25540,364.63666,1,0,1,0,1
211.96056,254.93233,364.55710,1,0,1,0,1
211.98031,255.26497,364.48206,1,0,1,0,1
212.00049,255.59155,364.38397,1,0,1,0,1
212.02014,256.22025,364.12070,1,0,1,0,1
212.04033,256.51926,363.95679,1,0,1,0,1
212.06050,256.80609,363.77240,1,0,1,0,1
212.08015,257.07935,363.56842,1,0,1,0,1
212.10048,257.57990,363.10580,1,0,1,0,1
212.12019,257.80472,362.84943,1,0,1,0,1
212.14015,258.01111,362.57797,1,0,1,0,1
212.16018,258.19803,362.29276,1,0,0,0,1
212.18043,258.53110,361.69760,0,0,0,0,1
212.20034,258.53110,361.69760,0,0,0,0,1
212.22021,258.53110,361.69760,0,0,0,0,1
212.24024,258.53110,361.69760,0,0,0,0,1
212.26025,258.53110,361.69760,0,0,0,0,1
212.28005,258.53110,361.69760,0,0,0,0,1
212.30020,258.53110,361.69760,0,0,0,0,1
212.32052,258.53110,361.69760,0,0,0,0,1
212.34006,258.53110,361.69760,0,0,0,0,1
212.36027,258.53110,361.69760,0,0,0,0,1
212.38033,258.53110,361.69760,0,0,0,0,1
212.40006,258.53110,361.69760,0,0,0,0,1
212.42004,258.53110,361.69760,0,0,0,0,1
212.44027,258.53110,361.69760,0,0,0,0,1
212.46043,258.53110,361.69760,0,0,0,0,1
212.48009,258.53110,361.69760,0,0,0,0,1
212.50050,258.53110,361.69760,0,0,0,0,1
212.52012,258.53110,361.69760,0,0,0,0,1
212.54026,258.53110,361.69760,0,0,0,0,1
212.56020,258.53110,361.69760,0,0,0,0,1
212.58010,258.53110,361.69760,0,0,0,0,1
212.60035,258.53110,361.69760,0,0,0,0,1
212.62020,258.53110,361.69760,0,0,0,0,1
212.64038,258.53110,361.69760,0,0,0,0,1
212.66030,258.53110,361.69760,0,0,0,0,1
212.68034,258.53110,361.69760,1,1,0,0,1
212.70064,258.69763,361.40002,1,1,0,0,1
212.72039,258.88452,361.11481,1,1,0,0,1
212.74040,259.31561,360.58688,1,1,0,0,1
212.76039,259.55771,360.34674,1,1,0,0,1
212.78019,259.81595,360.12405,1,1,0,0,1
212.80035,260.08911,359.91992,1,1,0,0,1
212.82027,260.37582,359.73535,1,1,0,0,1
212.84047,260.67471,359.57123,1,1,0,0,1
212.86018,261.30316,359.30740,1,1,0,0,1
212.88038,261.30316,359.30740,1,1,0,0,1
212.90014,262.29919,359.08154,1,1,0,0,1
212.92022,262.63901,359.05313,1,1,0,0,1
212.94015,262.97998,359.04849,1,1,0,0,1
212.96052,263.32043,359.06763,1,1,0,0,1
212.98022,263.99319,359.17682,1,1,0,0,1
213.00053,264.32224,359.26633,1,1,0,0,1
213.02025,264.64423,359.37854,1,1,0,0,1
213.04015,264.95761,359.51294,1,1,0,0,1
213.06033,265.55252,359.84558,1,1,0,0,1
213.08047,265.83112,360.04221,1,1,0,0,1
213.10022,266.09534,360.25778,1,1,0,0,1
213.12045,266.34387,360.49124,1,1,0,0,1
213.14012,266.57553,360.74149,1,1,0,0,1
213.16024,266.98373,361.28729,0,0,0,0,1
213.18023,266.98373,361.28729,0,0,0,0,1
213.20045,266.98373,361.28729,0,0,0,0,1
213.22034,266.98373,361.28729,0,0,0,0,1
213.24009,266.98373,361.28729,0,0,0,0,1
213.26030,266.98373,361.28729,0,0,0,0,1
213.28044,266.98373,361.28729,0,0,0,0,1
213.30016,266.98373,361.28729,0,0,0,0,1
213.32015,266.98373,361.28729,0,0,0,0,1
213.34009,266.98373,361.28729,0,0,0,0,1
213.36004,266.98373,361.28729,0,0,0,0,1
213.38056,266.98373,361.28729,0,0,0,0,1
213.40031,266.98373,361.28729,0,0,0,0,1
213.42029,266.98373,361.28729,0,0,0,0,1
213.44021,266.98373,361.28729,0,0,0,0,1
213.46037,266.98373,361.28729,0,0,0,0,1
213.48050,266.98373,361.28729,0,0,0,0,1
213.50013,266.98373,361.28729,0,0,0,0,1
213.52040,266.98373,361.28729,0,0,0,0,1
213.54018,266.98373,361.28729,0,0,0,0,1
213.56037,266.98373,361.28729,0,0,0,0,1
213.58012,266.98373,361.28729,0,0,0,0,1
213.60030,266.98373,361.28729,0,0,0,0,1
213.62057,266.98373,361.28729,0,0,0,0,1
213.64028,266.98373,361.28729,0,0,0,0,1
213.66042,266.98373,361.28729,0,0,0,0,1
213.68024,266.98373,361.28729,1,0,0,0,1
213.70041,267.15833,361.58020,1,0,0,0,1
213.72007,267.33292,361.87311,1,0,0,0,1
213.74028,267.68210,362.45892,1,0,0,0,1
213.76032,267.85669,362.75183,1,0,0,0,1
213.78010,268.20587,363.33765,1,0,0,0,1
213.80044,268.38046,363.63055,1,0,0,0,1
213.82024,268.55505,363.92346,1,0,0,0,1
213.84049,268.72964,364.21637,1,0,0,0,1
213.86009,269.07883,364.80219,1,0,0,0,1
213.88024,269.25342,365.09509,1,0,0,0,1
213.90038,269.42801,365.38800,1,0,0,0,1
213.92016,269.60260,365.68091,1,0,0,0,1
213.94056,269.77719,365.97382,1,0,0,0,1
213.96013,270.12637,366.55963,1,0,0,0,1
213.98053,270.30096,366.85254,1,0,0,0,1
214.00020,270.47556,367.14545,1,0,0,0,1
214.02035,270.65015,367.43835,1,0,0,0,1
214.04057,270.82474,367.73126,1,0,0,0,1
214.06034,271.17392,368.31708,1,0,0,0,1
214.08014,271.34851,368.60999,1,0,0,0,1
214.10044,271.52310,368.90289,0,0,0,0,1
214.12043,271.52310,368.90289,0,0,0,0,1
214.14034,271.52310,368.90289,0,0,0,0,1
214.16019,271.52310,368.90289,0,0,0,0,1
214.18053,271.52310,368.90289,0,0,0,0,1
214.20047,271.52310,368.90289,0,0,0,0,1
214.22031,271.52310,368.90289,0,0,0,0,1
214.24051,271.52310,368.90289,0,0,0,0,1
214.26026,271.52310,368.90289,0,0,0,0,1
214.28037,271.52310,368.90289,0,0,0,0,1
214.30034,271.52310,368.90289,0,0,0,0,1
214.32010,271.52310,368.90289,0,0,0,0,1
214.34007,271.52310,368.90289,0,0,0,0,1
214.36037,271.52310,368.90289,0,0,0,0,1
214.38008,271.52310,368.90289,0,0,0,0,1
214.40017,271.52310,368.90289,0,0,0,0,1
214.42004,271.52310,368.90289,0,0,0,0,1
214.44053,271.52310,368.90289,0,0,0,0,1
214.46027,271.52310,368.90289,0,0,0,0,1
214.48045,271.52310,368.90289,1,0,0,0,1
214.50017,271.69769,369.19580,1,0,0,0,1
214.52045,272.04688,369.78162,1,0,1,0,1
214.54008,272.22147,370.07452,1,0,1,0,1
214.56029,272.41608,370.35455,1,0,1,0,1
214.58045,272.86148,370.87048,1,0,1,0,1
214.60052,273.11011,371.10385,1,0,1,0,1
214.62025,273.37442,371.31931,1,0,1,0,1
214.64045,273.65314,371.51578,1,0,1,0,1
214.66022,274.24826,371.84799,1,0,1,0,1
214.68040,274.56177,371.98215,1,0,1,0,1
214.70011,274.88388,372.09406,1,0,1,0,1
214.72007,275.21301,372.18320,1,0,1,0,1
214.74025,275.54758,372.24915,1,0,1,0,1
214.76035,276.22641,372.31024,1,0,1,0,1
214.78011,276.56738,372.30511,1,0,1,0,1
214.80029,276.90717,372.27618,1,0,1,0,1
214.82011,277.24408,372.22360,1,0,0,0,1
214.84025,277.57651,372.14761,1,0,0,0,1
214.86029,278.24136,371.99564,0,0,0,0,1
214.88059,278.24136,371.99564,0,0,0,0,1
214.90036,278.24136,371.99564,0,0,0,0,1
214.92008,278.24136,371.99564,0,0,0,0,1
214.94008,278.24136,371.99564,0,0,0,0,1
214.96044,278.24136,371.99564,0,0,0,0,1
214.98031,278.24136,371.99564,0,0,0,0,1
215.00032,278.24136,371.99564,0,0,0,0,1
215.02039,278.24136,371.99564,0,0,0,0,1
215.04008,278.24136,371.99564,0,0,0,0,1
215.06040,278.24136,371.99564,0,0,0,0,1
215.08055,278.24136,371.99564,0,0,0,0,1
215.10020,278.24136,371.99564,0,0,0,0,1
215.12038,278.24136,371.99564,0,0,0,0,1
215.14051,278.24136,371.99564,0,0,0,0,1
215.16018,278.24136,371.99564,0,0,0,0,1
215.18051,278.24136,371.99564,0,0,0,0,1
215.20015,278.24136,371.99564,0,0,0,0,1
215.22046,278.24136,371.99564,0,0,0,0,1
215.24047,278.24136,371.99564,0,0,0,0,1
215.26052,278.24136,371.99564,0,0,0,0,1
215.28051,278.24136,371.99564,0,0,0,0,1
215.30016,278.24136,371.99564,0,0,0,0,1
215.32035,278.24136,371.99564,0,0,0,0,1
215.34012,278.24136,371.99564,0,1,0,0,1
215.36053,278.24136,371.99564,1,1,0,0,1
215.38005,278.57828,371.94302,1,1,0,0,1
215.40044,278.91803,371.91403,1,1,0,0,1
215.42014,279.25900,371.90881,1,1,0,0,1
215.44012,279.59949,371.92737,1,1,0,0,1
215.46005,280.27246,372.03540,1,1,0,0,1
215.48013,280.60165,372.12433,1,1,0,0,1
215.50022,280.92386,372.23599,1,1,0,0,1
215.52012,281.23749,372.36987,1,1,0,0,1
215.54063,281.54102,372.52530,1,1,0,0,1
215.56045,282.11191,372.89764,1,1,0,0,1
215.58036,282.37650,373.11276,1,1,0,0,1
215.60029,282.62543,373.34579,1,1,0,0,1
215.62027,282.85751,373.59564,1,1,0,0,1
215.64014,283.07162,373.86105,1,1,0,0,1
215.66005,283.44177,374.43338,1,1,0,0,1
215.68010,283.72870,375.05164,1,1,0,0,1
215.70030,283.83914,375.37427,1,1,0,0,1
215.72014,283.92682,375.70380,1,1,0,0,1
215.74019,283.99130,376.03864,1,1,0,0,1
215.76021,284.03226,376.37717,1,1,0,0,1
215.78030,284.04297,377.05869,1,1,0,0,1
215.80005,284.01266,377.39835,1,0,0,0,1
215.82026,283.95874,377.73505,1,0,0,0,1
215.84012,283.88147,378.06717,0,0,0,0,1
215.86003,283.88147,378.06717,0,0,0,0,1
215.88060,283.88147,378.06717,0,0,0,0,1
215.90011,283.88147,378.06717,0,0,0,0,1
215.92032,283.88147,378.06717,0,0,0,0,1
215.94010,283.88147,378.06717,0,0,0,0,1
215.96004,283.88147,378.06717,0,0,0,0,1
215.98027,283.88147,378.06717,0,0,0,0,1
216.00029,283.88147,378.06717,0,0,0,0,1
216.02052,283.88147,378.06717,0,0,0,0,1
216.04038,283.88147,378.06717,0,0,0,0,1
216.06034,283.88147,378.06717,0,0,0,0,1
216.08019,283.88147,378.06717,0,0,0,0,1
216.10006,283.88147,378.06717,0,0,0,0,1
216.12028,283.88147,378.06717,0,0,0,0,1
216.14047,283.88147,378.06717,0,0,0,0,1
216.16054,283.88147,378.06717,0,0,0,0,1
216.18005,283.88147,378.06717,0,0,0,0,1
216.20022,283.88147,378.06717,0,0,0,0,1
216.22041,283.88147,378.06717,0,0,0,0,1
216.24032,283.88147,378.06717,0,0,0,0,1
216.26046,283.88147,378.06717,0,0,0,0,1
216.28053,283.88147,378.06717,0,0,0,0,1
216.30012,283.88147,378.06717,0,0,0,0,1
216.32051,283.88147,378.06717,0,0,0,0,1
216.34035,283.88147,378.06717,1,0,0,0,1
216.36005,283.88147,378.06717,1,0,0,0,1
216.38004,283.72693,378.73141,1,0,0,0,1
216.40024,283.64966,379.06354,1,0,0,0,1
216.42038,283.57239,379.39566,1,0,0,0,1
216.44019,283.49512,379.72778,1,0,0,0,1
216.46008,283.34058,380.39203,1,0,0,0,1
216.48013,283.26331,380.72415,1,0,0,0,1
216.50038,283.10876,381.38840,1,0,0,0,1
216.52032,283.03149,381.72052,1,0,0,0,1
216.54025,282.95422,382.05264,1,0,0,0,1
216.56024,282.79968,382.71689,1,0,0,0,1
216.58016,282.72241,383.04901,1,0,0,0,1
216.60032,282.64514,383.38113,1,0,0,0,1
216.62041,282.56787,383.71326,1,0,0,0,1
216.64053,282.49060,384.04538,1,0,0,0,1
216.66032,282.33606,384.70963,1,0,0,0,1
216.68032,282.25879,385.04175,1,0,0,0,1
216.70050,282.18152,385.37387,1,0,0,0,1
216.72043,282.10425,385.70599,1,0,0,0,1
216.74036,282.02698,386.03812,1,0,0,0,1
216.76005,281.94971,386.37024,0,0,0,0,1
216.78006,281.87244,386.70236,0,0,0,0,1
216.80010,281.87244,386.70236,0,0,0,0,1
216.82040,281.87244,386.70236,0,0,0,0,1
216.84015,281.87244,386.70236,0,0,0,0,1
216.86016,281.87244,386.70236,0,0,0,0,1
216.88013,281.87244,386.70236,0,0,0,0,1
216.90049,281.87244,386.70236,0,0,0,0,1
216.92019,281.87244,386.70236,0,0,0,0,1
216.94044,281.87244,386.70236,0,0,0,0,1
216.96053,281.87244,386.70236,0,0,0,0,1
216.98016,281.87244,386.70236,0,0,0,0,1
217.00021,281.87244,386.70236,0,0,0,0,1
217.02037,281.87244,386.70236,0,0,0,0,1
217.04011,281.87244,386.70236,0,0,0,0,1
217.06046,281.87244,386.70236,0,0,0,0,1
217.08033,281.87244,386.70236,0,0,0,0,1
217.10032,281.87244,386.70236,1,0,0,0,1
217.12032,281.87244,386.70236,1,0,0,0,1
217.14013,281.79517,387.03448,1,0,1,0,1
217.16032,281.71790,387.36661,1,0,1,0,1
217.18016,281.63376,388.04300,1,0,1,0,1
217.20046,281.62732,388.38394,1,0,1,0,1
217.22031,281.64471,388.72449,1,0,1,0,1
217.24016,281.68585,389.06299,1,0,1,0,1
217.26020,281.83841,389.72726,1,0,1,0,1
217.28050,282.08203,390.36383,1,0,1,0,1
217.30018,282.23657,390.66779,1,0,1,0,1
217.32048,282.41196,390.96024,1,0,1,0,1
217.34010,282.60733,391.23972,1,0,1,0,1
217.36035,282.82175,391.50485,1,0,1,0,1
217.38010,283.30344,391.98706,1,0,1,0,1
217.40046,283.56836,392.20178,1,0,1,0,1
217.42022,283.84763,392.39746,1,0,1,0,1
217.44040,284.13986,392.57315,1,0,1,0,1
217.46005,284.44366,392.72803,1,0,1,0,1
217.48025,285.07996,392.97232,1,0,1,0,1
217.50031,285.40933,393.06055,1,0,1,0,1
217.52049,285.74408,393.12558,1,0,1,0,1
217.54012,286.08255,393.16705,1,0,1,0,1
217.56052,286.42310,393.18478,1,0,0,0,1
217.58050,287.10498,393.17264,1,0,0,0,1
217.60057,287.44592,393.16656,0,0,0,0,1
217.62029,287.44592,393.16656,0,0,0,0,1
217.64037,287.44592,393.16656,0,0,0,0,1
217.66006,287.44592,393.16656,0,0,0,0,1
217.68024,287.44592,393.16656,0,0,0,0,1
217.70051,287.44592,393.16656,0,0,0,0,1
217.72041,287.44592,393.16656,0,0,0,0,1
217.74012,287.44592,393.16656,0,0,0,0,1
217.76034,287.44592,393.16656,0,0,0,0,1
217.78046,287.44592,393.16656,0,0,0,0,1
217.80050,287.44592,393.16656,0,0,0,0,1
217.82022,287.44592,393.16656,0,0,0,0,1
217.84003,287.44592,393.16656,0,0,0,0,1
217.86013,287.44592,393.16656,0,0,0,0,1
217.88023,287.44592,393.16656,0,0,0,0,1
217.90039,287.44592,393.16656,0,0,0,0,1
217.92010,287.44592,393.16656,0,0,0,0,1
217.94026,287.44592,393.16656,0,0,0,0,1
217.96027,287.44592,393.16656,0,0,0,0,1
217.98011,287.44592,393.16656,0,0,0,0,1
218.00032,287.44592,393.16656,1,0,0,0,1
218.02037,287.78687,393.16049,1,1,0,0,1
218.04013,288.12781,393.15442,1,1,0,0,1
218.06052,288.80930,393.16605,1,1,0,0,1
218.08014,289.14777,393.20746,1,1,0,0,1
218.10044,289.48254,393.27237,1,1,0,0,1
218.12010,290.13443,393.47134,1,1,0,0,1
218.14042,290.44839,393.60443,1,1,0,0,1
218.16022,290.75232,393.75909,1,1,0,0,1
218.18035,291.32416,394.13000,1,1,0,0,1
218.20054,291.58929,394.34445,1,1,0,0,1
218.22053,291.83881,394.57687,1,1,0,0,1
218.24034,292.07150,394.82614,1,1,0,0,1
218.26017,292.48203,395.37024,1,1,0,0,1
218.28050,292.65784,395.66241,1,1,0,0,1
218.30042,292.81284,395.96616,1,1,0,0,1
218.32015,292.94629,396.27997,1,1,0,0,1
218.34033,293.14603,396.93164,1,1,0,0,1
218.36046,293.21133,397.26633,1,1,0,0,1
218.38045,293.25314,397.60477,1,1,0,0,1
218.40035,293.27124,397.94528,1,0,0,0,1
218.42007,293.23611,398.62595,0,0,0,0,1
218.44028,293.23611,398.62595,0,0,0,0,1
218.46019,293.23611,398.62595,0,0,0,0,1
218.48054,293.23611,398.62595,0,0,0,0,1
218.50028,293.23611,398.62595,0,0,0,0,1
218.52036,293.23611,398.62595,0,0,0,0,1
218.54025,293.23611,398.62595,0,0,0,0,1
218.56029,293.23611,398.62595,0,0,0,0,1
218.58007,293.23611,398.62595,0,0,0,0,1
218.60007,293.23611,398.62595,0,0,0,0,1
218.62016,293.23611,398.62595,0,0,0,0,1
218.64038,293.23611,398.62595,0,0,0,0,1
218.66008,293.23611,398.62595,0,0,0,0,1
218.68048,293.23611,398.62595,0,0,0,0,1
218.70038,293.23611,398.62595,0,0,0,0,1
218.72011,293.23611,398.62595,0,0,0,0,1
218.74049,293.23611,398.62595,0,0,0,0,1
218.76029,293.23611,398.62595,0,0,0,0,1
218.78033,293.23611,398.62595,0,0,0,0,1
218.80050,293.23611,398.62595,0,0,0,0,1
218.82024,293.23611,398.62595,0,0,0,0,1
218.84043,293.23611,398.62595,0,0,0,0,1
218.86030,293.23611,398.62595,0,0,0,0,1
218.88050,293.23611,398.62595,0,0,0,0,1
218.90029,293.23611,398.62595,0,0,0,0,1
218.92043,293.23611,398.62595,0,0,0,0,1
218.94024,293.23611,398.62595,0,0,0,0,1
218.96049,293.23611,398.62595,0,0,0,0,1
218.98048,293.23611,398.62595,1,0,0,0,1
219.00035,293.20667,398.96567,1,0,0,0,1
219.02010,293.17722,399.30539,1,0,0,0,1
219.04040,293.14777,399.64511,1,0,0,0,1
219.06035,293.11832,399.98483,1,0,0,0,1
219.08014,293.05942,400.66428,1,0,0,0,1
219.10034,293.02997,401.00400,1,0,0,0,1
219.12005,293.00052,401.34372,1,0,0,0,1
219.14016,292.97107,401.68344,1,0,0,0,1
219.16039,292.94162,402.02316,1,0,0,0,1
219.18009,292.88272,402.70261,1,0,0,0,1
219.20037,292.85327,403.04233,1,0,0,0,1
219.22036,292.82382,403.38205,1,0,0,0,1
219.24021,292.76492,404.06149,1,0,0,0,1
219.26023,292.73547,404.40121,1,0,0,0,1
219.28031,292.70602,404.74094,1,0,0,0,1
219.30030,292.64713,405.42038,1,0,0,0,1
219.32047,292.61768,405.76010,1,0,0,0,1
219.34037,292.58823,406.09982,1,0,0,0,1
219.36024,292.55878,406.43954,1,0,0,0,1
219.38049,292.49988,407.11899,1,0,0,0,1
219.40063,292.47043,407.45871,1,0,0,0,1
219.42029,292.44098,407.79843,1,0,0,0,1
219.44051,292.41153,408.13815,1,0,0,0,1
219.46023,292.38208,408.47787,1,0,0,0,1
219.48036,292.32318,409.15732,0,0,0,0,1
219.50012,292.32318,409.15732,0,0,0,0,1
219.52027,292.32318,409.15732,0,0,0,0,1
219.54051,292.32318,409.15732,0,0,0,0,1
219.56019,292.32318,409.15732,0,0,0,0,1
219.58011,292.32318,409.15732,0,0,0,0,1
219.60006,292.32318,409.15732,0,0,0,0,1
219.62029,292.32318,409.15732,0,0,0,0,1
219.64026,292.32318,409.15732,0,0,0,0,1
219.66006,292.32318,409.15732,0,0,0,0,1
219.68022,292.32318,409.15732,0,0,0,0,1
219.70005,292.32318,409.15732,0,0,0,0,1
219.72064,292.32318,409.15732,0,0,0,0,1
219.74051,292.32318,409.15732,0,0,0,0,1
219.76025,292.32318,409.15732,0,0,0,0,1
219.78052,292.32318,409.15732,0,0,0,0,1
219.80027,292.32318,409.15732,0,0,0,0,1
219.82040,292.32318,409.15732,1,0,0,0,1
219.84016,292.32318,409.15732,1,0,0,0,1
219.86029,292.29373,409.49704,1,0,1,0,1
219.88051,292.23483,410.17648,1,0,1,0,1
219.90025,292.22919,410.51743,1,0,1,0,1
219.92013,292.24734,410.85794,1,0,1,0,1
219.94023,292.28925,411.19635,1,0,1,0,1
219.96008,292.35468,411.53101,1,0,1,0,1
219.98023,292.55475,412.18259,1,0,1,0,1
220.00038,292.68842,412.49631,1,0,1,0,1
220.02013,293.01971,413.09195,1,0,1,0,1
220.04042,293.21576,413.37097,1,0,1,0,1
220.06021,293.43079,413.63562,1,0,1,0,1
220.08049,293.66379,413.88461,1,0,1,0,1
220.10029,294.17902,414.33084,1,0,1,0,1
220.12039,294.45874,414.52588,1,0,1,0,1
220.14034,294.75140,414.70090,1,0,1,0,1
220.16046,295.05557,414.85507,1,0,1,0,1
220.18051,295.69241,415.09790,1,0,1,0,1
220.20041,296.02200,415.18536,1,0,1,0,1
220.22028,296.35690,415.24960,1,0,1,0,1
220.24058,296.69547,415.29031,1,0,1,0,1
220.26010,297.03604,415.30728,1,0,1,0,1
220.28037,297.71661,415.26974,1,0,1,0,1
220.30009,298.05325,415.21545,1,0,1,0,1
220.32007,298.38528,415.13779,1,0,0,0,1
220.34051,298.71109,415.03711,0,0,0,0,1
220.36052,299.03690,414.93643,0,0,0,0,1
220.38023,299.03690,414.93643,0,0,0,0,1
220.40030,299.03690,414.93643,0,0,0,0,1
220.42004,299.03690,414.93643,0,0,0,0,1
220.44011,299.03690,414.93643,0,0,0,0,1
220.46023,299.03690,414.93643,0,0,0,0,1
220.48007,299.03690,414.93643,0,0,0,0,1
220.50025,299.03690,414.93643,0,0,0,0,1
220.52005,299.03690,414.93643,0,0,0,0,1
220.54042,299.03690,414.93643,0,0,0,0,1
220.56005,299.03690,414.93643,0,0,0,0,1
220.58029,299.03690,414.93643,0,0,0,0,1
220.60037,299.03690,414.93643,0,0,0,0,1
220.62053,299.03690,414.93643,0,0,0,0,1
220.64049,299.03690,414.93643,0,0,0,0,1
220.66027,299.03690,414.93643,0,0,0,0,1
220.68034,299.03690,414.93643,0,0,0,0,1
220.70005,299.03690,414.93643,0,0,0,0,1
220.72024,299.03690,414.93643,0,0,0,0,1
220.74050,299.03690,414.93643,0,0,0,0,1
220.76035,299.03690,414.93643,0,0,0,0,1
220.78028,299.03690,414.93643,0,0,0,0,1
220.80040,299.03690,414.93643,1,0,0,0,1
220.82047,299.68851,414.73508,1,1,0,0,1
220.84025,300.01431,414.63440,1,1,0,0,1
220.86050,300.34634,414.55670,1,1,0,0,1
220.88020,301.02258,414.47159,1,1,0,0,1
220.90033,301.36353,414.46460,1,1,0,0,1
220.92011,301.70410,414.48138,1,1,0,0,1
220.94033,302.04269,414.52188,1,1,0,0,1
220.96005,302.37762,414.58591,1,1,0,0,1
220.98046,303.03006,414.78314,1,1,0,0,1
221.00024,303.34436,414.91537,1,1,0,0,1
221.02054,303.64868,415.06921,1,1,0,0,1
221.04018,303.94153,415.24390,1,1,0,0,1
221.06048,304.22150,415.43860,1,1,0,0,1
221.08005,304.48718,415.65234,1,1,0,0,1
221.10020,304.97070,416.13272,1,1,0,0,1
221.12012,305.18616,416.39703,1,1,0,0,1
221.14035,305.38266,416.67572,1,1,0,0,1
221.16037,305.55927,416.96744,1,1,0,0,1
221.18010,305.71509,417.27075,1,1,0,0,1
221.20053,305.96146,418.23532,1,1,0,0,1
221.22007,306.11703,418.56982,1,1,0,0,1
221.24039,306.15976,418.90814,1,1,0,0,1
221.26047,306.17877,419.24860,1,1,0,0,1
221.28016,306.17401,419.58957,1,1,0,0,1
221.30021,306.09332,420.26636,1,1,0,0,1
221.32022,306.01779,420.59888,1,1,0,0,1
221.34060,305.91925,420.92532,1,1,0,0,1
221.36032,305.79819,421.24411,1,1,0,0,1
221.38041,305.65518,421.55368,1,1,0,0,1
221.40037,305.30624,422.13916,0,0,0,0,1
221.42017,305.30624,422.13916,0,0,0,0,1
221.44017,305.30624,422.13916,0,0,0,0,1
221.46016,305.30624,422.13916,0,0,0,0,1
221.48026,305.30624,422.13916,0,0,0,0,1
221.50033,305.30624,422.13916,0,0,0,0,1
221.52016,305.30624,422.13916,0,0,0,0,1
221.54012,305.30624,422.13916,0,0,0,0,1
221.56031,305.30624,422.13916,0,0,0,0,1
221.58027,305.30624,422.13916,0,0,0,0,1
221.60045,305.30624,422.13916,0,0,0,0,1
221.62033,305.30624,422.13916,0,0,0,0,1
221.64025,305.30624,422.13916,0,0,0,0,1
221.66040,305.30624,422.13916,0,0,0,0,1
221.68043,305.30624,422.13916,0,0,0,0,1
221.70034,305.30624,422.13916,0,0,0,0,1
221.72052,305.30624,422.13916,0,0,0,0,1
221.74024,305.30624,422.13916,0,0,0,0,1
221.76042,305.30624,422.13916,0,0,0,0,1
221.78006,305.30624,422.13916,0,0,0,0,1
221.80049,305.30624,422.13916,0,0,0,0,1
221.82015,305.30624,422.13916,0,0,0,0,1
221.84045,305.30624,422.13916,0,0,0,0,1
221.86037,305.30624,422.13916,0,0,0,0,1
221.88024,305.30624,422.13916,0,0,0,0,1
221.90049,305.30624,422.13916,0,0,0,0,1
221.92016,305.30624,422.13916,0,0,0,0,1
221.94037,305.30624,422.13916,0,0,0,0,1
221.96057,305.30624,422.13916,1,0,0,0,1
221.98014,304.89780,422.68530,1,0,0,0,1
222.00032,304.69357,422.95837,1,0,0,0,1
222.02020,304.28513,423.50452,1,0,0,0,1
222.04048,304.08090,423.77759,1,0,0,0,1
222.06032,303.87668,424.05066,1,0,0,0,1
222.08043,303.67245,424.32373,1,0,0,0,1
222.10009,303.26401,424.86987,1,0,0,0,1
222.12041,303.05978,425.14294,1,0,0,0,1
222.14014,302.85556,425.41602,1,0,0,0,1
222.16029,302.65134,425.68909,1,0,0,0,1
222.18035,302.44711,425.96216,1,0,0,0,1
222.20035,302.03867,426.50830,1,0,0,0,1
222.22013,301.83444,426.78137,1,0,0,0,1
222.24032,301.63022,427.05444,1,0,0,0,1
222.26052,301.42599,427.32751,1,0,0,0,1
222.28046,301.22177,427.60059,1,0,0,0,1
222.30027,300.81332,428.14673,1,0,0,0,1
222.32043,300.60910,428.41980,1,0,0,0,1
222.34016,300.40488,428.69287,1,0,0,0,1
222.36025,300.20065,428.96594,1,0,0,0,1
222.38039,299.99643,429.23901,1,0,0,0,1
222.40009,299.58798,429.78516,0,0,0,0,1
222.42026,299.38376,430.05823,0,0,0,0,1
222.44057,299.38376,430.05823,0,0,0,0,1
222.46015,299.38376,430.05823,0,0,0,0,1
222.48036,299.38376,430.05823,0,0,0,0,1
222.50053,299.38376,430.05823,0,0,0,0,1
222.52027,299.38376,430.05823,0,0,0,0,1
222.54044,299.38376,430.05823,0,0,0,0,1
222.56029,299.38376,430.05823,0,0,0,0,1
222.58034,299.38376,430.05823,0,0,0,0,1
222.60030,299.38376,430.05823,0,0,0,0,1
222.62030,299.38376,430.05823,0,0,0,0,1
222.64035,299.38376,430.05823,0,0,0,0,1
222.66004,299.38376,430.05823,0,0,0,0,1
222.68037,299.38376,430.05823,0,0,0,0,1
222.70046,299.38376,430.05823,0,0,0,0,1
222.72009,299.38376,430.05823,0,0,0,0,1
222.74046,299.38376,430.05823,0,0,0,0,1
222.76046,299.38376,430.05823,0,0,0,0,1
222.78049,299.38376,430.05823,0,0,0,0,1
222.80038,299.38376,430.05823,1,0,0,0,1
222.82004,299.17953,430.33130,1,0,0,0,1
222.84031,298.97531,430.60437,1,0,0,0,1
222.86044,298.77109,430.87744,1,0,1,0,1
222.88009,298.56686,431.15051,1,0,1,0,1
222.90032,298.21802,431.73605,1,0,1,0,1
222.92009,298.07510,432.04565,1,0,1,0,1
222.94033,297.95416,432.36447,1,0,1,0,1
222.96034,297.85577,432.69098,1,0,1,0,1
222.98050,297.78043,433.02356,1,0,1,0,1
223.00022,297.70020,433.70038,1,0,1,0,1
223.02040,297.69571,434.04135,1,0,1,0,1
223.04011,297.71506,434.38181,1,0,1,0,1
223.06036,297.75812,434.72006,1,0,1,0,1
223.08048,297.82471,435.05450,1,0,1,0,1
223.10014,298.02704,435.70538,1,0,1,0,1
223.12013,298.16177,436.01865,1,0,1,0,1
223.14056,298.31805,436.32172,1,0,1,0,1
223.16019,298.69211,436.89148,1,0,1,0,1
223.18046,298.90805,437.15540,1,0,1,0,1
223.20040,299.14191,437.40356,1,0,1,0,1
223.22016,299.65866,437.84796,1,0,1,0,1
223.24015,299.93906,438.04202,1,0,1,0,1
223.26038,300.23230,438.21603,1,0,1,0,1
223.28041,300.53699,438.36914,1,0,1,0,1
223.30052,301.17468,438.60977,1,0,0,0,1
223.32013,301.50458,438.69611,0,0,0,0,1
223.34006,301.83447,438.78244,0,0,0,0,1
223.36010,301.83447,438.78244,0,0,0,0,1
223.38030,301.83447,438.78244,0,0,0,0,1
223.40046,301.83447,438.78244,0,0,0,0,1
223.42036,301.83447,438.78244,0,0,0,0,1
223.44050,301.83447,438.78244,0,0,0,0,1
223.46047,301.83447,438.78244,0,0,0,0,1
223.48029,301.83447,438.78244,0,0,0,0,1
223.50008,301.83447,438.78244,0,0,0,0,1
223.52042,301.83447,438.78244,0,0,0,0,1
223.54009,301.83447,438.78244,0,0,0,0,1
223.56028,301.83447,438.78244,0,0,0,0,1
223.58028,301.83447,438.78244,0,0,0,0,1
223.60047,301.83447,438.78244,0,0,0,0,1
223.62038,301.83447,438.78244,0,0,0,0,1
223.64039,301.83447,438.78244,0,0,0,0,1
223.66053,301.83447,438.78244,0,0,0,0,1
223.68025,301.83447,438.78244,0,0,0,0,1
223.70012,301.83447,438.78244,0,0,0,0,1
223.72035,301.83447,438.78244,0,0,0,0,1
223.74015,301.83447,438.78244,0,0,0,0,1
223.76046,301.83447,438.78244,0,0,0,0,1
223.78013,301.83447,438.78244,0,0,0,0,1
223.80032,301.83447,438.78244,0,0,0,0,1
223.82007,301.83447,438.78244,0,0,0,0,1
223.84037,301.83447,438.78244,0,0,0,0,1
223.86011,301.83447,438.78244,0,0,0,0,1
223.88047,301.83447,438.78244,0,0,0,0,1
223.90024,301.83447,438.78244,0,0,0,0,1
223.92010,301.83447,438.78244,0,0,0,0,1
223.94007,301.83447,438.78244,0,0,0,0,1
223.96010,301.83447,438.78244,0,1,0,0,1
223.98034,302.16437,438.86877,1,1,0,0,1
224.00049,302.48743,438.97791,1,1,0,0,1
224.02024,303.10684,439.26233,1,1,0,0,1
224.04033,303.40018,439.43625,1,1,0,0,1
224.06051,303.68066,439.63019,1,1,0,0,1
224.08048,303.94693,439.84320,1,1,0,0,1
224.10023,304.43173,440.32230,1,1,0,0,1
224.12031,304.64792,440.58603,1,1,0,0,1
224.14007,304.84518,440.86420,1,1,0,0,1
224.16007,305.02255,441.15543,1,1,0,0,1
224.18030,305.17920,441.45831,1,1,0,0,1
224.20019,305.42731,442.09314,1,1,0,0,1
224.22052,305.51755,442.42197,1,1,0,0,1
224.24009,305.58466,442.75629,1,1,0,0,1
224.26022,305.62827,443.09448,1,1,0,0,1
224.28033,305.64819,443.43491,1,1,0,0,1
224.30053,305.61673,444.11575,1,1,0,0,1
224.32016,305.56546,444.45288,1,1,0,0,1
224.34014,305.49081,444.78561,1,1,0,0,1
224.36017,305.27292,445.43143,1,1,0,0,1
224.38008,305.13074,445.74136,1,1,0,0,1
224.40050,304.96729,446.04065,1,1,0,0,1
224.42039,304.57986,446.60141,1,1,0,0,1
224.44005,304.35779,446.86017,0,0,0,0,1
224.46049,304.11819,447.10281,0,0,0,0,1
224.48024,304.11819,447.10281,0,0,0,0,1
224.50031,304.11819,447.10281,0,0,0,0,1
224.52047,304.11819,447.10281,0,0,0,0,1
224.54015,304.11819,447.10281,0,0,0,0,1
224.56037,304.11819,447.10281,0,0,0,0,1
224.58019,304.11819,447.10281,0,0,0,0,1
224.60051,304.11819,447.10281,0,0,0,0,1
224.62050,304.11819,447.10281,0,0,0,0,1
224.64038,304.11819,447.10281,0,0,0,0,1
224.66003,304.11819,447.10281,0,0,0,0,1
224.68024,304.11819,447.10281,0,0,0,0,1
224.70033,304.11819,447.10281,0,0,0,0,1
224.72005,304.11819,447.10281,0,0,0,0,1
224.74023,304.11819,447.10281,0,0,0,0,1
224.76047,304.11819,447.10281,0,0,0,0,1
224.78011,304.11819,447.10281,0,0,0,0,1
224.80048,304.11819,447.10281,0,0,0,0,1
224.82037,304.11819,447.10281,0,0,0,0,1
224.84023,304.11819,447.10281,0,0,0,0,1
224.86024,304.11819,447.10281,0,0,0,0,1
224.88015,304.11819,447.10281,0,0,0,0,1
224.90013,304.11819,447.10281,0,0,0,0,1
224.92032,304.11819,447.10281,0,0,0,0,1
224.94045,304.11819,447.10281,0,0,0,0,1
224.96006,304.11819,447.10281,0,0,0,0,1
224.98032,304.11819,447.10281,0,0,0,0,1
225.00032,304.11819,447.10281,0,0,0,0,1
225.02028,304.11819,447.10281,0,0,0,0,1
225.04049,304.11819,447.10281,1,0,0,0,1
225.06009,303.87860,447.34546,1,0,0,0,1
225.08032,303.63901,447.58810,1,0,0,0,1
225.10040,303.15982,448.07339,1,0,0,0,1
225.12046,302.92023,448.31604,1,0,0,0,1
225.14049,302.44104,448.80133,1,0,0,0,1
225.16014,302.20145,449.04398,1,0,0,0,1
225.18042,301.96185,449.28662,1,0,0,0,1
225.20030,301.48267,449.77191,1,0,0,0,1
225.22046,301.24307,450.01456,1,0,0,0,1
225.24017,301.00348,450.25720,1,0,0,0,1
225.26013,300.76389,450.49985,1,0,0,0,1
225.28051,300.52429,450.74249,1,0,0,0,1
225.30006,300.28470,450.98514,1,0,0,0,1
225.32034,299.80551,451.47043,1,0,0,0,1
225.34018,299.56592,451.71307,1,0,0,0,1
225.36033,299.32632,451.95572,1,0,0,0,1
225.38052,299.08673,452.19836,1,0,0,0,1
225.40009,298.84714,452.44101,1,0,0,0,1
225.42030,298.36795,452.92630,1,0,0,0,1
225.44023,298.12836,453.16895,0,0,0,0,1
225.46037,297.88876,453.41159,0,0,0,0,1
225.48047,297.88876,453.41159,0,0,0,0,1
225.50047,297.88876,453.41159,0,0,0,0,1
225.52009,297.88876,453.41159,0,0,0,0,1
225.54009,297.88876,453.41159,0,0,0,0,1
225.56033,297.88876,453.41159,0,0,0,0,1
225.58016,297.88876,453.41159,0,0,0,0,1
225.60025,297.88876,453.41159,0,0,0,0,1
225.62041,297.88876,453.41159,0,0,0,0,1
225.64011,297.88876,453.41159,0,0,0,0,1
225.66035,297.88876,453.41159,0,0,0,0,1
225.68042,297.88876,453.41159,0,0,0,0,1
225.70010,297.88876,453.41159,0,0,0,0,1
225.72031,297.88876,453.41159,0,0,0,0,1
225.74040,297.88876,453.41159,0,0,0,0,1
225.76049,297.88876,453.41159,0,0,0,0,1
225.78050,297.88876,453.41159,0,0,0,0,1
225.80048,297.88876,453.41159,0,0,0,0,1
225.82048,297.88876,453.41159,0,0,0,0,1
225.84012,297.88876,453.41159,0,0,0,0,1
225.86021,297.88876,453.41159,0,0,0,0,1
225.88034,297.88876,453.41159,0,0,0,0,1
225.90009,297.88876,453.41159,0,0,0,0,1
225.92026,297.88876,453.41159,0,0,0,0,1
225.94041,297.88876,453.41159,0,0,0,0,1
225.96007,297.88876,453.41159,0,0,0,0,1
225.98014,297.88876,453.41159,0,0,0,0,1
226.00017,297.88876,453.41159,0,0,0,0,1
226.02008,297.88876,453.41159,0,0,0,0,1
226.04024,297.88876,453.41159,0,0,0,0,1
226.06051,297.88876,453.41159,0,0,0,0,1
226.08053,297.88876,453.41159,1,0,0,0,1
226.10018,297.88876,453.41159,1,0,1,0,1
226.12035,297.40958,453.89688,1,0,1,0,1
226.14019,297.18750,454.15567,1,0,1,0,1
226.16029,296.98404,454.42932,1,0,1,0,1
226.18045,296.80020,454.71652,1,0,1,0,1
226.20012,296.63687,455.01587,1,0,1,0,1
226.22027,296.37482,455.64505,1,0,1,0,1
226.24041,296.27737,455.97183,1,0,1,0,1
226.26049,296.20297,456.30463,1,0,1,0,1
226.28044,296.15201,456.64178,1,0,1,0,1
226.30010,296.12469,456.98169,1,0,1,0,1
226.32044,296.18555,458.00119,1,0,1,0,1
226.34015,296.25311,458.33542,1,0,1,0,1
226.36021,296.34384,458.66412,1,0,1,0,1
226.38038,296.45731,458.98569,1,0,1,0,1
226.40044,296.59296,459.29855,1,0,1,0,1
226.42042,296.92804,459.89209,1,0,1,0,1
226.44051,297.12582,460.16986,1,0,1,0,1
226.46014,297.34253,460.43314,1,0,1,0,1
226.48037,297.57709,460.68063,1,0,1,0,1
226.50004,297.82837,460.91116,1,0,1,0,1
226.52022,298.37607,461.31683,1,0,1,0,1
226.54031,298.66983,461.49002,1,0,1,0,1
226.56014,298.97498,461.64224,1,0,0,0,1
226.58034,299.29001,461.77280,1,0,0,0,1
226.60017,299.61337,461.88104,1,0,0,0,1
226.62028,300.26010,462.09753,0,0,0,0,1
226.64048,300.26010,462.09753,0,0,0,0,1
226.66022,300.26010,462.09753,0,0,0,0,1
226.68023,300.26010,462.09753,0,0,0,0,1
226.70050,300.26010,462.09753,0,0,0,0,1
226.72048,300.26010,462.09753,0,0,0,0,1
226.74042,300.26010,462.09753,0,0,0,0,1
226.76013,300.26010,462.09753,0,0,0,0,1
226.78031,300.26010,462.09753,0,0,0,0,1
226.80046,300.26010,462.09753,0,0,0,0,1
226.82021,300.26010,462.09753,0,0,0,0,1
226.84034,300.26010,462.09753,0,0,0,0,1
226.86044,300.26010,462.09753,0,0,0,0,1
226.88011,300.26010,462.09753,0,0,0,0,1
226.90047,300.26010,462.09753,0,0,0,0,1
226.92013,300.26010,462.09753,0,0,0,0,1
226.94016,300.26010,462.09753,0,0,0,0,1
226.96046,300.26010,462.09753,0,0,0,0,1
226.98052,300.26010,462.09753,0,0,0,0,1
227.00020,300.26010,462.09753,0,0,0,0,1
227.02012,300.26010,462.09753,0,0,0,0,1
227.04017,300.26010,462.09753,0,0,0,0,1
227.06055,300.26010,462.09753,0,0,0,0,1
227.08022,300.26010,462.09753,0,0,0,0,1
227.10027,300.26010,462.09753,0,0,0,0,1
227.12007,300.26010,462.09753,0,0,0,0,1
227.14011,300.26010,462.09753,0,0,0,0,1
227.16052,300.26010,462.09753,1,1,0,0,1
227.18023,300.58347,462.20578,1,1,0,0,1
227.20009,300.90683,462.31403,1,1,0,0,1
227.22022,301.52704,462.59674,1,1,0,0,1
227.24058,301.82083,462.76984,1,1,0,0,1
227.26050,302.10184,462.96298,1,1,0,0,1
227.28013,302.36871,463.17526,1,1,0,0,1
227.30032,302.62012,463.40564,1,1,0,0,1
227.32036,303.07178,463.91611,1,1,0,0,1
227.34011,303.26981,464.19373,1,1,0,0,1
227.36027,303.44800,464.48447,1,1,0,0,1
227.38049,303.60547,464.78693,1,1,0,0,1
227.40017,303.74149,465.09964,1,1,0,0,1
227.42043,303.94650,465.74966,1,1,0,0,1
227.44050,304.01453,466.08380,1,1,0,0,1
227.46013,304.05908,466.42188,1,1,0,0,1
227.48051,304.07706,467.10321,1,1,0,0,1
227.50015,304.05038,467.44318,1,1,0,0,1
227.52018,304.00006,467.78046,1,1,0,0,1
227.54049,303.82956,468.44040,1,1,0,0,1
227.56017,303.71024,468.75983,1,1,0,0,1
227.58010,303.56891,469.07016,1,1,0,0,1
227.60022,303.40628,469.36987,1,1,0,0,1
227.62049,303.02042,469.93173,1,1,0,0,1
227.64018,302.79904,470.19110,1,1,0,0,1
227.66044,302.56012,470.43442,1,1,0,0,1
227.68054,302.30481,470.66046,1,1,0,0,1
227.70030,302.03436,470.86816,1,1,0,0,1
227.72049,301.45337,471.22455,1,1,0,0,1
227.74026,301.14566,471.37149,1,1,0,0,1
227.76015,300.82846,471.49661,1,0,0,0,1
227.78003,300.50330,471.59930,0,0,0,0,1
227.80031,300.50330,471.59930,0,0,0,0,1
227.82010,300.50330,471.59930,0,0,0,0,1
227.84024,300.50330,471.59930,0,0,0,0,1
227.86025,300.50330,471.59930,0,0,0,0,1
227.88051,300.50330,471.59930,0,0,0,0,1
227.90008,300.50330,471.59930,0,0,0,0,1
227.92008,300.50330,471.59930,0,0,0,0,1
227.94018,300.50330,471.59930,0,0,0,0,1
227.96017,300.50330,471.59930,0,0,0,0,1
227.98016,300.50330,471.59930,0,0,0,0,1
228.00018,300.50330,471.59930,0,0,0,0,1
228.02050,300.50330,471.59930,0,0,0,0,1
228.04016,300.50330,471.59930,0,0,0,0,1
228.06016,300.50330,471.59930,0,0,0,0,1
228.08035,300.50330,471.59930,0,0,0,0,1
228.10049,300.50330,471.59930,0,0,0,0,1
228.12016,300.50330,471.59930,0,0,0,0,1
228.14039,300.50330,471.59930,0,0,0,0,1
228.16011,300.50330,471.59930,0,0,0,0,1
228.18025,300.50330,471.59930,0,0,0,0,1
228.20055,300.50330,471.59930,0,0,0,0,1
228.22016,300.50330,471.59930,0,0,0,0,1
228.24013,300.50330,471.59930,0,0,0,0,1
228.26033,300.50330,471.59930,0,0,0,0,1
228.28012,300.50330,471.59930,0,0,0,0,1
228.30034,300.50330,471.59930,0,0,0,0,1
228.32046,300.50330,471.59930,0,0,0,0,1
228.34017,300.50330,471.59930,1,0,0,0,1
228.36031,300.17175,471.67908,1,0,0,0,1
228.38048,299.84021,471.75885,1,0,0,0,1
228.40012,299.50867,471.83862,1,0,0,0,1
228.42032,298.84558,471.99817,1,0,0,0,1
228.44005,298.51404,472.07794,1,0,0,0,1
228.46007,298.18250,472.15771,1,0,0,0,1
228.48006,297.85095,472.23749,1,0,0,0,1
228.50016,297.51941,472.31726,1,0,0,0,1
228.52042,296.85632,472.47681,1,0,0,0,1
228.54017,296.52478,472.55658,1,0,0,0,1
228.56047,296.19324,472.63635,1,0,0,0,1
228.58053,295.86169,472.71613,1,0,0,0,1
228.60045,295.53015,472.79590,1,0,0,0,1
228.62045,294.86707,472.95544,1,0,0,0,1
228.64014,294.53552,473.03522,1,0,0,0,1
228.66017,294.20398,473.11499,1,0,0,0,1
228.68016,293.54089,473.27454,1,0,0,0,1
228.70031,293.20935,473.35431,1,0,0,0,1
228.72031,292.54626,473.51385,1,0,0,0,1
228.74028,292.21472,473.59363,1,0,0,0,1
228.76039,291.88318,473.67340,1,0,0,0,1
228.78039,291.55164,473.75317,1,0,0,0,1
228.80020,291.22009,473.83295,1,0,0,0,1
228.82039,290.55701,473.99249,1,0,0,0,1
228.84003,290.22546,474.07227,1,0,0,0,1
228.86020,289.89392,474.15204,0,0,0,0,1
228.88038,289.89392,474.15204,0,0,0,0,1
228.90010,289.89392,474.15204,0,0,0,0,1
228.92013,289.89392,474.15204,0,0,0,0,1
228.94028,289.89392,474.15204,0,0,0,0,1
228.96008,289.89392,474.15204,0,0,0,0,1
228.98027,289.89392,474.15204,0,0,0,0,1
229.00016,289.89392,474.15204,0,0,0,0,1
229.02040,289.89392,474.15204,0,0,0,0,1
229.04049,289.89392,474.15204,0,0,0,0,1
229.06040,289.89392,474.15204,0,0,0,0,1
229.08011,289.89392,474.15204,0,0,0,0,1
229.10011,289.89392,474.15204,0,0,0,0,1
229.12029,289.89392,474.15204,0,0,0,0,1
229.14031,289.89392,474.15204,0,0,0,0,1
229.16004,289.89392,474.15204,0,0,0,0,1
229.18012,289.89392,474.15204,0,0,0,0,1
229.20005,289.89392,474.15204,0,0,0,0,1
229.22046,289.89392,474.15204,0,0,0,0,1
229.24017,289.89392,474.15204,0,0,0,0,1
229.26031,289.89392,474.15204,0,0,0,0,1
229.28022,289.89392,474.15204,0,0,0,0,1
229.30048,289.89392,474.15204,0,0,0,0,1
229.32051,289.89392,474.15204,0,0,0,0,1
229.34010,289.89392,474.15204,0,0,0,0,1
229.36018,289.89392,474.15204,0,0,0,0,1
229.38052,289.89392,474.15204,1,0,0,0,1
229.40054,289.89392,474.15204,1,0,0,0,1
229.42047,289.56238,474.23181,1,0,1,0,1
229.44016,288.57413,474.49408,1,0,1,0,1
229.46035,288.25693,474.61926,1,0,1,0,1
229.48013,287.94925,474.76630,1,0,1,0,1
229.50034,287.65259,474.93445,1,0,1,0,1
229.52011,287.36841,475.12292,1,0,1,0,1
229.54008,286.84293,475.55701,1,0,1,0,1
229.56008,286.60419,475.80051,1,0,1,0,1
229.58034,286.38306,476.06009,1,0,1,0,1
229.60049,286.18057,476.33447,1,0,1,0,1
229.62021,285.83548,476.92224,1,0,1,0,1
229.64035,285.69455,477.23276,1,0,1,0,1
229.66046,285.57565,477.55237,1,0,1,0,1
229.68014,285.47937,477.87949,1,0,1,0,1
229.70043,285.35638,478.54987,1,0,0,0,1
229.72047,285.33029,478.88986,1,0,0,0,1
229.74074,285.30420,479.22986,1,0,0,0,1
229.76042,285.27811,479.56985,0,0,0,0,1
229.78020,285.25201,479.90985,0,0,0,0,1
229.80034,285.25201,479.90985,0,0,0,0,1
229.82029,285.25201,479.90985,0,0,0,0,1
229.84005,285.25201,479.90985,0,0,0,0,1
229.86024,285.25201,479.90985,0,0,0,0,1
229.88043,285.25201,479.90985,0,0,0,0,1
229.90018,285.25201,479.90985,0,0,0,0,1
229.92039,285.25201,479.90985,0,0,0,0,1
229.94020,285.25201,479.90985,0,0,0,0,1
229.96040,285.25201,479.90985,0,0,0,0,1
229.98031,285.25201,479.90985,0,0,0,0,1
230.00061,285.25201,479.90985,0,0,0,0,1
230.02015,285.25201,479.90985,0,0,0,0,1
230.04038,285.25201,479.90985,0,0,0,0,1
230.06044,285.25201,479.90985,0,0,0,0,1
230.08045,285.25201,479.90985,0,0,0,0,1
230.10011,285.25201,479.90985,0,0,0,0,1
230.12026,285.25201,479.90985,0,0,0,0,1
230.14026,285.25201,479.90985,0,0,0,0,1
230.16027,285.25201,479.90985,0,0,0,0,1
230.18047,285.25201,479.90985,0,0,0,0,1
230.20021,285.25201,479.90985,0,0,0,0,1
230.22014,285.25201,479.90985,0,0,0,0,1
230.24022,285.25201,479.90985,0,0,0,0,1
230.26024,285.25201,479.90985,0,0,0,0,1
230.28015,285.25201,479.90985,0,0,0,0,1
230.30042,285.25201,479.90985,0,0,0,0,1
230.32005,285.25201,479.90985,0,1,0,0,1
230.34036,285.25201,479.90985,1,1,0,0,1
230.36007,285.20227,480.24719,1,1,0,0,1
230.38025,285.12912,480.58026,1,1,0,0,1
230.40053,285.03293,480.90741,1,1,0,0,1
230.42018,284.91415,481.22705,1,1,0,0,1
230.44053,284.61127,481.83765,1,1,0,0,1
230.46032,284.42865,482.12561,1,1,0,0,1
230.48052,284.22638,482.40015,1,1,0,0,1
230.50025,284.00546,482.65991,1,1,0,0,1
230.52042,283.76697,482.90363,1,1,0,0,1
230.54005,283.24197,483.33829,1,1,0,0,1
230.56021,282.95804,483.52710,1,1,0,0,1
230.58037,282.66162,483.69565,1,1,0,0,1
230.60047,282.35416,483.84314,1,1,0,0,1
230.62023,281.71219,484.07208,1,1,0,0,1
230.64040,281.38080,484.15244,1,1,0,0,1
230.66015,280.70526,484.24292,1,1,0,0,1
230.68046,280.36441,484.25262,1,1,0,0,1
230.70037,280.02371,484.23853,1,1,0,0,1
230.72005,279.68481,484.20071,1,1,0,0,1
230.74047,279.01901,484.05475,1,1,0,0,1
230.76044,278.69537,483.94733,1,1,0,0,1
230.78021,278.38000,483.81760,1,1,0,0,1
230.80034,278.07446,483.66617,1,1,0,0,1
230.82051,277.78021,483.49380,1,1,0,0,1
230.84045,277.23132,483.08975,1,1,0,0,1
230.86019,276.97934,482.86002,0,0,0,0,1
230.88053,276.97934,482.86002,0,0,0,0,1
230.90021,276.97934,482.86002,0,0,0,0,1
230.92043,276.97934,482.86002,0,0,0,0,1
230.94010,276.97934,482.86002,0,0,0,0,1
230.96031,276.97934,482.86002,0,0,0,0,1
230.98051,276.97934,482.86002,0,0,0,0,1
231.00042,276.97934,482.86002,0,0,0,0,1
231.02027,276.97934,482.86002,0,0,0,0,1
231.04053,276.97934,482.86002,0,0,0,0,1
231.06044,276.97934,482.86002,0,0,0,0,1
231.08025,276.97934,482.86002,0,0,0,0,1
231.10055,276.97934,482.86002,0,0,0,0,1
231.12020,276.97934,482.86002,0,0,0,0,1
231.14014,276.97934,482.86002,0,0,0,0,1
231.16044,276.97934,482.86002,0,0,0,0,1
231.18031,276.97934,482.86002,0,0,0,0,1
231.20005,276.97934,482.86002,0,0,0,0,1
231.22022,276.97934,482.86002,0,0,0,0,1
231.24026,276.97934,482.86002,0,0,0,0,1
231.26039,276.97934,482.86002,0,0,0,0,1
231.28005,276.97934,482.86002,0,0,0,0,1
231.30026,276.97934,482.86002,0,0,0,0,1
231.32034,276.97934,482.86002,0,0,0,0,1
231.34034,276.97934,482.86002,0,0,0,0,1
231.36030,276.97934,482.86002,0,0,0,0,1
231.38046,276.97934,482.86002,0,0,0,0,1
231.40040,276.97934,482.86002,0,0,0,0,1
231.42028,276.97934,482.86002,0,0,0,0,1
231.44041,276.97934,482.86002,0,0,0,0,1
231.46026,276.97934,482.86002,0,0,0,0,1
231.48045,276.97934,482.86002,1,0,0,0,1
231.50010,276.97934,482.86002,1,0,0,0,1
231.52024,276.74399,482.61325,1,0,0,0,1
231.54048,276.27328,482.11972,1,0,0,0,1
231.56037,276.03793,481.87296,1,0,0,0,1
231.58062,275.80258,481.62619,1,0,0,0,1
231.60018,275.56723,481.37943,1,0,0,0,1
231.62012,275.33188,481.13266,1,0,0,0,1
231.64053,274.86118,480.63913,1,0,0,0,1
231.66019,274.62582,480.39236,1,0,0,0,1
231.68026,274.39047,480.14560,1,0,0,0,1
231.70016,274.15512,479.89883,1,0,0,0,1
231.72046,273.91977,479.65207,1,0,0,0,1
231.74031,273.44907,479.15854,1,0,0,0,1
231.76044,273.21371,478.91177,1,0,0,0,1
231.78009,272.97836,478.66501,1,0,0,0,1
231.80025,272.50766,478.17148,1,0,0,0,1
231.82015,272.27231,477.92471,1,0,0,0,1
231.84022,272.03696,477.67795,1,0,0,0,1
231.86035,271.56625,477.18442,1,0,0,0,1
231.88010,271.33090,476.93765,1,0,0,0,1
231.90046,271.09555,476.69089,1,0,0,0,1
231.92033,270.86020,476.44412,1,0,0,0,1
231.94043,270.38950,475.95059,1,0,0,0,1
231.96009,270.15414,475.70383,1,0,0,0,1
231.98039,269.91879,475.45706,0,0,0,0,1
232.00022,269.68344,475.21030,0,0,0,0,1
232.02049,269.68344,475.21030,0,0,0,0,1
232.04055,269.68344,475.21030,0,0,0,0,1
232.06039,269.68344,475.21030,0,0,0,0,1
232.08017,269.68344,475.21030,0,0,0,0,1
232.10045,269.68344,475.21030,0,0,0,0,1
232.12044,269.68344,475.21030,0,0,0,0,1
232.14036,269.68344,475.21030,0,0,0,0,1
232.16006,269.68344,475.21030,0,0,0,0,1
232.18033,269.68344,475.21030,0,0,0,0,1
232.20006,269.68344,475.21030,0,0,0,0,1
232.22036,269.68344,475.21030,0,0,0,0,1
232.24021,269.68344,475.21030,0,0,0,0,1
232.26021,269.68344,475.21030,0,0,0,0,1
232.28017,269.68344,475.21030,0,0,0,0,1
232.30017,269.68344,475.21030,0,0,0,0,1
232.32018,269.68344,475.21030,0,0,0,0,1
232.34021,269.68344,475.21030,0,0,0,0,1
232.36037,269.68344,475.21030,0,0,0,0,1
232.38050,269.68344,475.21030,0,0,0,0,1
232.40060,269.68344,475.21030,0,0,0,0,1
232.42004,269.68344,475.21030,0,0,0,0,1
232.44023,269.68344,475.21030,0,0,0,0,1
232.46026,269.68344,475.21030,1,0,0,0,1
232.48053,269.44809,474.96353,1,0,0,0,1
232.50041,269.21274,474.71677,1,0,0,0,1
232.52006,268.97739,474.47000,1,0,1,0,1
232.54024,268.50668,473.97647,1,0,1,0,1
232.56045,268.25467,473.74673,1,0,1,0,1
232.58020,267.98724,473.53516,1,0,1,0,1
232.60092,267.41138,473.17053,1,0,1,0,1
232.62048,267.10577,473.01926,1,0,1,0,1
232.64029,266.46664,472.78250,1,0,1,0,1
232.66050,266.13623,472.69815,1,0,1,0,1
232.68035,265.80075,472.63708,1,0,1,0,1
232.70032,265.46182,472.59961,1,0,1,0,1
232.72052,265.12109,472.58588,1,0,1,0,1
232.74020,264.44092,472.62985,1,0,1,0,1
232.76037,264.10480,472.68735,1,0,1,0,1
232.78022,263.77353,472.76816,1,0,1,0,1
232.80046,263.44870,472.87192,1,0,1,0,1
232.82025,263.13190,472.99811,1,0,1,0,1
232.84046,262.52859,473.31522,1,0,1,0,1
232.86011,262.24500,473.50458,1,0,1,0,1
232.88062,261.97531,473.71329,1,0,1,0,1
232.90017,261.72089,473.94031,1,0,1,0,1
232.92040,261.48294,474.18454,1,0,1,0,1
232.94012,261.06104,474.71982,1,0,1,0,1
232.96051,260.87912,475.00824,1,0,1,0,1
232.98007,260.57785,475.61963,1,0,0,0,1
233.00021,260.43790,475.93060,1,0,0,0,1
233.02014,260.29794,476.24158,0,0,0,0,1
233.04046,260.29794,476.24158,0,0,0,0,1
233.06056,260.29794,476.24158,0,0,0,0,1
233.08007,260.29794,476.24158,0,0,0,0,1
233.10021,260.29794,476.24158,0,0,0,0,1
233.12005,260.29794,476.24158,0,0,0,0,1
233.14022,260.29794,476.24158,0,0,0,0,1
233.16056,260.29794,476.24158,0,0,0,0,1
233.18033,260.29794,476.24158,0,0,0,0,1
233.20034,260.29794,476.24158,0,0,0,0,1
233.22022,260.29794,476.24158,0,0,0,0,1
233.24046,260.29794,476.24158,0,0,0,0,1
233.26016,260.29794,476.24158,0,0,0,0,1
233.28012,260.29794,476.24158,0,0,0,0,1
233.30026,260.29794,476.24158,0,0,0,0,1
233.32031,260.29794,476.24158,0,0,0,0,1
233.34013,260.29794,476.24158,0,0,0,0,1
233.36028,260.29794,476.24158,0,0,0,0,1
233.38042,260.29794,476.24158,0,0,0,0,1
233.40024,260.29794,476.24158,0,0,0,0,1
233.42014,260.29794,476.24158,0,0,0,0,1
233.44024,260.29794,476.24158,0,0,0,0,1
233.46047,260.29794,476.24158,1,0,0,0,1
233.48018,260.15799,476.55255,1,1,0,0,1
233.50035,260.01804,476.86353,1,1,0,0,1
233.52009,259.85675,477.16397,1,1,0,0,1
233.54042,259.47336,477.72751,1,1,0,0,1
233.56019,259.25314,477.98785,1,1,0,0,1
233.58029,259.01529,478.23221,1,1,0,0,1
233.60005,258.76099,478.45938,1,1,0,0,1
233.62010,258.49146,478.66827,1,1,0,0,1
233.64031,258.20801,478.85785,1,1,0,0,1
233.66012,257.60498,479.17551,1,1,0,0,1
233.68049,257.28833,479.30203,1,1,0,0,1
233.70014,256.96362,479.40616,1,1,0,0,1
233.72042,256.63245,479.48740,1,1,0,0,1
233.74027,256.29642,479.54535,1,1,0,0,1
233.76011,255.27557,479.57715,1,1,0,0,1
233.78032,254.93657,479.54025,1,1,0,0,1
233.80052,254.60097,479.47980,1,1,0,0,1
233.82009,254.27040,479.39609,1,1,0,0,1
233.84031,253.94647,479.28952,1,1,0,0,1
233.86047,253.32483,479.01001,1,1,0,0,1
233.88022,253.03014,478.83844,1,1,0,0,1
233.90047,252.74812,478.64673,1,1,0,0,1
233.92013,252.48016,478.43582,1,1,0,0,1
233.94006,252.22757,478.20676,1,1,0,0,1
233.96012,251.77330,477.69864,1,1,0,0,1
233.98029,251.57384,477.42206,1,1,0,0,1
234.00054,251.39415,477.13223,1,1,0,0,1
234.02049,251.23511,476.83060,1,1,0,0,1
234.04016,251.09749,476.51859,1,1,0,0,1
234.06049,250.98196,476.19775,0,0,0,0,1
234.08013,250.98196,476.19775,0,0,0,0,1
234.10048,250.98196,476.19775,0,0,0,0,1
234.12043,250.98196,476.19775,0,0,0,0,1
234.14054,250.98196,476.19775,0,0,0,0,1
234.16019,250.98196,476.19775,0,0,0,0,1
234.18011,250.98196,476.19775,0,0,0,0,1
234.20029,250.98196,476.19775,0,0,0,0,1
234.22046,250.98196,476.19775,0,0,0,0,1
234.24026,250.98196,476.19775,0,0,0,0,1
234.26024,250.98196,476.19775,0,0,0,0,1
234.28048,250.98196,476.19775,0,0,0,0,1
234.30020,250.98196,476.19775,0,0,0,0,1
234.32008,250.98196,476.19775,0,0,0,0,1
234.34019,250.98196,476.19775,0,0,0,0,1
234.36030,250.98196,476.19775,0,0,0,0,1
234.38055,250.98196,476.19775,0,0,0,0,1
234.40043,250.98196,476.19775,0,0,0,0,1
234.42043,250.98196,476.19775,0,0,0,0,1
234.44044,250.98196,476.19775,0,0,0,0,1
234.46051,250.98196,476.19775,0,0,0,0,1
234.48050,250.98196,476.19775,0,0,0,0,1
234.50056,250.98196,476.19775,0,0,0,0,1
234.52011,250.98196,476.19775,0,0,0,0,1
234.54010,250.98196,476.19775,0,0,0,0,1
234.56025,250.98196,476.19775,0,0,0,0,1
234.58017,250.98196,476.19775,1,0,0,0,1
234.60012,250.88910,475.86963,1,0,0,0,1
234.62023,250.79623,475.54150,1,0,0,0,1
234.64005,250.70337,475.21338,1,0,0,0,1
234.66046,250.51764,474.55713,1,0,0,0,1
234.68042,250.42477,474.22900,1,0,0,0,1
234.70025,250.33191,473.90088,1,0,0,0,1
234.72018,250.23904,473.57275,1,0,0,0,1
234.74025,250.14618,473.24463,1,0,0,0,1
234.76020,249.96045,472.58838,1,0,0,0,1
234.78045,249.86758,472.26025,1,0,0,0,1
234.80052,249.77472,471.93213,1,0,0,0,1
234.82014,249.68185,471.60400,1,0,0,0,1
234.84031,249.58899,471.27588,1,0,0,0,1
234.86025,249.40326,470.61963,1,0,0,0,1
234.88047,249.31039,470.29150,1,0,0,0,1
234.90015,249.21753,469.96338,1,0,0,0,1
234.92041,249.12466,469.63525,1,0,0,0,1
234.94043,249.03180,469.30713,1,0,0,0,1
234.96036,248.75320,468.32275,1,0,0,0,1
234.98054,248.66034,467.99463,1,0,0,0,1
235.00039,248.56747,467.66650,1,0,0,0,1
235.02035,248.47461,467.33838,0,0,0,0,1
235.04044,248.38174,467.01025,0,0,0,0,1
235.06009,248.38174,467.01025,0,0,0,0,1
235.08018,248.38174,467.01025,0,0,0,0,1
235.10019,248.38174,467.01025,0,0,0,0,1
235.12041,248.38174,467.01025,0,0,0,0,1
235.14009,248.38174,467.01025,0,0,0,0,1
235.16031,248.38174,467.01025,0,0,0,0,1
235.18041,248.38174,467.01025,0,0,0,0,1
235.20014,248.38174,467.01025,0,0,0,0,1
235.22040,248.38174,467.01025,0,0,0,0,1
235.24003,248.38174,467.01025,0,0,0,0,1
235.26022,248.38174,467.01025,0,0,0,0,1
235.28037,248.38174,467.01025,0,0,0,0,1
235.30049,248.38174,467.01025,0,0,0,0,1
235.32011,248.38174,467.01025,0,0,0,0,1
235.34027,248.38174,467.01025,0,0,0,0,1
235.36017,248.38174,467.01025,0,0,0,0,1
235.38017,248.38174,467.01025,0,0,0,0,1
235.40053,248.38174,467.01025,0,0,0,0,1
235.42046,248.38174,467.01025,0,0,0,0,1
235.44009,248.38174,467.01025,0,0,0,0,1
235.46045,248.38174,467.01025,0,0,0,0,1
235.48032,248.38174,467.01025,0,0,0,0,1
235.50048,248.38174,467.01025,0,0,0,0,1
235.52009,248.38174,467.01025,0,0,0,0,1
235.54019,248.38174,467.01025,1,0,0,0,1
235.56043,248.28888,466.68213,1,0,1,0,1
235.58009,248.19601,466.35400,1,0,1,0,1
235.60058,248.08046,466.03317,1,0,1,0,1
235.62010,247.94278,465.72119,1,0,1,0,1
235.64034,247.78365,465.41959,1,0,1,0,1
235.66037,247.40424,464.85336,1,0,1,0,1
235.68031,247.18582,464.59149,1,0,1,0,1
235.70037,246.94965,464.34552,1,0,1,0,1
235.72005,246.69687,464.11664,1,0,1,0,1
235.74056,246.14653,463.71454,1,0,1,0,1
235.76049,245.85165,463.54327,1,0,1,0,1
235.78041,245.22968,463.26453,1,0,1,0,1
235.80024,244.90561,463.15839,1,0,1,0,1
235.82041,244.57492,463.07513,1,0,1,0,1
235.84012,244.23923,463.01520,1,0,1,0,1
235.86042,243.55940,462.96628,1,0,1,0,1
235.88036,243.21858,462.97751,1,0,1,0,1
235.90009,242.87938,463.01251,1,0,1,0,1
235.92051,242.54346,463.07114,1,0,1,0,1
235.94023,242.21245,463.15308,1,0,1,0,1
235.96043,241.57161,463.38519,1,0,1,0,1
235.98043,241.26491,463.53424,1,0,1,0,1
236.00012,240.96936,463.70435,1,0,1,0,1
236.02005,240.68642,463.89465,1,0,1,0,1
236.04034,240.41745,464.10428,1,0,1,0,1
236.06047,239.92664,464.57721,1,0,1,0,1
236.08022,239.70718,464.83823,1,0,1,0,1
236.10032,239.50650,465.11392,1,0,0,0,1
236.12052,239.32556,465.40295,1,0,0,0,1
236.14020,238.96368,465.98102,0,0,0,0,1
236.16023,238.78275,466.27005,0,0,0,0,1
236.18047,238.78275,466.27005,0,0,0,0,1
236.20008,238.78275,466.27005,0,0,0,0,1
236.22040,238.78275,466.27005,0,0,0,0,1
236.24052,238.78275,466.27005,0,0,0,0,1
236.26043,238.78275,466.27005,0,0,0,0,1
236.28006,238.78275,466.27005,0,0,0,0,1
236.30008,238.78275,466.27005,0,0,0,0,1
236.32053,238.78275,466.27005,0,0,0,0,1
236.34045,238.78275,466.27005,0,0,0,0,1
236.36042,238.78275,466.27005,0,0,0,0,1
236.38013,238.78275,466.27005,0,0,0,0,1
236.40053,238.78275,466.27005,0,0,0,0,1
236.42033,238.78275,466.27005,0,0,0,0,1
236.44045,238.78275,466.27005,0,0,0,0,1
236.46013,238.78275,466.27005,0,0,0,0,1
236.48042,238.78275,466.27005,0,0,0,0,1
236.50013,238.78275,466.27005,0,0,0,0,1
236.52033,238.78275,466.27005,0,0,0,0,1
236.54051,238.78275,466.27005,0,1,0,0,1
236.56028,238.78275,466.27005,1,1,0,0,1
236.58038,238.58209,466.54578,1,1,0,0,1
236.60038,238.36270,466.80682,1,1,0,0,1
236.62048,238.12564,467.05194,1,1,0,0,1
236.64049,237.87206,467.27994,1,1,0,0,1
236.66048,237.32036,467.68018,1,1,0,0,1
236.68006,237.02492,467.85046,1,1,0,0,1
236.70062,236.71832,467.99973,1,1,0,0,1
236.72030,236.40207,468.12726,1,1,0,0,1
236.74042,236.07770,468.23242,1,1,0,0,1
236.76074,235.41092,468.37372,1,1,0,0,1
236.78036,235.07176,468.40915,1,1,0,0,1
236.80035,234.73096,468.42084,1,1,0,0,1
236.82050,234.39017,468.40875,1,1,0,0,1
236.84005,234.05106,468.37292,1,1,0,0,1
236.86047,233.38445,468.23087,1,1,0,0,1
236.88013,233.06018,468.12534,1,1,0,0,1
236.90022,232.74408,467.99744,1,1,0,0,1
236.92046,232.14241,467.67719,1,1,0,0,1
236.94014,231.85979,467.48639,1,1,0,0,1
236.96040,231.59116,467.27634,1,1,0,0,1
236.98039,231.10104,466.80267,1,1,0,0,1
237.00005,230.88194,466.54138,1,1,0,0,1
237.02050,230.68161,466.26544,1,1,0,0,1
237.04084,230.50101,465.97620,1,0,0,0,1
237.06039,230.20239,465.36349,0,0,0,0,1
237.08046,230.20239,465.36349,0,0,0,0,1
237.10027,230.20239,465.36349,0,0,0,0,1
237.12006,230.20239,465.36349,0,0,0,0,1
237.14024,230.20239,465.36349,0,0,0,0,1
237.16025,230.20239,465.36349,0,0,0,0,1
237.18041,230.20239,465.36349,0,0,0,0,1
237.20050,230.20239,465.36349,0,0,0,0,1
237.22038,230.20239,465.36349,0,0,0,0,1
237.24016,230.20239,465.36349,0,0,0,0,1
237.26045,230.20239,465.36349,0,0,0,0,1
237.28044,230.20239,465.36349,0,0,0,0,1
237.30009,230.20239,465.36349,0,0,0,0,1
237.32030,230.20239,465.36349,0,0,0,0,1
237.34051,230.20239,465.36349,0,0,0,0,1
237.36033,230.20239,465.36349,0,0,0,0,1
237.38015,230.20239,465.36349,0,0,0,0,1
237.40009,230.20239,465.36349,0,0,0,0,1
237.42030,230.20239,465.36349,0,0,0,0,1
237.44048,230.20239,465.36349,0,0,0,0,1
237.46013,230.20239,465.36349,0,0,0,0,1
237.48032,230.20239,465.36349,0,0,0,0,1
237.50035,230.20239,465.36349,0,0,0,0,1
237.52003,230.20239,465.36349,0,0,0,0,1
237.54035,230.20239,465.36349,0,0,0,0,1
237.56004,230.20239,465.36349,0,0,0,0,1
237.58034,230.20239,465.36349,1,0,0,0,1
237.60028,230.20239,465.36349,1,0,0,0,1
237.62029,230.06378,465.05194,1,0,0,0,1
237.64007,229.92517,464.74039,1,0,0,0,1
237.66020,229.64795,464.11728,1,0,0,0,1
237.68005,229.50934,463.80573,1,0,0,0,1
237.70024,229.37073,463.49417,1,0,0,0,1
237.72013,229.09351,462.87106,1,0,0,0,1
237.74015,228.95490,462.55951,1,0,0,0,1
237.76036,228.67767,461.93640,1,0,0,0,1
237.78053,228.53906,461.62485,1,0,0,0,1
237.80008,228.40045,461.31329,1,0,0,0,1
237.82032,228.26184,461.00174,1,0,0,0,1
237.84044,228.12323,460.69019,1,0,0,0,1
237.86013,227.98462,460.37863,1,0,0,0,1
237.88028,227.70740,459.75552,1,0,0,0,1
237.90009,227.56879,459.44397,1,0,0,0,1
237.92049,227.43018,459.13242,1,0,0,0,1
237.94021,227.29156,458.82086,1,0,0,0,1
237.96040,227.15295,458.50931,0,0,0,0,1
237.98033,227.01434,458.19775,0,0,0,0,1
238.00047,227.01434,458.19775,0,0,0,0,1
238.02022,227.01434,458.19775,0,0,0,0,1
238.04033,227.01434,458.19775,0,0,0,0,1
238.06031,227.01434,458.19775,0,0,0,0,1
238.08040,227.01434,458.19775,0,0,0,0,1
238.10051,227.01434,458.19775,0,0,0,0,1
238.12028,227.01434,458.19775,0,0,0,0,1
238.14015,227.01434,458.19775,0,0,0,0,1
238.16021,227.01434,458.19775,0,0,0,0,1
238.18028,227.01434,458.19775,0,0,0,0,1
238.20028,227.01434,458.19775,0,0,0,0,1
238.22054,227.01434,458.19775,0,0,0,0,1
238.24033,227.01434,458.19775,0,0,0,0,1
238.26050,227.01434,458.19775,0,0,0,0,1
238.28051,227.01434,458.19775,0,0,0,0,1
238.30018,227.01434,458.19775,0,0,0,0,1
238.32030,227.01434,458.19775,0,0,0,0,1
238.34030,227.01434,458.19775,0,0,0,0,1
238.36041,227.01434,458.19775,0,0,0,0,1
238.38042,227.01434,458.19775,1,0,0,0,1
238.40016,226.87573,457.88620,1,0,0,0,1
238.42031,226.73712,457.57465,1,0,0,0,1
238.44043,226.59851,457.26309,1,0,1,0,1
238.46037,226.45990,456.95154,1,0,1,0,1
238.48046,225.98061,456.04965,1,0,1,0,1
238.50008,225.78018,455.77377,1,0,1,0,1
238.52027,225.56099,455.51254,1,0,1,0,1
238.54005,225.32408,455.26727,1,0,1,0,1
238.56039,225.07063,455.03915,1,0,1,0,1
238.58007,224.51910,454.63870,1,0,1,0,1
238.60031,224.22372,454.46832,1,0,1,0,1
238.62037,223.91716,454.31900,1,0,1,0,1
238.64047,223.60092,454.19144,1,0,1,0,1
238.66044,223.27655,454.08627,1,0,1,0,1
238.68052,222.60976,453.94510,1,0,1,0,1
238.70011,222.27060,453.90976,1,0,1,0,1
238.72035,221.92979,453.89819,1,0,1,0,1
238.74022,221.58902,453.91046,1,0,1,0,1
238.76031,221.24992,453.94647,1,0,1,0,1
238.78031,220.58340,454.08902,1,0,1,0,1
238.80038,220.25923,454.19482,1,0,1,0,1
238.82017,219.94325,454.32303,1,0,1,0,1
238.84019,219.63699,454.47299,1,0,1,0,1
238.86009,219.34195,454.64395,1,0,1,0,1
238.88049,218.53824,455.27417,1,0,1,0,1
238.90022,218.30183,455.51993,1,0,1,0,1
238.92014,218.08316,455.78159,1,0,1,0,1
238.94033,217.88330,456.05786,1,0,1,0,1
238.96010,217.70322,456.34744,1,0,1,0,1
238.98041,217.40581,456.96072,1,0,0,0,1
239.00051,217.28995,457.28143,0,0,0,0,1
239.02055,217.28995,457.28143,0,0,0,0,1
239.04040,217.28995,457.28143,0,0,0,0,1
239.06016,217.28995,457.28143,0,0,0,0,1
239.08042,217.28995,457.28143,0,0,0,0,1
239.10007,217.28995,457.28143,0,0,0,0,1
239.12021,217.28995,457.28143,0,0,0,0,1
239.14036,217.28995,457.28143,0,0,0,0,1
239.16015,217.28995,457.28143,0,0,0,0,1
239.18049,217.28995,457.28143,0,0,0,0,1
239.20009,217.28995,457.28143,0,0,0,0,1
239.22021,217.28995,457.28143,0,0,0,0,1
239.24006,217.28995,457.28143,0,0,0,0,1
239.26040,217.28995,457.28143,0,0,0,0,1
239.28005,217.28995,457.28143,0,0,0,0,1
239.30052,217.28995,457.28143,0,0,0,0,1
239.32004,217.28995,457.28143,0,0,0,0,1
239.34025,217.28995,457.28143,0,0,0,0,1
239.36047,217.28995,457.28143,0,0,0,0,1
239.38005,217.28995,457.28143,0,0,0,0,1
239.40008,217.28995,457.28143,0,0,0,0,1
239.42006,217.28995,457.28143,0,0,0,0,1
239.44031,217.28995,457.28143,0,0,0,0,1
239.46045,217.28995,457.28143,0,0,0,0,1
239.48022,217.28995,457.28143,0,0,0,0,1
239.50040,217.28995,457.28143,0,0,0,0,1
239.52049,217.28995,457.28143,0,0,0,0,1
239.54041,217.28995,457.28143,0,0,0,0,1
239.56033,217.28995,457.28143,1,0,0,0,1
239.58021,217.17409,457.60214,1,1,0,0,1
239.60049,217.05823,457.92285,1,1,0,0,1
239.62006,216.92027,458.23471,1,1,0,0,1
239.64049,216.76091,458.53619,1,1,0,0,1
239.66034,216.58092,458.82581,1,1,0,0,1
239.68025,216.16261,459.36392,1,1,0,0,1
239.70042,215.67351,459.83862,1,1,0,0,1
239.72012,215.40532,460.04926,1,1,0,0,1
239.74041,215.12311,460.24066,1,1,0,0,1
239.76016,214.82823,460.41193,1,1,0,0,1
239.78051,214.20628,460.69077,1,1,0,0,1
239.80048,213.88225,460.79700,1,1,0,0,1
239.82007,213.55159,460.88037,1,1,0,0,1
239.84028,213.21593,460.94046,1,1,0,0,1
239.86043,212.87689,460.97702,1,1,0,0,1
239.88009,212.19531,460.97885,1,1,0,0,1
239.90021,211.85608,460.94412,1,1,0,0,1
239.92036,211.52010,460.88583,1,1,0,0,1
239.94008,211.18900,460.80426,1,1,0,0,1
239.96029,210.86440,460.69977,1,1,0,0,1
239.98039,210.24097,460.42429,1,1,0,0,1
240.00043,209.94518,460.25461,1,1,0,0,1
240.02005,209.66194,460.06473,1,1,0,0,1
240.04042,209.39264,459.85556,1,1,0,0,1
240.06019,208.90100,459.38351,1,1,0,0,1
240.08042,208.68106,459.12292,1,1,0,0,1
240.10038,208.29828,458.55896,0,0,0,0,1
240.12023,208.29828,458.55896,0,0,0,0,1
240.14040,208.29828,458.55896,0,0,0,0,1
240.16009,208.29828,458.55896,0,0,0,0,1
240.18015,208.29828,458.55896,0,0,0,0,1
240.20052,208.29828,458.55896,0,0,0,0,1
240.22019,208.29828,458.55896,0,0,0,0,1
240.24050,208.29828,458.55896,0,0,0,0,1
240.26044,208.29828,458.55896,0,0,0,0,1
240.28017,208.29828,458.55896,0,0,0,0,1
240.30005,208.29828,458.55896,0,0,0,0,1
240.32052,208.29828,458.55896,0,0,0,0,1
240.34004,208.29828,458.55896,0,0,0,0,1
240.36028,208.29828,458.55896,0,0,0,0,1
240.38039,208.29828,458.55896,0,0,0,0,1
240.40009,208.29828,458.55896,0,0,0,0,1
240.42038,208.29828,458.55896,0,0,0,0,1
240.44006,208.29828,458.55896,0,0,0,0,1
240.46008,208.29828,458.55896,0,0,0,0,1
240.48032,208.29828,458.55896,0,0,0,0,1
240.50020,208.29828,458.55896,0,0,0,0,1
240.52040,208.29828,458.55896,0,0,0,0,1
240.54029,208.29828,458.55896,0,0,0,0,1
240.56020,208.29828,458.55896,0,0,0,0,1
240.58070,208.29828,458.55896,0,0,0,0,1
240.60011,208.29828,458.55896,0,0,0,0,1
240.62045,208.29828,458.55896,0,0,0,0,1
240.64023,208.29828,458.55896,0,0,0,0,1
240.66030,208.29828,458.55896,0,0,0,0,1
240.68008,208.29828,458.55896,0,0,0,0,1
240.70042,208.29828,458.55896,0,0,0,0,1
240.72014,208.29828,458.55896,0,0,0,0,1
240.74019,208.29828,458.55896,0,0,0,0,1
240.76042,208.29828,458.55896,0,0,0,0,1
240.78025,208.29828,458.55896,0,0,0,0,1
240.80053,208.29828,458.55896,0,0,0,0,1
240.82047,208.29828,458.55896,0,0,0,0,1
240.84013,208.29828,458.55896,0,0,0,0,1
240.86044,208.29828,458.55896,0,0,0,0,1
240.88004,208.29828,458.55896,0,0,0,0,1
240.90032,208.29828,458.55896,0,0,0,0,1
240.92040,208.29828,458.55896,0,0,0,0,1
240.94041,208.29828,458.55896,0,0,0,0,1
240.96046,208.29828,458.55896,0,0,0,0,1
240.98050,208.29828,458.55896,0,0,0,0,1
241.00051,208.29828,458.55896,0,0,0,0,1
241.02015,208.29828,458.55896,0,0,0,0,1
241.04044,208.29828,458.55896,0,0,0,0,1
241.06041,208.29828,458.55896,0,0,0,0,1
241.08019,208.29828,458.55896,0,0,0,0,1
241.10028,208.29828,458.55896,0,0,0,0,1
241.12045,208.29828,458.55896,0,0,0,0,1
241.14051,208.29828,458.55896,0,0,0,0,1
241.16026,208.29828,458.55896,0,0,0,0,1
241.18046,208.29828,458.55896,0,0,0,0,1
241.20035,208.29828,458.55896,0,0,0,0,1
241.22036,208.29828,458.55896,0,0,0,0,1
241.24053,208.29828,458.55896,0,0,0,0,1
241.26004,208.29828,458.55896,0,0,0,0,1
241.28027,208.29828,458.55896,0,0,0,0,1
241.30017,208.29828,458.55896,0,0,0,0,1
241.32006,208.29828,458.55896,0,0,0,0,1
241.34029,208.29828,458.55896,0,0,0,0,1
241.36024,208.29828,458.55896,0,0,0,0,1
241.38011,208.29828,458.55896,0,0,0,0,1
241.40019,208.29828,458.55896,0,0,0,0,1
241.42007,208.29828,458.55896,0,0,0,0,1
241.44020,208.29828,458.55896,0,0,0,0,1
241.46045,208.29828,458.55896,0,0,0,0,1
241.48006,208.29828,458.55896,0,0,0,0,1
241.50025,208.29828,458.55896,0,0,0,0,1
241.52048,208.29828,458.55896,0,0,0,0,1
241.54041,208.29828,458.55896,0,0,0,0,1
241.56013,208.29828,458.55896,0,0,0,0,1
241.58033,208.29828,458.55896,0,0,0,0,1
241.60036,208.29828,458.55896,0,0,0,0,1
241.62030,208.29828,458.55896,0,0,0,0,1
241.64048,208.29828,458.55896,0,0,0,0,1
241.66013,208.29828,458.55896,0,0,0,0,1
241.68048,208.29828,458.55896,0,0,0,0,1
241.70019,208.29828,458.55896,0,0,0,0,1
241.72043,208.29828,458.55896,0,0,0,0,1
241.74015,208.29828,458.55896,0,0,0,0,1
241.76036,208.29828,458.55896,0,0,0,0,1
241.78039,208.29828,458.55896,0,0,0,0,1
241.80025,208.29828,458.55896,0,0,0,0,1
241.82051,208.29828,458.55896,0,0,0,0,1
241.84013,208.29828,458.55896,0,0,0,0,1
241.86039,208.29828,458.55896,0,0,0,0,1
241.88041,208.29828,458.55896,0,0,0,0,1
241.90028,208.29828,458.55896,0,0,0,0,1
241.92044,208.29828,458.55896,0,0,0,0,1
241.94012,208.29828,458.55896,0,0,0,0,1
241.96028,208.29828,458.55896,0,0,0,0,1
241.98046,208.29828,458.55896,0,0,0,0,1
242.00007,208.29828,458.55896,0,0,0,0,1
242.02017,208.29828,458.55896,0,0,0,0,1
242.04041,208.29828,458.55896,0,0,0,0,1
242.06052,208.29828,458.55896,0,0,0,0,1
242.08005,208.29828,458.55896,0,0,0,0,1
242.10047,208.29828,458.55896,0,0,0,0,1
242.12030,208.29828,458.55896,0,0,0,0,1
242.14044,208.29828,458.55896,0,0,0,0,1
242.16051,208.29828,458.55896,0,0,0,0,1
242.18025,208.29828,458.55896,0,0,0,0,1
242.20044,208.29828,458.55896,0,0,0,0,1
242.22053,208.29828,458.55896,0,0,0,0,1
242.24049,208.29828,458.55896,0,0,0,0,1
242.26019,208.29828,458.55896,0,0,0,0,1
242.28042,208.29828,458.55896,0,0,0,0,1
242.30033,208.29828,458.55896,0,0,0,0,1
242.32045,208.29828,458.55896,0,0,0,0,1
242.34013,208.29828,458.55896,0,0,0,0,1
242.36007,208.29828,458.55896,0,0,0,0,1
242.38025,208.29828,458.55896,0,0,0,0,1
242.40010,208.29828,458.55896,0,0,0,0,1
242.42010,208.29828,458.55896,0,0,0,0,1
242.44050,208.29828,458.55896,0,0,0,0,1
242.46016,208.29828,458.55896,0,0,0,0,1
242.48004,208.29828,458.55896,0,0,0,0,1
242.50023,208.29828,458.55896,0,0,0,0,1
242.52037,208.29828,458.55896,0,0,0,0,1
242.54008,208.29828,458.55896,0,0,0,0,1
242.56037,208.29828,458.55896,0,0,0,0,1
242.58039,208.29828,458.55896,0,0,0,0,1
242.60040,208.29828,458.55896,0,0,0,0,1
242.62008,208.29828,458.55896,0,0,0,0,1
242.64032,208.29828,458.55896,0,0,0,0,1
242.66048,208.29828,458.55896,0,0,0,0,1
242.68029,208.29828,458.55896,0,0,0,0,1
242.70023,208.29828,458.55896,0,0,0,0,1
242.72043,208.29828,458.55896,0,0,0,0,1
242.74014,208.29828,458.55896,0,0,0,0,1
242.76037,208.29828,458.55896,0,0,0,0,1
242.78032,208.29828,458.55896,0,0,0,0,1
242.80018,208.29828,458.55896,0,0,0,0,1
242.82010,208.29828,458.55896,0,0,0,0,1
242.84038,208.29828,458.55896,0,0,0,0,1
242.86030,208.29828,458.55896,0,0,0,0,1
242.88035,208.29828,458.55896,0,0,0,0,1
242.90033,208.29828,458.55896,0,0,0,0,1
242.92052,208.29828,458.55896,0,0,0,0,1
242.94016,208.29828,458.55896,0,0,0,0,1
242.96021,208.29828,458.55896,0,0,0,0,1
242.98012,208.29828,458.55896,0,0,0,0,1
243.00008,208.29828,458.55896,0,0,0,0,1
243.02036,208.29828,458.55896,0,0,0,0,1
243.04063,208.29828,458.55896,0,0,0,0,1
243.06038,208.29828,458.55896,0,0,0,0,1
243.08044,208.29828,458.55896,0,0,0,0,1
243.10044,208.29828,458.55896,0,0,0,0,1
243.12049,208.29828,458.55896,0,0,0,0,1
243.14050,208.29828,458.55896,0,0,0,0,1
243.16050,208.29828,458.55896,0,0,0,0,1
243.18021,208.29828,458.55896,0,0,0,0,1
243.20019,208.29828,458.55896,0,0,0,0,1
243.22042,208.29828,458.55896,0,0,0,0,1
243.24015,208.29828,458.55896,0,0,0,0,1
243.26015,208.29828,458.55896,0,0,0,0,1
243.28036,208.29828,458.55896,0,0,0,0,1
243.30038,208.29828,458.55896,0,0,0,0,1
243.32049,208.29828,458.55896,0,0,0,0,1
243.34037,208.29828,458.55896,0,0,0,0,1
243.36019,208.29828,458.55896,0,0,0,0,1
243.38027,208.29828,458.55896,0,0,0,0,1
243.40045,208.29828,458.55896,0,0,0,0,1
243.42049,208.29828,458.55896,0,0,0,0,1
243.44012,208.29828,458.55896,0,0,0,0,1
243.46049,208.29828,458.55896,0,0,0,0,1
243.48039,208.29828,458.55896,0,0,0,0,1
243.50048,208.29828,458.55896,0,0,0,0,1
243.52017,208.29828,458.55896,0,0,0,0,1
243.54047,208.29828,458.55896,0,0,0,0,1
243.56011,208.29828,458.55896,0,0,0,0,1
243.58014,208.29828,458.55896,0,0,0,0,1
243.60028,208.29828,458.55896,0,0,0,0,1
243.62038,208.29828,458.55896,0,0,0,0,1
243.64051,208.29828,458.55896,0,0,0,0,1
243.66033,208.29828,458.55896,0,0,0,0,1
243.68016,208.29828,458.55896,0,0,0,0,1
243.70034,208.29828,458.55896,0,0,0,0,1
243.72051,208.29828,458.55896,0,0,0,0,1
243.74013,208.29828,458.55896,0,0,0,0,1
243.76027,208.29828,458.55896,0,0,0,0,1
243.78004,208.29828,458.55896,0,0,0,0,1
243.80021,208.29828,458.55896,0,0,0,0,1
243.82054,208.29828,458.55896,0,0,0,0,1
243.84012,208.29828,458.55896,0,0,0,0,1
243.86046,208.29828,458.55896,0,0,0,0,1
243.88012,208.29828,458.55896,0,0,0,0,1
243.90032,208.29828,458.55896,0,0,0,0,1
243.92014,208.29828,458.55896,0,0,0,0,1
243.94030,208.29828,458.55896,0,0,0,0,1
243.96043,208.29828,458.55896,0,0,0,0,1
243.98028,208.29828,458.55896,0,0,0,0,1
244.00029,208.29828,458.55896,0,0,0,0,1
244.02015,208.29828,458.55896,0,0,0,0,1
244.04026,208.29828,458.55896,0,0,0,0,1
244.06045,208.29828,458.55896,0,0,0,0,1
244.08019,208.29828,458.55896,0,0,0,0,1
244.10038,208.29828,458.55896,0,0,0,0,1
244.12009,208.29828,458.55896,0,0,0,0,1
244.14024,208.29828,458.55896,0,0,0,0,1
244.16021,208.29828,458.55896,0,0,0,0,1
244.18042,208.29828,458.55896,0,0,0,0,1
244.20035,208.29828,458.55896,0,0,0,0,1
244.22035,208.29828,458.55896,0,0,0,0,1
244.24020,208.29828,458.55896,0,0,0,0,1
244.26010,208.29828,458.55896,0,0,0,0,1
244.28052,208.29828,458.55896,0,0,0,0,1
244.30027,208.29828,458.55896,0,0,0,0,1
244.32010,208.29828,458.55896,0,0,0,0,1
244.34020,208.29828,458.55896,0,0,0,0,1
244.36028,208.29828,458.55896,0,0,0,0,1
244.38039,208.29828,458.55896,0,0,0,0,1
244.40008,208.29828,458.55896,0,0,0,0,1
244.42025,208.29828,458.55896,0,0,0,0,1
244.44057,208.29828,458.55896,0,0,0,0,1
244.46015,208.29828,458.55896,0,0,0,0,1
244.48031,208.29828,458.55896,0,0,0,0,1
244.50041,208.29828,458.55896,0,0,0,0,1
244.52071,208.29828,458.55896,0,0,0,0,1
244.54009,208.29828,458.55896,0,0,0,0,1
244.56020,208.29828,458.55896,0,0,0,0,1
244.58045,208.29828,458.55896,0,0,0,0,1
244.60038,208.29828,458.55896,0,0,0,0,1
244.62015,208.29828,458.55896,0,0,0,0,1
244.64034,208.29828,458.55896,0,0,0,0,1
244.66009,208.29828,458.55896,0,0,0,0,1
244.68023,208.29828,458.55896,0,0,0,0,1
244.70041,208.29828,458.55896,0,0,0,0,1
244.72025,208.29828,458.55896,0,0,0,0,1
244.74042,208.29828,458.55896,0,0,0,0,1
244.76053,208.29828,458.55896,0,0,0,0,1
244.78036,208.29828,458.55896,0,0,0,0,1
244.80045,208.29828,458.55896,0,0,0,0,1
244.82032,208.29828,458.55896,0,0,0,0,1
244.84045,208.29828,458.55896,0,0,0,0,1
244.86041,208.29828,458.55896,0,0,0,0,1
244.88011,208.29828,458.55896,0,0,0,0,1
244.90012,208.29828,458.55896,0,0,0,0,1
244.92028,208.29828,458.55896,0,0,0,0,1
244.94024,208.29828,458.55896,0,0,0,0,1
244.96009,208.29828,458.55896,0,0,0,0,1
244.98036,208.29828,458.55896,0,0,0,0,1
245.00015,208.29828,458.55896,0,0,0,0,1
245.02053,208.29828,458.55896,0,0,0,0,1
245.04041,208.29828,458.55896,0,0,0,0,1
245.06016,208.29828,458.55896,0,0,0,0,1
245.08020,208.29828,458.55896,0,0,0,0,1
245.10036,208.29828,458.55896,1,0,0,0,1
245.12031,207.97632,457.95776,1,0,0,0,1
245.14007,207.81534,457.65717,1,0,0,0,1
245.16011,207.65436,457.35657,1,0,0,0,1
245.18048,207.49338,457.05597,1,0,0,0,1
245.20075,207.17142,456.45477,1,0,0,0,1
245.22013,207.01044,456.15417,1,0,0,0,1
245.24008,206.84946,455.85358,1,0,0,0,1
245.26008,206.68848,455.55298,1,0,0,0,1
245.28017,206.52750,455.25238,1,0,0,0,1
245.30038,206.20554,454.65118,1,0,0,0,1
245.32055,206.04456,454.35059,1,0,0,0,1
245.34044,205.88358,454.04999,1,0,0,0,1
245.36054,205.72260,453.74939,1,0,0,0,1
245.38014,205.56161,453.44879,1,0,0,0,1
245.40037,205.23965,452.84760,1,0,0,0,1
245.42018,205.07867,452.54700,1,0,0,0,1
245.44041,204.91769,452.24640,1,0,0,0,1
245.46032,204.75671,451.94580,1,0,0,0,1
245.48008,204.59573,451.64520,1,0,0,0,1
245.50029,204.27377,451.04401,1,0,0,0,1
245.52021,203.95181,450.44281,1,0,0,0,1
245.54026,203.79083,450.14221,1,0,0,0,1
245.56005,203.62985,449.84161,1,0,0,0,1
245.58047,203.46887,449.54102,1,0,0,0,1
245.60048,203.30789,449.24042,1,0,0,0,1
245.62010,202.98593,448.63922,1,0,0,0,1
245.64005,202.82495,448.33862,1,0,0,0,1
245.66011,202.66397,448.03802,1,0,0,0,1
245.68033,202.50299,447.73743,1,0,0,0,1
245.70039,202.34201,447.43683,1,0,0,0,1
245.72044,202.02005,446.83563,1,0,0,0,1
245.74027,201.85907,446.53503,1,0,0,0,1
245.76041,201.69809,446.23444,1,0,0,0,1
245.78009,201.53711,445.93384,1,0,0,0,1
245.80028,201.21515,445.33264,1,0,0,0,1
245.82048,201.05417,445.03204,1,0,0,0,1
245.84013,200.89319,444.73145,1,0,0,0,1
245.86032,200.73221,444.43085,1,0,0,0,1
245.88021,200.57123,444.13025,1,0,0,0,1
245.90035,200.41025,443.82965,1,0,0,0,1
245.92020,199.92731,442.92786,1,0,0,0,1
245.94055,199.76633,442.62726,1,0,0,0,1
245.96015,199.60535,442.32666,0,0,0,0,1
245.98020,199.44437,442.02606,0,0,0,0,1
246.00048,199.44437,442.02606,0,0,0,0,1
246.02027,199.44437,442.02606,0,0,0,0,1
246.04039,199.44437,442.02606,0,0,0,0,1
246.06052,199.44437,442.02606,0,0,0,0,1
246.08025,199.44437,442.02606,0,0,0,0,1
246.10039,199.44437,442.02606,0,0,0,0,1
246.12009,199.44437,442.02606,0,0,0,0,1
246.14045,199.44437,442.02606,0,0,0,0,1
246.16037,199.44437,442.02606,0,0,0,0,1
246.18026,199.44437,442.02606,0,0,0,0,1
246.20042,199.44437,442.02606,0,0,0,0,1
246.22026,199.44437,442.02606,0,0,0,0,1
246.24044,199.44437,442.02606,0,0,0,0,1
246.26005,199.44437,442.02606,0,0,0,0,1
246.28018,199.44437,442.02606,0,0,0,0,1
246.30033,199.44437,442.02606,0,0,0,0,1
246.32038,199.44437,442.02606,0,0,0,0,1
246.34005,199.44437,442.02606,0,0,0,0,1
246.36024,199.44437,442.02606,1,0,1,0,1
246.38039,199.28339,441.72546,1,0,1,0,1
246.40009,199.12241,441.42487,1,0,1,0,1
246.42021,198.73953,440.86099,1,0,1,0,1
246.44005,198.51952,440.60046,1,0,1,0,1
246.46047,198.28185,440.35596,1,0,1,0,1
246.48046,198.02766,440.12863,1,0,1,0,1
246.50039,197.75824,439.91962,1,0,1,0,1
246.52021,197.17894,439.56049,1,0,1,0,1
246.54040,196.87190,439.41211,1,0,1,0,1
246.56025,196.55525,439.28555,1,0,1,0,1
246.58010,196.23055,439.18143,1,0,1,0,1
246.60035,195.89935,439.10022,1,0,1,0,1
246.62012,195.22401,439.00806,1,0,1,0,1
246.64010,194.88318,438.99756,1,0,1,0,1
246.66040,194.54243,439.01089,1,0,1,0,1
246.68037,194.20346,439.04800,1,0,1,0,1
246.70037,193.86790,439.10867,1,0,1,0,1
246.72027,192.89798,439.42865,1,0,1,0,1
246.74043,192.59219,439.57956,1,0,1,0,1
246.76046,192.29770,439.75146,1,0,1,0,1
246.78004,192.01593,439.94351,1,0,1,0,1
246.80035,191.74826,440.15479,1,0,1,0,1
246.82026,191.26036,440.63071,1,0,1,0,1
246.84044,191.04253,440.89307,1,0,1,0,1
246.86027,190.84354,441.16998,1,0,1,0,1
246.88041,190.66437,441.46011,1,0,1,0,1
246.90006,190.50591,441.76205,1,0,1,0,1
246.92015,190.25406,442.39542,1,0,1,0,1
246.94047,190.16191,442.72372,1,0,1,0,1
246.96053,190.09291,443.05768,1,0,1,0,1
246.98014,190.04741,443.39563,1,0,1,0,1
247.00040,190.02562,443.73593,1,0,1,0,1
247.02047,190.05348,444.41696,1,0,1,0,1
247.04038,190.10300,444.75433,1,0,1,0,1
247.06011,190.17595,445.08743,1,0,1,0,1
247.08031,190.27199,445.41464,1,0,1,0,1
247.10054,190.39064,445.73434,1,0,1,0,1
247.12029,190.87598,446.63300,1,0,1,0,1
247.14034,191.07825,446.90753,1,0,1,0,1
247.16004,191.29919,447.16727,1,0,1,0,1
247.18022,191.53773,447.41095,1,0,1,0,1
247.20023,191.79271,447.63736,1,0,1,0,1
247.22041,192.34692,448.03412,1,0,1,0,1
247.24054,192.64345,448.20251,1,0,1,0,1
247.26024,192.95100,448.34979,1,0,1,0,1
247.28042,193.26810,448.47522,1,0,1,0,1
247.30052,193.59317,448.57822,1,0,1,0,1
247.32015,194.26091,448.71494,1,0,1,0,1
247.34031,194.60030,448.74802,1,0,1,0,1
247.36009,194.94116,448.75729,1,0,1,0,1
247.38025,195.28185,448.74274,1,0,1,0,1
247.40008,195.62068,448.70444,1,0,1,0,1
247.42035,196.28622,448.55743,1,0,1,0,1
247.44035,196.60968,448.44943,1,0,1,0,1
247.46039,196.92480,448.31912,1,0,1,0,1
247.48043,197.23006,448.16711,1,0,0,0,1
247.50044,197.80504,447.80112,0,0,0,0,1
247.52075,198.08614,447.60806,0,0,0,0,1
247.54018,198.08614,447.60806,0,0,0,0,1
247.56039,198.08614,447.60806,0,0,0,0,1
247.58054,198.08614,447.60806,0,0,0,0,1
247.60013,198.08614,447.60806,0,0,0,0,1
247.62036,198.08614,447.60806,0,0,0,0,1
247.64059,198.08614,447.60806,0,0,0,0,1
247.66029,198.08614,447.60806,0,0,0,0,1
247.68045,198.08614,447.60806,0,0,0,0,1
247.70005,198.08614,447.60806,0,0,0,0,1
247.72056,198.08614,447.60806,0,0,0,0,1
247.74028,198.08614,447.60806,0,0,0,0,1
247.76045,198.08614,447.60806,0,0,0,0,1
247.78046,198.08614,447.60806,0,0,0,0,1
247.80018,198.08614,447.60806,0,0,0,0,1
247.82019,198.08614,447.60806,0,0,0,0,1
247.84043,198.08614,447.60806,0,0,0,0,1
247.86053,198.08614,447.60806,0,0,0,0,1
247.88026,198.08614,447.60806,1,0,0,0,1
247.90020,198.08614,447.60806,1,1,0,0,1
247.92043,198.36723,447.41501,1,1,0,0,1
247.94049,198.96632,447.08997,1,1,0,0,1
247.96014,199.28140,446.95956,1,1,0,0,1
247.98018,199.60481,446.85144,1,1,0,0,1
248.00043,199.93497,446.76614,1,1,0,0,1
248.02075,200.60910,446.66556,1,1,0,0,1
248.04046,200.94978,446.65076,1,1,0,0,1
248.06013,201.29066,446.65976,1,1,0,0,1
248.08030,201.63010,446.69250,1,1,0,0,1
248.10052,201.96642,446.74884,1,1,0,0,1
248.12023,202.62320,446.93106,1,1,0,0,1
248.14011,202.94046,447.05606,1,1,0,0,1
248.16033,203.24823,447.20288,1,1,0,0,1
248.18054,203.54501,447.37082,1,1,0,0,1
248.20015,203.82936,447.55905,1,1,0,0,1
248.22033,204.35527,447.99261,1,1,0,0,1
248.24057,204.59428,448.23584,1,1,0,0,1
248.26017,204.81575,448.49515,1,1,0,0,1
248.28035,205.20183,449.05685,1,1,0,0,1
248.30007,205.36456,449.35651,1,1,0,0,1
248.32046,205.50600,449.66678,1,1,0,0,1
248.34036,205.72235,450.31311,1,1,0,0,1
248.36012,205.79620,450.64603,1,1,0,0,1
248.38042,205.84666,450.98328,1,1,0,0,1
248.40005,205.87347,451.32321,1,1,0,0,1
248.42019,205.85576,452.00455,1,1,0,0,1
248.44004,205.81133,452.34265,1,1,0,0,1
248.46029,205.74342,452.67682,1,1,0,0,1
248.48041,205.65237,453.00543,1,1,0,0,1
248.50009,205.53864,453.32690,1,1,0,0,1
248.52034,205.24539,453.94217,1,1,0,0,1
248.54025,205.06732,454.23297,1,1,0,0,1
248.56043,204.86940,454.51065,1,1,0,0,1
248.58009,204.65259,454.77386,1,1,0,0,1
248.60021,204.41795,455.02130,1,1,0,0,1
248.62024,203.89984,455.46417,1,1,0,0,1
248.64039,203.32516,455.83063,1,1,0,0,1
248.66019,203.02007,455.98291,1,1,0,0,1
248.68030,202.70508,456.11356,1,1,0,0,1
248.70051,202.38176,456.22192,1,1,0,0,1
248.72028,202.05167,456.30746,1,1,0,0,1
248.74034,201.37762,456.40857,1,1,0,0,1
248.76042,201.03696,456.42365,1,1,0,0,1
248.78052,200.69608,456.41492,1,1,0,0,1
248.80041,200.35663,456.38245,1,1,0,0,1
248.82013,199.68863,456.24698,1,1,0,0,1
248.84040,199.36334,456.14465,1,1,0,0,1
248.86017,199.04599,456.01990,1,1,0,0,1
248.88043,198.73811,455.87329,1,1,0,0,1
248.90017,198.44121,455.70560,1,1,0,0,1
248.92039,197.88603,455.31018,1,1,0,0,1
248.94011,197.63046,455.08441,1,1,0,0,1
248.96047,197.39127,454.84137,1,1,0,0,1
248.98027,197.16960,454.58224,1,1,0,0,1
249.00042,196.96655,454.30829,1,1,0,0,1
249.02014,196.62013,453.72131,1,1,0,0,1
249.04037,196.47845,453.41113,1,1,0,0,1
249.06049,196.35875,453.09183,1,1,0,0,1
249.08015,196.18750,452.43210,1,1,0,0,1
249.10035,196.13678,452.09488,1,0,0,0,1
249.12007,196.10971,451.75494,1,0,0,0,1
249.14030,196.05557,451.07507,0,0,0,0,1
249.16003,196.02850,450.73514,0,0,0,0,1
249.18028,196.02850,450.73514,0,0,0,0,1
249.20053,196.02850,450.73514,0,0,0,0,1
249.22026,196.02850,450.73514,0,0,0,0,1
249.24046,196.02850,450.73514,0,0,0,0,1
249.26021,196.02850,450.73514,0,0,0,0,1
249.28035,196.02850,450.73514,0,0,0,0,1
249.30048,196.02850,450.73514,0,0,0,0,1
249.32014,196.02850,450.73514,0,0,0,0,1
249.34031,196.02850,450.73514,0,0,0,0,1
249.36003,196.02850,450.73514,0,0,0,0,1
249.38036,196.02850,450.73514,0,0,0,0,1
249.40012,196.02850,450.73514,0,0,0,0,1
249.42040,196.02850,450.73514,0,0,0,0,1
249.44025,196.02850,450.73514,0,0,0,0,1
249.46046,196.02850,450.73514,0,0,0,0,1
249.48028,196.02850,450.73514,0,0,0,0,1
249.50007,196.02850,450.73514,0,0,0,0,1
249.52034,196.02850,450.73514,0,0,0,0,1
249.54010,196.02850,450.73514,0,0,0,0,1
249.56029,196.02850,450.73514,0,0,0,0,1
249.58057,196.02850,450.73514,0,0,0,0,1
249.60016,196.02850,450.73514,0,0,0,0,1
249.62020,196.02850,450.73514,0,0,0,0,1
249.64019,196.02850,450.73514,1,0,0,0,1
249.66018,196.00143,450.39520,1,0,0,0,1
249.68018,195.97437,450.05527,1,0,0,0,1
249.70010,195.94730,449.71533,1,0,0,0,1
249.72039,195.89316,449.03546,1,0,0,0,1
249.74016,195.86609,448.69553,1,0,0,0,1
249.76040,195.83902,448.35559,1,0,0,0,1
249.78015,195.81195,448.01566,1,0,0,0,1
249.80037,195.78488,447.67572,1,0,0,0,1
249.82008,195.73074,446.99585,1,0,0,0,1
249.84039,195.67661,446.31598,1,0,0,0,1
249.86016,195.64954,445.97604,1,0,0,0,1
249.88042,195.62247,445.63611,1,0,0,0,1
249.90019,195.59540,445.29617,1,0,0,0,1
249.92013,195.54126,444.61630,1,0,0,0,1
249.94042,195.51419,444.27637,1,0,0,0,1
249.96027,195.48712,443.93643,1,0,0,0,1
249.98044,195.46005,443.59650,1,0,0,0,1
250.00018,195.43298,443.25656,1,0,0,0,1
250.02036,195.37885,442.57669,1,0,0,0,1
250.04035,195.35178,442.23676,1,0,0,0,1
250.06023,195.32471,441.89682,1,0,0,0,1
250.08005,195.29764,441.55688,1,0,0,0,1
250.10035,195.27057,441.21695,1,0,0,0,1
250.12054,195.21643,440.53708,1,0,0,0,1
250.14016,195.18936,440.19714,1,0,0,0,1
250.16038,195.16229,439.85721,1,0,0,0,1
250.18055,195.13522,439.51727,1,0,0,0,1
250.20020,195.10815,439.17734,1,0,0,0,1
250.22043,195.05402,438.49747,1,0,0,0,1
250.24050,195.02695,438.15753,1,0,0,0,1
250.26019,194.97281,437.47766,1,0,0,0,1
250.28040,194.94574,437.13773,1,0,0,0,1
250.30007,194.91867,436.79779,1,0,0,0,1
250.32049,194.86453,436.11792,1,0,0,0,1
250.34007,194.83746,435.77798,1,0,0,0,1
250.36027,194.81039,435.43805,1,0,0,0,1
250.38043,194.78333,435.09811,1,0,0,0,1
250.40052,194.75626,434.75818,0,0,0,0,1
250.42038,194.72919,434.41824,0,0,0,0,1
250.44032,194.72919,434.41824,0,0,0,0,1
250.46017,194.72919,434.41824,0,0,0,0,1
250.48041,194.72919,434.41824,0,0,0,0,1
250.50004,194.72919,434.41824,0,0,0,0,1
250.52033,194.72919,434.41824,0,0,0,0,1
250.54042,194.72919,434.41824,0,0,0,0,1
250.56015,194.72919,434.41824,0,0,0,0,1
250.58037,194.72919,434.41824,0,0,0,0,1
250.60006,194.72919,434.41824,0,0,0,0,1
250.62027,194.72919,434.41824,0,0,0,0,1
250.64034,194.72919,434.41824,0,0,0,0,1
250.66080,194.72919,434.41824,0,0,0,0,1
250.68054,194.72919,434.41824,0,0,0,0,1
250.70039,194.72919,434.41824,0,0,0,0,1
250.72021,194.72919,434.41824,0,0,0,0,1
250.74045,194.72919,434.41824,0,0,0,0,1
250.76007,194.72919,434.41824,0,0,0,0,1
250.78040,194.72919,434.41824,0,0,0,0,1
250.80044,194.72919,434.41824,0,0,0,0,1
250.82018,194.72919,434.41824,0,0,0,0,1
250.84040,194.72919,434.41824,0,0,0,0,1
250.86024,194.72919,434.41824,0,0,0,0,1
250.88040,194.72919,434.41824,0,0,0,0,1
250.90039,194.72919,434.41824,0,0,0,0,1
250.92014,194.72919,434.41824,0,0,0,0,1
250.94029,194.72919,434.41824,0,0,0,0,1
250.96039,194.72919,434.41824,1,0,0,0,1
250.98048,194.70212,434.07831,1,0,1,0,1
251.00062,194.67505,433.73837,1,0,1,0,1
251.02051,194.62430,433.40118,1,0,1,0,1
251.04015,194.33307,432.42227,1,0,1,0,1
251.06035,194.19124,432.11215,1,0,1,0,1
251.08053,194.02811,431.81271,1,0,1,0,1
251.10021,193.84445,431.52539,1,0,1,0,1
251.12042,193.64119,431.25159,1,0,1,0,1
251.14031,193.41930,430.99265,1,0,1,0,1
251.16010,192.92407,430.52435,1,0,1,0,1
251.18004,192.65315,430.31726,1,0,1,0,1
251.20012,192.36842,430.12961,1,0,1,0,1
251.22043,191.76320,429.81616,1,0,1,0,1
251.24006,191.44565,429.69189,1,0,1,0,1
251.26022,191.12019,429.59009,1,0,1,0,1
251.28009,190.78842,429.51126,1,0,1,0,1
251.30010,190.11246,429.42398,1,0,1,0,1
251.32029,189.77155,429.41592,1,0,1,0,1
251.34060,189.43091,429.43170,1,0,1,0,1
251.36025,189.09221,429.47122,1,0,1,0,1
251.38020,188.42720,429.62064,1,0,1,0,1
251.40019,188.10414,429.72980,1,0,1,0,1
251.42042,187.78951,429.86127,1,0,1,0,1
251.44042,187.48482,430.01437,1,0,1,0,1
251.46038,186.91118,430.38245,1,0,1,0,1
251.48018,186.64503,430.59561,1,0,1,0,1
251.50039,186.39442,430.82684,1,0,1,0,1
251.52011,186.16057,431.07501,1,0,1,0,1
251.54023,185.74763,431.61728,1,0,1,0,1
251.56010,185.57056,431.90869,1,0,1,0,1
251.58024,185.41426,432.21176,1,0,1,0,1
251.60047,185.27953,432.52502,1,0,1,0,1
251.62003,185.16699,432.84692,1,0,1,0,1
251.64015,185.01062,433.51035,1,0,1,0,1
251.66035,184.96754,433.84860,1,0,1,0,1
251.68025,184.94820,434.18906,1,0,1,0,1
251.70014,184.95268,434.53003,1,0,1,0,1
251.72030,184.98096,434.86984,1,0,1,0,1
251.74020,185.10825,435.53943,1,0,1,0,1
251.76042,185.20663,435.86594,1,0,1,0,1
251.78013,185.32759,436.18475,1,0,1,0,1
251.80013,185.63472,436.79321,1,0,1,0,1
251.82022,185.81938,437.07990,1,0,1,0,1
251.84030,186.02362,437.35297,1,0,1,0,1
251.86030,186.48672,437.85306,1,0,1,0,1
251.88049,186.74333,438.07764,1,0,1,0,1
251.90042,187.01498,438.28375,1,0,1,0,1
251.92026,187.30037,438.47040,1,0,1,0,1
251.94007,187.90671,438.78171,1,0,1,0,1
251.96011,188.22470,438.90485,1,0,1,0,1
251.98041,188.55051,439.00549,1,0,1,0,1
252.00054,188.88255,439.08313,1,0,1,0,1
252.02036,189.21921,439.13739,1,0,1,0,1
252.04053,189.89975,439.17487,1,0,1,0,1
252.06014,190.24033,439.15787,1,0,1,0,1
252.08024,190.57889,439.11713,1,0,1,0,1
252.10044,190.91377,439.05286,1,0,1,0,1
252.12012,191.24335,438.96533,1,0,1,0,1
252.14026,191.88019,438.72244,1,0,1,0,1
252.16006,192.18434,438.56824,1,0,1,0,1
252.18022,192.75667,438.19812,1,0,1,0,1
252.20024,193.02206,437.98401,1,0,0,0,1
252.22050,193.27185,437.75186,0,0,0,0,1
252.24024,193.27185,437.75186,0,0,0,0,1
252.26044,193.27185,437.75186,0,0,0,0,1
252.28013,193.27185,437.75186,0,0,0,0,1
252.30025,193.27185,437.75186,0,0,0,0,1
252.32019,193.27185,437.75186,0,0,0,0,1
252.34040,193.27185,437.75186,0,0,0,0,1
252.36015,193.27185,437.75186,0,0,0,0,1
252.38037,193.27185,437.75186,0,0,0,0,1
252.40004,193.27185,437.75186,0,0,0,0,1
252.42051,193.27185,437.75186,0,0,0,0,1
252.44049,193.27185,437.75186,0,0,0,0,1
252.46015,193.27185,437.75186,1,0,0,0,1
252.48015,193.50482,437.50284,1,1,0,0,1
252.50032,193.73779,437.25381,1,1,0,0,1
252.52046,193.98756,437.02167,1,1,0,0,1
252.54012,194.53256,436.61234,1,1,0,0,1
252.56053,194.82513,436.43716,1,1,0,0,1
252.58023,195.12921,436.28284,1,1,0,0,1
252.60005,195.76590,436.03955,1,1,0,0,1
252.62040,196.09541,435.95178,1,1,0,0,1
252.64015,196.43024,435.88721,1,1,0,0,1
252.66048,197.10931,435.82880,1,1,0,0,1
252.68036,197.45026,435.83524,1,1,0,0,1
252.70052,197.78992,435.86545,1,1,0,0,1
252.72034,198.12665,435.91925,1,1,0,0,1
252.74038,198.78476,436.09659,1,1,0,0,1
252.76054,199.10295,436.21921,1,1,0,0,1
252.78016,199.41180,436.36374,1,1,0,0,1
252.80044,199.70984,436.52945,1,1,0,0,1
252.82007,199.99559,436.71555,1,1,0,0,1
252.84029,200.52473,437.14514,1,1,0,0,1
252.86004,200.76556,437.38657,1,1,0,0,1
252.88031,200.98897,437.64420,1,1,0,0,1
252.90041,201.19386,437.91678,1,1,0,0,1
252.92008,201.37924,438.20297,1,1,0,0,1
252.94041,201.68796,438.81061,1,1,0,0,1
252.96012,201.80980,439.12909,1,1,0,0,1
252.98013,201.90913,439.45529,1,1,0,0,1
253.00029,202.03845,440.12448,1,1,0,0,1
253.02041,202.06781,440.46420,1,1,0,0,1
253.04054,202.07339,440.80515,1,1,0,0,1
253.06036,202.01329,441.48407,1,1,0,0,1
253.08010,201.94789,441.81873,1,1,0,0,1
253.10039,201.85931,442.14801,1,1,0,0,1
253.12004,201.74799,442.47034,1,1,0,0,1
253.14051,201.45935,443.08777,1,1,0,0,1
253.16026,201.28345,443.37991,1,1,0,0,1
253.18042,201.08760,443.65906,1,1,0,0,1
253.20052,200.87277,443.92386,1,1,0,0,1
253.22039,200.64000,444.17303,1,1,0,0,1
253.24030,200.12523,444.61978,1,1,0,0,1
253.26052,199.84573,444.81516,1,1,0,0,1
253.28017,199.55330,444.99054,1,1,0,0,1
253.30024,199.24934,445.14511,1,1,0,0,1
253.32040,198.93535,445.27811,1,1,0,0,1
253.34020,198.28339,445.47690,1,1,0,0,1
253.36014,197.94861,445.54172,1,1,0,0,1
253.38045,197.61012,445.58304,1,1,0,0,1
253.40038,196.92863,445.59448,1,1,0,0,1
253.42019,196.58896,445.56454,1,1,0,0,1
253.44066,196.25220,445.51099,1,1,0,0,1
253.46004,195.59395,445.33420,1,1,0,0,1
253.48033,195.27567,445.21182,1,1,0,0,1
253.50008,194.96669,445.06754,1,1,0,0,1
253.52036,194.66853,444.90204,0,1,0,0,1
253.54035,194.38264,444.71616,0,0,0,0,1
253.56030,194.38264,444.71616,0,0,0,0,1
253.58053,194.38264,444.71616,0,0,0,0,1
253.60039,194.38264,444.71616,0,0,0,0,1
253.62031,194.38264,444.71616,0,0,0,0,1
253.64033,194.38264,444.71616,0,0,0,0,1
253.66039,194.38264,444.71616,0,0,0,0,1
253.68027,194.38264,444.71616,0,0,0,0,1
253.70053,194.38264,444.71616,0,0,0,0,1
253.72024,194.38264,444.71616,0,0,0,0,1
253.74052,194.38264,444.71616,0,0,0,0,1
253.76061,194.38264,444.71616,0,0,0,0,1
253.78063,194.38264,444.71616,0,0,0,0,1
253.80043,194.38264,444.71616,0,0,0,0,1
253.82028,194.38264,444.71616,0,0,0,0,1
253.84006,194.38264,444.71616,0,0,0,0,1
253.86011,194.38264,444.71616,0,0,0,0,1
253.88050,194.38264,444.71616,0,0,0,0,1
253.90004,194.38264,444.71616,0,0,0,0,1
253.92057,194.38264,444.71616,0,0,0,0,1
253.94020,194.38264,444.71616,0,0,0,0,1
253.96023,194.38264,444.71616,0,0,0,0,1
253.98032,194.38264,444.71616,0,0,0,0,1
254.00032,194.38264,444.71616,0,0,0,0,1
254.02037,194.38264,444.71616,0,0,0,0,1
254.04045,194.38264,444.71616,0,0,0,0,1
254.06019,194.38264,444.71616,0,0,0,0,1
254.08028,194.38264,444.71616,1,0,0,0,1
254.10018,194.12540,444.49231,1,0,0,0,1
254.12013,193.86815,444.26846,1,0,0,0,1
254.14029,193.35365,443.82077,1,0,0,0,1
254.16009,192.83916,443.37308,1,0,0,0,1
254.18044,192.58191,443.14923,1,0,0,0,1
254.20012,192.32466,442.92538,1,0,0,0,1
254.22008,192.06741,442.70154,1,0,0,0,1
254.24049,191.55292,442.25385,1,0,0,0,1
254.26010,191.29567,442.03000,1,0,0,0,1
254.28020,191.03842,441.80615,1,0,0,0,1
254.30033,190.78117,441.58231,1,0,0,0,1
254.32028,190.52393,441.35846,1,0,0,0,1
254.34049,190.00943,440.91077,1,0,0,0,1
254.36012,189.75218,440.68692,1,0,0,0,1
254.38029,189.49493,440.46307,1,0,0,0,1
254.40032,189.23769,440.23923,1,0,0,0,1
254.42012,188.98044,440.01538,1,0,0,0,1
254.44006,188.72319,439.79153,1,0,0,0,1
254.46009,188.20869,439.34384,1,0,0,0,1
254.48022,187.95145,439.12000,1,0,0,0,1
254.50052,187.69420,438.89615,1,0,0,0,1
254.52007,187.43695,438.67230,1,0,0,0,1
254.54014,187.17970,438.44846,1,0,0,0,1
254.56027,186.40796,437.77692,1,0,0,0,1
254.58015,186.15071,437.55307,1,0,0,0,1
254.60048,185.89346,437.32922,1,0,0,0,1
254.62031,185.63622,437.10538,1,0,0,0,1
254.64041,185.37897,436.88153,1,0,0,0,1
254.66053,184.86447,436.43384,1,0,0,0,1
254.68019,184.60722,436.20999,1,0,0,0,1
254.70041,184.34998,435.98615,1,0,0,0,1
254.72016,184.09273,435.76230,1,0,0,0,1
254.74022,183.83548,435.53845,1,0,0,0,1
254.76046,183.32098,435.09076,1,0,0,0,1
254.78014,183.06374,434.86691,1,0,0,0,1
254.80046,182.80649,434.64307,1,0,0,0,1
254.82047,182.54924,434.41922,1,0,0,0,1
254.84010,182.29199,434.19537,1,0,0,0,1
254.86033,181.77750,433.74768,1,0,0,0,1
254.88031,181.52025,433.52383,1,0,0,0,1
254.90033,181.26300,433.29999,1,0,0,0,1
254.92022,181.00575,433.07614,1,0,0,0,1
254.94005,180.74850,432.85229,1,0,0,0,1
254.96036,180.23401,432.40460,1,0,0,0,1
254.98033,179.71951,431.95691,0,0,0,0,1
255.00072,179.71951,431.95691,0,0,0,0,1
255.02034,179.71951,431.95691,0,0,0,0,1
255.04063,179.71951,431.95691,0,0,0,0,1
255.06018,179.71951,431.95691,0,0,0,0,1
255.08038,179.71951,431.95691,0,0,0,0,1
255.10006,179.71951,431.95691,0,0,0,0,1
255.12049,179.71951,431.95691,0,0,0,0,1
255.14035,179.71951,431.95691,0,0,0,0,1
255.16012,179.71951,431.95691,0,0,0,0,1
255.18022,179.71951,431.95691,0,0,0,0,1
255.20046,179.71951,431.95691,0,0,0,0,1
255.22041,179.71951,431.95691,0,0,0,0,1
255.24006,179.71951,431.95691,0,0,0,0,1
255.26044,179.71951,431.95691,0,0,0,0,1
255.28014,179.71951,431.95691,0,0,0,0,1
255.30030,179.71951,431.95691,0,0,0,0,1
255.32023,179.71951,431.95691,0,0,0,0,1
255.34038,179.71951,431.95691,0,0,0,0,1
255.36021,179.71951,431.95691,0,0,0,0,1
255.38037,179.71951,431.95691,1,0,1,0,1
255.40054,179.71951,431.95691,1,0,1,0,1
255.42011,179.46227,431.73306,1,0,1,0,1
255.44022,179.19002,431.52774,1,0,1,0,1
255.46030,178.60590,431.17651,1,0,1,0,1
255.48031,178.29688,431.03235,1,0,1,0,1
255.50050,177.97853,430.91013,1,0,1,0,1
255.52023,177.65244,430.81042,1,0,1,0,1
255.54032,177.32018,430.73373,1,0,1,0,1
255.56041,176.64366,430.65082,1,0,1,0,1
255.58008,176.30272,430.64496,1,0,1,0,1
255.60011,175.96219,430.66293,1,0,1,0,1
255.62039,175.62375,430.70465,1,0,1,0,1
255.64032,175.28905,430.76990,1,0,1,0,1
255.66022,174.63737,430.96960,1,0,1,0,1
255.68033,174.32358,431.10309,1,0,1,0,1
255.70004,174.01988,431.25815,1,0,1,0,1
255.72008,173.72775,431.43405,1,0,1,0,1
255.74031,173.44862,431.62991,1,0,1,0,1
255.76050,172.70248,432.32730,1,0,1,0,1
255.78021,172.48824,432.59259,1,0,1,0,1
255.80041,172.29303,432.87219,1,0,1,0,1
255.82009,172.11783,433.16473,1,0,1,0,1
255.84007,171.96349,433.46881,1,0,1,0,1
255.86047,171.72029,434.10553,1,0,1,0,1
255.88015,171.63263,434.43506,1,0,1,0,1
255.90031,171.56819,434.76993,1,0,1,0,1
255.92045,171.52730,435.10846,1,0,1,0,1
255.94010,171.51015,435.44904,1,0,1,0,1
255.96005,171.54727,436.12961,1,0,1,0,1
255.98021,171.60138,436.46628,1,0,1,0,1
256.00020,171.67886,436.79837,1,0,1,0,1
256.02036,171.77936,437.12424,1,0,1,0,1
256.04055,171.90236,437.44229,1,0,1,0,1
256.06018,172.21338,438.04877,1,0,1,0,1
256.08049,172.39989,438.33426,1,0,1,0,1
256.10050,172.83032,438.86273,1,0,1,0,1
256.12007,173.07216,439.10315,1,0,1,0,1
256.14006,173.33020,439.32608,1,0,1,0,1
256.16024,173.60318,439.53046,1,0,1,0,1
256.18045,174.18854,439.87961,1,0,1,0,1
256.20039,174.49808,440.02267,1,0,1,0,1
256.22048,174.81685,440.14377,1,0,1,0,1
256.24014,175.14330,440.24231,1,0,1,0,1
256.26019,175.81282,440.36990,1,0,1,0,1
256.28046,176.15263,440.39835,1,0,1,0,1
256.30019,176.49361,440.40298,1,0,1,0,1
256.32042,176.83406,440.38379,1,0,1,0,1
256.34053,177.17235,440.34088,1,0,1,0,1
256.36022,177.83583,440.18481,1,0,1,0,1
256.38039,178.15778,440.07242,1,0,1,0,1
256.40005,178.47108,439.93784,1,0,1,0,1
256.42051,178.77423,439.78168,1,0,1,0,1
256.44019,179.06573,439.60474,1,0,1,0,1
256.46034,179.60818,439.19205,1,0,1,0,1
256.48061,179.85648,438.95831,1,0,1,0,1
256.50043,180.08784,438.70782,1,0,1,0,1
256.52014,180.30115,438.44177,1,0,1,0,1
256.54028,180.66953,437.86829,1,0,1,0,1
256.56063,180.82278,437.56366,1,0,1,0,1
256.58012,181.06372,436.92609,1,0,1,0,1
256.60033,181.15022,436.59625,1,0,1,0,1
256.62016,181.21347,436.26117,1,0,1,0,1
256.64012,181.25317,435.92249,1,0,1,0,1
256.66028,181.26128,435.24094,1,0,0,0,1
256.68050,181.22964,434.90140,1,0,0,0,1
256.70014,181.19801,434.56186,0,0,0,0,1
256.72011,181.19801,434.56186,0,0,0,0,1
256.74042,181.19801,434.56186,0,0,0,0,1
256.76022,181.19801,434.56186,0,0,0,0,1
256.78043,181.19801,434.56186,0,0,0,0,1
256.80007,181.19801,434.56186,0,0,0,0,1
256.82021,181.19801,434.56186,0,0,0,0,1
256.84032,181.19801,434.56186,0,0,0,0,1
256.86024,181.19801,434.56186,0,0,0,0,1
256.88048,181.19801,434.56186,0,1,0,0,1
256.90028,181.16638,434.22232,1,1,0,0,1
256.92016,181.15851,433.88141,1,1,0,0,1
256.94040,181.17442,433.54077,1,1,0,0,1
256.96019,181.21405,433.20209,1,1,0,0,1
256.98039,181.36357,432.53708,1,1,0,0,1
257.00037,181.47273,432.21402,1,1,0,0,1
257.02003,181.60416,431.89935,1,1,0,0,1
257.04028,181.75722,431.59464,1,1,0,0,1
257.06007,182.12512,431.02087,1,1,0,0,1
257.08035,182.33818,430.75461,1,1,0,0,1
257.10012,182.33818,430.75461,1,1,0,0,1
257.12037,182.81731,430.26987,1,1,0,0,1
257.14042,183.35922,429.85648,1,1,0,0,1
257.16006,183.65047,429.67914,1,1,0,0,1
257.18024,183.95338,429.52252,1,1,0,0,1
257.20043,184.26648,429.38742,1,1,0,0,1
257.22021,184.91708,429.18427,1,1,0,0,1
257.24033,185.25142,429.11719,1,1,0,0,1
257.26050,185.58961,429.07361,1,1,0,0,1
257.28021,185.93004,429.05371,1,1,0,0,1
257.30036,186.61089,429.08524,1,1,0,0,1
257.32056,186.94800,429.13654,1,1,0,0,1
257.34019,187.28072,429.21121,1,1,0,0,1
257.36038,187.60742,429.30893,1,1,0,0,1
257.38108,188.23645,429.57138,1,1,0,0,1
257.40011,188.53571,429.73486,1,1,0,0,1
257.42052,188.82283,429.91882,1,1,0,0,1
257.44027,189.09644,430.12234,1,1,0,0,1
257.46028,189.59779,430.58408,1,1,0,0,1
257.48052,189.82312,430.84003,1,1,0,0,1
257.50018,190.03004,431.11108,1,1,0,0,1
257.52049,190.21756,431.39590,1,1,0,0,1
257.54015,190.38475,431.69312,1,1,0,0,1
257.56031,190.65503,432.31882,1,1,0,0,1
257.58050,190.75679,432.64429,1,1,0,0,1
257.60048,190.83562,432.97604,1,1,0,0,1
257.62016,190.89111,433.31250,1,1,0,0,1
257.64034,190.92300,433.65201,1,1,0,0,1
257.66040,190.91548,434.33356,1,1,0,0,1
257.68007,190.87611,434.67227,1,1,0,0,1
257.70034,190.72710,435.33737,1,0,0,0,1
257.72054,190.64098,435.66733,0,0,0,0,1
257.74024,190.55486,435.99728,0,0,0,0,1
257.76022,190.55486,435.99728,0,0,0,0,1
257.78041,190.55486,435.99728,0,0,0,0,1
257.80017,190.55486,435.99728,0,0,0,0,1
257.82049,190.55486,435.99728,0,0,0,0,1
257.84011,190.55486,435.99728,0,0,0,0,1
257.86055,190.55486,435.99728,0,0,0,0,1
257.88017,190.55486,435.99728,0,0,0,0,1
257.90033,190.55486,435.99728,0,0,0,0,1
257.92046,190.55486,435.99728,0,0,0,0,1
257.94027,190.55486,435.99728,0,0,0,0,1
257.96009,190.55486,435.99728,0,0,0,0,1
257.98021,190.55486,435.99728,0,0,0,0,1
258.00046,190.55486,435.99728,0,0,0,0,1
258.02052,190.55486,435.99728,0,0,0,0,1
258.04021,190.55486,435.99728,0,0,0,0,1
258.06036,190.55486,435.99728,0,0,0,0,1
258.08005,190.55486,435.99728,0,0,0,0,1
258.10023,190.55486,435.99728,0,0,0,0,1
258.12025,190.55486,435.99728,0,0,0,0,1
258.14031,190.55486,435.99728,0,0,0,0,1
258.16055,190.55486,435.99728,0,0,0,0,1
258.18030,190.55486,435.99728,0,0,0,0,1
258.20012,190.55486,435.99728,0,0,0,0,1
258.22031,190.55486,435.99728,0,0,0,0,1
258.24050,190.55486,435.99728,0,0,0,0,1
258.26043,190.55486,435.99728,1,0,0,0,1
258.28008,190.46873,436.32724,1,0,0,0,1
258.30008,190.38261,436.65720,1,0,0,0,1
258.32007,190.29649,436.98715,1,0,0,0,1
258.34007,190.21037,437.31711,1,0,0,0,1
258.36008,190.12425,437.64706,1,0,0,0,1
258.38013,189.95201,438.30698,1,0,0,0,1
258.40040,189.86589,438.63693,1,0,0,0,1
258.42017,189.77977,438.96689,1,0,0,0,1
258.44040,189.69365,439.29684,1,0,0,0,1
258.46046,189.52141,439.95676,1,0,0,0,1
258.48019,189.34917,440.61667,1,0,0,0,1
258.50042,189.26305,440.94662,1,0,0,0,1
258.52054,189.17693,441.27658,1,0,0,0,1
258.54038,189.09081,441.60654,1,0,0,0,1
258.56053,188.91856,442.26645,1,0,0,0,1
258.58042,188.83244,442.59641,1,0,0,0,1
258.60005,188.74632,442.92636,1,0,0,0,1
258.62035,188.66020,443.25632,1,0,0,0,1
258.64006,188.57408,443.58627,1,0,0,0,1
258.66020,188.48796,443.91623,1,0,0,0,1
258.68040,188.31572,444.57614,1,0,0,0,1
258.70009,188.22960,444.90610,1,0,0,0,1
258.72033,188.14348,445.23605,1,0,0,0,1
258.74012,188.05736,445.56601,1,0,0,0,1
258.76030,187.97124,445.89597,1,0,0,0,1
258.78020,187.79900,446.55588,1,0,0,0,1
258.80037,187.71288,446.88583,1,0,0,0,1
258.82003,187.62675,447.21579,1,0,0,0,1
258.84016,187.54063,447.54575,1,0,0,0,1
258.86053,187.45451,447.87570,1,0,0,0,1
258.88015,187.28227,448.53561,1,0,0,0,1
258.90033,187.11003,449.19553,1,0,0,0,1
258.92026,187.02391,449.52548,1,0,0,0,1
258.94037,186.93779,449.85544,1,0,0,0,1
258.96007,186.85167,450.18539,1,0,0,0,1
258.98010,186.67943,450.84531,1,0,0,0,1
259.00026,186.59331,451.17526,1,0,0,0,1
259.02039,186.50719,451.50522,1,0,0,0,1
259.04006,186.42107,451.83517,1,0,0,0,1
259.06025,186.33495,452.16513,1,0,0,0,1
259.08041,186.16270,452.82504,1,0,0,0,1
259.10004,186.07658,453.15500,1,0,0,0,1
259.12031,185.99046,453.48495,1,0,0,0,1
259.14041,185.90434,453.81491,1,0,0,0,1
259.16008,185.81822,454.14487,0,0,0,0,1
259.18035,185.81822,454.14487,0,0,0,0,1
259.20026,185.81822,454.14487,0,0,0,0,1
259.22010,185.81822,454.14487,0,0,0,0,1
259.24046,185.81822,454.14487,0,0,0,0,1
259.26016,185.81822,454.14487,0,0,0,0,1
259.28034,185.81822,454.14487,0,0,0,0,1
259.30054,185.81822,454.14487,0,0,0,0,1
259.32016,185.81822,454.14487,0,0,0,0,1
259.34043,185.81822,454.14487,0,0,0,0,1
259.36017,185.81822,454.14487,0,0,0,0,1
259.38045,185.81822,454.14487,0,0,0,0,1
259.40017,185.81822,454.14487,0,0,0,0,1
259.42030,185.81822,454.14487,0,0,0,0,1
259.44010,185.81822,454.14487,0,0,0,0,1
259.46010,185.81822,454.14487,0,0,0,0,1
259.48044,185.81822,454.14487,0,0,0,0,1
259.50047,185.81822,454.14487,0,0,0,0,1
259.52046,185.81822,454.14487,0,0,0,0,1
259.54035,185.81822,454.14487,0,0,0,0,1
259.56006,185.81822,454.14487,0,0,0,0,1
259.58053,185.81822,454.14487,1,0,0,0,1
259.60018,185.81822,454.14487,1,0,1,0,1
259.62047,185.73210,454.47482,1,0,1,0,1
259.64007,185.64598,454.80478,1,0,1,0,1
259.66018,185.58311,455.13992,1,0,1,0,1
259.68005,185.53651,456.16019,1,0,1,0,1
259.70038,185.56857,456.49966,1,0,1,0,1
259.72050,185.62427,456.83609,1,0,1,0,1
259.74031,185.70331,457.16782,1,0,1,0,1
259.76043,185.80533,457.49319,1,0,1,0,1
259.78039,186.07619,458.11865,1,0,1,0,1
259.80004,186.24370,458.41568,1,0,1,0,1
259.82034,186.43153,458.70029,1,0,1,0,1
259.84042,186.63879,458.97107,1,0,1,0,1
259.86023,186.86446,459.22672,1,0,1,0,1
259.88042,187.36650,459.68768,1,0,1,0,1
259.90008,187.64043,459.89078,1,0,1,0,1
259.92018,187.92787,460.07422,1,0,1,0,1
259.94039,188.22743,460.23715,1,0,1,0,1
259.96026,188.53763,460.37875,1,0,1,0,1
259.98046,189.18387,460.59537,1,0,1,0,1
260.00029,189.51675,460.66931,1,0,1,0,1
260.02031,189.85399,460.71982,1,0,1,0,1
260.04053,190.19392,460.74667,1,0,1,0,1
260.06013,190.53491,460.74973,1,0,1,0,1
260.08050,191.21336,460.68445,1,0,1,0,1
260.10037,191.87610,460.52530,1,0,1,0,1
260.12042,192.19751,460.41141,1,0,1,0,1
260.14034,192.51019,460.27536,1,0,1,0,1
260.16022,192.81261,460.11780,1,0,1,0,1
260.18031,193.38078,459.74133,1,0,1,0,1
260.20017,193.64378,459.52426,1,0,1,0,1
260.22033,193.89098,459.28937,1,0,1,0,1
260.24045,194.12115,459.03778,1,0,1,0,1
260.26029,194.33321,458.77072,1,0,1,0,1
260.28020,194.69887,458.19556,1,0,1,0,1
260.30042,194.85069,457.89023,1,0,1,0,1
260.32030,194.98082,457.57504,1,0,1,0,1
260.34014,195.08862,457.25153,1,0,1,0,1
260.36007,195.17357,456.92126,1,0,1,0,1
260.38035,195.27335,456.24701,1,0,1,0,1
260.40007,195.28769,455.90631,1,0,1,0,1
260.42053,195.27824,455.56543,1,0,1,0,1
260.44020,195.18816,454.88980,1,0,1,0,1
260.46023,195.10797,454.55835,1,0,1,0,1
260.48032,195.00484,454.23331,1,0,1,0,1
260.50033,194.73184,453.60880,1,0,1,0,1
260.52014,194.56331,453.31235,1,0,1,0,1
260.54025,194.37448,453.02841,1,0,1,0,1
260.56020,194.16629,452.75833,1,0,1,0,1
260.58029,193.69595,452.26501,1,0,1,0,1
260.60047,193.43611,452.04419,1,0,1,0,1
260.62053,193.16148,451.84204,1,0,1,0,1
260.64020,192.87341,451.65958,1,0,1,0,1
260.66031,192.57330,451.49768,1,0,0,0,1
260.68029,192.26262,451.35715,0,0,0,0,1
260.70021,192.26262,451.35715,0,0,0,0,1
260.72031,192.26262,451.35715,0,0,0,0,1
260.74023,192.26262,451.35715,0,0,0,0,1
260.76013,192.26262,451.35715,0,0,0,0,1
260.78038,192.26262,451.35715,0,0,0,0,1
260.80006,192.26262,451.35715,0,0,0,0,1
260.82043,192.26262,451.35715,0,0,0,0,1
260.84050,192.26262,451.35715,0,0,0,0,1
260.86031,192.26262,451.35715,0,0,0,0,1
260.88016,192.26262,451.35715,0,0,0,0,1
260.90035,192.26262,451.35715,0,0,0,0,1
260.92054,192.26262,451.35715,0,0,0,0,1
260.94024,192.26262,451.35715,0,0,0,0,1
260.96004,192.26262,451.35715,0,0,0,0,1
260.98022,192.26262,451.35715,0,0,0,0,1
261.00031,192.26262,451.35715,0,0,0,0,1
261.02051,192.26262,451.35715,1,0,0,0,1
261.04026,192.26262,451.35715,1,1,0,0,1
261.06029,191.94287,451.23865,1,1,0,0,1
261.08027,191.31242,450.97964,1,1,0,0,1
261.10048,191.01228,450.81781,1,1,0,0,1
261.12025,190.72415,450.63544,1,1,0,0,1
261.14051,190.44945,450.43341,1,1,0,0,1
261.16048,190.18950,450.21271,1,1,0,0,1
261.18029,189.71886,449.71970,1,1,0,0,1
261.20009,189.51045,449.44980,1,1,0,0,1
261.22047,189.32138,449.16602,1,1,0,0,1
261.24033,189.00481,448.56241,1,1,0,0,1
261.26049,188.87886,448.24551,1,1,0,0,1
261.28019,188.77531,447.92062,1,1,0,0,1
261.30043,188.63736,447.25314,1,1,0,0,1
261.32037,188.60361,446.91382,1,1,0,0,1
261.34049,188.59360,446.57297,1,1,0,0,1
261.36017,188.60739,446.23224,1,1,0,0,1
261.38025,188.70598,445.55783,1,1,0,0,1
261.40010,188.79030,445.22742,1,1,0,0,1
261.42020,188.89745,444.90369,1,1,0,0,1
261.44036,189.02692,444.58823,1,1,0,0,1
261.46041,189.17807,444.28256,1,1,0,0,1
261.48053,189.54239,443.70651,1,1,0,0,1
261.50029,189.75378,443.43893,1,1,0,0,1
261.52044,189.98332,443.18677,1,1,0,0,1
261.54051,190.22989,442.95120,1,1,0,0,1
261.56012,190.49228,442.73340,1,1,0,0,1
261.58012,190.76921,442.53442,1,1,0,0,1
261.60039,191.36128,442.19678,1,1,0,0,1
261.62033,191.99457,441.94479,1,1,0,0,1
261.64039,192.32285,441.85251,1,1,0,0,1
261.66020,192.65675,441.78336,1,1,0,0,1
261.68006,193.33496,441.71564,1,1,0,0,1
261.70022,193.67595,441.71741,1,1,0,0,1
261.72037,194.01599,441.74295,1,1,0,0,1
261.74009,194.35342,441.79214,1,1,0,0,1
261.76028,194.68660,441.86475,1,1,0,0,1
261.78029,195.33374,442.07867,1,1,0,0,1
261.80049,195.64455,442.21896,1,1,0,0,1
261.82029,195.94482,442.38058,1,1,0,0,1
261.84021,196.23309,442.56274,1,1,0,0,1
261.86027,196.50797,442.76456,1,1,0,0,1
261.88004,196.76808,442.98505,1,1,0,0,1
261.90058,197.23911,443.47769,1,1,0,0,1
261.92015,197.44771,443.74744,1,1,0,0,1
261.94031,197.63699,444.03107,1,1,0,0,1
261.96011,197.80605,444.32721,1,1,0,0,1
261.98027,198.08022,444.95123,1,1,0,0,1
262.00031,198.18401,445.27606,1,1,0,0,1
262.02034,198.32248,445.94342,1,0,0,0,1
262.04056,198.38007,446.27951,1,0,0,0,1
262.06025,198.43765,446.61560,1,0,0,0,1
262.08027,198.49524,446.95169,0,0,0,0,1
262.10016,198.55283,447.28778,0,0,0,0,1
262.12025,198.55283,447.28778,0,0,0,0,1
262.14054,198.55283,447.28778,0,0,0,0,1
262.16046,198.55283,447.28778,0,0,0,0,1
262.18007,198.55283,447.28778,0,0,0,0,1
262.20027,198.55283,447.28778,0,0,0,0,1
262.22037,198.55283,447.28778,0,0,0,0,1
262.24047,198.55283,447.28778,0,0,0,0,1
262.26021,198.55283,447.28778,0,0,0,0,1
262.28028,198.55283,447.28778,0,0,0,0,1
262.30080,198.55283,447.28778,0,0,0,0,1
262.32007,198.55283,447.28778,0,0,0,0,1
262.34014,198.55283,447.28778,0,0,0,0,1
262.36051,198.55283,447.28778,0,0,0,0,1
262.38028,198.55283,447.28778,0,0,0,0,1
262.40059,198.55283,447.28778,0,0,0,0,1
262.42021,198.55283,447.28778,0,0,0,0,1
262.44047,198.55283,447.28778,0,0,0,0,1
262.46024,198.55283,447.28778,0,0,0,0,1
262.48043,198.55283,447.28778,0,0,0,0,1
262.50016,198.55283,447.28778,0,0,0,0,1
262.52032,198.55283,447.28778,0,0,0,0,1
262.54021,198.55283,447.28778,0,0,0,0,1
262.56047,198.55283,447.28778,0,0,0,0,1
262.58012,198.55283,447.28778,0,0,0,0,1
262.60038,198.55283,447.28778,0,0,0,0,1
262.62049,198.55283,447.28778,1,0,0,0,1
262.64035,198.61041,447.62387,1,0,0,0,1
262.66034,198.66800,447.95996,1,0,0,0,1
262.68035,198.78317,448.63214,1,0,0,0,1
262.70034,198.84076,448.96823,1,0,0,0,1
262.72042,198.89835,449.30432,1,0,0,0,1
262.74040,198.95593,449.64041,1,0,0,0,1
262.76013,199.01352,449.97650,1,0,0,0,1
262.78027,199.12869,450.64868,1,0,0,0,1
262.80005,199.24387,451.32086,1,0,0,0,1
262.82033,199.30145,451.65695,1,0,0,0,1
262.84051,199.35904,451.99304,1,0,0,0,1
262.86026,199.41663,452.32913,1,0,0,0,1
262.88032,199.53180,453.00131,1,0,0,0,1
262.90047,199.58939,453.33740,1,0,0,0,1
262.92072,199.64697,453.67349,1,0,0,0,1
262.94008,199.70456,454.00958,1,0,0,0,1
262.96027,199.76215,454.34567,1,0,0,0,1
262.98023,199.81973,454.68176,1,0,0,0,1
263.00018,199.93491,455.35394,1,0,0,0,1
263.02015,199.99249,455.69003,1,0,0,0,1
263.04037,200.05008,456.02612,1,0,0,0,1
263.06008,200.10767,456.36221,1,0,0,0,1
263.08044,200.22284,457.03439,1,0,0,0,1
263.10006,200.28043,457.37048,1,0,0,0,1
263.12015,200.33801,457.70657,1,0,0,0,1
263.14034,200.39560,458.04266,1,0,0,0,1
263.16022,200.45319,458.37875,1,0,0,0,1
263.18008,200.51077,458.71484,1,0,0,0,1
263.20024,200.62595,459.38702,1,0,0,0,1
263.22015,200.74112,460.05920,0,0,0,0,1
263.24038,200.74112,460.05920,0,0,0,0,1
263.26020,200.74112,460.05920,0,0,0,0,1
263.28052,200.74112,460.05920,0,0,0,0,1
263.30039,200.74112,460.05920,0,0,0,0,1
263.32011,200.74112,460.05920,0,0,0,0,1
263.34053,200.74112,460.05920,0,0,0,0,1
263.36039,200.74112,460.05920,0,0,0,0,1
263.38043,200.74112,460.05920,0,0,0,0,1
263.40027,200.74112,460.05920,0,0,0,0,1
263.42054,200.74112,460.05920,0,0,0,0,1
263.44019,200.74112,460.05920,0,0,0,0,1
263.46043,200.74112,460.05920,0,0,0,0,1
263.48027,200.74112,460.05920,0,0,0,0,1
263.50044,200.74112,460.05920,0,0,0,0,1
263.52009,200.74112,460.05920,0,0,0,0,1
263.54018,200.74112,460.05920,0,0,0,0,1
263.56014,200.74112,460.05920,0,0,0,0,1
263.58032,200.74112,460.05920,0,0,0,0,1
263.60039,200.74112,460.05920,0,0,0,0,1
263.62015,200.74112,460.05920,0,0,0,0,1
263.64050,200.74112,460.05920,0,0,0,0,1
263.66015,200.74112,460.05920,0,0,0,0,1
263.68025,200.74112,460.05920,0,0,0,0,1
263.70061,200.74112,460.05920,0,0,0,0,1
263.72021,200.74112,460.05920,0,0,0,0,1
263.74013,200.74112,460.05920,0,0,0,0,1
263.76054,200.74112,460.05920,0,0,0,0,1
263.78039,200.74112,460.05920,0,0,0,0,1
263.80053,200.74112,460.05920,0,0,0,0,1
263.82018,200.74112,460.05920,0,0,0,0,1
263.84040,200.74112,460.05920,1,0,0,0,1
263.86053,200.74112,460.05920,1,0,1,0,1
263.88021,200.79871,460.39529,1,0,1,0,1
263.90046,200.93721,461.06265,1,0,1,0,1
263.92038,201.04106,461.38745,1,0,1,0,1
263.94054,201.16734,461.70419,1,0,1,0,1
263.96024,201.31544,462.01135,1,0,1,0,1
263.98020,201.48463,462.30743,1,0,1,0,1
264.00041,202.10999,463.11496,1,0,1,0,1
264.02006,202.35429,463.35284,1,0,1,0,1
264.04035,202.61462,463.57309,1,0,1,0,1
264.06052,202.88969,463.77463,1,0,1,0,1
264.08030,203.17818,463.95645,1,0,1,0,1
264.10016,203.78966,464.25754,1,0,1,0,1
264.12045,204.10966,464.37534,1,0,1,0,1
264.14011,204.43712,464.47049,1,0,1,0,1
264.16026,204.77042,464.54254,1,0,1,0,1
264.18056,205.10794,464.59116,1,0,1,0,1
264.20023,205.78903,464.61719,1,0,1,0,1
264.22016,206.12927,464.59448,1,0,1,0,1
264.24031,206.46710,464.54807,1,0,1,0,1
264.26054,206.80086,464.47818,1,0,1,0,1
264.28022,207.12892,464.38516,1,0,1,0,1
264.30011,207.76160,464.13162,1,0,1,0,1
264.32039,208.06311,463.97235,1,0,1,0,1
264.34041,208.35277,463.79242,1,0,1,0,1
264.36003,208.62915,463.59268,1,0,1,0,1
264.38029,208.89091,463.37415,1,0,1,0,1
264.40057,209.36554,462.88498,1,0,1,0,1
264.42036,209.76738,462.33444,1,0,1,0,1
264.44053,209.93849,462.03949,1,0,1,0,1
264.46022,210.08859,461.73331,1,0,1,0,1
264.48028,210.21693,461.41739,1,0,1,0,1
264.50010,210.40599,460.76254,1,0,1,0,1
264.52022,210.46577,460.42682,1,0,1,0,1
264.54034,210.50197,460.08774,1,0,1,0,1
264.56050,210.51439,459.74698,1,0,1,0,1
264.58027,210.50302,459.40616,1,0,1,0,1
264.60007,210.40913,458.73108,1,0,1,0,1
264.62043,210.32707,458.40012,1,0,1,0,1
264.64044,210.22209,458.07568,1,0,1,0,1
264.66008,210.09471,457.75937,1,0,1,0,1
264.68049,209.94556,457.45273,1,0,1,0,1
264.70023,209.58492,456.87439,1,0,1,0,1
264.72043,209.37520,456.60550,1,0,1,0,1
264.74036,208.90208,456.11490,1,0,1,0,1
264.76046,208.64099,455.89554,1,0,1,0,1
264.78015,208.36522,455.69495,1,0,1,0,1
264.80017,208.07611,455.51413,1,0,1,0,1
264.82040,207.46361,455.21515,1,0,1,0,1
264.84043,207.14320,455.09845,1,0,1,0,1
264.86029,206.81543,455.00443,1,0,1,0,1
264.88038,206.48189,454.93350,1,0,1,0,1
264.90038,205.80403,454.86230,1,0,1,0,1
264.92049,205.46303,454.86237,1,0,1,0,1
264.94035,205.12286,454.88623,1,0,1,0,1
264.96052,204.78520,454.93381,1,0,0,0,1
264.98010,204.45169,455.00485,1,0,0,0,1
265.00049,203.79620,455.19315,1,0,0,0,1
265.02037,203.46846,455.28729,1,0,0,0,1
265.04009,203.14072,455.38144,1,0,0,0,1
265.06031,202.81297,455.47559,0,0,0,0,1
265.08050,202.81297,455.47559,0,0,0,0,1
265.10026,202.81297,455.47559,0,0,0,0,1
265.12038,202.81297,455.47559,0,0,0,0,1
265.14014,202.81297,455.47559,0,0,0,0,1
265.16033,202.81297,455.47559,0,0,0,0,1
265.18004,202.81297,455.47559,0,0,0,0,1
265.20025,202.81297,455.47559,0,0,0,0,1
265.22010,202.81297,455.47559,0,0,0,0,1
265.24037,202.81297,455.47559,0,0,0,0,1
265.26053,202.81297,455.47559,0,0,0,0,1
265.28017,202.81297,455.47559,0,0,0,0,1
265.30047,202.81297,455.47559,0,0,0,0,1
265.32038,202.81297,455.47559,0,0,0,0,1
265.34047,202.81297,455.47559,0,0,0,0,1
265.36008,202.81297,455.47559,0,0,0,0,1
265.38033,202.81297,455.47559,0,0,0,0,1
265.40025,202.81297,455.47559,0,0,0,0,1
265.42042,202.81297,455.47559,1,1,0,0,1
265.44024,202.81297,455.47559,1,1,0,0,1
265.46040,202.47946,455.54666,1,1,0,0,1
265.48048,202.14180,455.59430,1,1,0,0,1
265.50029,201.46065,455.61847,1,1,0,0,1
265.52044,201.12047,455.59488,1,1,0,0,1
265.54026,200.78276,455.54764,1,1,0,0,1
265.56044,200.44917,455.47696,1,1,0,0,1
265.58016,199.80081,455.26675,1,1,0,0,1
265.60071,199.48920,455.12827,1,1,0,0,1
265.62021,198.89870,454.78787,1,1,0,0,1
265.64032,198.62268,454.58765,1,1,0,0,1
265.66052,198.36130,454.36865,1,1,0,0,1
265.68008,198.11583,454.13196,1,1,0,0,1
265.70007,197.67729,453.61017,1,1,0,0,1
265.72033,197.48637,453.32764,1,1,0,0,1
265.74010,197.31563,453.03247,1,1,0,0,1
265.76050,197.16588,452.72610,1,1,0,0,1
265.78019,197.03786,452.41003,1,1,0,0,1
265.80012,196.84940,451.75500,1,1,0,0,1
265.82039,196.78987,451.41925,1,1,0,0,1
265.84016,196.75391,451.08014,1,1,0,0,1
265.86032,196.74168,450.73935,1,1,0,0,1
265.88045,196.75325,450.39856,1,1,0,0,1
265.90032,196.84744,449.72351,1,1,0,0,1
265.92049,196.92960,449.39255,1,1,0,0,1
265.94020,197.16205,448.75180,1,1,0,0,1
265.96043,197.31120,448.44516,1,1,0,0,1
265.98008,197.48138,448.14966,1,1,0,0,1
266.00024,197.67175,447.86676,1,1,0,0,1
266.02008,198.10928,447.34415,1,1,0,0,1
266.04019,198.35431,447.10699,1,1,0,0,1
266.06032,198.61528,446.88751,1,1,0,0,1
266.08041,198.89091,446.68674,1,1,0,0,1
266.10009,199.48077,446.34521,1,1,0,0,1
266.12050,199.79211,446.20615,1,1,0,0,1
266.14018,200.11240,446.08911,1,1,0,0,1
266.16030,200.44006,445.99469,1,1,0,0,1
266.18048,200.77351,445.92337,1,1,0,0,1
266.20051,201.45126,445.85123,1,1,0,0,1
266.22021,201.79227,445.85077,1,1,0,0,1
266.24010,202.13246,445.87408,1,1,0,0,1
266.26041,202.47021,445.92108,1,1,0,0,1
266.28025,202.80386,445.99152,1,1,0,0,1
266.30021,203.45239,446.20123,1,1,0,0,1
266.32033,204.06543,446.49911,1,1,0,0,1
266.34045,204.35487,446.67938,1,1,0,0,1
266.36017,204.63104,446.87939,1,0,0,0,1
266.38042,204.89259,447.09818,0,0,0,0,1
266.40014,204.89259,447.09818,0,0,0,0,1
266.42027,204.89259,447.09818,0,0,0,0,1
266.44037,204.89259,447.09818,0,0,0,0,1
266.46053,204.89259,447.09818,0,0,0,0,1
266.48049,204.89259,447.09818,0,0,0,0,1
266.50024,204.89259,447.09818,0,0,0,0,1
266.52039,204.89259,447.09818,0,0,0,0,1
266.54010,204.89259,447.09818,0,0,0,0,1
266.56024,204.89259,447.09818,0,0,0,0,1
266.58031,204.89259,447.09818,0,0,0,0,1
266.60036,204.89259,447.09818,0,0,0,0,1
266.62050,204.89259,447.09818,0,0,0,0,1
266.64027,204.89259,447.09818,0,0,0,0,1
266.66020,204.89259,447.09818,0,0,0,0,1
266.68046,204.89259,447.09818,0,0,0,0,1
266.70007,204.89259,447.09818,0,0,0,0,1
266.72042,204.89259,447.09818,0,0,0,0,1
266.74009,204.89259,447.09818,0,0,0,0,1
266.76006,204.89259,447.09818,0,0,0,0,1
266.78022,204.89259,447.09818,0,0,0,0,1
266.80049,204.89259,447.09818,0,0,0,0,1
266.82048,204.89259,447.09818,0,0,0,0,1
266.84033,204.89259,447.09818,0,0,0,0,1
266.86010,204.89259,447.09818,0,0,0,0,1
266.88004,204.89259,447.09818,1,0,0,0,1
266.90041,205.13824,447.33469,1,0,0,0,1
266.92012,205.38390,447.57120,1,0,0,0,1
266.94033,205.62955,447.80771,1,0,0,0,1
266.96004,205.87520,448.04422,1,0,0,0,1
266.98003,206.12085,448.28073,1,0,0,0,1
267.00012,206.36650,448.51724,1,0,0,0,1
267.02012,206.85780,448.99026,1,0,0,0,1
267.04012,207.10345,449.22678,1,0,0,0,1
267.06021,207.34911,449.46329,1,0,0,0,1
267.08037,207.59476,449.69980,1,0,0,0,1
267.10028,207.84041,449.93631,1,0,0,0,1
267.12057,208.33171,450.40933,1,0,0,0,1
267.14048,208.82301,450.88235,1,0,0,0,1
267.16011,209.06866,451.11887,1,0,0,0,1
267.18027,209.31432,451.35538,1,0,0,0,1
267.20030,209.55997,451.59189,1,0,0,0,1
267.22024,210.05127,452.06491,1,0,0,0,1
267.24026,210.29692,452.30142,1,0,0,0,1
267.26039,210.54257,452.53793,1,0,0,0,1
267.28033,210.78822,452.77444,1,0,0,0,1
267.30036,211.03387,453.01096,1,0,0,0,1
267.32045,211.52518,453.48398,1,0,0,0,1
267.34035,211.77083,453.72049,1,0,0,0,1
267.36052,212.01648,453.95700,1,0,0,0,1
267.38023,212.26213,454.19351,1,0,0,0,1
267.40046,212.50778,454.43002,1,0,0,0,1
267.42025,212.99908,454.90305,1,0,0,0,1
267.44041,213.24474,455.13956,1,0,0,0,1
267.46023,213.49039,455.37607,1,0,0,0,1
267.48045,213.73604,455.61258,1,0,0,0,1
267.50010,213.98169,455.84909,1,0,0,0,1
267.52035,214.71864,456.55862,1,0,0,0,1
267.54049,214.96429,456.79514,1,0,0,0,1
267.56018,215.20995,457.03165,1,0,0,0,1
267.58045,215.45560,457.26816,1,0,0,0,1
267.60055,215.70125,457.50467,1,0,0,0,1
267.62024,216.19255,457.97769,1,0,0,0,1
267.64039,216.43820,458.21420,1,0,0,0,1
267.66022,216.68385,458.45071,1,0,0,0,1
267.68033,216.92950,458.68723,1,0,0,0,1
267.70008,217.17516,458.92374,1,0,0,0,1
267.72026,217.66646,459.39676,1,0,0,0,1
267.74007,217.91211,459.63327,1,0,0,0,1
267.76032,218.15776,459.86978,1,0,0,0,1
267.78048,218.64906,460.34280,1,0,0,0,1
267.80044,218.89471,460.57932,1,0,0,0,1
267.82048,219.14037,460.81583,1,0,0,0,1
267.84049,219.38602,461.05234,1,0,0,0,1
267.86025,219.87732,461.52536,1,0,0,0,1
267.88028,220.12297,461.76187,1,0,0,0,1
267.90008,220.36862,461.99838,1,0,0,0,1
267.92022,220.61427,462.23489,1,0,0,0,1
267.94043,221.10558,462.70792,1,0,0,0,1
267.96032,221.35123,462.94443,1,0,0,0,1
267.98023,221.59688,463.18094,1,0,0,0,1
268.00051,221.84253,463.41745,1,0,0,0,1
268.02023,222.33383,463.89047,1,0,0,0,1
268.04047,222.57948,464.12698,0,0,0,0,1
268.06030,222.57948,464.12698,0,0,0,0,1
268.08046,222.57948,464.12698,0,0,0,0,1
268.10049,222.57948,464.12698,0,0,0,0,1
268.12024,222.57948,464.12698,0,0,0,0,1
268.14039,222.57948,464.12698,0,0,0,0,1
268.16017,222.57948,464.12698,0,0,0,0,1
268.18035,222.57948,464.12698,0,0,0,0,1
268.20054,222.57948,464.12698,0,0,0,0,1
268.22028,222.57948,464.12698,0,0,0,0,1
268.24070,222.57948,464.12698,0,0,0,0,1
268.26039,222.57948,464.12698,0,0,0,0,1
268.28014,222.57948,464.12698,0,0,0,0,1
268.30030,222.57948,464.12698,0,0,0,0,1
268.32030,222.57948,464.12698,0,0,0,0,1
268.34016,222.57948,464.12698,0,0,0,0,1
268.36041,222.57948,464.12698,1,0,0,0,1
268.38005,222.57948,464.12698,1,0,0,0,1
268.40045,222.82513,464.36349,1,0,1,0,1
268.42016,223.31644,464.83652,1,0,1,0,1
268.44042,223.57800,465.05530,1,0,1,0,1
268.46010,223.85422,465.25528,1,0,1,0,1
268.48045,224.14372,465.43549,1,0,1,0,1
268.50024,224.44510,465.59503,1,0,1,0,1
268.52031,225.07755,465.84912,1,0,1,0,1
268.54027,225.40553,465.94244,1,0,1,0,1
268.56014,225.73923,466.01263,1,0,1,0,1
268.58050,226.07701,466.05933,1,0,1,0,1
268.60021,226.41724,466.08234,1,0,1,0,1
268.62043,227.09834,466.05688,1,0,1,0,1
268.64009,227.43590,466.00858,1,0,1,0,1
268.66030,227.76926,465.93680,1,0,1,0,1
268.68054,228.09679,465.84192,1,0,1,0,1
268.70021,228.72803,465.58481,1,0,1,0,1
268.72023,229.02864,465.42383,1,0,1,0,1
268.74054,229.59253,465.04095,1,0,1,0,1
268.76045,229.85306,464.82092,1,0,1,0,1
268.78007,230.09758,464.58325,1,0,1,0,1
268.80013,230.32491,464.32907,1,0,1,0,1
268.82043,230.72362,463.77628,1,0,1,0,1
268.84052,230.89307,463.48035,1,0,1,0,1
268.86019,231.04143,463.17331,1,0,1,0,1
268.88031,231.16798,462.85666,1,0,1,0,1
268.90014,231.27213,462.53195,1,0,1,0,1
268.92022,231.41121,461.86472,1,0,1,0,1
268.94025,231.44548,461.52545,1,0,1,0,1
268.96066,231.45598,461.18460,1,0,1,0,1
268.98046,231.44267,460.84387,1,0,1,0,1
269.00014,231.40561,460.50488,1,0,1,0,1
269.02021,231.26102,459.83881,1,0,1,0,1
269.04020,231.15421,459.51495,1,0,1,0,1
269.06010,230.87415,458.89359,1,0,1,0,1
269.08022,230.70227,458.59906,1,0,1,0,1
269.10048,230.51025,458.31726,1,0,1,0,1
269.12044,230.29903,458.04956,1,0,1,0,1
269.14046,229.82314,457.56161,1,0,1,0,1
269.16022,229.56081,457.34375,1,0,1,0,1
269.18022,229.28391,457.14474,1,0,1,0,1
269.20022,228.99377,456.96555,1,0,1,0,1
269.22007,228.37959,456.67004,1,0,1,0,1
269.24007,228.05853,456.55518,1,0,1,0,1
269.26050,227.73022,456.46301,1,0,1,0,1
269.28029,227.39629,456.39398,1,0,1,0,1
269.30037,227.05833,456.34845,1,0,1,0,1
269.32015,226.37704,456.32861,1,0,1,0,1
269.34029,226.03702,456.35443,1,0,1,0,1
269.36030,225.69963,456.40393,1,0,1,0,1
269.38055,225.36652,456.47687,1,0,1,0,1
269.40043,225.03931,456.57288,1,0,1,0,1
269.42009,224.40897,456.83215,1,0,1,0,1
269.44012,224.10892,456.99417,1,0,1,0,1
269.46027,223.82091,457.17676,1,0,1,0,1
269.48041,223.28659,457.59991,1,0,1,0,1
269.50025,223.04289,457.83844,1,0,1,0,1
269.52045,222.81645,458.09338,1,0,1,0,1
269.54039,222.41965,458.64755,1,0,1,0,1
269.56026,222.25122,458.94406,1,0,1,0,1
269.58050,222.10391,459.25162,1,0,1,0,1
269.60052,221.97845,459.56870,1,0,1,0,1
269.62005,221.79538,460.22525,1,0,0,0,1
269.64028,221.73866,460.56149,0,0,0,0,1
269.66050,221.73866,460.56149,0,0,0,0,1
269.68051,221.73866,460.56149,0,0,0,0,1
269.70017,221.73866,460.56149,0,0,0,0,1
269.72082,221.73866,460.56149,0,0,0,0,1
269.74017,221.73866,460.56149,0,0,0,0,1
269.76020,221.73866,460.56149,0,0,0,0,1
269.78038,221.73866,460.56149,0,0,0,0,1
269.80028,221.73866,460.56149,0,0,0,0,1
269.82048,221.73866,460.56149,0,0,0,0,1
269.84005,221.73866,460.56149,0,0,0,0,1
269.86031,221.73866,460.56149,0,0,0,0,1
269.88050,221.73866,460.56149,0,0,0,0,1
269.90051,221.73866,460.56149,0,1,0,0,1
269.92023,221.73866,460.56149,1,1,0,0,1
269.94030,221.60191,461.22922,1,1,0,0,1
269.96031,221.49896,461.55429,1,1,0,0,1
269.98030,221.37360,461.87140,1,1,0,0,1
270.00030,221.22641,462.17899,1,1,0,0,1
270.02019,220.86958,462.75970,1,1,0,0,1
270.04041,220.66168,463.03000,1,1,0,0,1
270.06013,220.43542,463.28513,1,1,0,0,1
270.08005,220.19193,463.52386,1,1,0,0,1
270.10022,219.93237,463.74503,1,1,0,0,1
270.12028,219.37024,464.13043,1,1,0,0,1
270.14026,219.07039,464.29282,1,1,0,0,1
270.16028,218.75995,464.43390,1,1,0,0,1
270.18037,218.44041,464.55298,1,1,0,0,1
270.20006,218.11336,464.64951,1,1,0,0,1
270.22034,217.44305,464.77304,1,1,0,0,1
270.24008,217.10307,464.79947,1,1,0,0,1
270.26054,216.76208,464.80212,1,1,0,0,1
270.28024,216.08369,464.73615,1,1,0,0,1
270.30032,215.74960,464.66785,1,1,0,0,1
270.32046,215.09975,464.46231,1,1,0,0,1
270.34022,214.78714,464.32608,1,1,0,0,1
270.36035,214.48480,464.16837,1,1,0,0,1
270.38014,214.19420,463.98996,1,1,0,0,1
270.40034,213.91675,463.79172,1,1,0,0,1
270.42021,213.40662,463.33969,1,1,0,0,1
270.44037,213.17644,463.08810,1,1,0,0,1
270.46008,212.96436,462.82108,1,1,0,0,1
270.48016,212.77141,462.53992,1,1,0,0,1
270.50009,212.59854,462.24597,1,1,0,0,1
270.52024,212.31631,461.62558,1,1,0,0,1
270.54058,212.20833,461.30212,1,1,0,0,1
270.56009,212.12315,460.97192,1,1,0,0,1
270.58023,212.06122,460.63660,1,1,0,0,1
270.60030,212.02283,460.29776,1,1,0,0,1
270.62007,212.00815,459.61618,1,1,0,0,1
270.64049,212.05014,459.27676,1,1,0,0,1
270.66020,212.18637,458.60892,1,1,0,0,1
270.68018,212.28908,458.28375,1,1,0,0,1
270.70049,212.41422,457.96655,1,1,0,0,1
270.72044,212.56116,457.65884,1,1,0,0,1
270.74047,212.91754,457.07785,1,1,0,0,1
270.76017,213.12524,456.80740,1,1,0,0,1
270.78041,213.35130,456.55209,1,1,0,0,1
270.80028,213.59462,456.31317,1,1,0,0,1
270.82035,214.12819,455.88907,1,1,0,0,1
270.84014,214.41585,455.70593,1,1,0,0,1
270.86022,214.71558,455.54330,1,1,0,0,1
270.88048,215.02591,455.40198,1,1,0,0,1
270.90033,215.34535,455.28265,1,1,0,0,1
270.92012,215.67233,455.18588,1,1,0,0,1
270.94009,216.34253,455.06183,1,1,0,0,1
270.96016,216.68248,455.03516,1,1,0,0,1
270.98039,217.02347,455.03226,1,1,0,0,1
271.00045,217.36383,455.05313,1,1,0,0,1
271.02020,217.70190,455.09769,1,1,0,0,1
271.04016,218.36464,455.25687,1,1,0,0,1
271.06017,218.99876,455.50674,1,1,0,0,1
271.08042,219.30122,455.66422,1,1,0,0,1
271.10008,219.59196,455.84241,1,1,0,0,1
271.12023,219.86957,456.04044,1,1,0,0,1
271.14040,220.38004,456.49210,0,1,0,0,1
271.16058,220.61041,456.74350,0,0,0,0,1
271.18018,220.61041,456.74350,0,0,0,0,1
271.20010,220.61041,456.74350,0,0,0,0,1
271.22034,220.61041,456.74350,0,0,0,0,1
271.24048,220.61041,456.74350,0,0,0,0,1
271.26026,220.61041,456.74350,0,0,0,0,1
271.28046,220.61041,456.74350,0,0,0,0,1
271.30047,220.61041,456.74350,0,0,0,0,1
271.32047,220.61041,456.74350,0,0,0,0,1
271.34007,220.61041,456.74350,0,0,0,0,1
271.36006,220.61041,456.74350,0,0,0,0,1
271.38005,220.61041,456.74350,0,0,0,0,1
271.40023,220.61041,456.74350,0,0,0,0,1
271.42020,220.61041,456.74350,0,0,0,0,1
271.44044,220.61041,456.74350,0,0,0,0,1
271.46004,220.61041,456.74350,0,0,0,0,1
271.48016,220.61041,456.74350,0,0,0,0,1
271.50051,220.61041,456.74350,0,0,0,0,1
271.52006,220.61041,456.74350,0,0,0,0,1
271.54031,220.61041,456.74350,0,0,0,0,1
271.56027,220.61041,456.74350,1,0,0,0,1
271.58034,220.61041,456.74350,1,0,0,0,1
271.60042,220.82269,457.01038,1,0,0,0,1
271.62012,221.03497,457.27725,1,0,0,0,1
271.64044,221.45953,457.81100,1,0,0,0,1
271.66018,221.67181,458.07788,1,0,0,0,1
271.68028,221.88409,458.34476,1,0,0,0,1
271.70010,222.09637,458.61163,1,0,0,0,1
271.72039,222.30865,458.87851,1,0,0,0,1
271.74024,222.73322,459.41226,1,0,0,0,1
271.76044,222.94550,459.67914,1,0,0,0,1
271.78014,223.15778,459.94601,1,0,0,0,1
271.80020,223.37006,460.21289,1,0,0,0,1
271.82035,223.58234,460.47977,1,0,0,0,1
271.84012,224.21918,461.28040,1,0,0,0,1
271.86033,224.43146,461.54727,1,0,0,0,1
271.88007,224.64374,461.81415,1,0,0,0,1
271.90020,224.85602,462.08102,1,0,0,0,1
271.92039,225.06830,462.34790,1,0,0,0,1
271.94043,225.49286,462.88165,1,0,0,0,1
271.96014,225.70514,463.14853,1,0,0,0,1
271.98044,225.91742,463.41541,1,0,0,0,1
272.00005,226.12970,463.68228,1,0,0,0,1
272.02022,226.34198,463.94916,1,0,0,0,1
272.04032,226.76654,464.48291,1,0,0,0,1
272.06022,226.97882,464.74979,1,0,0,0,1
272.08010,227.19110,465.01666,1,0,0,0,1
272.10034,227.40338,465.28354,1,0,0,0,1
272.12020,227.61566,465.55042,1,0,0,0,1
272.14019,228.04022,466.08417,1,0,0,0,1
272.16046,228.25250,466.35104,1,0,0,0,1
272.18050,228.46478,466.61792,1,0,0,0,1
272.20025,228.67706,466.88480,1,0,0,0,1
272.22020,228.88934,467.15167,1,0,0,0,1
272.24047,229.52618,467.95230,1,0,0,0,1
272.26010,229.73846,468.21918,1,0,0,0,1
272.28019,229.95074,468.48605,1,0,0,0,1
272.30022,230.16302,468.75293,1,0,0,0,1
272.32008,230.37531,469.01981,1,0,0,0,1
272.34010,230.79987,469.55356,1,0,0,0,1
272.36004,231.01215,469.82043,1,0,0,0,1
272.38021,231.22443,470.08731,1,0,0,0,1
272.40038,231.43671,470.35419,1,0,0,0,1
272.42054,231.64899,470.62106,0,0,0,0,1
272.44018,231.86127,470.88794,0,0,0,0,1
272.46012,231.86127,470.88794,0,0,0,0,1
272.48038,231.86127,470.88794,0,0,0,0,1
272.50011,231.86127,470.88794,0,0,0,0,1
272.52026,231.86127,470.88794,0,0,0,0,1
272.54048,231.86127,470.88794,0,0,0,0,1
272.56053,231.86127,470.88794,0,0,0,0,1
272.58033,231.86127,470.88794,0,0,0,0,1
272.60052,231.86127,470.88794,0,0,0,0,1
272.62016,231.86127,470.88794,0,0,0,0,1
272.64050,231.86127,470.88794,0,0,0,0,1
272.66042,231.86127,470.88794,0,0,0,0,1
272.68040,231.86127,470.88794,0,0,0,0,1
272.70010,231.86127,470.88794,0,0,0,0,1
272.72018,231.86127,470.88794,0,0,0,0,1
272.74005,231.86127,470.88794,0,0,0,0,1
272.76036,231.86127,470.88794,0,0,0,0,1
272.78012,231.86127,470.88794,0,0,0,0,1
272.80020,231.86127,470.88794,0,0,0,0,1
272.82040,231.86127,470.88794,0,0,0,0,1
272.84027,231.86127,470.88794,0,0,0,0,1
272.86049,231.86127,470.88794,0,0,0,0,1
272.88011,231.86127,470.88794,0,0,0,0,1
272.90022,231.86127,470.88794,0,0,0,0,1
272.92010,231.86127,470.88794,0,0,0,0,1
272.94018,231.86127,470.88794,0,0,0,0,1
272.96032,231.86127,470.88794,0,0,0,0,1
272.98049,231.86127,470.88794,0,0,0,0,1
273.00011,231.86127,470.88794,0,0,0,0,1
273.02033,231.86127,470.88794,0,0,0,0,1
273.04049,231.86127,470.88794,1,0,1,0,1
273.06053,232.07355,471.15482,1,0,1,0,1
273.08031,232.30396,471.40619,1,0,1,0,1
273.10019,232.55135,471.64087,1,0,1,0,1
273.12008,232.81453,471.85770,1,0,1,0,1
273.14035,233.38304,472.23367,1,0,1,0,1
273.16010,233.68559,472.39099,1,0,1,0,1
273.18021,233.99838,472.52679,1,0,1,0,1
273.20012,234.31990,472.64041,1,0,1,0,1
273.22018,234.64856,472.73129,1,0,1,0,1
273.24039,235.32089,472.84323,1,0,1,0,1
273.26045,235.66127,472.86371,1,0,1,0,1
273.28012,236.00226,472.86038,1,0,1,0,1
273.30008,236.34218,472.83325,1,0,1,0,1
273.32018,236.67937,472.78244,1,0,1,0,1
273.34049,237.33902,472.61090,1,0,1,0,1
273.36017,237.65825,472.49103,1,0,1,0,1
273.38027,237.96832,472.34915,1,0,1,0,1
273.40028,238.26773,472.18597,1,0,1,0,1
273.42041,238.55502,472.00226,1,0,1,0,1
273.44007,239.08768,471.57703,1,0,1,0,1
273.46018,239.55588,471.08170,1,0,1,0,1
273.48017,239.76291,470.81073,1,0,1,0,1
273.50044,239.95050,470.52597,1,0,1,0,1
273.52052,240.11775,470.22879,1,0,1,0,1
273.54044,240.38806,469.60312,1,0,1,0,1
273.56054,240.48979,469.27765,1,0,1,0,1
273.58051,240.56856,468.94586,1,0,1,0,1
273.60025,240.62395,468.60941,1,0,1,0,1
273.62010,240.65572,468.26990,1,0,1,0,1
273.64019,240.64787,467.58835,1,0,1,0,1
273.66041,240.60831,467.24966,1,0,1,0,1
273.68014,240.54518,466.91455,1,0,1,0,1
273.70020,240.45882,466.58466,1,0,1,0,1
273.72037,240.21814,465.94699,1,0,1,0,1
273.74011,240.06500,465.64230,1,0,1,0,1
273.76005,239.89096,465.34906,1,0,1,0,1
273.78032,239.48366,464.80255,1,0,1,0,1
273.80023,239.25240,464.55197,1,0,1,0,1
273.82035,239.00420,464.31815,1,0,1,0,1
273.84041,238.74026,464.10223,1,0,1,0,1
273.86013,238.17046,463.72824,1,0,1,0,1
273.88053,237.86737,463.57199,1,0,1,0,1
273.90031,237.55411,463.43729,1,0,1,0,1
273.92057,237.23221,463.32477,1,0,1,0,1
273.94021,236.56879,463.16846,1,0,1,0,1
273.96051,236.23051,463.12543,1,0,1,0,1
273.98019,235.89006,463.10611,1,0,1,0,1
274.00040,235.54909,463.11063,1,0,1,0,1
274.02006,235.20926,463.13895,1,0,1,0,1
274.04023,234.87224,463.19092,1,0,1,0,1
274.06050,234.21318,463.36472,1,0,1,0,1
274.08019,233.89436,463.48569,1,0,1,0,1
274.10042,233.58478,463.62863,0,0,0,0,1
274.12008,233.28593,463.79285,0,0,0,0,1
274.14045,233.28593,463.79285,0,0,0,0,1
274.16047,233.28593,463.79285,0,0,0,0,1
274.18012,233.28593,463.79285,0,0,0,0,1
274.20009,233.28593,463.79285,0,0,0,0,1
274.22007,233.28593,463.79285,0,0,0,0,1
274.24042,233.28593,463.79285,0,0,0,0,1
274.26014,233.28593,463.79285,0,0,0,0,1
274.28044,233.28593,463.79285,0,0,0,0,1
274.30004,233.28593,463.79285,0,0,0,0,1
274.32031,233.28593,463.79285,0,0,0,0,1
274.34028,233.28593,463.79285,0,0,0,0,1
274.36019,233.28593,463.79285,0,0,0,0,1
274.38036,233.28593,463.79285,0,0,0,0,1
274.40020,233.28593,463.79285,0,0,0,0,1
274.42015,233.28593,463.79285,0,0,0,0,1
274.44022,233.28593,463.79285,0,0,0,0,1
274.46041,233.28593,463.79285,0,0,0,0,1
274.48011,233.28593,463.79285,1,1,0,0,1
274.50040,232.98709,463.95706,1,1,0,0,1
274.52011,232.67752,464.10004,1,1,0,0,1
274.54049,232.03227,464.31958,1,1,0,0,1
274.56014,231.69974,464.39508,1,1,0,0,1
274.58037,231.36275,464.44720,1,1,0,0,1
274.60007,230.68196,464.48044,1,1,0,0,1
274.62012,230.34149,464.46140,1,1,0,0,1
274.64041,230.00319,464.41864,1,1,0,0,1
274.66023,229.33961,464.26300,1,1,0,0,1
274.68016,229.01758,464.15088,1,1,0,0,1
274.70039,228.70415,464.01657,1,1,0,0,1
274.72009,228.40085,463.86072,1,1,0,0,1
274.74026,227.83049,463.48755,1,1,0,0,1
274.76046,227.56621,463.27206,1,1,0,0,1
274.78021,227.31760,463.03867,1,1,0,0,1
274.80046,227.08588,462.78848,1,1,0,0,1
274.82044,226.87216,462.52277,1,1,0,0,1
274.84010,226.50284,461.94992,1,1,0,0,1
274.86015,226.34903,461.64557,1,1,0,0,1
274.88068,226.21681,461.33124,1,1,0,0,1
274.90028,226.10684,461.00845,1,1,0,0,1
274.92051,226.01965,460.67880,1,1,0,0,1
274.94048,225.91518,460.00528,1,1,0,0,1
274.96031,225.89841,459.66470,1,1,0,0,1
274.98051,225.93623,458.98416,1,1,0,0,1
275.00025,225.99063,458.64752,1,1,0,0,1
275.02014,226.06837,458.31549,1,1,0,0,1
275.04042,226.16908,457.98972,1,1,0,0,1
275.06029,226.43732,457.36316,1,1,0,0,1
275.08007,226.60355,457.06543,1,1,0,0,1
275.10009,226.79013,456.78000,1,1,0,0,1
275.12044,226.99617,456.50827,1,1,0,0,1
275.14013,227.22066,456.25159,1,1,0,0,1
275.16025,227.72050,455.78821,1,1,0,0,1
275.18007,227.99344,455.58380,1,1,0,0,1
275.20027,228.27997,455.39893,1,1,0,0,1
275.22020,228.57869,455.23447,1,1,0,0,1
275.24052,228.88815,455.09125,1,1,0,0,1
275.26020,229.53323,454.87122,1,1,0,0,1
275.28037,229.86571,454.79544,1,1,0,0,1
275.30033,230.20265,454.74304,1,1,0,0,1
275.32029,230.54243,454.71426,1,1,0,0,1
275.34052,230.88339,454.70926,1,1,0,0,1
275.36007,231.56223,454.77054,1,1,0,0,1
275.38038,232.22592,454.92566,1,1,0,0,1
275.40019,232.54805,455.03754,1,1,0,0,1
275.42040,232.86159,455.17163,1,1,0,0,1
275.44054,233.45683,455.50363,1,1,0,0,1
275.46051,233.73564,455.69995,1,1,0,0,1
275.48026,234.00009,455.91525,0,0,0,0,1
275.50049,234.24887,456.14847,0,0,0,0,1
275.52013,234.24887,456.14847,0,0,0,0,1
275.54032,234.24887,456.14847,0,0,0,0,1
275.56048,234.24887,456.14847,0,0,0,0,1
275.58018,234.24887,456.14847,0,0,0,0,1
275.60021,234.24887,456.14847,0,0,0,0,1
275.62039,234.24887,456.14847,0,0,0,0,1
275.64043,234.24887,456.14847,0,0,0,0,1
275.66025,234.24887,456.14847,0,0,0,0,1
275.68025,234.24887,456.14847,0,0,0,0,1
275.70025,234.24887,456.14847,0,0,0,0,1
275.72025,234.24887,456.14847,0,0,0,0,1
275.74037,234.24887,456.14847,0,0,0,0,1
275.76008,234.24887,456.14847,0,0,0,0,1
275.78028,234.24887,456.14847,0,0,0,0,1
275.80027,234.24887,456.14847,0,0,0,0,1
275.82017,234.24887,456.14847,0,0,0,0,1
275.84040,234.24887,456.14847,0,0,0,0,1
275.86017,234.24887,456.14847,0,0,0,0,1
275.88037,234.24887,456.14847,0,0,0,0,1
275.90022,234.24887,456.14847,0,0,0,0,1
275.92041,234.24887,456.14847,0,0,0,0,1
275.94015,234.24887,456.14847,0,0,0,0,1
275.96042,234.24887,456.14847,0,0,0,0,1
275.98017,234.24887,456.14847,0,0,0,0,1
276.00036,234.24887,456.14847,0,0,0,0,1
276.02016,234.24887,456.14847,0,0,0,0,1
276.04032,234.24887,456.14847,0,0,0,0,1
276.06053,234.24887,456.14847,1,0,0,0,1
276.08039,234.49765,456.38168,1,0,0,0,1
276.10052,234.74643,456.61490,1,0,0,0,1
276.12032,234.99521,456.84811,1,0,0,0,1
276.14053,235.24399,457.08133,1,0,0,0,1
276.16011,235.99033,457.78098,1,0,0,0,1
276.18033,236.23911,458.01419,1,0,0,0,1
276.20008,236.48788,458.24741,1,0,0,0,1
276.22019,236.73666,458.48062,1,0,0,0,1
276.24046,236.98544,458.71384,1,0,0,0,1
276.26053,237.48300,459.18027,1,0,0,0,1
276.28023,237.73178,459.41348,1,0,0,0,1
276.30040,237.98056,459.64670,1,0,0,0,1
276.32017,238.22934,459.87991,1,0,0,0,1
276.34035,238.47812,460.11313,1,0,0,0,1
276.36046,238.97568,460.57956,1,0,0,0,1
276.38021,239.22446,460.81277,1,0,0,0,1
276.40034,239.47324,461.04599,1,0,0,0,1
276.42006,239.72202,461.27921,1,0,0,0,1
276.44022,239.97079,461.51242,1,0,0,0,1
276.46022,240.46835,461.97885,1,0,0,0,1
276.48005,240.71713,462.21207,1,0,0,0,1
276.50030,240.96591,462.44528,1,0,0,0,1
276.52022,241.21469,462.67850,1,0,0,0,1
276.54015,241.46347,462.91171,1,0,0,0,1
276.56039,241.96103,463.37814,1,0,0,0,1
276.58032,242.45859,463.84457,1,0,0,0,1
276.60005,242.70737,464.07779,1,0,0,0,1
276.62052,242.95615,464.31100,1,0,0,0,1
276.64003,243.20493,464.54422,1,0,0,0,1
276.66037,243.70248,465.01065,1,0,0,0,1
276.68039,243.95126,465.24387,1,0,0,0,1
276.70052,244.20004,465.47708,1,0,0,0,1
276.72051,244.44882,465.71030,1,0,0,0,1
276.74011,244.69760,465.94351,1,0,0,0,1
276.76051,245.19516,466.40994,1,0,0,0,1
276.78024,245.44394,466.64316,1,0,0,0,1
276.80009,245.69272,466.87637,1,0,0,0,1
276.82032,245.94150,467.10959,1,0,0,0,1
276.84018,246.19028,467.34280,1,0,0,0,1
276.86043,246.68784,467.80923,1,0,0,0,1
276.88024,246.93661,468.04245,1,0,0,0,1
276.90035,247.18539,468.27567,1,0,0,0,1
276.92004,247.43417,468.50888,1,0,0,0,1
276.94028,247.93173,468.97531,1,0,0,0,1
276.96021,248.18051,469.20853,1,0,0,0,1
276.98010,248.67807,469.67496,1,0,0,0,1
277.00015,248.92685,469.90817,1,0,0,0,1
277.02030,249.17563,470.14139,1,0,0,0,1
277.04048,249.42441,470.37460,1,0,0,0,1
277.06009,249.92197,470.84103,1,0,0,0,1
277.08044,250.17075,471.07425,1,0,0,0,1
277.10026,250.41953,471.30746,0,0,0,0,1
277.12046,250.66830,471.54068,0,0,0,0,1
277.14010,250.66830,471.54068,0,0,0,0,1
277.16029,250.66830,471.54068,0,0,0,0,1
277.18051,250.66830,471.54068,0,0,0,0,1
277.20017,250.66830,471.54068,0,0,0,0,1
277.22039,250.66830,471.54068,0,0,0,0,1
277.24022,250.66830,471.54068,0,0,0,0,1
277.26046,250.66830,471.54068,0,0,0,0,1
277.28014,250.66830,471.54068,0,0,0,0,1
277.30029,250.66830,471.54068,0,0,0,0,1
277.32032,250.66830,471.54068,0,0,0,0,1
277.34018,250.66830,471.54068,0,0,0,0,1
277.36036,250.66830,471.54068,0,0,0,0,1
277.38013,250.66830,471.54068,0,0,0,0,1
277.40030,250.66830,471.54068,0,0,0,0,1
277.42006,250.66830,471.54068,0,0,0,0,1
277.44016,250.66830,471.54068,0,0,0,0,1
277.46017,250.66830,471.54068,0,0,0,0,1
277.48015,250.66830,471.54068,0,0,0,0,1
277.50047,250.66830,471.54068,0,0,0,0,1
277.52014,250.66830,471.54068,0,0,0,0,1
277.54039,250.66830,471.54068,0,0,0,0,1
277.56015,250.66830,471.54068,0,0,0,0,1
277.58026,250.66830,471.54068,0,0,0,0,1
277.60039,250.66830,471.54068,0,0,0,0,1
277.62052,250.66830,471.54068,0,0,0,0,1
277.64015,250.66830,471.54068,0,0,0,0,1
277.66040,250.66830,471.54068,0,0,0,0,1
277.68014,250.66830,471.54068,0,0,0,0,1
277.70039,250.66830,471.54068,1,0,0,0,1
277.72054,250.91708,471.77390,1,0,1,0,1
277.74022,251.16586,472.00711,1,0,1,0,1
277.76047,251.70918,472.41864,1,0,1,0,1
277.78018,252.30455,472.75049,1,0,1,0,1
277.80032,252.61815,472.88443,1,0,1,0,1
277.82035,252.94034,472.99612,1,0,1,0,1
277.84040,253.26953,473.08505,1,0,1,0,1
277.86023,253.94252,473.19299,1,0,1,0,1
277.88024,254.28302,473.21146,1,0,1,0,1
277.90041,254.62398,473.20609,1,0,1,0,1
277.92051,254.96373,473.17694,1,0,1,0,1
277.94021,255.30061,473.12411,1,0,1,0,1
277.96040,255.95923,472.94867,1,0,1,0,1
277.98007,256.27774,472.82690,1,0,1,0,1
278.00025,256.58698,472.68317,1,0,1,0,1
278.02054,256.88541,472.51819,1,0,1,0,1
278.04043,257.17160,472.33279,1,0,1,0,1
278.06050,257.70172,471.90436,1,0,1,0,1
278.08019,257.94305,471.66345,1,0,1,0,1
278.10045,258.16696,471.40628,1,0,1,0,1
278.12012,258.55829,470.84824,1,0,1,0,1
278.14032,258.72379,470.55008,1,0,1,0,1
278.16006,258.86804,470.24109,1,0,1,0,1
278.18035,259.09015,469.59671,1,0,1,0,1
278.20007,259.16693,469.26447,1,0,1,0,1
278.22026,259.22034,468.92767,1,0,1,0,1
278.24022,259.25009,468.58798,1,0,1,0,1
278.26046,259.23819,467.90649,1,0,1,0,1
278.28034,259.19662,467.56802,1,0,1,0,1
278.30058,259.13150,467.23331,1,0,1,0,1
278.32025,259.04318,466.90393,1,0,1,0,1
278.34053,258.93207,466.58154,1,0,1,0,1
278.36023,258.64377,465.96393,1,0,1,0,1
278.38012,258.46799,465.67172,1,0,1,0,1
278.40037,258.27222,465.39252,1,0,1,0,1
278.42046,257.82468,464.87845,1,0,1,0,1
278.44020,257.57507,464.64609,1,0,1,0,1
278.46036,257.30988,464.43173,1,0,1,0,1
278.48050,257.03033,464.23642,1,0,1,0,1
278.50008,256.43384,463.90665,1,0,1,0,1
278.52041,256.11978,463.77380,1,0,1,0,1
278.54018,255.79721,463.66321,1,0,1,0,1
278.56042,255.46771,463.57541,1,0,1,0,1
278.58009,254.79437,463.46982,1,0,1,0,1
278.60028,254.45381,463.45255,1,0,1,0,1
278.62044,254.11287,463.45908,1,0,1,0,1
278.64040,253.77322,463.48941,1,0,1,0,1
278.66018,253.10442,463.62076,1,0,1,0,1
278.68037,252.77852,463.72113,1,0,1,0,1
278.70036,252.46043,463.84399,1,0,1,0,1
278.72037,252.15170,463.98877,1,0,1,0,1
278.74010,251.85384,464.15475,1,0,1,0,1
278.76014,251.56828,464.34116,1,0,1,0,1
278.78036,251.03966,464.77139,1,0,1,0,1
278.80006,250.79916,465.01315,1,0,1,0,1
278.82040,250.57614,465.27112,1,0,1,0,1
278.84019,250.37167,465.54401,0,0,0,0,1
278.86037,250.37167,465.54401,0,0,0,0,1
278.88004,250.37167,465.54401,0,0,0,0,1
278.90031,250.37167,465.54401,0,0,0,0,1
278.92017,250.37167,465.54401,0,0,0,0,1
278.94030,250.37167,465.54401,0,0,0,0,1
278.96047,250.37167,465.54401,0,0,0,0,1
278.98021,250.37167,465.54401,0,0,0,0,1
279.00040,250.37167,465.54401,0,0,0,0,1
279.02011,250.37167,465.54401,0,0,0,0,1
279.04041,250.37167,465.54401,0,0,0,0,1
279.06012,250.37167,465.54401,0,0,0,0,1
279.08036,250.37167,465.54401,0,0,0,0,1
279.10008,250.37167,465.54401,0,0,0,0,1
279.12029,250.37167,465.54401,0,0,0,0,1
279.14041,250.37167,465.54401,0,0,0,0,1
279.16051,250.37167,465.54401,0,0,0,0,1
279.18055,250.37167,465.54401,0,1,0,0,1
279.20004,250.37167,465.54401,0,1,0,0,1
279.22024,250.37167,465.54401,1,1,0,0,1
279.24015,250.14870,465.80200,1,1,0,0,1
279.26053,249.65155,466.26828,1,1,0,0,1
279.28018,249.37981,466.47430,1,1,0,0,1
279.30035,248.79660,466.82706,1,1,0,0,1
279.32006,248.48798,466.97208,1,1,0,0,1
279.34045,248.16998,467.09521,1,1,0,0,1
279.36009,247.84418,467.19589,1,1,0,0,1
279.38060,247.17551,467.32794,1,1,0,0,1
279.40010,246.83589,467.35870,1,1,0,0,1
279.42030,246.49496,467.36569,1,1,0,0,1
279.44046,246.15437,467.34891,1,1,0,0,1
279.46013,245.81578,467.30841,1,1,0,0,1
279.48039,245.15120,467.15717,1,1,0,0,1
279.50052,244.82843,467.04715,1,1,0,0,1
279.52024,244.51411,466.91492,1,1,0,0,1
279.54046,244.20979,466.76108,1,1,0,0,1
279.56015,243.91693,466.58640,1,1,0,0,1
279.58032,243.37128,466.17795,1,1,0,0,1
279.60040,243.12112,465.94620,1,1,0,0,1
279.62048,242.88776,465.69757,1,1,0,0,1
279.64018,242.67229,465.43326,1,1,0,0,1
279.66040,242.47577,465.15457,1,1,0,0,1
279.68007,242.00906,464.24609,1,1,0,0,1
279.70025,241.89696,463.92404,1,1,0,0,1
279.72062,241.80759,463.59497,1,1,0,0,1
279.74025,241.74138,463.26047,1,1,0,0,1
279.76042,241.69867,462.92215,1,1,0,0,1
279.78011,241.68443,462.24072,1,1,0,0,1
279.80015,241.71297,461.90091,1,1,0,0,1
279.82047,241.76514,461.56393,1,1,0,0,1
279.84003,241.84068,461.23141,1,1,0,0,1
279.86032,241.93924,460.90497,1,1,0,0,1
279.88033,242.20332,460.27661,1,1,0,0,1
279.90054,242.36757,459.97778,1,1,0,0,1
279.92051,242.55226,459.69113,1,1,0,0,1
279.94033,242.75650,459.41806,1,1,0,0,1
279.96031,242.97928,459.15988,1,1,0,0,1
279.98019,243.47606,458.69321,1,1,0,0,1
280.00019,243.74763,458.48700,1,1,0,0,1
280.02045,244.03293,458.30023,1,1,0,0,1
280.04044,244.33055,458.13382,1,1,0,0,1
280.06044,244.63907,457.98856,1,1,0,0,1
280.08008,245.28268,457.76425,1,1,0,0,1
280.10049,245.95125,457.63165,1,1,0,0,1
280.12019,246.29083,457.60065,1,1,0,0,1
280.14034,246.63176,457.59338,1,1,0,0,1
280.16054,246.97235,457.60992,1,1,0,0,1
280.18019,247.64597,457.71393,1,1,0,0,1
280.20045,247.97569,457.80090,1,1,0,0,1
280.22006,248.29855,457.91064,1,0,0,0,1
280.24030,248.61296,458.04266,1,0,0,0,1
280.26015,248.91740,458.19626,0,0,0,0,1
280.28041,248.91740,458.19626,0,0,0,0,1
280.30053,248.91740,458.19626,0,0,0,0,1
280.32015,248.91740,458.19626,0,0,0,0,1
280.34005,248.91740,458.19626,0,0,0,0,1
280.36029,248.91740,458.19626,0,0,0,0,1
280.38020,248.91740,458.19626,0,0,0,0,1
280.40026,248.91740,458.19626,0,0,0,0,1
280.42014,248.91740,458.19626,0,0,0,0,1
280.44050,248.91740,458.19626,0,0,0,0,1
280.46022,248.91740,458.19626,0,0,0,0,1
280.48047,248.91740,458.19626,0,0,0,0,1
280.50021,248.91740,458.19626,0,0,0,0,1
280.52036,248.91740,458.19626,0,0,0,0,1
280.54012,248.91740,458.19626,0,0,0,0,1
280.56013,248.91740,458.19626,0,0,0,0,1
280.58028,248.91740,458.19626,0,0,0,0,1
280.60032,248.91740,458.19626,0,0,0,0,1
280.62007,248.91740,458.19626,0,0,0,0,1
280.64011,248.91740,458.19626,0,0,0,0,1
280.66034,248.91740,458.19626,0,0,0,0,1
280.68007,248.91740,458.19626,0,0,0,0,1
280.70046,248.91740,458.19626,0,0,0,0,1
280.72015,248.91740,458.19626,0,0,0,0,1
280.74044,248.91740,458.19626,0,0,0,0,1
280.76016,248.91740,458.19626,0,0,0,0,1
280.78011,248.91740,458.19626,0,0,0,0,1
280.80052,248.91740,458.19626,0,0,0,0,1
280.82004,248.91740,458.19626,0,0,0,0,1
280.84025,248.91740,458.19626,0,0,0,0,1
280.86016,248.91740,458.19626,1,0,0,0,1
280.88013,248.91740,458.19626,1,0,0,0,1
280.90029,249.52629,458.50345,1,0,0,0,1
280.92046,249.83073,458.65704,1,0,0,0,1
280.94044,250.13518,458.81064,1,0,0,0,1
280.96017,250.43962,458.96423,1,0,0,0,1
280.98017,251.04851,459.27142,1,0,0,0,1
281.00025,251.35295,459.42502,1,0,0,0,1
281.02052,251.65739,459.57861,1,0,0,0,1
281.04031,251.96184,459.73221,1,0,0,0,1
281.06017,252.26628,459.88580,1,0,0,0,1
281.08049,252.57072,460.03940,1,0,0,0,1
281.10014,253.17961,460.34659,1,0,0,0,1
281.12016,253.48405,460.50018,1,0,0,0,1
281.14018,254.09294,460.80737,1,0,0,0,1
281.16031,254.39738,460.96097,1,0,0,0,1
281.18044,254.70183,461.11456,1,0,0,0,1
281.20006,255.00627,461.26816,1,0,0,0,1
281.22015,255.61516,461.57535,1,0,0,0,1
281.24014,255.91960,461.72894,1,0,0,0,1
281.26027,256.22403,461.88254,1,0,0,0,1
281.28005,256.52847,462.03613,1,0,0,0,1
281.30018,257.13736,462.34332,1,0,0,0,1
281.32036,257.44180,462.49692,1,0,0,0,1
281.34051,257.74625,462.65051,1,0,0,0,1
281.36019,258.05069,462.80411,1,0,0,0,1
281.38035,258.65958,463.11130,1,0,0,0,1
281.40050,258.96402,463.26489,1,0,0,0,1
281.42022,259.26846,463.41849,1,0,0,0,1
281.44051,259.57291,463.57208,1,0,0,0,1
281.46004,259.87735,463.72568,1,0,0,0,1
281.48042,260.48624,464.03287,1,0,0,0,1
281.50029,260.79068,464.18646,1,0,0,0,1
281.52034,261.09512,464.34006,1,0,0,0,1
281.54011,261.39957,464.49365,1,0,0,0,1
281.56013,261.70401,464.64725,1,0,0,0,1
281.58048,262.31290,464.95444,1,0,0,0,1
281.60028,262.61734,465.10803,1,0,0,0,1
281.62010,262.92178,465.26163,1,0,0,0,1
281.64020,263.53067,465.56882,1,0,0,0,1
281.66053,263.83511,465.72241,1,0,0,0,1
281.68015,264.13956,465.87601,1,0,0,0,1
281.70028,264.74844,466.18320,1,0,0,0,1
281.72025,265.05289,466.33679,1,0,0,0,1
281.74007,265.35733,466.49039,1,0,0,0,1
281.76035,265.66177,466.64398,0,0,0,0,1
281.78014,265.66177,466.64398,0,0,0,0,1
281.80027,265.66177,466.64398,0,0,0,0,1
281.82043,265.66177,466.64398,0,0,0,0,1
281.84006,265.66177,466.64398,0,0,0,0,1
281.86024,265.66177,466.64398,0,0,0,0,1
281.88036,265.66177,466.64398,0,0,0,0,1
281.90056,265.66177,466.64398,0,0,0,0,1
281.92019,265.66177,466.64398,0,0,0,0,1
281.94030,265.66177,466.64398,0,0,0,0,1
281.96025,265.66177,466.64398,0,0,0,0,1
281.98031,265.66177,466.64398,0,0,0,0,1
282.00051,265.66177,466.64398,0,0,0,0,1
282.02013,265.66177,466.64398,0,0,0,0,1
282.04042,265.66177,466.64398,0,0,0,0,1
282.06046,265.66177,466.64398,0,0,0,0,1
282.08056,265.66177,466.64398,0,0,0,0,1
282.10019,265.66177,466.64398,0,0,0,0,1
282.12054,265.66177,466.64398,0,0,0,0,1
282.14009,265.66177,466.64398,0,0,0,0,1
282.16009,265.66177,466.64398,0,0,0,0,1
282.18017,265.66177,466.64398,0,0,0,0,1
282.20017,265.66177,466.64398,0,0,0,0,1
282.22017,265.66177,466.64398,0,0,0,0,1
282.24006,265.66177,466.64398,0,0,0,0,1
282.26030,265.66177,466.64398,0,0,0,0,1
282.28042,265.66177,466.64398,1,0,0,0,1
282.30026,265.96622,466.79758,1,0,1,0,1
282.32018,266.27066,466.95117,1,0,1,0,1
282.34018,266.58508,467.08316,1,0,1,0,1
282.36036,266.90796,467.19284,1,0,1,0,1
282.38021,267.57272,467.34335,1,0,1,0,1
282.40057,267.91135,467.38345,1,0,1,0,1
282.42015,268.59286,467.39230,1,0,1,0,1
282.44007,268.93243,467.36102,1,0,1,0,1
282.46016,269.26898,467.30612,1,0,1,0,1
282.48022,269.92648,467.12659,1,0,1,0,1
282.50041,270.24423,467.00284,1,0,1,0,1
282.52021,270.55255,466.85718,1,0,1,0,1
282.54033,270.84995,466.69034,1,0,1,0,1
282.56052,271.13498,466.50314,1,0,1,0,1
282.58053,271.66241,466.07144,1,0,1,0,1
282.60016,271.90225,465.82904,1,0,1,0,1
282.62029,272.12457,465.57047,1,0,1,0,1
282.64027,272.32828,465.29700,1,0,1,0,1
282.66005,272.51239,465.00998,1,0,1,0,1
282.68008,272.81836,464.40091,1,0,1,0,1
282.70050,272.93869,464.08185,1,0,1,0,1
282.72008,273.03647,463.75516,1,0,1,0,1
282.74038,273.11118,463.42245,1,0,1,0,1
282.76018,273.16248,463.08533,1,0,1,0,1
282.78039,273.19391,462.40448,1,0,1,0,1
282.80042,273.17395,462.06406,1,0,1,0,1
282.82013,273.06305,461.39154,1,0,1,0,1
282.84032,272.97266,461.06274,1,0,1,0,1
282.86019,272.85953,460.74106,1,0,1,0,1
282.88054,272.56738,460.12524,1,0,1,0,1
282.90027,272.38977,459.83414,1,0,1,0,1
282.92042,272.19226,459.55615,1,0,1,0,1
282.94020,271.97583,459.29263,1,0,1,0,1
282.96055,271.74152,459.04489,1,0,1,0,1
282.98010,271.22394,458.60141,1,0,1,0,1
283.00028,270.94321,458.40784,1,0,1,0,1
283.02048,270.64963,458.23434,1,0,1,0,1
283.04029,270.34467,458.08179,1,0,1,0,1
283.06015,270.02979,457.95090,1,0,1,0,1
283.08050,269.37650,457.75659,1,0,1,0,1
283.10034,269.04126,457.69412,1,0,1,0,1
283.12025,268.70248,457.65521,1,0,1,0,1
283.14039,268.36182,457.64005,1,0,1,0,1
283.16013,268.02094,457.64871,1,0,1,0,1
283.18037,267.34512,457.73721,1,0,1,0,1
283.20040,267.01349,457.81665,1,0,1,0,1
283.22007,266.37091,458.04388,1,0,1,0,1
283.24036,266.06308,458.19058,0,0,0,0,1
283.26014,265.76627,458.35843,0,0,0,0,1
283.28033,265.76627,458.35843,0,0,0,0,1
283.30014,265.76627,458.35843,0,0,0,0,1
283.32027,265.76627,458.35843,0,0,0,0,1
283.34021,265.76627,458.35843,0,0,0,0,1
283.36041,265.76627,458.35843,0,0,0,0,1
283.38014,265.76627,458.35843,0,0,0,0,1
283.40022,265.76627,458.35843,0,0,0,0,1
283.42035,265.76627,458.35843,0,0,0,0,1
283.44004,265.76627,458.35843,0,0,0,0,1
283.46048,265.76627,458.35843,0,0,0,0,1
283.48049,265.76627,458.35843,0,0,0,0,1
283.50032,265.76627,458.35843,0,0,0,0,1
283.52053,265.76627,458.35843,0,0,0,0,1
283.54020,265.76627,458.35843,0,0,0,0,1
283.56026,265.76627,458.35843,0,0,0,0,1
283.58013,265.76627,458.35843,0,0,0,0,1
283.60034,265.76627,458.35843,0,0,0,0,1
283.62018,265.76627,458.35843,0,0,0,0,1
283.64053,265.76627,458.35843,0,0,0,0,1
283.66030,265.76627,458.35843,0,0,0,0,1
283.68045,265.76627,458.35843,0,0,0,0,1
283.70007,265.76627,458.35843,0,0,0,0,1
283.72018,265.76627,458.35843,0,1,0,0,1
283.74035,265.76627,458.35843,0,1,0,0,1
283.76006,265.76627,458.35843,0,1,0,0,1
283.78032,265.76627,458.35843,1,1,0,0,1
283.80012,265.44104,458.46091,1,1,0,0,1
283.82023,265.10944,458.54047,1,1,0,0,1
283.84041,264.77310,458.59671,1,1,0,0,1
283.86033,264.43365,458.62936,1,1,0,0,1
283.88054,263.75211,458.62335,1,1,0,0,1
283.90023,263.41330,458.58472,1,1,0,0,1
283.92063,263.07800,458.52255,1,1,0,0,1
283.94023,262.74786,458.43716,1,1,0,0,1
283.96044,262.42450,458.32895,1,1,0,0,1
283.98019,262.10947,458.19846,1,1,0,0,1
284.00013,261.51047,457.87323,1,1,0,0,1
284.02035,260.96255,457.46786,1,1,0,0,1
284.04030,260.71112,457.23752,1,1,0,0,1
284.06023,260.47638,456.99020,1,1,0,0,1
284.08018,260.25946,456.72711,1,1,0,0,1
284.10047,259.88318,456.15881,1,1,0,0,1
284.12033,259.72568,455.85638,1,1,0,0,1
284.14017,259.58963,455.54370,1,1,0,0,1
284.16020,259.47574,455.22229,1,1,0,0,1
284.18018,259.38455,454.89371,1,1,0,0,1
284.20042,259.27191,454.22150,1,1,0,0,1
284.22019,259.25101,453.88113,1,1,0,0,1
284.24042,259.25388,453.54016,1,1,0,0,1
284.26052,259.28052,453.20020,1,1,0,0,1
284.28050,259.33081,452.86292,1,1,0,0,1
284.30012,259.50125,452.20297,1,1,0,0,1
284.32013,259.62054,451.88351,1,1,0,0,1
284.34021,259.76184,451.57315,1,1,0,0,1
284.36042,259.92444,451.27341,1,1,0,0,1
284.38074,260.31027,450.71152,1,1,0,0,1
284.40027,260.53162,450.45212,1,1,0,0,1
284.42049,261.02579,449.98270,1,1,0,0,1
284.44041,261.29620,449.77496,1,1,0,0,1
284.46025,261.58044,449.58661,1,1,0,0,1
284.48050,261.87714,449.41852,1,1,0,0,1
284.50045,262.50204,449.14639,1,1,0,0,1
284.52053,262.82721,449.04367,1,1,0,0,1
284.54022,263.15875,448.96387,1,1,0,0,1
284.56046,263.49503,448.90738,1,1,0,0,1
284.58023,263.83444,448.87448,1,1,0,0,1
284.60040,264.51602,448.87997,1,1,0,0,1
284.62023,264.85486,448.91833,1,1,0,0,1
284.64042,265.19019,448.98022,1,1,0,0,1
284.66034,265.52039,449.06537,1,1,0,0,1
284.68053,265.84384,449.17334,1,1,0,0,1
284.70019,266.46429,449.45551,1,1,0,0,1
284.72042,266.75824,449.62833,0,0,0,0,1
284.74050,266.75824,449.62833,0,0,0,0,1
284.76018,266.75824,449.62833,0,0,0,0,1
284.78050,266.75824,449.62833,0,0,0,0,1
284.80016,266.75824,449.62833,0,0,0,0,1
284.82036,266.75824,449.62833,0,0,0,0,1
284.84007,266.75824,449.62833,0,0,0,0,1
284.86027,266.75824,449.62833,0,0,0,0,1
284.88004,266.75824,449.62833,0,0,0,0,1
284.90054,266.75824,449.62833,0,0,0,0,1
284.92026,266.75824,449.62833,0,0,0,0,1
284.94006,266.75824,449.62833,0,0,0,0,1
284.96014,266.75824,449.62833,0,0,0,0,1
284.98012,266.75824,449.62833,0,0,0,0,1
285.00040,266.75824,449.62833,0,0,0,0,1
285.02009,266.75824,449.62833,0,0,0,0,1
285.04025,266.75824,449.62833,0,0,0,0,1
285.06044,266.75824,449.62833,0,0,0,0,1
285.08013,266.75824,449.62833,0,0,0,0,1
285.10047,266.75824,449.62833,0,0,0,0,1
285.12024,266.75824,449.62833,0,0,0,0,1
285.14049,266.75824,449.62833,0,0,0,0,1
285.16046,266.75824,449.62833,0,0,0,0,1
285.18004,266.75824,449.62833,0,0,0,0,1
285.20042,266.75824,449.62833,0,0,0,0,1
285.22047,266.75824,449.62833,0,0,0,0,1
285.24016,266.75824,449.62833,0,0,0,0,1
285.26009,266.75824,449.62833,0,0,0,0,1
285.28021,266.75824,449.62833,0,0,0,0,1
285.30019,266.75824,449.62833,0,0,0,0,1
285.32022,266.75824,449.62833,0,0,0,0,1
285.34041,266.75824,449.62833,1,0,0,0,1
285.36033,267.03943,449.82123,1,0,0,0,1
285.38034,267.32062,450.01413,1,0,0,0,1
285.40045,267.88300,450.39993,1,0,0,0,1
285.42017,268.16418,450.59283,1,0,0,0,1
285.44035,268.44537,450.78574,1,0,0,0,1
285.46060,268.72656,450.97864,1,0,0,0,1
285.48026,269.00775,451.17154,1,0,0,0,1
285.50021,269.57013,451.55734,1,0,0,0,1
285.52049,269.85132,451.75024,1,0,0,0,1
285.54025,270.13251,451.94315,1,0,0,0,1
285.56041,270.69489,452.32895,1,0,0,0,1
285.58012,270.97607,452.52185,1,0,0,0,1
285.60045,271.25726,452.71475,1,0,0,0,1
285.62005,271.81964,453.10056,1,0,0,0,1
285.64034,272.10083,453.29346,1,0,0,0,1
285.66045,272.38202,453.48636,1,0,0,0,1
285.68016,272.66321,453.67926,1,0,0,0,1
285.70012,273.22559,454.06506,1,0,0,0,1
285.72030,273.50677,454.25797,1,0,0,0,1
285.74047,273.78796,454.45087,1,0,0,0,1
285.76007,274.06915,454.64377,1,0,0,0,1
285.78025,274.35034,454.83667,1,0,0,0,1
285.80010,274.91272,455.22247,1,0,0,0,1
285.82027,275.19391,455.41537,1,0,0,0,1
285.84012,275.47510,455.60828,1,0,0,0,1
285.86056,275.75629,455.80118,1,0,0,0,1
285.88035,276.03748,455.99408,1,0,0,0,1
285.90015,276.59985,456.37988,1,0,0,0,1
285.92016,276.88104,456.57278,1,0,0,0,1
285.94037,277.16223,456.76569,1,0,0,0,1
285.96022,277.72461,457.15149,1,0,0,0,1
285.98011,278.00580,457.34439,1,0,0,0,1
286.00018,278.28699,457.53729,1,0,0,0,1
286.02049,278.84937,457.92310,1,0,0,0,1
286.04022,279.13055,458.11600,1,0,0,0,1
286.06047,279.41174,458.30890,1,0,0,0,1
286.08010,279.69293,458.50180,1,0,0,0,1
286.10020,280.25531,458.88760,1,0,0,0,1
286.12040,280.53650,459.08051,1,0,0,0,1
286.14028,280.81769,459.27341,1,0,0,0,1
286.16043,281.09888,459.46631,1,0,0,0,1
286.18004,281.38007,459.65921,1,0,0,0,1
286.20013,281.94244,460.04501,1,0,0,0,1
286.22013,282.22363,460.23792,1,0,0,0,1
286.24024,282.50482,460.43082,1,0,0,0,1
286.26045,282.78601,460.62372,0,0,0,0,1
286.28004,283.06720,460.81662,0,0,0,0,1
286.30045,283.06720,460.81662,0,0,0,0,1
286.32020,283.06720,460.81662,0,0,0,0,1
286.34053,283.06720,460.81662,0,0,0,0,1
286.36037,283.06720,460.81662,0,0,0,0,1
286.38005,283.06720,460.81662,0,0,0,0,1
286.40022,283.06720,460.81662,0,0,0,0,1
286.42057,283.06720,460.81662,0,0,0,0,1
286.44022,283.06720,460.81662,0,0,0,0,1
286.46037,283.06720,460.81662,0,0,0,0,1
286.48020,283.06720,460.81662,0,0,0,0,1
286.50029,283.06720,460.81662,0,0,0,0,1
286.52024,283.06720,460.81662,0,0,0,0,1
286.54006,283.06720,460.81662,0,0,0,0,1
286.56018,283.06720,460.81662,0,0,0,0,1
286.58012,283.06720,460.81662,0,0,0,0,1
286.60012,283.06720,460.81662,0,0,0,0,1
286.62028,283.06720,460.81662,0,0,0,0,1
286.64029,283.06720,460.81662,0,0,0,0,1
286.66041,283.06720,460.81662,0,0,0,0,1
286.68008,283.06720,460.81662,0,0,0,0,1
286.70027,283.06720,460.81662,0,0,0,0,1
286.72052,283.06720,460.81662,1,0,0,0,1
286.74015,283.62958,461.20242,1,0,1,0,1
286.76033,283.92355,461.37524,1,0,1,0,1
286.78010,284.22888,461.52710,1,0,1,0,1
286.80030,284.54407,461.65726,1,0,1,0,1
286.82026,285.19778,461.85010,1,0,1,0,1
286.84014,285.53314,461.91180,1,0,1,0,1
286.86035,285.87201,461.94995,1,0,1,0,1
286.88010,286.21271,461.96432,1,0,1,0,1
286.90054,286.89297,461.92163,1,0,1,0,1
286.92030,287.22922,461.86478,1,0,1,0,1
286.94047,287.56067,461.78458,1,0,1,0,1
286.96015,287.88571,461.68143,1,0,1,0,1
286.98048,288.20273,461.55585,1,0,1,0,1
287.00017,288.80667,461.23990,1,0,1,0,1
287.02016,289.09061,461.05109,1,0,1,0,1
287.04049,289.36069,460.84290,1,0,1,0,1
287.06015,289.85400,460.37256,1,0,1,0,1
287.08048,290.07483,460.11270,1,0,1,0,1
287.10038,290.27698,459.83807,1,0,1,0,1
287.12035,290.45944,459.54999,1,0,1,0,1
287.14022,290.76187,458.93918,1,0,1,0,1
287.16025,290.88037,458.61945,1,0,1,0,1
287.18051,290.97626,458.29221,1,0,1,0,1
287.20045,291.04904,457.95908,1,0,1,0,1
287.22011,291.12405,457.28165,1,0,1,0,1
287.24023,291.12592,456.94064,1,0,1,0,1
287.26024,291.10400,456.60034,1,0,1,0,1
287.28047,291.05838,456.26242,1,0,1,0,1
287.30017,290.89697,455.60022,1,0,1,0,1
287.32041,290.78201,455.27917,1,0,1,0,1
287.34007,290.64490,454.96695,1,0,1,0,1
287.36031,290.48633,454.66507,1,0,1,0,1
287.38052,290.30707,454.37500,1,0,1,0,1
287.40016,290.10797,454.09814,1,0,1,0,1
287.42045,289.65430,453.58948,1,0,1,0,1
287.44011,289.40195,453.36014,1,0,1,0,1
287.46039,289.13419,453.14899,1,0,1,0,1
287.48047,288.85233,452.95703,1,0,1,0,1
287.50029,288.25192,452.63446,1,0,1,0,1
287.52019,287.93631,452.50537,1,0,1,0,1
287.54041,287.28189,452.31482,1,0,1,0,1
287.56017,286.94632,452.25427,1,0,1,0,1
287.58021,286.60733,452.21732,1,0,1,0,1
287.60007,286.26657,452.20410,1,0,1,0,1
287.62033,285.58649,452.24911,1,0,1,0,1
287.64048,285.58649,452.24911,1,0,1,0,1
287.66016,284.91931,452.38846,1,0,1,0,1
287.68032,284.59464,452.49271,1,0,1,0,1
287.70006,283.97107,452.76785,1,0,1,0,1
287.72024,283.67520,452.93741,1,0,0,0,1
287.74040,283.39191,453.12720,0,0,0,0,1
287.76050,283.12256,453.33633,0,0,0,0,1
287.78010,283.12256,453.33633,0,0,0,0,1
287.80030,283.12256,453.33633,0,0,0,0,1
287.82032,283.12256,453.33633,0,0,0,0,1
287.84050,283.12256,453.33633,0,0,0,0,1
287.86022,283.12256,453.33633,0,0,0,0,1
287.88051,283.12256,453.33633,0,0,0,0,1
287.90026,283.12256,453.33633,0,0,0,0,1
287.92046,283.12256,453.33633,0,0,0,0,1
287.94013,283.12256,453.33633,0,0,0,0,1
287.96027,283.12256,453.33633,0,0,0,0,1
287.98041,283.12256,453.33633,0,0,0,0,1
288.00017,283.12256,453.33633,0,0,0,0,1
288.02037,283.12256,453.33633,0,0,0,0,1
288.04045,283.12256,453.33633,0,0,0,0,1
288.06013,283.12256,453.33633,0,0,0,0,1
288.08011,283.12256,453.33633,0,0,0,0,1
288.10029,283.12256,453.33633,0,0,0,0,1
288.12029,283.12256,453.33633,0,0,0,0,1
288.14051,283.12256,453.33633,1,1,0,0,1
288.16010,282.85321,453.54547,1,1,0,0,1
288.18024,282.56995,453.73529,1,1,0,0,1
288.20050,282.27411,453.90491,1,1,0,0,1
288.22017,281.65060,454.18027,1,1,0,0,1
288.24036,281.32599,454.28470,1,1,0,0,1
288.26054,280.99487,454.36621,1,1,0,0,1
288.28027,280.65887,454.42444,1,1,0,0,1
288.30050,280.31964,454.45911,1,1,0,0,1
288.32019,279.29904,454.42053,1,1,0,0,1
288.34010,278.96338,454.36038,1,1,0,0,1
288.36019,278.63275,454.27695,1,1,0,0,1
288.38044,278.30875,454.17065,1,1,0,0,1
288.40004,277.99292,454.04202,1,1,0,0,1
288.42017,277.39203,453.72037,1,1,0,0,1
288.44033,277.10986,453.52890,1,1,0,0,1
288.46054,276.84174,453.31824,1,1,0,0,1
288.48010,276.58893,453.08939,1,1,0,0,1
288.50031,276.35272,452.84344,1,1,0,0,1
288.52010,275.93451,452.30524,1,1,0,0,1
288.54025,275.75458,452.01556,1,1,0,0,1
288.56046,275.59528,451.71405,1,1,0,0,1
288.58032,275.45740,451.40216,1,1,0,0,1
288.60043,275.34158,451.08142,1,1,0,0,1
288.62021,275.17841,450.41965,1,1,0,0,1
288.64043,275.13181,450.08185,1,1,0,0,1
288.66044,275.10889,449.74161,1,1,0,0,1
288.68006,275.10974,449.40060,1,1,0,0,1
288.70049,275.18265,448.72293,1,1,0,0,1
288.72014,275.25436,448.38956,1,1,0,0,1
288.74039,275.46655,447.74182,1,1,0,0,1
288.76038,275.60599,447.43063,1,1,0,0,1
288.78038,275.76678,447.12994,1,1,0,0,1
288.80040,275.94818,446.84119,1,1,0,0,1
288.82020,276.36905,446.30508,1,1,0,0,1
288.84035,276.60651,446.06033,1,1,0,0,1
288.86045,276.86044,445.83273,1,1,0,0,1
288.88014,277.12964,445.62341,1,1,0,0,1
288.90013,277.41278,445.43338,1,1,0,0,1
288.92048,278.01529,445.11475,1,1,0,0,1
288.94008,278.33173,444.98770,1,1,0,0,1
288.96046,278.65628,444.88303,1,1,0,0,1
288.98019,278.98734,444.80124,1,1,0,0,1
289.00021,279.32327,444.74274,1,1,0,0,1
289.02033,280.00330,444.69666,1,1,0,0,1
289.04013,280.34406,444.70926,1,1,0,0,1
289.06018,280.68311,444.74561,1,1,0,0,1
289.08038,281.34949,444.88867,1,1,0,0,1
289.10049,281.67358,444.99472,1,1,0,0,1
289.12040,281.98950,445.12311,1,1,0,0,1
289.14014,282.59067,445.44427,1,1,0,0,1
289.16020,282.87299,445.63553,1,1,0,0,1
289.18052,283.14130,445.84598,1,1,0,0,1
289.20017,283.39426,446.07465,1,1,0,0,1
289.22037,283.84937,446.58203,1,0,0,0,1
289.24021,284.04929,446.85828,1,0,0,0,1
289.26041,284.22946,447.14780,1,0,0,0,1
289.28036,284.40964,447.43732,1,0,0,0,1
289.30048,284.58981,447.72684,0,0,0,0,1
289.32033,284.76999,448.01636,0,0,0,0,1
289.34024,284.76999,448.01636,0,0,0,0,1
289.36008,284.76999,448.01636,0,0,0,0,1
289.38023,284.76999,448.01636,0,0,0,0,1
289.40050,284.76999,448.01636,0,0,0,0,1
289.42012,284.76999,448.01636,0,0,0,0,1
289.44031,284.76999,448.01636,0,0,0,0,1
289.46050,284.76999,448.01636,0,0,0,0,1
289.48011,284.76999,448.01636,0,0,0,0,1
289.50046,284.76999,448.01636,0,0,0,0,1
289.52011,284.76999,448.01636,0,0,0,0,1
289.54038,284.76999,448.01636,0,0,0,0,1
289.56033,284.76999,448.01636,0,0,0,0,1
289.58009,284.76999,448.01636,0,0,0,0,1
289.60052,284.76999,448.01636,0,0,0,0,1
289.62039,284.76999,448.01636,0,0,0,0,1
289.64048,284.76999,448.01636,0,0,0,0,1
289.66019,284.76999,448.01636,0,0,0,0,1
289.68025,284.76999,448.01636,0,0,0,0,1
289.70040,284.76999,448.01636,0,0,0,0,1
289.72044,284.76999,448.01636,0,0,0,0,1
289.74023,284.76999,448.01636,0,0,0,0,1
289.76035,284.76999,448.01636,0,0,0,0,1
289.78050,284.76999,448.01636,0,0,0,0,1
289.80034,284.76999,448.01636,0,0,0,0,1
289.82031,284.76999,448.01636,0,0,0,0,1
289.84047,284.76999,448.01636,0,0,0,0,1
289.86068,284.76999,448.01636,0,0,0,0,1
289.88046,284.76999,448.01636,0,0,0,0,1
289.90021,284.76999,448.01636,0,0,0,0,1
289.92046,284.76999,448.01636,0,0,0,0,1
289.94017,284.76999,448.01636,0,0,0,0,1
289.96032,284.76999,448.01636,0,0,0,0,1
289.98048,284.76999,448.01636,0,0,0,0,1
290.00031,284.76999,448.01636,0,0,0,0,1
290.02048,284.76999,448.01636,0,0,0,0,1
290.04042,284.76999,448.01636,0,0,0,0,1
290.06015,284.76999,448.01636,1,0,0,0,1
290.08031,284.95016,448.30588,1,0,0,0,1
290.10050,285.13034,448.59540,1,0,0,0,1
290.12014,285.49069,449.17444,1,0,0,0,1
290.14046,285.67087,449.46396,1,0,0,0,1
290.16003,285.85104,449.75348,1,0,0,0,1
290.18022,286.03122,450.04300,1,0,0,0,1
290.20055,286.21140,450.33252,1,0,0,0,1
290.22013,286.57175,450.91156,1,0,0,0,1
290.24026,286.75192,451.20108,1,0,0,0,1
290.26046,286.93210,451.49060,1,0,0,0,1
290.28015,287.29245,452.06964,1,0,0,0,1
290.30023,287.47263,452.35916,1,0,0,0,1
290.32030,287.65280,452.64868,1,0,0,0,1
290.34049,288.01315,453.22772,1,0,0,0,1
290.36019,288.19333,453.51724,1,0,0,0,1
290.38053,288.37350,453.80676,1,0,0,0,1
290.40026,288.55368,454.09628,1,0,0,0,1
290.42033,288.91403,454.67532,1,0,0,0,1
290.44050,289.09421,454.96484,1,0,0,0,1
290.46015,289.27438,455.25436,1,0,0,0,1
290.48033,289.45456,455.54388,1,0,0,0,1
290.50044,289.63474,455.83340,1,0,0,0,1
290.52015,289.99509,456.41245,1,0,0,0,1
290.54039,290.17526,456.70197,1,0,0,0,1
290.56015,290.35544,456.99149,1,0,0,0,1
290.58039,290.53561,457.28101,1,0,0,0,1
290.60021,290.71579,457.57053,1,0,0,0,1
290.62008,291.07614,458.14957,1,0,0,0,1
290.64035,291.25632,458.43909,1,0,0,0,1
290.66020,291.61667,459.01813,1,0,0,0,1
290.68030,291.61667,459.01813,1,0,0,0,1
290.70045,291.97702,459.59717,1,0,0,0,1
290.72019,292.33737,460.17621,1,0,0,0,1
290.74021,292.51755,460.46573,1,0,0,0,1
290.76014,292.69772,460.75525,1,0,0,0,1
290.78025,292.87790,461.04477,1,0,0,0,1
290.80048,293.05807,461.33429,1,0,0,0,1
290.82031,293.41843,461.91333,1,0,0,0,1
290.84051,293.59860,462.20285,1,0,0,0,1
290.86044,293.77878,462.49237,1,0,0,0,1
290.88043,293.95895,462.78189,1,0,0,0,1
290.90050,294.13913,463.07141,1,0,0,0,1
290.92051,294.49948,463.65045,1,0,0,0,1
290.94051,294.67966,463.93997,0,0,0,0,1
290.96005,294.67966,463.93997,0,0,0,0,1
290.98025,294.67966,463.93997,0,0,0,0,1
291.00024,294.67966,463.93997,0,0,0,0,1
291.02039,294.67966,463.93997,0,0,0,0,1
291.04032,294.67966,463.93997,0,0,0,0,1
291.06057,294.67966,463.93997,0,0,0,0,1
291.08021,294.67966,463.93997,0,0,0,0,1
291.10044,294.67966,463.93997,0,0,0,0,1
291.12045,294.67966,463.93997,0,0,0,0,1
291.14012,294.67966,463.93997,0,0,0,0,1
291.16028,294.67966,463.93997,0,0,0,0,1
291.18044,294.67966,463.93997,0,0,0,0,1
291.20033,294.67966,463.93997,0,0,0,0,1
291.22049,294.67966,463.93997,0,0,0,0,1
291.24008,294.67966,463.93997,0,0,0,0,1
291.26014,294.67966,463.93997,0,0,0,0,1
291.28016,294.67966,463.93997,0,0,0,0,1
291.30044,294.67966,463.93997,0,0,0,0,1
291.32041,294.67966,463.93997,0,0,0,0,1
291.34039,294.67966,463.93997,0,0,0,0,1
291.36015,294.67966,463.93997,0,0,0,0,1
291.38031,294.67966,463.93997,0,0,0,0,1
291.40038,294.67966,463.93997,0,0,0,0,1
291.42045,294.67966,463.93997,0,0,0,0,1
291.44013,294.67966,463.93997,0,0,0,0,1
291.46040,294.67966,463.93997,0,0,0,0,1
291.48027,294.67966,463.93997,1,0,1,0,1
291.50014,294.85983,464.22949,1,0,1,0,1
291.52012,295.05978,464.50574,1,0,1,0,1
291.54034,295.51501,465.01300,1,0,1,0,1
291.56006,295.76807,465.24158,1,0,1,0,1
291.58039,296.03647,465.45190,1,0,1,0,1
291.60037,296.31891,465.64297,1,0,1,0,1
291.62052,296.92032,465.96375,1,0,1,0,1
291.64005,297.23633,466.09186,1,0,1,0,1
291.66023,297.56052,466.19757,1,0,1,0,1
291.68039,297.89130,466.28040,1,0,1,0,1
291.70009,298.22705,466.33990,1,0,1,0,1
291.72014,298.56616,466.37582,1,0,1,0,1
291.74025,299.24774,466.37631,1,0,1,0,1
291.76050,299.58688,466.34088,1,0,1,0,1
291.78011,299.92273,466.28183,1,0,1,0,1
291.80007,300.25363,466.19949,1,0,1,0,1
291.82043,300.89417,465.96658,1,0,1,0,1
291.84036,301.20068,465.81717,1,0,1,0,1
291.86009,301.77875,465.45602,1,0,1,0,1
291.88022,302.04745,465.24606,1,0,1,0,1
291.90017,302.30084,465.01785,1,0,1,0,1
291.92018,302.53769,464.77252,1,0,1,0,1
291.94010,302.95715,464.23529,1,0,1,0,1
291.96053,303.13773,463.94601,1,0,1,0,1
291.98053,303.29767,463.64484,1,0,1,0,1
292.00026,303.43619,463.33325,1,0,1,0,1
292.02010,303.55261,463.01273,1,0,1,0,1
292.04029,303.71698,462.35126,1,0,1,0,1
292.06021,303.76413,462.01352,1,0,1,0,1
292.08038,303.78760,461.67334,1,0,1,0,1
292.10009,303.78726,461.33234,1,0,1,0,1
292.12046,303.76312,460.99219,1,0,1,0,1
292.14020,303.64401,460.32111,1,0,1,0,1
292.16033,303.54959,459.99344,1,0,1,0,1
292.18016,303.43253,459.67316,1,0,1,0,1
292.20019,303.29340,459.36185,1,0,1,0,1
292.22006,303.13284,459.06100,1,0,1,0,1
292.24026,302.75079,458.49655,1,0,1,0,1
292.26047,302.29382,457.99084,1,0,1,0,1
292.28017,302.03998,457.76315,1,0,1,0,1
292.30032,301.77084,457.55374,1,0,1,0,1
292.32035,301.48776,457.36365,1,0,1,0,1
292.34009,300.88525,457.04498,1,0,1,0,1
292.36027,300.56879,456.91797,1,0,1,0,1
292.38021,300.24423,456.81335,1,0,1,0,1
292.40040,299.91315,456.73166,1,0,1,0,1
292.42028,299.57718,456.67331,1,0,1,0,1
292.44048,298.89713,456.62756,1,0,1,0,1
292.46016,298.55637,456.64041,1,0,1,0,1
292.48026,298.21735,456.67703,1,0,1,0,1
292.50050,297.88171,456.73724,1,0,1,0,1
292.52008,297.55109,456.82074,1,0,1,0,1
292.54025,296.91135,457.05588,1,0,1,0,1
292.56007,296.60535,457.20636,1,0,1,0,1
292.58034,296.31061,457.37784,1,0,0,0,1
292.60045,296.02856,457.56949,1,0,0,0,1
292.62007,295.76059,457.78036,0,0,0,0,1
292.64025,295.49261,457.99124,0,0,0,0,1
292.66051,295.49261,457.99124,0,0,0,0,1
292.68017,295.49261,457.99124,0,0,0,0,1
292.70034,295.49261,457.99124,0,0,0,0,1
292.72008,295.49261,457.99124,0,0,0,0,1
292.74025,295.49261,457.99124,0,0,0,0,1
292.76036,295.49261,457.99124,0,0,0,0,1
292.78045,295.49261,457.99124,0,0,0,0,1
292.80013,295.49261,457.99124,0,0,0,0,1
292.82042,295.49261,457.99124,0,0,0,0,1
292.84007,295.49261,457.99124,0,0,0,0,1
292.86044,295.49261,457.99124,0,0,0,0,1
292.88024,295.49261,457.99124,0,0,0,0,1
292.90049,295.49261,457.99124,0,0,0,0,1
292.92015,295.49261,457.99124,0,0,0,0,1
292.94024,295.49261,457.99124,0,0,0,0,1
292.96051,295.49261,457.99124,0,0,0,0,1
292.98017,295.49261,457.99124,0,0,0,0,1
293.00017,295.49261,457.99124,0,0,0,0,1
293.02044,295.49261,457.99124,0,1,0,0,1
293.04012,295.49261,457.99124,1,1,0,0,1
293.06032,295.19791,458.16278,1,1,0,0,1
293.08041,294.89194,458.31335,1,1,0,0,1
293.10040,294.57623,458.44223,1,1,0,0,1
293.12047,294.25229,458.54877,1,1,0,0,1
293.14035,293.58612,458.69287,1,1,0,0,1
293.16038,293.24713,458.72974,1,1,0,0,1
293.18016,292.90637,458.74289,1,1,0,0,1
293.20012,292.56555,458.73224,1,1,0,0,1
293.22053,292.22629,458.69785,1,1,0,0,1
293.24068,291.55908,458.55859,1,1,0,0,1
293.26035,291.23438,458.45444,1,1,0,0,1
293.28047,290.91772,458.32788,1,1,0,0,1
293.30016,290.61069,458.17953,1,1,0,0,1
293.32007,290.31473,458.01016,1,1,0,0,1
293.34044,289.76181,457.61163,1,1,0,0,1
293.36028,289.50754,457.38443,1,1,0,0,1
293.38017,289.26971,457.14005,1,1,0,0,1
293.40027,289.04953,456.87967,1,1,0,0,1
293.42045,288.66620,456.31610,1,1,0,0,1
293.44011,288.50494,456.01566,1,1,0,0,1
293.46035,288.24713,455.38470,1,1,0,0,1
293.48016,288.15186,455.05728,1,1,0,0,1
293.50016,288.07962,454.72403,1,1,0,0,1
293.52028,288.03082,454.38654,1,1,0,0,1
293.54003,288.00430,453.70547,1,1,0,0,1
293.56027,288.02670,453.36520,1,1,0,0,1
293.58017,288.07278,453.02734,1,1,0,0,1
293.60041,288.14233,452.69351,1,1,0,0,1
293.62031,288.23499,452.36533,1,1,0,0,1
293.64021,288.48770,451.73230,1,1,0,0,1
293.66030,288.64655,451.43054,1,1,0,0,1
293.68026,288.82605,451.14059,1,1,0,0,1
293.70037,289.02533,450.86389,1,1,0,0,1
293.72013,289.24341,450.60175,1,1,0,0,1
293.74016,289.73169,450.12622,1,1,0,0,1
293.76040,289.99951,449.91513,1,1,0,0,1
293.78050,290.28140,449.72324,1,1,0,0,1
293.80044,290.88184,449.40070,1,1,0,0,1
293.82035,291.19745,449.27161,1,1,0,0,1
293.84046,291.52130,449.16483,1,1,0,0,1
293.86033,292.18738,449.02023,1,1,0,0,1
293.88015,292.52634,448.98309,1,1,0,0,1
293.90015,292.86707,448.96970,1,1,0,0,1
293.92033,293.20792,448.98010,1,1,0,0,1
293.94007,293.88330,449.07196,1,1,0,0,1
293.96016,294.21454,449.15298,1,1,0,0,1
293.98041,294.53931,449.25690,1,1,0,0,1
294.00016,294.85605,449.38321,1,1,0,0,1
294.02022,295.16321,449.53131,1,1,0,0,1
294.04045,295.74286,449.88986,1,1,0,0,1
294.06020,296.01254,450.09857,1,1,0,0,1
294.08035,296.26700,450.32559,1,1,0,0,1
294.10017,296.50500,450.56979,1,1,0,0,1
294.12035,296.72540,450.82999,0,0,0,0,1
294.14048,296.92712,451.10492,0,0,0,0,1
294.16010,296.92712,451.10492,0,0,0,0,1
294.18009,296.92712,451.10492,0,0,0,0,1
294.20019,296.92712,451.10492,0,0,0,0,1
294.22035,296.92712,451.10492,0,0,0,0,1
294.24011,296.92712,451.10492,0,0,0,0,1
294.26046,296.92712,451.10492,0,0,0,0,1
294.28025,296.92712,451.10492,0,0,0,0,1
294.30039,296.92712,451.10492,0,0,0,0,1
294.32025,296.92712,451.10492,0,0,0,0,1
294.34038,296.92712,451.10492,0,0,0,0,1
294.36016,296.92712,451.10492,0,0,0,0,1
294.38016,296.92712,451.10492,0,0,0,0,1
294.40012,296.92712,451.10492,0,0,0,0,1
294.42039,296.92712,451.10492,0,0,0,0,1
294.44015,296.92712,451.10492,0,0,0,0,1
294.46041,296.92712,451.10492,0,0,0,0,1
294.48050,296.92712,451.10492,0,0,0,0,1
294.50020,296.92712,451.10492,0,0,0,0,1
294.52032,296.92712,451.10492,0,0,0,0,1
294.54022,296.92712,451.10492,0,0,0,0,1
294.56006,296.92712,451.10492,0,0,0,0,1
294.58011,296.92712,451.10492,0,0,0,0,1
294.60035,296.92712,451.10492,0,0,0,0,1
294.62026,296.92712,451.10492,0,0,0,0,1
294.64011,296.92712,451.10492,0,0,0,0,1
294.66040,296.92712,451.10492,0,0,0,0,1
294.68017,296.92712,451.10492,0,0,0,0,1
294.70033,296.92712,451.10492,0,0,0,0,1
294.72047,296.92712,451.10492,0,0,0,0,1
294.74012,296.92712,451.10492,0,0,0,0,1
294.76028,296.92712,451.10492,0,0,0,0,1
294.78042,296.92712,451.10492,0,0,0,0,1
294.80007,296.92712,451.10492,0,0,0,0,1
294.82022,296.92712,451.10492,0,0,0,0,1
294.84013,296.92712,451.10492,0,0,0,0,1
294.86033,296.92712,451.10492,0,0,0,0,1
294.88055,296.92712,451.10492,0,0,0,0,1
294.90036,296.92712,451.10492,0,0,0,0,1
294.92010,296.92712,451.10492,0,0,0,0,1
294.94034,296.92712,451.10492,0,0,0,0,1
294.96053,296.92712,451.10492,0,0,0,0,1
294.98021,296.92712,451.10492,0,0,0,0,1
295.00034,296.92712,451.10492,0,0,0,0,1
295.02008,296.92712,451.10492,0,0,0,0,1
295.04052,296.92712,451.10492,0,0,0,0,1
295.06050,296.92712,451.10492,0,0,0,0,1
295.08031,296.92712,451.10492,0,0,0,0,1
295.10038,296.92712,451.10492,0,0,0,0,1
295.12030,296.92712,451.10492,0,0,0,0,1
295.14033,296.92712,451.10492,0,0,0,0,1
295.16041,296.92712,451.10492,0,0,0,0,1
295.18011,296.92712,451.10492,0,0,0,0,1
295.20035,296.92712,451.10492,0,0,0,0,1
295.22034,296.92712,451.10492,0,0,0,0,1
295.24037,296.92712,451.10492,0,0,0,0,1
295.26007,296.92712,451.10492,0,0,0,0,1
295.28007,296.92712,451.10492,0,0,0,0,1
295.30069,296.92712,451.10492,0,0,0,0,1
295.32012,296.92712,451.10492,0,0,0,0,1
295.34037,296.92712,451.10492,0,0,0,0,1
295.36047,296.92712,451.10492,0,0,0,0,1
295.38014,296.92712,451.10492,0,0,0,0,1
295.40053,296.92712,451.10492,0,0,0,0,1
295.42029,296.92712,451.10492,0,0,0,0,1
295.44037,296.92712,451.10492,0,0,0,0,1
295.46010,296.92712,451.10492,0,0,0,0,1
295.48025,296.92712,451.10492,0,0,0,0,1
295.50045,296.92712,451.10492,0,0,0,0,1
295.52024,296.92712,451.10492,0,0,0,0,1
295.54021,296.92712,451.10492,0,0,0,0,1
295.56047,296.92712,451.10492,0,0,0,0,1
295.58030,296.92712,451.10492,0,0,0,0,1
295.60045,296.92712,451.10492,0,0,0,0,1
295.62022,296.92712,451.10492,0,0,0,0,1
295.64003,296.92712,451.10492,0,0,0,0,1
295.66016,296.92712,451.10492,0,0,0,0,1
295.68051,296.92712,451.10492,0,0,0,0,1
295.70030,296.92712,451.10492,0,0,0,0,1
295.72030,296.92712,451.10492,0,0,0,0,1
295.74045,296.92712,451.10492,0,0,0,0,1
295.76044,296.92712,451.10492,0,0,0,0,1
295.78004,296.92712,451.10492,0,0,0,0,1
295.80011,296.92712,451.10492,0,0,0,0,1
295.82007,296.92712,451.10492,0,0,0,0,1
295.84013,296.92712,451.10492,0,0,0,0,1
295.86035,296.92712,451.10492,0,0,0,0,1
295.88004,296.92712,451.10492,0,0,0,0,1
295.90023,296.92712,451.10492,0,0,0,0,1
295.92035,296.92712,451.10492,0,0,0,0,1
295.94047,296.92712,451.10492,0,0,0,0,1
295.96041,296.92712,451.10492,0,0,0,0,1
295.98009,296.92712,451.10492,0,0,0,0,1
296.00021,296.92712,451.10492,0,0,0,0,1
296.02048,296.92712,451.10492,0,0,0,0,1
296.04008,296.92712,451.10492,0,0,0,0,1
296.06018,296.92712,451.10492,0,0,0,0,1
296.08040,296.92712,451.10492,0,0,0,0,1
296.10029,296.92712,451.10492,0,0,0,0,1
296.12038,296.92712,451.10492,0,0,0,0,1
296.14011,296.92712,451.10492,0,0,0,0,1
296.16036,296.92712,451.10492,0,0,0,0,1
296.18006,296.92712,451.10492,0,0,0,0,1
296.20013,296.92712,451.10492,0,0,0,0,1
296.22043,296.92712,451.10492,0,0,0,0,1
296.24033,296.92712,451.10492,0,0,0,0,1
296.26005,296.92712,451.10492,0,0,0,0,1
296.28021,296.92712,451.10492,0,0,0,0,1
296.30047,296.92712,451.10492,0,0,0,0,1
296.32029,296.92712,451.10492,0,0,0,0,1
296.34028,296.92712,451.10492,0,0,0,0,1
296.36048,296.92712,451.10492,0,0,0,0,1
296.38007,296.92712,451.10492,0,0,0,0,1
296.40024,296.92712,451.10492,0,0,0,0,1
296.42026,296.92712,451.10492,0,0,0,0,1
296.44040,296.92712,451.10492,0,0,0,0,1
296.46008,296.92712,451.10492,0,0,0,0,1
296.48016,296.92712,451.10492,0,0,0,0,1
296.50047,296.92712,451.10492,0,0,0,0,1
296.52025,296.92712,451.10492,1,0,0,0,1
296.54016,297.12885,451.37985,1,0,0,0,1
296.56014,297.73401,452.20465,1,0,0,0,1
296.58018,297.93573,452.47958,1,0,0,0,1
296.60043,298.13745,452.75452,1,0,0,0,1
296.62020,298.33917,453.02945,1,0,0,0,1
296.64050,298.54089,453.30438,1,0,0,0,1
296.66023,298.94434,453.85425,1,0,0,0,1
296.68050,299.14606,454.12918,1,0,0,0,1
296.70022,299.34778,454.40411,1,0,0,0,1
296.72033,299.54950,454.67905,1,0,0,0,1
296.74051,299.75122,454.95398,1,0,0,0,1
296.76011,300.15466,455.50385,1,0,0,0,1
296.78051,300.35638,455.77878,1,0,0,0,1
296.80023,300.55811,456.05371,1,0,0,0,1
296.82041,300.75983,456.32864,1,0,0,0,1
296.84013,300.96155,456.60358,1,0,0,0,1
296.86006,301.36499,457.15344,1,0,0,0,1
296.88028,301.56671,457.42838,1,0,0,0,1
296.90045,301.76843,457.70331,1,0,0,0,1
296.92005,301.97015,457.97824,1,0,0,0,1
296.94035,302.17188,458.25317,1,0,0,0,1
296.96007,302.77704,459.07797,1,0,0,0,1
296.98019,302.97876,459.35291,1,0,0,0,1
297.00039,303.18048,459.62784,1,0,0,0,1
297.02039,303.38220,459.90277,1,0,0,0,1
297.04010,303.58392,460.17770,1,0,0,0,1
297.06025,303.98737,460.72757,1,0,0,0,1
297.08044,304.18909,461.00250,1,0,0,0,1
297.10043,304.39081,461.27744,1,0,0,0,1
297.12052,304.59253,461.55237,1,0,0,0,1
297.14055,304.79425,461.82730,1,0,0,0,1
297.16042,305.19769,462.37717,1,0,0,0,1
297.18045,305.39941,462.65210,1,0,0,0,1
297.20012,305.60114,462.92703,1,0,0,0,1
297.22051,305.80286,463.20197,1,0,0,0,1
297.24018,306.00458,463.47690,1,0,0,0,1
297.26042,306.40802,464.02676,1,0,0,0,1
297.28039,306.60974,464.30170,1,0,0,0,1
297.30021,306.81146,464.57663,1,0,0,0,1
297.32014,307.01318,464.85156,1,0,0,0,1
297.34019,307.41663,465.40143,1,0,0,0,1
297.36017,307.61835,465.67636,1,0,0,0,1
297.38033,308.02179,466.22623,1,0,0,0,1
297.40030,308.22351,466.50116,1,0,0,0,1
297.42036,308.42523,466.77609,1,0,0,0,1
297.44037,308.62695,467.05103,1,0,0,0,1
297.46037,309.03040,467.60089,1,0,0,0,1
297.48007,309.23212,467.87582,1,0,0,0,1
297.50025,309.43384,468.15076,1,0,0,0,1
297.52043,309.63556,468.42569,1,0,0,0,1
297.54026,309.83728,468.70062,1,0,0,0,1
297.56044,310.24072,469.25049,0,0,0,0,1
297.58013,310.24072,469.25049,0,0,0,0,1
297.60040,310.24072,469.25049,0,0,0,0,1
297.62010,310.24072,469.25049,0,0,0,0,1
297.64043,310.24072,469.25049,0,0,0,0,1
297.66052,310.24072,469.25049,0,0,0,0,1
297.68021,310.24072,469.25049,0,0,0,0,1
297.70021,310.24072,469.25049,0,0,0,0,1
297.72050,310.24072,469.25049,0,0,0,0,1
297.74039,310.24072,469.25049,0,0,0,0,1
297.76051,310.24072,469.25049,0,0,0,0,1
297.78022,310.24072,469.25049,0,0,0,0,1
297.80054,310.24072,469.25049,0,0,0,0,1
297.82014,310.24072,469.25049,0,0,0,0,1
297.84021,310.24072,469.25049,0,0,0,0,1
297.86019,310.24072,469.25049,1,0,0,0,1
297.88040,310.24072,469.25049,1,0,1,0,1
297.90035,310.44244,469.52542,1,0,1,0,1
297.92021,310.64417,469.80035,1,0,1,0,1
297.94006,310.86459,470.06055,1,0,1,0,1
297.96010,311.35718,470.53162,1,0,1,0,1
297.98031,311.62692,470.74023,1,0,1,0,1
298.00006,311.91058,470.92950,1,0,1,0,1
298.02050,312.20676,471.09848,1,0,1,0,1
298.04027,312.51401,471.24637,1,0,1,0,1
298.06017,313.15570,471.47607,1,0,1,0,1
298.08039,313.48700,471.55676,1,0,1,0,1
298.10009,313.82315,471.61414,1,0,1,0,1
298.12032,314.16248,471.64789,1,0,1,0,1
298.14047,314.50333,471.65787,1,0,1,0,1
298.16026,315.18298,471.60638,1,0,1,0,1
298.18036,315.84882,471.46072,1,0,1,0,1
298.20010,316.17249,471.35339,1,0,1,0,1
298.22037,316.48785,471.22372,1,0,1,0,1
298.24052,316.79340,471.07233,1,0,1,0,1
298.26011,317.36914,470.70749,1,0,1,0,1
298.28023,317.63651,470.49582,1,0,1,0,1
298.30044,317.88843,470.26599,1,0,1,0,1
298.32021,318.12369,470.01913,1,0,1,0,1
298.34052,318.34113,469.75644,1,0,1,0,1
298.36025,318.71841,469.18881,1,0,1,0,1
298.38045,318.87640,468.88663,1,0,1,0,1
298.40015,319.01291,468.57416,1,0,1,0,1
298.42045,319.12726,468.25290,1,0,1,0,1
298.44025,319.21890,467.92444,1,0,1,0,1
298.46006,319.33237,467.25238,1,0,1,0,1
298.48022,319.35364,466.91205,1,0,1,0,1
298.50040,319.35114,466.57104,1,0,1,0,1
298.52011,319.32480,466.23105,1,0,1,0,1
298.54029,319.20139,465.56073,1,0,1,0,1
298.56035,319.10486,465.23367,1,0,1,0,1
298.58018,318.98575,464.91415,1,0,1,0,1
298.60010,318.68213,464.30392,1,0,1,0,1
298.62031,318.49911,464.01620,1,0,1,0,1
298.64051,318.29645,463.74197,1,0,1,0,1
298.66049,317.83624,463.23920,1,0,1,0,1
298.68053,317.58093,463.01315,1,0,1,0,1
298.70046,317.31046,462.80548,1,0,1,0,1
298.72044,317.02615,462.61719,1,0,1,0,1
298.74022,316.72940,462.44922,1,0,1,0,1
298.76039,316.10437,462.17743,1,0,1,0,1
298.78007,315.77914,462.07492,1,0,1,0,1
298.80018,315.44754,461.99536,1,0,1,0,1
298.82047,315.11121,461.93915,1,0,1,0,1
298.84045,314.77176,461.90656,1,0,0,0,1
298.86049,314.09021,461.91281,0,0,0,0,1
298.88011,314.09021,461.91281,0,0,0,0,1
298.90036,314.09021,461.91281,0,0,0,0,1
298.92033,314.09021,461.91281,0,0,0,0,1
298.94049,314.09021,461.91281,0,0,0,0,1
298.96053,314.09021,461.91281,0,0,0,0,1
298.98012,314.09021,461.91281,0,0,0,0,1
299.00019,314.09021,461.91281,0,0,0,0,1
299.02034,314.09021,461.91281,0,0,0,0,1
299.04019,314.09021,461.91281,0,0,0,0,1
299.06047,314.09021,461.91281,0,0,0,0,1
299.08011,314.09021,461.91281,0,0,0,0,1
299.10030,314.09021,461.91281,0,0,0,0,1
299.12036,314.09021,461.91281,0,0,0,0,1
299.14007,314.09021,461.91281,0,0,0,0,1
299.16027,314.09021,461.91281,1,1,0,0,1
299.18053,313.74954,461.92786,1,1,0,0,1
299.20013,313.40866,461.91910,1,1,0,0,1
299.22004,313.06921,461.88660,1,1,0,0,1
299.24040,312.73285,461.83051,1,1,0,0,1
299.26051,312.07593,461.64871,1,1,0,0,1
299.28032,311.75858,461.52393,1,1,0,0,1
299.30024,311.15381,461.20956,1,1,0,0,1
299.32038,310.86932,461.02155,1,1,0,0,1
299.34054,310.59866,460.81412,1,1,0,0,1
299.36035,310.10394,460.34525,1,1,0,0,1
299.38025,309.88229,460.08609,1,1,0,0,1
299.40052,309.67926,459.81210,1,1,0,0,1
299.42024,309.49582,459.52463,1,1,0,0,1
299.44003,309.33289,459.22507,1,1,0,0,1
299.46028,309.07159,458.59558,1,1,0,0,1
299.48043,308.97449,458.26871,1,1,0,0,1
299.50022,308.90042,457.93585,1,1,0,0,1
299.52048,308.84973,457.59863,1,1,0,0,1
299.54006,308.82269,457.25870,1,1,0,0,1
299.56013,308.83994,456.57733,1,1,0,0,1
299.58004,308.88416,456.23920,1,1,0,0,1
299.60017,308.95184,455.90497,1,1,0,0,1
299.62018,309.04266,455.57629,1,1,0,0,1
299.64018,309.15619,455.25476,1,1,0,0,1
299.66056,309.44904,454.63931,1,1,0,0,1
299.68030,309.82465,454.07059,1,1,0,0,1
299.70056,310.04129,453.80725,1,1,0,0,1
299.72026,310.27576,453.55966,1,1,0,0,1
299.74026,310.52692,453.32901,1,1,0,0,1
299.76014,310.79355,453.11646,1,1,0,0,1
299.78028,311.36798,452.74960,1,1,0,0,1
299.80007,311.67297,452.59711,1,1,0,0,1
299.82052,311.98785,452.46625,1,1,0,0,1
299.84023,312.31110,452.35767,1,1,0,0,1
299.86041,312.97635,452.20935,1,1,0,0,1
299.88010,313.31512,452.17035,1,1,0,0,1
299.90038,313.65579,452.15506,1,1,0,0,1
299.92029,313.99667,452.16357,1,1,0,0,1
299.94033,314.33615,452.19583,1,1,0,0,1
299.96015,314.67255,452.25168,1,1,0,0,1
299.98034,315.32959,452.43295,1,1,0,0,1
300.00016,315.64703,452.55750,1,1,0,0,1
300.02038,315.95502,452.70389,1,1,0,0,1
300.04012,316.25204,452.87140,1,1,0,0,1
300.06033,316.53665,453.05920,1,1,0,0,1
300.08009,317.30252,453.73486,1,1,0,0,1
300.10008,317.52435,453.99384,1,1,0,0,1
300.12029,317.72760,454.26764,1,1,0,0,1
300.14031,317.91125,454.55496,1,1,0,0,1
300.16053,318.07443,454.85440,1,1,0,0,1
300.18012,318.33621,455.48370,1,1,0,0,1
300.20026,318.43356,455.81052,1,1,0,0,1
300.22011,318.50790,456.14331,1,1,0,0,1
300.24051,318.55884,456.48050,1,1,0,0,1
300.26039,318.58615,456.82040,1,1,0,0,1
300.28053,318.56943,457.50177,1,1,0,0,1
300.30023,318.52548,457.83994,1,1,0,0,1
300.32044,318.45807,458.17419,1,1,0,0,1
300.34013,318.36749,458.50296,1,1,0,0,1
300.36016,318.25421,458.82458,1,1,0,0,1
300.38043,317.96185,459.44028,1,1,0,0,1
300.40031,317.78418,459.73135,1,1,0,0,1
300.42050,317.58667,460.00931,1,1,0,0,1
300.44019,317.37024,460.27283,1,1,0,0,1
300.46041,317.13596,460.52060,1,1,0,0,1
300.48014,316.61850,460.96420,1,1,0,0,1
300.50033,316.04434,461.33148,1,1,0,0,1
300.52032,315.73947,461.48422,1,1,0,0,1
300.54040,315.42468,461.61533,1,1,0,0,1
300.56053,315.10150,461.72415,1,1,0,0,1
300.58030,314.43637,461.87299,1,1,0,0,1
300.60043,314.09763,461.91226,1,1,0,0,1
300.62019,313.75699,461.92783,1,1,0,0,1
300.64018,313.41608,461.91959,1,1,0,0,1
300.66052,313.07657,461.88760,1,1,0,0,1
300.68007,312.74014,461.83200,0,0,0,0,1
300.70043,312.74014,461.83200,0,0,0,0,1
300.72052,312.74014,461.83200,0,0,0,0,1
300.74017,312.74014,461.83200,0,0,0,0,1
300.76041,312.74014,461.83200,0,0,0,0,1
300.78052,312.74014,461.83200,0,0,0,0,1
300.80049,312.74014,461.83200,0,0,0,0,1
300.82014,312.74014,461.83200,0,0,0,0,1
300.84031,312.74014,461.83200,0,0,0,0,1
300.86006,312.74014,461.83200,0,0,0,0,1
300.88052,312.74014,461.83200,0,0,0,0,1
300.90021,312.74014,461.83200,0,0,0,0,1
300.92041,312.74014,461.83200,0,0,0,0,1
300.94020,312.74014,461.83200,0,0,0,0,1
300.96049,312.74014,461.83200,0,0,0,0,1
300.98012,312.74014,461.83200,0,0,0,0,1
301.00038,312.74014,461.83200,0,0,0,0,1
301.02045,312.74014,461.83200,0,0,0,0,1
301.04010,312.74014,461.83200,0,0,0,0,1
301.06041,312.74014,461.83200,0,0,0,0,1
301.08043,312.74014,461.83200,0,0,0,0,1
301.10018,312.74014,461.83200,0,0,0,0,1
301.12039,312.74014,461.83200,0,0,0,0,1
301.14053,312.74014,461.83200,0,0,0,0,1
301.16018,312.74014,461.83200,0,0,0,0,1
301.18032,312.74014,461.83200,0,0,0,0,1
301.20038,312.74014,461.83200,0,0,0,0,1
301.22053,312.74014,461.83200,0,0,0,0,1
301.24017,312.74014,461.83200,0,0,0,0,1
301.26013,312.74014,461.83200,0,0,0,0,1
301.28029,312.74014,461.83200,0,0,0,0,1
301.30007,312.74014,461.83200,0,0,0,0,1
301.32032,312.74014,461.83200,0,0,0,0,1
301.34046,312.74014,461.83200,0,0,0,0,1
301.36025,312.74014,461.83200,0,0,0,0,1
301.38040,312.74014,461.83200,0,0,0,0,1
301.40010,312.74014,461.83200,0,0,0,0,1
301.42024,312.74014,461.83200,1,0,0,0,1
301.44032,312.74014,461.83200,1,0,0,0,1
301.46050,312.41470,461.73013,1,0,0,0,1
301.48030,311.76382,461.52640,1,0,0,0,1
301.50009,311.43839,461.42453,1,0,0,0,1
301.52026,311.11295,461.32266,1,0,0,0,1
301.54043,310.78751,461.22079,1,0,0,0,1
301.56018,310.46207,461.11893,1,0,0,0,1
301.58033,309.81119,460.91519,1,0,0,0,1
301.60029,309.48575,460.81332,1,0,0,0,1
301.62038,309.16031,460.71146,1,0,0,0,1
301.64051,308.83487,460.60959,1,0,0,0,1
301.66018,308.50943,460.50772,1,0,0,0,1
301.68014,307.85855,460.30399,1,0,0,0,1
301.70033,307.20767,460.10025,1,0,0,0,1
301.72010,306.88223,459.99838,1,0,0,0,1
301.74016,306.55679,459.89651,1,0,0,0,1
301.76010,306.23135,459.79465,1,0,0,0,1
301.78028,305.58047,459.59091,1,0,0,0,1
301.80027,305.25504,459.48904,1,0,0,0,1
301.82028,304.92960,459.38718,1,0,0,0,1
301.84040,304.60416,459.28531,1,0,0,0,1
301.86007,304.27872,459.18344,1,0,0,0,1
301.88055,303.62784,458.97971,1,0,0,0,1
301.90012,303.30240,458.87784,1,0,0,0,1
301.92015,302.97696,458.77597,1,0,0,0,1
301.94030,302.65152,458.67410,1,0,0,0,1
301.96006,302.32608,458.57224,1,0,0,0,1
301.98006,301.67520,458.36850,1,0,0,0,1
302.00050,301.34976,458.26663,1,0,0,0,1
302.02012,301.02432,458.16476,1,0,0,0,1
302.04006,300.69888,458.06290,1,0,0,0,1
302.06032,300.04800,457.85916,1,0,0,0,1
302.08054,299.72256,457.75729,1,0,0,0,1
302.10003,299.07169,457.55356,1,0,0,0,1
302.12008,298.74625,457.45169,1,0,0,0,1
302.14014,298.42081,457.34982,1,0,0,0,1
302.16030,298.09537,457.24796,1,0,0,0,1
302.18075,297.44449,457.04422,1,0,0,0,1
302.20084,297.11905,456.94235,1,0,0,0,1
302.22043,296.79361,456.84048,1,0,0,0,1
302.24014,296.46817,456.73862,1,0,0,0,1
302.26030,296.14273,456.63675,1,0,0,0,1
302.28052,295.49185,456.43301,1,0,0,0,1
302.30044,295.16641,456.33115,1,0,0,0,1
302.32012,294.84097,456.22928,1,0,0,0,1
302.34034,294.51553,456.12741,1,0,0,0,1
302.36049,294.19009,456.02554,1,0,0,0,1
302.38030,293.53922,455.82181,1,0,0,0,1
302.40017,293.21378,455.71994,1,0,0,0,1
302.42054,292.88834,455.61807,1,0,0,0,1
302.44037,292.56290,455.51620,1,0,0,0,1
302.46045,291.91202,455.31247,1,0,0,0,1
302.48054,291.58658,455.21060,0,0,0,0,1
302.50031,291.26114,455.10873,0,0,0,0,1
302.52047,291.26114,455.10873,0,0,0,0,1
302.54015,291.26114,455.10873,0,0,0,0,1
302.56004,291.26114,455.10873,0,0,0,0,1
302.58047,291.26114,455.10873,0,0,0,0,1
302.60006,291.26114,455.10873,0,0,0,0,1
302.62020,291.26114,455.10873,0,0,0,0,1
302.64039,291.26114,455.10873,0,0,0,0,1
302.66011,291.26114,455.10873,0,0,0,0,1
302.68052,291.26114,455.10873,0,0,0,0,1
302.70042,291.26114,455.10873,0,0,0,0,1
302.72038,291.26114,455.10873,0,0,0,0,1
302.74012,291.26114,455.10873,0,0,0,0,1
302.76041,291.26114,455.10873,0,0,0,0,1
302.78019,291.26114,455.10873,0,0,0,0,1
302.80045,291.26114,455.10873,0,0,0,0,1
302.82012,291.26114,455.10873,0,0,0,0,1
302.84024,291.26114,455.10873,0,0,0,0,1
302.86021,291.26114,455.10873,0,0,0,0,1
302.88061,291.26114,455.10873,0,0,0,0,1
302.90037,291.26114,455.10873,0,0,0,0,1
302.92007,291.26114,455.10873,1,0,1,0,1
302.94016,290.93570,455.00687,1,0,1,0,1
302.96046,290.61026,454.90500,1,0,1,0,1
302.98014,289.94205,454.77060,1,0,1,0,1
303.00045,289.60254,454.73871,1,0,1,0,1
303.02049,289.26163,454.73059,1,0,1,0,1
303.04026,288.92099,454.74631,1,0,1,0,1
303.06043,288.58228,454.78577,1,0,1,0,1
303.08055,287.91727,454.93506,1,0,1,0,1
303.10013,287.59418,455.04416,1,0,1,0,1
303.12036,287.27951,455.17557,1,0,1,0,1
303.14032,286.97479,455.32861,1,0,1,0,1
303.16049,286.68152,455.50256,1,0,1,0,1
303.18018,286.13489,455.90973,1,0,1,0,1
303.20011,285.88422,456.14093,1,0,1,0,1
303.22009,285.65033,456.38907,1,0,1,0,1
303.24030,285.23727,456.93124,1,0,1,0,1
303.26044,285.06015,457.22263,1,0,1,0,1
303.28029,284.76901,457.83890,1,0,1,0,1
303.30038,284.65640,458.16077,1,0,1,0,1
303.32051,284.56656,458.48972,1,0,1,0,1
303.34017,284.49991,458.82413,1,0,1,0,1
303.36043,284.45676,459.16238,1,0,1,0,1
303.38005,284.44177,459.84381,1,0,1,0,1
303.40011,284.47000,460.18365,1,0,1,0,1
303.42035,284.52188,460.52069,1,0,1,0,1
303.44008,284.59717,460.85327,1,0,1,0,1
303.46049,284.69550,461.17978,1,0,1,0,1
303.48033,284.95923,461.80826,1,0,1,0,1
303.50046,285.12335,462.10715,1,0,1,0,1
303.52033,285.30795,462.39386,1,0,1,0,1
303.54004,285.51215,462.66696,1,0,1,0,1
303.56007,285.73489,462.92514,1,0,1,0,1
303.58028,286.23169,463.39178,1,0,1,0,1
303.60013,286.78864,463.78467,1,0,1,0,1
303.62034,287.08633,463.95099,1,0,1,0,1
303.64012,287.39493,464.09610,1,0,1,0,1
303.66009,287.71289,464.21930,1,0,1,0,1
303.68031,288.03867,464.32001,1,0,1,0,1
303.70048,288.70734,464.45203,1,0,1,0,1
303.72026,289.04697,464.48273,1,0,1,0,1
303.74028,289.38791,464.48962,1,0,1,0,1
303.76050,289.72849,464.47269,1,0,0,0,1
303.78026,290.40561,464.39133,0,0,0,0,1
303.80026,290.40561,464.39133,0,0,0,0,1
303.82009,290.40561,464.39133,0,0,0,0,1
303.84009,290.40561,464.39133,0,0,0,0,1
303.86030,290.40561,464.39133,0,0,0,0,1
303.88043,290.40561,464.39133,0,0,0,0,1
303.90043,290.40561,464.39133,0,0,0,0,1
303.92042,290.40561,464.39133,0,0,0,0,1
303.94005,290.40561,464.39133,0,0,0,0,1
303.96006,290.40561,464.39133,0,0,0,0,1
303.98006,290.40561,464.39133,0,0,0,0,1
304.00010,290.40561,464.39133,0,0,0,0,1
304.02053,290.40561,464.39133,0,0,0,0,1
304.04039,290.40561,464.39133,0,0,0,0,1
304.06013,290.40561,464.39133,0,0,0,0,1
304.08035,290.40561,464.39133,0,0,0,0,1
304.10044,290.40561,464.39133,0,0,0,0,1
304.12030,290.40561,464.39133,0,0,0,0,1
304.14039,290.40561,464.39133,0,0,0,0,1
304.16052,290.40561,464.39133,0,0,0,0,1
304.18054,290.40561,464.39133,0,0,0,0,1
304.20032,290.40561,464.39133,1,1,0,0,1
304.22052,290.40561,464.39133,1,1,0,0,1
304.24020,290.74619,464.37436,1,1,0,0,1
304.26052,291.08713,464.38120,1,1,0,0,1
304.28023,291.76343,464.46597,1,1,0,0,1
304.30043,292.09549,464.54352,1,1,0,0,1
304.32013,292.42133,464.64404,1,1,0,0,1
304.34038,292.73938,464.76703,1,1,0,0,1
304.36007,293.04807,464.91190,1,1,0,0,1
304.38027,293.34592,465.07794,1,1,0,0,1
304.40050,293.90326,465.47025,1,1,0,0,1
304.42024,294.40060,465.93628,1,1,0,0,1
304.44045,294.62372,466.19415,1,1,0,0,1
304.46014,294.82831,466.46698,1,1,0,0,1
304.48029,295.17798,467.05200,1,1,0,0,1
304.50050,295.32138,467.36139,1,1,0,0,1
304.52035,295.44284,467.68002,1,1,0,0,1
304.54041,295.54181,468.00635,1,1,0,0,1
304.56003,295.61777,468.33878,1,1,0,0,1
304.58031,295.67035,468.67569,1,1,0,0,1
304.60053,295.70450,469.35645,1,1,0,0,1
304.62046,295.68591,469.69693,1,1,0,0,1
304.64005,295.64362,470.03531,1,1,0,0,1
304.66013,295.57782,470.36990,1,1,0,0,1
304.68035,295.48886,470.69910,1,1,0,0,1
304.70006,295.24326,471.33487,1,1,0,0,1
304.72010,295.08780,471.63837,1,1,0,0,1
304.74054,294.91156,471.93030,1,1,0,0,1
304.76015,294.71539,472.20923,1,1,0,0,1
304.78014,294.50024,472.47379,1,1,0,0,1
304.80010,294.01733,472.95477,1,1,0,0,1
304.82006,293.47217,473.36389,1,1,0,0,1
304.84026,293.17953,473.53894,1,1,0,0,1
304.86033,292.87540,473.69318,1,1,0,0,1
304.88045,292.56125,473.82581,1,1,0,0,1
304.90023,291.90906,474.02386,1,1,0,0,1
304.92044,291.57419,474.08832,1,1,0,0,1
304.94053,291.23566,474.12924,1,1,0,0,1
304.96049,290.89508,474.14645,1,1,0,0,1
304.98021,290.55414,474.13989,1,1,0,0,1
305.00042,289.87778,474.05560,1,1,0,0,1
305.02049,289.54565,473.97830,1,1,0,0,1
305.04033,289.21973,473.87802,1,1,0,0,1
305.06033,288.90158,473.75528,1,1,0,0,1
305.08059,288.59277,473.61063,0,0,0,0,1
305.10023,288.29480,473.44479,0,0,0,0,1
305.12034,288.29480,473.44479,0,0,0,0,1
305.14048,288.29480,473.44479,0,0,0,0,1
305.16007,288.29480,473.44479,0,0,0,0,1
305.18035,288.29480,473.44479,0,0,0,0,1
305.20012,288.29480,473.44479,0,0,0,0,1
305.22027,288.29480,473.44479,0,0,0,0,1
305.24005,288.29480,473.44479,0,0,0,0,1
305.26020,288.29480,473.44479,0,0,0,0,1
305.28043,288.29480,473.44479,0,0,0,0,1
305.30035,288.29480,473.44479,0,0,0,0,1
305.32033,288.29480,473.44479,0,0,0,0,1
305.34016,288.29480,473.44479,0,0,0,0,1
305.36011,288.29480,473.44479,0,0,0,0,1
305.38033,288.29480,473.44479,0,0,0,0,1
305.40032,288.29480,473.44479,0,0,0,0,1
305.42039,288.29480,473.44479,0,0,0,0,1
305.44011,288.29480,473.44479,0,0,0,0,1
305.46021,288.29480,473.44479,0,0,0,0,1
305.48043,288.29480,473.44479,0,0,0,0,1
305.50032,288.29480,473.44479,0,0,0,0,1
305.52053,288.29480,473.44479,0,0,0,0,1
305.54051,288.29480,473.44479,0,0,0,0,1
305.56011,288.29480,473.44479,0,0,0,0,1
305.58043,288.29480,473.44479,0,0,0,0,1
305.60012,288.29480,473.44479,0,0,0,0,1
305.62036,288.29480,473.44479,0,0,0,0,1
305.64020,288.29480,473.44479,0,0,0,0,1
305.66053,288.29480,473.44479,0,0,0,0,1
305.68004,288.29480,473.44479,1,0,0,0,1
305.70012,288.00912,473.25861,1,0,0,0,1
305.72052,287.72345,473.07242,1,0,0,0,1
305.74009,287.43777,472.88623,1,0,0,0,1
305.76054,287.15210,472.70004,1,0,0,0,1
305.78032,286.86642,472.51385,1,0,0,0,1
305.80038,286.58075,472.32767,1,0,0,0,1
305.82006,286.00940,471.95529,1,0,0,0,1
305.84042,285.72372,471.76910,1,0,0,0,1
305.86024,285.15237,471.39673,1,0,0,0,1
305.88036,284.86670,471.21054,1,0,0,0,1
305.90047,284.58102,471.02435,1,0,0,0,1
305.92015,284.29535,470.83817,1,0,0,0,1
305.94033,283.72400,470.46579,1,0,0,0,1
305.96046,283.43832,470.27960,1,0,0,0,1
305.98005,283.15265,470.09341,1,0,0,0,1
306.00060,282.86697,469.90723,1,0,0,0,1
306.02050,282.29562,469.53485,1,0,0,0,1
306.04014,282.00995,469.34866,1,0,0,0,1
306.06022,281.72427,469.16248,1,0,0,0,1
306.08024,281.43860,468.97629,1,0,0,0,1
306.10025,280.86725,468.60391,1,0,0,0,1
306.12016,280.58157,468.41772,1,0,0,0,1
306.14017,280.29590,468.23154,1,0,0,0,1
306.16016,280.01022,468.04535,1,0,0,0,1
306.18027,279.72455,467.85916,1,0,0,0,1
306.20050,279.15320,467.48679,1,0,0,0,1
306.22016,278.86752,467.30060,1,0,0,0,1
306.24045,278.58185,467.11441,1,0,0,0,1
306.26032,278.29617,466.92822,1,0,0,0,1
306.28047,277.72482,466.55585,1,0,0,0,1
306.30021,277.43915,466.36966,1,0,0,0,1
306.32038,277.15347,466.18347,1,0,0,0,1
306.34046,276.58212,465.81110,1,0,0,0,1
306.36011,276.29645,465.62491,1,0,0,0,1
306.38011,276.01077,465.43872,1,0,0,0,1
306.40047,275.72510,465.25253,1,0,0,0,1
306.42005,275.15375,464.88016,1,0,0,0,1
306.44042,274.86807,464.69397,1,0,0,0,1
306.46011,274.58240,464.50778,1,0,0,0,1
306.48049,274.29672,464.32159,1,0,0,0,1
306.50014,273.72537,463.94922,1,0,0,0,1
306.52034,273.43970,463.76303,1,0,0,0,1
306.54034,273.15402,463.57684,1,0,0,0,1
306.56021,272.86835,463.39066,1,0,0,0,1
306.58008,272.58267,463.20447,1,0,0,0,1
306.60044,272.01132,462.83209,1,0,0,0,1
306.62010,271.72565,462.64590,1,0,0,0,1
306.64019,271.43997,462.45972,0,0,0,0,1
306.66018,271.43997,462.45972,0,0,0,0,1
306.68047,271.43997,462.45972,0,0,0,0,1
306.70049,271.43997,462.45972,0,0,0,0,1
306.72011,271.43997,462.45972,0,0,0,0,1
306.74035,271.43997,462.45972,0,0,0,0,1
306.76007,271.43997,462.45972,0,0,0,0,1
306.78027,271.43997,462.45972,0,0,0,0,1
306.80046,271.43997,462.45972,0,0,0,0,1
306.82005,271.43997,462.45972,0,0,0,0,1
306.84032,271.43997,462.45972,0,0,0,0,1
306.86038,271.43997,462.45972,0,0,0,0,1
306.88045,271.43997,462.45972,0,0,0,0,1
306.90050,271.43997,462.45972,0,0,0,0,1
306.92046,271.43997,462.45972,0,0,0,0,1
306.94020,271.43997,462.45972,0,0,0,0,1
306.96042,271.43997,462.45972,0,0,0,0,1
306.98038,271.43997,462.45972,0,0,0,0,1
307.00028,271.43997,462.45972,0,0,0,0,1
307.02029,271.43997,462.45972,0,0,0,0,1
307.04028,271.43997,462.45972,0,0,0,0,1
307.06044,271.43997,462.45972,0,0,0,0,1
307.08045,271.43997,462.45972,1,0,0,0,1
307.10042,271.15430,462.27353,1,0,1,0,1
307.12016,270.86862,462.08734,1,0,1,0,1
307.14029,270.26181,461.77695,1,0,1,0,1
307.16014,269.94363,461.65430,1,0,1,0,1
307.18033,269.61768,461.55414,1,0,1,0,1
307.20074,269.28552,461.47699,1,0,1,0,1
307.22022,268.60913,461.39316,1,0,1,0,1
307.24035,268.26819,461.38684,1,0,1,0,1
307.26048,267.92764,461.40436,1,0,1,0,1
307.28026,267.58914,461.44562,1,0,1,0,1
307.30050,266.92493,461.59842,1,0,1,0,1
307.32020,266.60242,461.70923,1,0,1,0,1
307.34032,266.28845,461.84229,1,0,1,0,1
307.36042,265.98453,461.99695,1,0,1,0,1
307.38052,265.69217,462.17245,1,0,1,0,1
307.40017,265.14771,462.58249,1,0,1,0,1
307.42028,264.89828,462.81500,1,0,1,0,1
307.44042,264.66571,463.06436,1,0,1,0,1
307.46032,264.45111,463.32938,1,0,1,0,1
307.48040,264.25552,463.60870,1,0,1,0,1
307.50007,263.92517,464.20490,1,0,1,0,1
307.52018,263.79202,464.51883,1,0,1,0,1
307.54053,263.68112,464.84128,1,0,1,0,1
307.56035,263.52814,465.50546,1,0,1,0,1
307.58024,263.48679,465.84393,1,0,1,0,1
307.60014,263.47540,466.52542,1,0,1,0,1
307.62044,263.50540,466.86511,1,0,1,0,1
307.64014,263.55905,467.20187,1,0,1,0,1
307.66043,263.63608,467.53406,1,0,1,0,1
307.68043,263.73611,467.86005,1,0,1,0,1
307.70059,264.00317,468.48712,1,0,1,0,1
307.72031,264.16888,468.78516,1,0,1,0,1
307.74027,264.35501,469.07089,1,0,1,0,1
307.76034,264.56064,469.34293,1,0,1,0,1
307.78018,264.78476,469.59995,1,0,1,0,1
307.80041,265.28403,470.06393,1,0,1,0,1
307.82007,265.55673,470.26868,1,0,1,0,1
307.84026,265.84308,470.45386,1,0,1,0,1
307.86039,266.14163,470.61859,1,0,1,0,1
307.88011,266.45099,470.76208,1,0,1,0,1
307.90012,266.76959,470.88361,1,0,1,0,1
307.92021,267.42834,471.05856,1,0,1,0,1
307.94013,268.10504,471.14001,1,0,1,0,1
307.96031,268.44601,471.14511,1,0,1,0,1
307.98030,268.78650,471.12637,1,0,1,0,1
308.00013,269.45941,471.01794,1,0,1,0,1
308.02024,269.78854,470.92877,1,0,1,0,1
308.04012,270.11066,470.81683,1,0,1,0,1
308.06026,270.42416,470.68265,1,0,1,0,1
308.08050,270.72751,470.52692,1,0,1,0,1
308.10033,271.29797,470.15390,1,0,1,0,1
308.12050,271.56229,469.93845,1,0,0,0,1
308.14020,271.81088,469.70505,0,0,0,0,1
308.16038,272.05948,469.47165,0,0,0,0,1
308.18008,272.05948,469.47165,0,0,0,0,1
308.20028,272.05948,469.47165,0,0,0,0,1
308.22008,272.05948,469.47165,0,0,0,0,1
308.24031,272.05948,469.47165,0,0,0,0,1
308.26012,272.05948,469.47165,0,0,0,0,1
308.28014,272.05948,469.47165,0,0,0,0,1
308.30046,272.05948,469.47165,0,0,0,0,1
308.32045,272.05948,469.47165,0,0,0,0,1
308.34047,272.05948,469.47165,0,0,0,0,1
308.36006,272.05948,469.47165,0,1,0,0,1
308.38047,272.05948,469.47165,0,1,0,0,1
308.40050,272.05948,469.47165,1,1,0,0,1
308.42020,272.33813,469.27512,1,1,0,0,1
308.44009,272.62982,469.09848,1,1,0,0,1
308.46053,272.93314,468.94263,1,1,0,0,1
308.48027,273.24655,468.80832,1,1,0,0,1
308.50051,273.89764,468.60678,1,1,0,0,1
308.52065,274.23215,468.54056,1,1,0,0,1
308.54018,274.57047,468.49780,1,1,0,0,1
308.56038,274.91092,468.47876,1,1,0,0,1
308.58014,275.25189,468.48349,1,1,0,0,1
308.60050,275.92871,468.56412,1,1,0,0,1
308.62024,276.26123,468.63962,1,1,0,0,1
308.64053,276.58768,468.73813,1,1,0,0,1
308.66026,276.90646,468.85916,1,1,0,0,1
308.68047,277.21603,469.00214,1,1,0,0,1
308.70018,277.51489,469.16635,1,1,0,0,1
308.72038,278.07468,469.55524,1,1,0,0,1
308.74029,278.57489,470.01822,1,1,0,0,1
308.76004,278.79956,470.27472,1,1,0,0,1
308.78020,279.00580,470.54626,1,1,0,0,1
308.80034,279.19260,470.83154,1,1,0,0,1
308.82038,279.50433,471.43765,1,1,0,0,1
308.84015,279.62775,471.75552,1,1,0,0,1
308.86050,279.72870,472.08124,1,1,0,0,1
308.88026,279.80670,472.41321,1,1,0,0,1
308.90023,279.86136,472.74979,1,1,0,0,1
308.92044,279.89969,473.43027,1,1,0,0,1
308.94053,279.88318,473.77087,1,1,0,0,1
308.96022,279.84296,474.10950,1,1,0,0,1
308.98045,279.77924,474.44449,1,1,0,0,1
309.00036,279.69229,474.77423,1,1,0,0,1
309.02035,279.45059,475.41153,1,1,0,0,1
309.04012,279.29700,475.71597,1,1,0,0,1
309.06030,279.12256,476.00897,1,1,0,0,1
309.08049,278.92810,476.28909,1,1,0,0,1
309.10051,278.71460,476.55496,1,1,0,0,1
309.12012,277.97052,477.25458,1,1,0,0,1
309.14033,277.69202,477.45132,1,1,0,0,1
309.16041,277.40045,477.62817,1,1,0,0,1
309.18047,277.09726,477.78427,1,1,0,0,1
309.20010,276.78394,477.91882,1,1,0,0,1
309.22018,276.13297,478.12088,1,1,0,0,1
309.24035,275.79852,478.18738,1,1,0,0,1
309.26054,275.46024,478.23038,1,1,0,0,1
309.28038,275.11978,478.24969,1,1,0,0,1
309.30007,274.77881,478.24521,1,1,0,0,1
309.32022,274.10196,478.16507,1,1,0,0,1
309.34052,273.76938,478.08981,1,1,0,0,1
309.36025,273.44284,477.99155,1,1,0,0,1
309.38046,273.12396,477.87076,1,1,0,0,1
309.40049,272.81427,477.72803,1,1,0,0,1
309.42012,272.22849,477.37958,1,1,0,0,1
309.44047,271.95523,477.17557,1,1,0,0,1
309.46013,271.69687,476.95300,1,1,0,0,1
309.48038,271.45465,476.71298,0,0,0,0,1
309.50004,271.22977,476.45663,0,0,0,0,1
309.52004,271.22977,476.45663,0,0,0,0,1
309.54013,271.22977,476.45663,0,0,0,0,1
309.56018,271.22977,476.45663,0,0,0,0,1
309.58041,271.22977,476.45663,0,0,0,0,1
309.60013,271.22977,476.45663,0,0,0,0,1
309.62053,271.22977,476.45663,0,0,0,0,1
309.64010,271.22977,476.45663,0,0,0,0,1
309.66026,271.22977,476.45663,0,0,0,0,1
309.68012,271.22977,476.45663,0,0,0,0,1
309.70054,271.22977,476.45663,0,0,0,0,1
309.72017,271.22977,476.45663,0,0,0,0,1
309.74050,271.22977,476.45663,0,0,0,0,1
309.76007,271.22977,476.45663,0,0,0,0,1
309.78005,271.22977,476.45663,0,0,0,0,1
309.80024,271.22977,476.45663,0,0,0,0,1
309.82038,271.22977,476.45663,0,0,0,0,1
309.84059,271.22977,476.45663,0,0,0,0,1
309.86012,271.22977,476.45663,0,0,0,0,1
309.88022,271.22977,476.45663,0,0,0,0,1
309.90049,271.22977,476.45663,0,0,0,0,1
309.92052,271.22977,476.45663,1,0,0,0,1
309.94045,270.78000,475.94394,1,0,0,0,1
309.96013,270.55511,475.68759,1,0,0,0,1
309.98037,270.33023,475.43124,1,0,0,0,1
310.00027,270.10535,475.17490,1,0,0,0,1
310.02040,269.65558,474.66220,1,0,0,0,1
310.04019,269.43069,474.40585,1,0,0,0,1
310.06012,269.20581,474.14951,1,0,0,0,1
310.08052,268.98093,473.89316,1,0,0,0,1
310.10012,268.75604,473.63681,1,0,0,0,1
310.12049,268.30627,473.12411,1,0,0,0,1
310.14048,268.08139,472.86777,1,0,0,0,1
310.16041,267.85651,472.61142,1,0,0,0,1
310.18014,267.63162,472.35507,1,0,0,0,1
310.20008,267.40674,472.09872,1,0,0,0,1
310.22029,266.95697,471.58603,1,0,0,0,1
310.24030,266.73209,471.32968,1,0,0,0,1
310.26053,266.50720,471.07333,1,0,0,0,1
310.28026,266.28232,470.81699,1,0,0,0,1
310.30042,266.05743,470.56064,1,0,0,0,1
310.32017,265.60767,470.04794,1,0,0,0,1
310.34036,265.15790,469.53525,1,0,0,0,1
310.36053,264.93301,469.27890,1,0,0,0,1
310.38022,264.70813,469.02255,1,0,0,0,1
310.40009,264.48325,468.76620,1,0,0,0,1
310.42019,264.03348,468.25351,1,0,0,0,1
310.44020,263.80859,467.99716,1,0,0,0,1
310.46034,263.58371,467.74081,1,0,0,0,1
310.48034,263.35883,467.48447,1,0,0,0,1
310.50034,263.13394,467.22812,1,0,0,0,1
310.52051,262.68417,466.71542,1,0,0,0,1
310.54013,262.45929,466.45908,1,0,0,0,1
310.56041,262.45929,466.45908,1,0,0,0,1
310.58012,261.78464,465.69003,1,0,0,0,1
310.60051,261.55975,465.43369,1,0,0,0,1
310.62006,261.33487,465.17734,1,0,0,0,1
310.64017,261.10999,464.92099,1,0,0,0,1
310.66016,260.66022,464.40829,1,0,0,0,1
310.68031,260.43533,464.15195,1,0,0,0,1
310.70045,260.21045,463.89560,1,0,0,0,1
310.72047,259.98557,463.63925,1,0,0,0,1
310.74018,259.53580,463.12656,1,0,0,0,1
310.76039,259.31091,462.87021,1,0,0,0,1
310.78007,259.08603,462.61386,1,0,0,0,1
310.80015,258.86115,462.35751,1,0,0,0,1
310.82028,258.41138,461.84482,1,0,0,0,1
310.84041,258.18649,461.58847,1,0,0,0,1
310.86018,257.96161,461.33212,1,0,0,0,1
310.88015,257.73672,461.07578,1,0,0,0,1
310.90053,257.51184,460.81943,1,0,0,0,1
310.92047,257.28696,460.56308,0,0,0,0,1
310.94021,257.28696,460.56308,0,0,0,0,1
310.96053,257.28696,460.56308,0,0,0,0,1
310.98026,257.28696,460.56308,0,0,0,0,1
311.00042,257.28696,460.56308,0,0,0,0,1
311.02010,257.28696,460.56308,0,0,0,0,1
311.04017,257.28696,460.56308,0,0,0,0,1
311.06011,257.28696,460.56308,0,0,0,0,1
311.08037,257.28696,460.56308,0,0,0,0,1
311.10048,257.28696,460.56308,0,0,0,0,1
311.12055,257.28696,460.56308,0,0,0,0,1
311.14006,257.28696,460.56308,0,0,0,0,1
311.16026,257.28696,460.56308,0,0,0,0,1
311.18023,257.28696,460.56308,0,0,0,0,1
311.20065,257.28696,460.56308,0,0,0,0,1
311.22025,257.28696,460.56308,0,0,0,0,1
311.24043,257.28696,460.56308,0,0,0,0,1
311.26010,257.28696,460.56308,0,0,0,0,1
311.28032,257.28696,460.56308,1,0,0,0,1
311.30020,257.06207,460.30673,1,0,1,0,1
311.32040,256.59497,459.81036,1,0,1,0,1
311.34025,256.33658,459.58786,1,0,1,0,1
311.36053,256.06326,459.38394,1,0,1,0,1
311.38038,255.77638,459.19962,1,0,1,0,1
311.40009,255.47733,459.03577,1,0,1,0,1
311.42012,254.84859,458.77261,1,0,1,0,1
311.44031,254.52197,458.67459,1,0,1,0,1
311.46010,253.85223,458.54807,1,0,1,0,1
311.48034,253.51237,458.52017,1,0,1,0,1
311.50043,253.17140,458.51608,1,0,1,0,1
311.52057,252.83098,458.53583,1,0,1,0,1
311.54004,252.15840,458.64627,1,0,1,0,1
311.56005,251.82954,458.73642,1,0,1,0,1
311.58030,251.50778,458.84933,1,0,1,0,1
311.60032,251.19469,458.98444,1,0,1,0,1
311.62006,250.60057,459.31848,1,0,1,0,1
311.64026,250.32245,459.51581,1,0,1,0,1
311.66044,250.05879,459.73206,1,0,1,0,1
311.68014,249.81088,459.96619,1,0,1,0,1
311.70029,249.36705,460.48346,1,0,1,0,1
311.72050,249.17329,460.76407,1,0,1,0,1
311.74013,248.99962,461.05753,1,0,1,0,1
311.76023,248.84686,461.36240,1,0,1,0,1
311.78021,248.60696,462.00037,1,0,1,0,1
311.80036,248.52100,462.33035,1,0,1,0,1
311.82074,248.45830,462.66553,1,0,1,0,1
311.84019,248.41916,463.00427,1,0,1,0,1
311.86026,248.41220,463.68579,1,0,1,0,1
311.88029,248.44443,464.02527,1,0,1,0,1
311.90013,248.50027,464.36166,1,0,1,0,1
311.92046,248.57948,464.69333,1,0,1,0,1
311.94033,248.80630,465.33609,1,0,1,0,1
311.96033,248.95280,465.64401,1,0,1,0,1
311.98046,249.12045,465.94095,1,0,1,0,1
312.00016,249.30843,466.22546,1,0,1,0,1
312.02043,249.74159,466.75171,1,0,1,0,1
312.04019,249.98468,466.99084,1,0,1,0,1
312.06023,250.24387,467.21243,1,0,1,0,1
312.08045,250.51790,467.41537,1,0,1,0,1
312.10007,250.80544,467.59869,1,0,1,0,1
312.12024,251.41534,467.90295,1,0,1,0,1
312.14046,251.73474,468.02240,1,0,1,0,1
312.16029,252.06169,468.11926,1,0,1,0,1
312.18029,252.39461,468.19305,1,0,1,0,1
312.20005,252.73187,468.24341,1,0,1,0,1
312.22052,253.41281,468.27295,1,0,1,0,1
312.24018,253.41281,468.27295,1,0,1,0,1
312.26048,254.42535,468.13922,1,0,1,0,1
312.28015,254.75389,468.04788,1,0,1,0,1
312.30010,255.07526,467.93384,1,0,1,0,1
312.32035,255.69020,467.63992,1,0,1,0,1
312.34035,255.98079,467.46149,1,0,1,0,1
312.36040,256.25821,467.26318,1,0,1,0,1
312.38029,256.25821,467.26318,1,0,1,0,1
312.40048,256.76816,466.81097,1,0,1,0,1
312.42023,256.99823,466.55927,1,0,1,0,1
312.44011,257.40289,466.01080,1,0,1,0,1
312.46032,257.57553,465.71674,1,0,0,0,1
312.48016,257.72720,465.41132,1,0,0,0,1
312.50034,257.87888,465.10590,0,0,0,0,1
312.52052,257.87888,465.10590,0,0,0,0,1
312.54021,257.87888,465.10590,0,0,0,0,1
312.56039,257.87888,465.10590,0,0,0,0,1
312.58009,257.87888,465.10590,0,0,0,0,1
312.60024,257.87888,465.10590,0,0,0,0,1
312.62034,257.87888,465.10590,0,0,0,0,1
312.64012,257.87888,465.10590,0,0,0,0,1
312.66012,257.87888,465.10590,0,0,0,0,1
312.68012,257.87888,465.10590,0,0,0,0,1
312.70023,257.87888,465.10590,0,0,0,0,1
312.72013,257.87888,465.10590,0,0,0,0,1
312.74046,257.87888,465.10590,0,0,0,0,1
312.76013,257.87888,465.10590,0,0,0,0,1
312.78055,257.87888,465.10590,0,0,0,0,1
312.80010,257.87888,465.10590,1,1,0,0,1
312.82045,257.87888,465.10590,1,1,0,0,1
312.84022,258.20316,464.50638,1,1,0,0,1
312.86047,258.39584,464.22504,1,1,0,0,1
312.88018,258.60770,463.95782,1,1,0,0,1
312.90045,258.83768,463.70605,1,1,0,0,1
312.92081,259.34741,463.25357,1,1,0,0,1
312.94040,259.62469,463.05508,1,1,0,0,1
312.96019,259.91513,462.87643,1,1,0,0,1
312.98031,260.21735,462.71848,1,1,0,0,1
313.00048,260.52982,462.58197,1,1,0,0,1
313.02042,260.85104,462.46759,1,1,0,0,1
313.04049,261.85153,462.26221,1,1,0,0,1
313.06047,262.19186,462.24078,1,1,0,0,1
313.08020,262.53287,462.24313,1,1,0,0,1
313.10010,262.87286,462.26926,1,1,0,0,1
313.12046,263.21021,462.31903,1,1,0,0,1
313.14020,263.87042,462.48843,1,1,0,0,1
313.16032,264.19006,462.60724,1,1,0,0,1
313.18049,264.50064,462.74805,1,1,0,0,1
313.20051,264.80063,462.91019,1,1,0,0,1
313.22046,265.08859,463.09283,1,1,0,0,1
313.24014,265.62283,463.51608,1,1,0,0,1
313.26052,265.86655,463.75461,1,1,0,0,1
313.28014,266.09302,464.00955,1,1,0,0,1
313.30030,266.30115,464.27966,1,1,0,0,1
313.32051,266.48993,464.56363,1,1,0,0,1
313.34034,266.80591,465.16754,1,1,0,0,1
313.36036,266.93155,465.48456,1,1,0,0,1
313.38050,267.03479,465.80957,1,1,0,0,1
313.40014,267.11511,466.14099,1,1,0,0,1
313.42050,267.17212,466.47720,1,1,0,0,1
313.44014,267.21521,467.15741,1,1,0,0,1
313.46028,267.16324,467.83701,1,1,0,0,1
313.48053,267.10184,468.17242,1,1,0,0,1
313.50011,267.01721,468.50275,1,1,0,0,1
313.52029,266.90976,468.82639,1,1,0,0,1
313.54043,266.62854,469.44724,1,1,0,0,1
313.56023,266.45615,469.74146,1,1,0,0,1
313.58053,266.26367,470.02295,1,1,0,0,1
313.60047,266.05203,470.29031,1,1,0,0,1
313.62006,265.82227,470.54227,1,1,0,0,1
313.64038,265.31287,470.99512,1,1,0,0,1
313.66006,265.03574,471.19382,1,1,0,0,1
313.68036,264.74542,471.37271,1,1,0,0,1
313.70049,264.44333,471.53091,1,1,0,0,1
313.72017,264.13095,471.66766,1,1,0,0,1
313.74037,263.48141,471.87424,1,1,0,0,1
313.76060,263.14743,471.94308,1,1,0,0,1
313.78052,262.80945,471.98846,1,1,0,0,1
313.80057,262.46915,472.01016,1,1,0,0,1
313.82043,262.12814,472.00806,1,1,0,0,1
313.84011,261.45074,471.93265,1,1,0,0,1
313.86043,260.79044,471.76373,1,1,0,0,1
313.88050,260.47070,471.64517,1,1,0,0,1
313.90037,260.16003,471.50461,1,1,0,0,1
313.92035,259.85992,471.34271,1,1,0,0,1
313.94047,259.29718,470.95819,1,1,0,0,1
313.96029,259.03726,470.73746,1,0,0,0,1
313.98046,258.79337,470.49911,1,0,0,0,1
314.00038,258.54947,470.26077,0,0,0,0,1
314.02031,258.54947,470.26077,0,0,0,0,1
314.04050,258.54947,470.26077,0,0,0,0,1
314.06023,258.54947,470.26077,0,0,0,0,1
314.08041,258.54947,470.26077,0,0,0,0,1
314.10025,258.54947,470.26077,0,0,0,0,1
314.12044,258.54947,470.26077,0,0,0,0,1
314.14009,258.54947,470.26077,0,0,0,0,1
314.16010,258.54947,470.26077,0,0,0,0,1
314.18026,258.54947,470.26077,0,0,0,0,1
314.20040,258.54947,470.26077,0,0,0,0,1
314.22045,258.54947,470.26077,0,0,0,0,1
314.24026,258.54947,470.26077,0,0,0,0,1
314.26049,258.54947,470.26077,0,0,0,0,1
314.28045,258.54947,470.26077,0,0,0,0,1
314.30003,258.54947,470.26077,0,0,0,0,1
314.32027,258.54947,470.26077,0,0,0,0,1
314.34048,258.54947,470.26077,0,0,0,0,1
314.36013,258.54947,470.26077,0,0,0,0,1
314.38037,258.54947,470.26077,0,0,0,0,1
314.40032,258.54947,470.26077,0,0,0,0,1
314.42050,258.54947,470.26077,0,0,0,0,1
314.44047,258.54947,470.26077,0,0,0,0,1
314.46038,258.54947,470.26077,0,0,0,0,1
314.48051,258.54947,470.26077,0,0,0,0,1
314.50045,258.54947,470.26077,0,0,0,0,1
314.52020,258.54947,470.26077,0,0,0,0,1
314.54027,258.54947,470.26077,0,0,0,0,1
314.56020,258.54947,470.26077,0,0,0,0,1
314.58044,258.54947,470.26077,0,0,0,0,1
314.60028,258.54947,470.26077,0,0,0,0,1
314.62025,258.54947,470.26077,0,0,0,0,1
314.64049,258.54947,470.26077,0,0,0,0,1
314.66019,258.54947,470.26077,0,0,0,0,1
314.68031,258.54947,470.26077,0,0,0,0,1
314.70020,258.54947,470.26077,1,0,0,0,1
314.72030,258.30557,470.02243,1,0,0,0,1
314.74006,257.81778,469.54575,1,0,0,0,1
314.76013,257.57388,469.30740,1,0,0,0,1
314.78017,257.32999,469.06906,1,0,0,0,1
314.80022,257.08609,468.83072,1,0,0,0,1
314.82020,256.84219,468.59238,1,0,0,0,1
314.84022,256.35440,468.11569,1,0,0,0,1
314.86021,256.11050,467.87735,1,0,0,0,1
314.88032,255.86662,467.63901,1,0,0,0,1
314.90052,255.62274,467.40067,1,0,0,0,1
314.92033,255.37886,467.16232,1,0,0,0,1
314.94049,254.89110,466.68564,1,0,0,0,1
314.96023,254.64722,466.44730,1,0,0,0,1
314.98036,254.15945,465.97061,1,0,0,0,1
315.00027,253.91557,465.73227,1,0,0,0,1
315.02014,253.67169,465.49393,1,0,0,0,1
315.04040,253.42781,465.25558,1,0,0,0,1
315.06029,252.94005,464.77890,1,0,0,0,1
315.08039,252.69617,464.54056,1,0,0,0,1
315.10061,252.45229,464.30222,1,0,0,0,1
315.12032,252.20840,464.06387,1,0,0,0,1
315.14052,251.72064,463.58719,1,0,0,0,1
315.16046,251.47676,463.34885,1,0,0,0,1
315.18026,251.23288,463.11050,1,0,0,0,1
315.20046,250.98900,462.87216,1,0,0,0,1
315.22043,250.50124,462.39548,1,0,0,0,1
315.24041,250.25735,462.15714,1,0,0,0,1
315.26038,250.01347,461.91879,1,0,0,0,1
315.28004,249.76959,461.68045,1,0,0,0,1
315.30006,249.28183,461.20377,1,0,0,0,1
315.32035,249.03795,460.96542,1,0,0,0,1
315.34029,248.79407,460.72708,1,0,0,0,1
315.36043,248.55019,460.48874,1,0,0,0,1
315.38047,248.06242,460.01205,1,0,0,0,1
315.40038,247.81854,459.77371,1,0,0,0,1
315.42051,247.57466,459.53537,1,0,0,0,1
315.44029,247.33078,459.29703,1,0,0,0,1
315.46046,246.84302,458.82034,1,0,0,0,1
315.48047,246.59914,458.58200,1,0,0,0,1
315.50036,246.35526,458.34366,1,0,0,0,1
315.52053,246.11137,458.10532,1,0,0,0,1
315.54067,245.62361,457.62863,0,0,0,0,1
315.56046,245.37973,457.39029,0,0,0,0,1
315.58034,245.37973,457.39029,0,0,0,0,1
315.60019,245.37973,457.39029,0,0,0,0,1
315.62019,245.37973,457.39029,0,0,0,0,1
315.64037,245.37973,457.39029,0,0,0,0,1
315.66010,245.37973,457.39029,0,0,0,0,1
315.68032,245.37973,457.39029,0,0,0,0,1
315.70055,245.37973,457.39029,0,0,0,0,1
315.72025,245.37973,457.39029,0,0,0,0,1
315.74046,245.37973,457.39029,0,0,0,0,1
315.76018,245.37973,457.39029,0,0,0,0,1
315.78037,245.37973,457.39029,0,0,0,0,1
315.80051,245.37973,457.39029,0,0,0,0,1
315.82025,245.37973,457.39029,0,0,0,0,1
315.84061,245.37973,457.39029,0,0,0,0,1
315.86004,245.37973,457.39029,0,0,0,0,1
315.88009,245.37973,457.39029,0,0,0,0,1
315.90006,245.37973,457.39029,0,0,0,0,1
315.92024,245.37973,457.39029,0,0,0,0,1
315.94042,245.37973,457.39029,0,0,0,0,1
315.96051,245.37973,457.39029,0,0,0,0,1
315.98047,245.37973,457.39029,0,0,0,0,1
316.00016,245.37973,457.39029,0,0,0,0,1
316.02030,245.37973,457.39029,0,0,0,0,1
316.04039,245.37973,457.39029,0,0,0,0,1
316.06058,245.37973,457.39029,0,0,0,0,1
316.08026,245.37973,457.39029,0,0,0,0,1
316.10045,245.37973,457.39029,0,0,0,0,1
316.12050,245.37973,457.39029,0,0,0,0,1
316.14032,245.37973,457.39029,0,0,0,0,1
316.16042,245.37973,457.39029,0,0,0,0,1
316.18007,245.37973,457.39029,0,0,0,0,1
316.20055,245.37973,457.39029,1,0,0,0,1
316.22045,245.37973,457.39029,1,0,1,0,1
316.24004,244.87592,456.93121,1,0,1,0,1
316.26013,244.60121,456.72919,1,0,1,0,1
316.28050,244.31306,456.54684,1,0,1,0,1
316.30005,244.01288,456.38507,1,0,1,0,1
316.32051,243.70213,456.24466,1,0,1,0,1
316.34045,243.05505,456.03052,1,0,1,0,1
316.36008,242.72189,455.95786,1,0,1,0,1
316.38027,242.38446,455.90863,1,0,1,0,1
316.40060,242.04442,455.88309,1,0,1,0,1
316.42009,241.70343,455.88135,1,0,1,0,1
316.44028,241.02524,455.94925,1,0,1,0,1
316.46008,240.69135,456.01852,1,0,1,0,1
316.48033,240.36311,456.11096,1,0,1,0,1
316.50039,240.04213,456.22607,1,0,1,0,1
316.52012,239.72998,456.36334,1,0,1,0,1
316.54036,239.13818,456.70148,1,0,1,0,1
316.56053,238.86143,456.90070,1,0,1,0,1
316.58019,238.35298,457.35461,1,0,1,0,1
316.60043,238.12376,457.60709,1,0,1,0,1
316.62004,237.91273,457.87494,1,0,1,0,1
316.64023,237.54929,458.45154,1,0,1,0,1
316.66046,237.39864,458.75745,1,0,1,0,1
316.68014,237.26971,459.07315,1,0,1,0,1
316.70048,237.16315,459.39706,1,0,1,0,1
316.72021,237.07947,459.72763,1,0,1,0,1
316.74051,237.01907,460.06323,1,0,1,0,1
316.76023,236.96922,460.74301,1,0,1,0,1
316.78039,236.98001,461.08383,1,0,1,0,1
316.80017,237.01457,461.42307,1,0,1,0,1
316.82041,237.07274,461.75906,1,0,1,0,1
316.84013,237.15424,462.09018,1,0,1,0,1
316.86037,237.38548,462.73132,1,0,1,0,1
316.88007,237.53410,463.03824,1,0,1,0,1
316.90050,237.70380,463.33401,1,0,1,0,1
316.92035,237.89374,463.61722,1,0,1,0,1
316.94050,238.10300,463.88647,1,0,1,0,1
316.96050,238.57526,464.37790,1,0,1,0,1
316.98054,239.11139,464.79874,1,0,1,0,1
317.00008,239.40018,464.98007,1,0,1,0,1
317.02006,239.70093,465.14078,1,0,1,0,1
317.04010,240.01216,465.28009,1,0,1,0,1
317.06040,240.65999,465.49194,1,0,1,0,1
317.08012,240.99341,465.56345,1,0,1,0,1
317.10035,241.33101,465.61148,1,0,1,0,1
317.12035,241.67114,465.63580,1,0,1,0,1
317.14051,242.01215,465.63632,1,0,1,0,1
317.16016,242.69011,465.56604,1,0,1,0,1
317.18019,243.02374,465.49557,1,0,1,0,1
317.20045,243.35165,465.40198,1,0,1,0,1
317.22038,243.67223,465.28571,1,0,1,0,1
317.24009,243.98389,465.14734,1,0,1,0,1
317.26024,244.57448,464.80710,1,0,0,0,1
317.28017,244.85052,464.60690,1,0,0,0,1
317.30044,245.12657,464.40671,0,0,0,0,1
317.32051,245.12657,464.40671,0,0,0,0,1
317.34049,245.12657,464.40671,0,0,0,0,1
317.36008,245.12657,464.40671,0,0,0,0,1
317.38013,245.12657,464.40671,0,0,0,0,1
317.40050,245.12657,464.40671,0,0,0,0,1
317.42036,245.12657,464.40671,0,0,0,0,1
317.44009,245.12657,464.40671,0,0,0,0,1
317.46029,245.12657,464.40671,0,0,0,0,1
317.48036,245.12657,464.40671,0,0,0,0,1
317.50004,245.12657,464.40671,0,0,0,0,1
317.52008,245.12657,464.40671,0,0,0,0,1
317.54005,245.12657,464.40671,0,0,0,0,1
317.56045,245.12657,464.40671,0,0,0,0,1
317.58015,245.12657,464.40671,0,0,0,0,1
317.60036,245.12657,464.40671,0,0,0,0,1
317.62016,245.12657,464.40671,0,0,0,0,1
317.64026,245.12657,464.40671,0,0,0,0,1
317.66038,245.12657,464.40671,0,0,0,0,1
317.68048,245.12657,464.40671,0,0,0,0,1
317.70022,245.12657,464.40671,0,0,0,0,1
317.72039,245.12657,464.40671,0,0,0,0,1
317.74011,245.12657,464.40671,0,1,0,0,1
317.76027,245.12657,464.40671,1,1,0,0,1
317.78027,245.42778,464.24686,1,1,0,0,1
317.80005,245.73941,464.10840,1,1,0,0,1
317.82046,246.05994,463.99200,1,1,0,0,1
317.84039,246.38780,463.89825,1,1,0,0,1
317.86024,247.05911,463.78040,1,1,0,0,1
317.88032,247.39929,463.75684,1,1,0,0,1
317.90015,247.74030,463.75705,1,1,0,0,1
317.92026,248.08044,463.78107,1,1,0,0,1
317.94015,248.41809,463.82874,1,1,0,0,1
317.96012,249.07933,463.99402,1,1,0,0,1
317.98004,249.39970,464.11084,1,1,0,0,1
318.00025,249.71115,464.24973,1,1,0,0,1
318.02025,250.01215,464.40997,1,1,0,0,1
318.04054,250.30124,464.59082,1,1,0,0,1
318.06005,250.83812,465.01074,1,1,0,0,1
318.08031,251.08330,465.24774,1,1,0,0,1
318.10052,251.31136,465.50125,1,1,0,0,1
318.12008,251.52118,465.77005,1,1,0,0,1
318.14020,251.71175,466.05283,1,1,0,0,1
318.16038,252.03149,466.65475,1,1,0,0,1
318.18015,252.26437,467.29532,1,1,0,0,1
318.20015,252.34676,467.62622,1,1,0,0,1
318.22029,252.40585,467.96207,1,1,0,0,1
318.24021,252.44139,468.30121,1,1,0,0,1
318.26030,252.44119,468.98279,1,1,0,0,1
318.28042,252.44119,468.98279,1,1,0,0,1
318.30011,252.34616,469.65771,1,1,0,0,1
318.32033,252.26360,469.98856,1,1,0,0,1
318.34006,252.15816,470.31284,1,1,0,0,1
318.36034,251.88081,470.93542,1,1,0,0,1
318.38013,251.71027,471.23071,1,1,0,0,1
318.40030,251.51955,471.51340,1,1,0,0,1
318.42052,251.30957,471.78207,1,1,0,0,1
318.44044,251.08138,472.03546,1,1,0,0,1
318.46010,250.57483,472.49149,1,1,0,0,1
318.48038,250.29895,472.69189,1,1,0,0,1
318.50006,250.00977,472.87259,1,1,0,0,1
318.52027,249.39716,473.17139,1,1,0,0,1
318.54009,249.07672,473.28802,1,1,0,0,1
318.56043,248.74893,473.38202,1,1,0,0,1
318.58025,248.07771,473.50043,1,1,0,0,1
318.60044,247.73755,473.52423,1,1,0,0,1
318.62019,247.39655,473.52426,1,1,0,0,1
318.64035,247.05637,473.50052,1,1,0,0,1
318.66021,246.38512,473.38223,1,1,0,0,1
318.68047,246.05731,473.28830,1,1,0,0,1
318.70039,245.73686,473.17172,1,1,0,0,1
318.72016,245.42531,473.03308,1,1,0,0,1
318.74006,245.12419,472.87305,1,1,0,0,1
318.76024,244.55904,472.49203,1,1,0,0,1
318.78044,244.29776,472.27292,1,1,0,0,1
318.80017,244.05240,472.03610,0,0,0,0,1
318.82052,243.82414,471.78275,0,0,0,0,1
318.84031,243.82414,471.78275,0,0,0,0,1
318.86054,243.82414,471.78275,0,0,0,0,1
318.88021,243.82414,471.78275,0,0,0,0,1
318.90032,243.82414,471.78275,0,0,0,0,1
318.92042,243.82414,471.78275,0,0,0,0,1
318.94020,243.82414,471.78275,0,0,0,0,1
318.96041,243.82414,471.78275,0,0,0,0,1
318.98014,243.82414,471.78275,0,0,0,0,1
319.00033,243.82414,471.78275,0,0,0,0,1
319.02019,243.82414,471.78275,0,0,0,0,1
319.04022,243.82414,471.78275,0,0,0,0,1
319.06053,243.82414,471.78275,0,0,0,0,1
319.08023,243.82414,471.78275,0,0,0,0,1
319.10040,243.82414,471.78275,0,0,0,0,1
319.12043,243.82414,471.78275,0,0,0,0,1
319.14051,243.82414,471.78275,0,0,0,0,1
319.16006,243.82414,471.78275,0,0,0,0,1
319.18007,243.82414,471.78275,0,0,0,0,1
319.20012,243.82414,471.78275,0,0,0,0,1
319.22007,243.82414,471.78275,0,0,0,0,1
319.24011,243.82414,471.78275,0,0,0,0,1
319.26037,243.82414,471.78275,0,0,0,0,1
319.28052,243.82414,471.78275,0,0,0,0,1
319.30010,243.82414,471.78275,0,0,0,0,1
319.32031,243.82414,471.78275,0,0,0,0,1
319.34047,243.82414,471.78275,0,0,0,0,1
319.36017,243.82414,471.78275,0,0,0,0,1
319.38015,243.82414,471.78275,0,0,0,0,1
319.40037,243.82414,471.78275,0,0,0,0,1
319.42003,243.82414,471.78275,0,0,0,0,1
319.44013,243.82414,471.78275,0,0,0,0,1
319.46044,243.82414,471.78275,0,0,0,0,1
319.48026,243.82414,471.78275,0,0,0,0,1
319.50005,243.82414,471.78275,0,0,0,0,1
319.52042,243.82414,471.78275,0,0,0,0,1
319.54005,243.82414,471.78275,0,0,0,0,1
319.56029,243.82414,471.78275,0,0,0,0,1
319.58040,243.82414,471.78275,0,0,0,0,1
319.60015,243.82414,471.78275,0,0,0,0,1
319.62031,243.82414,471.78275,0,0,0,0,1
319.64028,243.82414,471.78275,0,0,0,0,1
319.66044,243.82414,471.78275,0,0,0,0,1
319.68032,243.82414,471.78275,0,0,0,0,1
319.70029,243.82414,471.78275,0,0,0,0,1
319.72006,243.82414,471.78275,0,0,0,0,1
319.74011,243.82414,471.78275,0,0,0,0,1
319.76062,243.82414,471.78275,0,0,0,0,1
319.78032,243.82414,471.78275,0,0,0,0,1
319.80008,243.82414,471.78275,0,0,0,0,1
319.82028,243.82414,471.78275,0,0,0,0,1
319.84042,243.82414,471.78275,0,0,0,0,1
319.86052,243.82414,471.78275,0,0,0,0,1
319.88006,243.82414,471.78275,0,0,0,0,1
319.90016,243.82414,471.78275,0,0,0,0,1
319.92011,243.82414,471.78275,0,0,0,0,1
319.94021,243.82414,471.78275,0,0,0,0,1
319.96044,243.82414,471.78275,0,0,0,0,1
319.98008,243.82414,471.78275,0,0,0,0,1
320.00026,243.82414,471.78275,0,0,0,0,1
320.02017,243.82414,471.78275,0,0,0,0,1
320.04025,243.82414,471.78275,0,0,0,0,1
320.06021,243.82414,471.78275,0,0,0,0,1
320.08036,243.82414,471.78275,0,0,0,0,1
320.10027,243.82414,471.78275,0,0,0,0,1
320.12051,243.82414,471.78275,0,0,0,0,1
320.14006,243.82414,471.78275,0,0,0,0,1
320.16035,243.82414,471.78275,0,0,0,0,1
320.18017,243.82414,471.78275,0,0,0,0,1
320.20021,243.82414,471.78275,0,0,0,0,1
320.22044,243.82414,471.78275,0,0,0,0,1
320.24013,243.82414,471.78275,0,0,0,0,1
320.26022,243.82414,471.78275,0,0,0,0,1
320.28014,243.82414,471.78275,0,0,0,0,1
320.30033,243.82414,471.78275,0,0,0,0,1
320.32065,243.82414,471.78275,0,0,0,0,1
320.34043,243.82414,471.78275,0,0,0,0,1
320.36037,243.82414,471.78275,0,0,0,0,1
320.38034,243.82414,471.78275,0,0,0,0,1
320.40021,243.82414,471.78275,0,0,0,0,1
320.42039,243.82414,471.78275,0,0,0,0,1
320.44028,243.82414,471.78275,0,0,0,0,1
320.46009,243.82414,471.78275,0,0,0,0,1
320.48040,243.82414,471.78275,0,0,0,0,1
320.50049,243.82414,471.78275,0,0,0,0,1
320.52033,243.82414,471.78275,0,0,0,0,1
320.54024,243.82414,471.78275,0,0,0,0,1
320.56037,243.82414,471.78275,0,0,0,0,1
320.58049,243.82414,471.78275,0,0,0,0,1
320.60049,243.82414,471.78275,0,0,0,0,1
320.62047,243.82414,471.78275,0,0,0,0,1
320.64010,243.82414,471.78275,0,0,0,0,1
320.66028,243.82414,471.78275,0,0,0,0,1
320.68094,243.82414,471.78275,0,0,0,0,1
320.70012,243.82414,471.78275,0,0,0,0,1
320.72022,243.82414,471.78275,0,0,0,0,1
320.74041,243.82414,471.78275,0,0,0,0,1
320.76012,243.82414,471.78275,0,0,0,0,1
320.78012,243.82414,471.78275,0,0,0,0,1
320.80033,243.82414,471.78275,0,0,0,0,1
320.82010,243.82414,471.78275,0,0,0,0,1
320.84037,243.82414,471.78275,0,0,0,0,1
320.86022,243.82414,471.78275,0,0,0,0,1
320.88017,243.82414,471.78275,0,0,0,0,1
320.90032,243.82414,471.78275,0,0,0,0,1
320.92029,243.82414,471.78275,0,0,0,0,1
320.94027,243.82414,471.78275,0,0,0,0,1
320.96045,243.82414,471.78275,0,0,0,0,1
320.98019,243.82414,471.78275,0,0,0,0,1
321.00044,243.82414,471.78275,0,0,0,0,1
321.02010,243.82414,471.78275,0,0,0,0,1
321.04035,243.82414,471.78275,0,0,0,0,1
321.06038,243.82414,471.78275,0,0,0,0,1
321.08006,243.82414,471.78275,0,0,0,0,1
321.10007,243.82414,471.78275,0,0,0,0,1
321.12016,243.82414,471.78275,0,0,0,0,1
321.14055,243.82414,471.78275,0,0,0,0,1
321.16043,243.82414,471.78275,0,0,0,0,1
321.18036,243.82414,471.78275,0,0,0,0,1
321.20008,243.82414,471.78275,0,0,0,0,1
321.22046,243.82414,471.78275,0,0,0,0,1
321.24007,243.82414,471.78275,0,0,0,0,1
321.26006,243.82414,471.78275,0,0,0,0,1
321.28041,243.82414,471.78275,0,0,0,0,1
321.30041,243.82414,471.78275,0,0,0,0,1
321.32048,243.82414,471.78275,0,0,0,0,1
321.34050,243.82414,471.78275,0,0,0,0,1
321.36050,243.82414,471.78275,0,0,0,0,1
321.38053,243.82414,471.78275,0,0,0,0,1
321.40025,243.82414,471.78275,0,0,0,0,1
321.42046,243.82414,471.78275,0,0,0,0,1
321.44018,243.82414,471.78275,0,0,0,0,1
321.46041,243.82414,471.78275,0,0,0,0,1
321.48027,243.82414,471.78275,0,0,0,0,1
321.50053,243.82414,471.78275,0,0,0,0,1
321.52036,243.82414,471.78275,0,0,0,0,1
321.54016,243.82414,471.78275,0,0,0,0,1
321.56041,243.82414,471.78275,0,0,0,0,1
321.58010,243.82414,471.78275,0,0,0,0,1
321.60048,243.82414,471.78275,0,0,0,0,1
321.62036,243.82414,471.78275,0,0,0,0,1
321.64055,243.82414,471.78275,0,0,0,0,1
321.66049,243.82414,471.78275,0,0,0,0,1
321.68031,243.82414,471.78275,0,0,0,0,1
321.70049,243.82414,471.78275,0,0,0,0,1
321.72024,243.82414,471.78275,0,0,0,0,1
321.74038,243.82414,471.78275,0,0,0,0,1
321.76041,243.82414,471.78275,0,0,0,0,1
321.78035,243.82414,471.78275,0,0,0,0,1
321.80047,243.82414,471.78275,0,0,0,0,1
321.82017,243.82414,471.78275,0,0,0,0,1
321.84033,243.82414,471.78275,0,0,0,0,1
321.86045,243.82414,471.78275,0,0,0,0,1
321.88009,243.82414,471.78275,0,0,0,0,1
321.90013,243.82414,471.78275,0,0,0,0,1
321.92008,243.82414,471.78275,0,0,0,0,1
321.94030,243.82414,471.78275,0,0,0,0,1
321.96040,243.82414,471.78275,0,0,0,0,1
321.98043,243.82414,471.78275,0,0,0,0,1
322.00004,243.82414,471.78275,0,0,0,0,1
322.02031,243.82414,471.78275,0,0,0,0,1
322.04008,243.82414,471.78275,0,0,0,0,1
322.06024,243.82414,471.78275,0,0,0,0,1
322.08007,243.82414,471.78275,0,0,0,0,1
322.10023,243.82414,471.78275,0,0,0,0,1
322.12042,243.82414,471.78275,1,0,0,0,1
322.14033,243.61412,471.51410,1,0,0,0,1
322.16041,243.40410,471.24545,1,0,0,0,1
322.18052,242.98405,470.70816,1,0,0,0,1
322.20049,242.77403,470.43951,1,0,0,0,1
322.22011,242.56401,470.17087,1,0,0,0,1
322.24034,242.35399,469.90222,1,0,0,0,1
322.26016,242.14397,469.63358,1,0,0,0,1
322.28017,241.72392,469.09628,1,0,0,0,1
322.30045,241.51390,468.82764,1,0,0,0,1
322.32014,241.30388,468.55899,1,0,0,0,1
322.34013,241.09386,468.29034,1,0,0,0,1
322.36041,240.88383,468.02170,1,0,0,0,1
322.38031,240.46379,467.48441,1,0,0,0,1
322.40048,240.25377,467.21576,1,0,0,0,1
322.42021,240.04375,466.94711,1,0,0,0,1
322.44034,239.83372,466.67847,1,0,0,0,1
322.46047,239.41368,466.14117,1,0,0,0,1
322.48034,239.20366,465.87253,1,0,0,0,1
322.50049,238.78362,465.33524,1,0,0,0,1
322.52047,238.57359,465.06659,1,0,0,0,1
322.54030,238.36357,464.79794,1,0,0,0,1
322.56050,238.15355,464.52930,1,0,0,0,1
322.58040,237.73351,463.99200,1,0,0,0,1
322.60011,237.52348,463.72336,1,0,0,0,1
322.62053,237.31346,463.45471,1,0,0,0,1
322.64023,237.10344,463.18607,1,0,0,0,1
322.66040,236.89342,462.91742,1,0,0,0,1
322.68024,236.47337,462.38013,1,0,0,0,1
322.70047,236.26335,462.11148,1,0,0,0,1
322.72026,236.05333,461.84283,1,0,0,0,1
322.74040,235.84331,461.57419,1,0,0,0,1
322.76011,235.63329,461.30554,1,0,0,0,1
322.78024,235.21324,460.76825,1,0,0,0,1
322.80031,235.00322,460.49960,1,0,0,0,1
322.82052,234.79320,460.23096,1,0,0,0,1
322.84035,234.37315,459.69366,1,0,0,0,1
322.86006,234.16313,459.42502,1,0,0,0,1
322.88025,233.95311,459.15637,1,0,0,0,1
322.90040,233.53307,458.61908,1,0,0,0,1
322.92047,233.32304,458.35043,1,0,0,0,1
322.94013,233.11302,458.08179,1,0,0,0,1
322.96053,232.90300,457.81314,1,0,0,0,1
322.98056,232.48296,457.27585,1,0,0,0,1
323.00040,232.27293,457.00720,1,0,0,0,1
323.02047,232.06291,456.73856,1,0,0,0,1
323.04029,231.85289,456.46991,1,0,0,0,1
323.06009,231.64287,456.20126,1,0,0,0,1
323.08021,231.22282,455.66397,1,0,0,0,1
323.10015,231.01280,455.39532,1,0,0,0,1
323.12035,230.80278,455.12668,1,0,0,0,1
323.14050,230.59276,454.85803,0,0,0,0,1
323.16024,230.59276,454.85803,0,0,0,0,1
323.18011,230.59276,454.85803,0,0,0,0,1
323.20042,230.59276,454.85803,0,0,0,0,1
323.22018,230.59276,454.85803,0,0,0,0,1
323.24025,230.59276,454.85803,0,0,0,0,1
323.26046,230.59276,454.85803,0,0,0,0,1
323.28039,230.59276,454.85803,0,0,0,0,1
323.30023,230.59276,454.85803,0,0,0,0,1
323.32020,230.59276,454.85803,0,0,0,0,1
323.34042,230.59276,454.85803,0,0,0,0,1
323.36006,230.59276,454.85803,0,0,0,0,1
323.38036,230.59276,454.85803,0,0,0,0,1
323.40042,230.59276,454.85803,0,0,0,0,1
323.42020,230.59276,454.85803,0,0,0,0,1
323.44035,230.59276,454.85803,0,0,0,0,1
323.46036,230.59276,454.85803,0,0,0,0,1
323.48036,230.59276,454.85803,0,0,0,0,1
323.50011,230.59276,454.85803,0,0,0,0,1
323.52027,230.59276,454.85803,0,0,0,0,1
323.54027,230.59276,454.85803,1,0,0,0,1
323.56033,230.38274,454.58939,1,0,1,0,1
323.58006,229.94444,454.06741,1,0,1,0,1
323.60044,229.69904,453.83066,1,0,1,0,1
323.62023,229.43770,453.61160,1,0,1,0,1
323.64031,228.87239,453.23083,1,0,1,0,1
323.66011,228.57118,453.07098,1,0,1,0,1
323.68042,228.25954,452.93256,1,0,1,0,1
323.70023,227.61111,452.72256,1,0,1,0,1
323.72045,227.27748,452.65204,1,0,1,0,1
323.74009,226.93974,452.60498,1,0,1,0,1
323.76025,226.59955,452.58163,1,0,1,0,1
323.78039,225.91841,452.60635,1,0,1,0,1
323.80007,225.58080,452.65433,1,0,1,0,1
323.82032,225.24736,452.72574,1,0,1,0,1
323.84048,224.91972,452.82028,1,0,1,0,1
323.86024,224.59949,452.93747,1,0,1,0,1
323.88008,223.98744,453.23740,1,0,1,0,1
323.90030,223.69861,453.41867,1,0,1,0,1
323.92045,223.42314,453.61966,1,0,1,0,1
323.94015,223.16238,453.83942,1,0,1,0,1
323.96057,222.91762,454.07684,1,0,1,0,1
323.98021,222.48071,454.59998,1,0,1,0,1
324.00046,222.29073,454.88315,1,0,1,0,1
324.02022,222.12097,455.17889,1,0,1,0,1
324.04054,221.84540,455.80228,1,0,1,0,1
324.06047,221.74092,456.12686,1,0,1,0,1
324.08020,221.60114,456.79398,1,0,1,0,1
324.10036,221.56651,457.13321,1,0,1,0,1
324.12027,221.55566,457.47403,1,0,1,0,1
324.14048,221.56863,457.81479,1,0,1,0,1
324.16031,221.60538,458.15381,1,0,1,0,1
324.18048,221.74933,458.82004,1,0,1,0,1
324.20007,221.85583,459.14398,1,0,1,0,1
324.22027,221.98470,459.45969,1,0,1,0,1
324.24004,222.13528,459.76562,1,0,1,0,1
324.26032,222.30688,460.06030,1,0,1,0,1
324.28032,222.70963,460.61017,1,0,1,0,1
324.30049,222.93880,460.86267,1,0,1,0,1
324.32039,223.18504,461.09857,1,0,1,0,1
324.34043,223.44716,461.31668,1,0,1,0,1
324.36042,223.72386,461.51596,1,0,1,0,1
324.38012,224.01381,461.69543,1,0,1,0,1
324.40026,224.62772,461.99155,1,0,1,0,1
324.42026,224.94867,462.10672,1,0,1,0,1
324.44043,225.61076,462.26855,1,0,1,0,1
324.46027,225.94867,462.31442,1,0,1,0,1
324.48018,226.62996,462.33490,1,0,1,0,1
324.50044,226.97000,462.30942,1,0,1,0,1
324.52024,227.30743,462.26025,1,0,1,0,1
324.54041,227.64061,462.18765,1,0,1,0,1
324.56011,227.96791,462.09195,1,0,1,0,1
324.58032,228.59850,461.83325,1,0,1,0,1
324.60040,228.89871,461.67154,1,0,1,0,1
324.62011,229.18689,461.48926,1,0,1,0,1
324.64031,229.46164,461.28729,1,0,1,0,1
324.66045,229.72162,461.06662,1,0,0,0,1
324.68022,229.96555,460.82834,0,0,0,0,1
324.70011,230.19223,460.57361,0,0,0,0,1
324.72035,230.19223,460.57361,0,0,0,0,1
324.74048,230.19223,460.57361,0,0,0,0,1
324.76015,230.19223,460.57361,0,0,0,0,1
324.78031,230.19223,460.57361,0,0,0,0,1
324.80041,230.19223,460.57361,0,0,0,0,1
324.82048,230.19223,460.57361,0,0,0,0,1
324.84018,230.19223,460.57361,0,0,0,0,1
324.86040,230.19223,460.57361,0,0,0,0,1
324.88040,230.19223,460.57361,0,0,0,0,1
324.90018,230.19223,460.57361,0,0,0,0,1
324.92014,230.19223,460.57361,0,0,0,0,1
324.94050,230.19223,460.57361,0,0,0,0,1
324.96022,230.19223,460.57361,0,0,0,0,1
324.98039,230.19223,460.57361,0,0,0,0,1
325.00039,230.19223,460.57361,0,0,0,0,1
325.02007,230.19223,460.57361,0,0,0,0,1
325.04049,230.19223,460.57361,0,0,0,0,1
325.06020,230.19223,460.57361,0,0,0,0,1
325.08046,230.19223,460.57361,0,0,0,0,1
325.10029,230.19223,460.57361,0,0,0,0,1
325.12034,230.19223,460.57361,0,0,0,0,1
325.14046,230.19223,460.57361,0,0,0,0,1
325.16005,230.19223,460.57361,0,0,0,0,1
325.18041,230.19223,460.57361,1,1,0,0,1
325.20017,230.43614,460.33530,1,1,0,0,1
325.22043,230.97076,459.91251,1,1,0,0,1
325.24012,231.25888,459.73010,1,1,0,0,1
325.26022,231.55901,459.56824,1,1,0,0,1
325.28030,231.86969,459.42770,1,1,0,0,1
325.30006,232.51665,459.21323,1,1,0,0,1
325.32024,232.84976,459.14032,1,1,0,0,1
325.34049,233.18715,459.09082,1,1,0,0,1
325.36018,233.52718,459.06497,1,1,0,0,1
325.38044,234.20847,459.08466,1,1,0,0,1
325.40018,234.54643,459.13007,1,1,0,0,1
325.42041,234.88040,459.19894,1,1,0,0,1
325.44027,235.20876,459.29092,1,1,0,0,1
325.46027,235.52989,459.40558,1,1,0,0,1
325.48037,235.84225,459.54236,1,1,0,0,1
325.50054,236.43462,459.87952,1,1,0,0,1
325.52014,236.71173,460.07825,1,1,0,0,1
325.54022,236.97430,460.29581,1,1,0,0,1
325.56039,237.22107,460.53116,1,1,0,0,1
325.58012,237.45082,460.78314,1,1,0,0,1
325.60036,238.02727,461.62628,1,1,0,0,1
325.62054,238.17868,461.93182,1,1,0,0,1
325.64006,238.30843,462.24719,1,1,0,0,1
325.66007,238.41586,462.57083,1,1,0,0,1
325.68012,238.50046,462.90118,1,1,0,0,1
325.70012,238.59962,463.57553,1,1,0,0,1
325.72013,238.61371,463.91623,1,1,0,0,1
325.74025,238.60400,464.25708,1,1,0,0,1
325.76044,238.57054,464.59644,1,1,0,0,1
325.78004,238.51350,464.93262,1,1,0,0,1
325.80033,238.32988,465.58899,1,1,0,0,1
325.82041,238.20421,465.90598,1,1,0,0,1
325.84017,238.05673,466.21344,1,1,0,0,1
325.86061,237.88817,466.50986,1,1,0,0,1
325.88025,237.69934,466.79379,1,1,0,0,1
325.90046,237.26468,467.31879,1,1,0,0,1
325.92025,237.02095,467.55728,1,1,0,0,1
325.94043,236.76118,467.77820,1,1,0,0,1
325.96007,236.48665,467.98047,1,1,0,0,1
325.98024,236.19867,468.16309,1,1,0,0,1
326.00047,235.58809,468.46597,1,1,0,0,1
326.02041,234.94130,468.68094,1,1,0,0,1
326.04036,234.60823,468.75409,1,1,0,0,1
326.06040,234.27087,468.80383,1,1,0,0,1
326.08010,233.93088,468.82993,1,1,0,0,1
326.10012,233.24957,468.81079,1,1,0,0,1
326.12039,232.91158,468.76566,1,1,0,0,1
326.14009,232.57755,468.69705,1,1,0,0,1
326.16028,232.24911,468.60532,1,1,0,0,1
326.18039,231.92789,468.49091,1,1,0,0,1
326.20020,231.31323,468.19638,1,1,0,0,1
326.22055,231.02280,468.01770,1,1,0,0,1
326.24046,230.74553,467.81918,1,0,0,0,1
326.26033,230.48279,467.60181,0,0,0,0,1
326.28044,230.48279,467.60181,0,0,0,0,1
326.30042,230.48279,467.60181,0,0,0,0,1
326.32006,230.48279,467.60181,0,0,0,0,1
326.34046,230.48279,467.60181,0,0,0,0,1
326.36033,230.48279,467.60181,0,0,0,0,1
326.38042,230.48279,467.60181,0,0,0,0,1
326.40011,230.48279,467.60181,0,0,0,0,1
326.42030,230.48279,467.60181,0,0,0,0,1
326.44046,230.48279,467.60181,0,0,0,0,1
326.46032,230.48279,467.60181,0,0,0,0,1
326.48013,230.48279,467.60181,0,0,0,0,1
326.50034,230.48279,467.60181,0,0,0,0,1
326.52042,230.48279,467.60181,0,0,0,0,1
326.54041,230.48279,467.60181,0,0,0,0,1
326.56009,230.48279,467.60181,0,0,0,0,1
326.58014,230.48279,467.60181,0,0,0,0,1
326.60016,230.48279,467.60181,0,0,0,0,1
326.62048,230.48279,467.60181,0,0,0,0,1
326.64045,230.48279,467.60181,0,0,0,0,1
326.66011,230.48279,467.60181,0,0,0,0,1
326.68022,230.48279,467.60181,0,0,0,0,1
326.70053,230.48279,467.60181,0,0,0,0,1
326.72018,230.48279,467.60181,0,0,0,0,1
326.74034,230.48279,467.60181,0,0,0,0,1
326.76050,230.48279,467.60181,0,0,0,0,1
326.78041,230.48279,467.60181,0,0,0,0,1
326.80005,230.48279,467.60181,0,0,0,0,1
326.82017,230.48279,467.60181,0,0,0,0,1
326.84036,230.48279,467.60181,0,0,0,0,1
326.86026,230.48279,467.60181,0,0,0,0,1
326.88006,230.48279,467.60181,0,0,0,0,1
326.90015,230.48279,467.60181,0,0,0,0,1
326.92028,230.48279,467.60181,0,0,0,0,1
326.94004,230.48279,467.60181,0,0,0,0,1
326.96031,230.48279,467.60181,0,0,0,0,1
326.98004,230.48279,467.60181,0,0,0,0,1
327.00017,230.48279,467.60181,1,0,0,0,1
327.02048,230.22005,467.38443,1,0,0,0,1
327.04014,229.95731,467.16705,1,0,0,0,1
327.06017,229.69456,466.94968,1,0,0,0,1
327.08023,229.43182,466.73230,1,0,0,0,1
327.10030,228.90634,466.29755,1,0,0,0,1
327.12029,228.64360,466.08017,1,0,0,0,1
327.14017,228.38086,465.86279,1,0,0,0,1
327.16043,228.11812,465.64542,1,0,0,0,1
327.18021,227.59264,465.21066,1,0,0,0,1
327.20031,227.32990,464.99329,1,0,0,0,1
327.22054,226.80441,464.55853,1,0,0,0,1
327.24015,226.54167,464.34116,1,0,0,0,1
327.26020,226.27893,464.12378,1,0,0,0,1
327.28039,226.01619,463.90640,1,0,0,0,1
327.30027,225.49071,463.47165,1,0,0,0,1
327.32005,225.22797,463.25427,1,0,0,0,1
327.34035,224.96523,463.03690,1,0,0,0,1
327.36037,224.70248,462.81952,1,0,0,0,1
327.38034,224.43974,462.60214,1,0,0,0,1
327.40038,223.91426,462.16739,1,0,0,0,1
327.42020,223.65152,461.95001,1,0,0,0,1
327.44030,223.38878,461.73264,1,0,0,0,1
327.46027,223.12604,461.51526,1,0,0,0,1
327.48024,222.86330,461.29788,1,0,0,0,1
327.50059,222.33781,460.86313,1,0,0,0,1
327.52036,222.07507,460.64575,1,0,0,0,1
327.54045,221.81233,460.42838,1,0,0,0,1
327.56014,221.54959,460.21100,1,0,0,0,1
327.58020,221.02411,459.77625,1,0,0,0,1
327.60038,220.76137,459.55887,1,0,0,0,1
327.62044,220.23589,459.12411,1,0,0,0,1
327.64014,219.97314,458.90674,1,0,0,0,1
327.66012,219.71040,458.68936,1,0,0,0,1
327.68045,219.44766,458.47198,1,0,0,0,1
327.70070,218.92218,458.03723,1,0,0,0,1
327.72022,218.65944,457.81985,1,0,0,0,1
327.74023,218.39670,457.60248,1,0,0,0,1
327.76037,218.13396,457.38510,1,0,0,0,1
327.78011,217.87122,457.16772,1,0,0,0,1
327.80042,217.34573,456.73297,1,0,0,0,1
327.82039,217.08299,456.51559,1,0,0,0,1
327.84012,216.82025,456.29822,1,0,0,0,1
327.86010,216.55751,456.08084,1,0,0,0,1
327.88044,216.29477,455.86346,1,0,0,0,1
327.90046,215.76929,455.42871,1,0,0,0,1
327.92045,215.50655,455.21133,1,0,0,0,1
327.94032,215.24380,454.99396,1,0,0,0,1
327.96051,214.71832,454.55920,1,0,0,0,1
327.98045,214.45558,454.34183,1,0,0,0,1
328.00051,214.19284,454.12445,1,0,0,0,1
328.02014,213.66736,453.68970,1,0,0,0,1
328.04052,213.40462,453.47232,1,0,0,0,1
328.06027,213.14188,453.25494,1,0,0,0,1
328.08018,212.87914,453.03757,0,0,0,0,1
328.10044,212.61639,452.82019,0,0,0,0,1
328.12030,212.61639,452.82019,0,0,0,0,1
328.14053,212.61639,452.82019,0,0,0,0,1
328.16034,212.61639,452.82019,0,0,0,0,1
328.18053,212.61639,452.82019,0,0,0,0,1
328.20070,212.61639,452.82019,0,0,0,0,1
328.22034,212.61639,452.82019,0,0,0,0,1
328.24030,212.61639,452.82019,0,0,0,0,1
328.26052,212.61639,452.82019,0,0,0,0,1
328.28019,212.61639,452.82019,0,0,0,0,1
328.30053,212.61639,452.82019,0,0,0,0,1
328.32038,212.61639,452.82019,0,0,0,0,1
328.34024,212.61639,452.82019,0,0,0,0,1
328.36050,212.61639,452.82019,0,0,0,0,1
328.38046,212.61639,452.82019,0,0,0,0,1
328.40075,212.61639,452.82019,0,0,0,0,1
328.42040,212.61639,452.82019,0,0,0,0,1
328.44032,212.61639,452.82019,0,0,0,0,1
328.46011,212.61639,452.82019,0,0,0,0,1
328.48017,212.61639,452.82019,0,0,0,0,1
328.50009,212.61639,452.82019,0,0,0,0,1
328.52051,212.61639,452.82019,0,0,0,0,1
328.54009,212.61639,452.82019,0,0,0,0,1
328.56041,212.61639,452.82019,0,0,0,0,1
328.58051,212.61639,452.82019,1,0,0,0,1
328.60043,212.35365,452.60281,1,0,1,0,1
328.62008,212.09091,452.38544,1,0,1,0,1
328.64030,211.81363,452.18695,1,0,1,0,1
328.66025,211.52316,452.00833,1,0,1,0,1
328.68031,211.22093,451.85040,1,0,1,0,1
328.70039,210.58713,451.59973,1,0,1,0,1
328.72004,210.25865,451.50818,1,0,1,0,1
328.74028,209.92458,451.43979,1,0,1,0,1
328.76044,209.24620,451.37372,1,0,1,0,1
328.78011,208.90521,451.37637,1,0,1,0,1
328.80048,208.22795,451.45297,1,0,1,0,1
328.82023,207.89497,451.52655,1,0,1,0,1
328.84013,207.56795,451.62320,1,0,1,0,1
328.86011,207.24847,451.74243,1,0,1,0,1
328.88024,206.93811,451.88370,1,0,1,0,1
328.90038,206.35071,452.22943,1,0,1,0,1
328.92055,206.07654,452.43219,1,0,1,0,1
328.94018,205.81720,452.65359,1,0,1,0,1
328.96032,205.57396,452.89258,1,0,1,0,1
328.98038,205.34801,453.14798,1,0,1,0,1
329.00005,205.14044,453.41852,1,0,1,0,1
329.02033,204.78442,453.99973,1,0,1,0,1
329.04019,204.63771,454.30756,1,0,1,0,1
329.06036,204.51285,454.62488,1,0,1,0,1
329.08021,204.41046,454.95013,1,0,1,0,1
329.10026,204.27496,455.61813,1,0,1,0,1
329.12046,204.23386,456.29846,1,0,1,0,1
329.14011,204.24902,456.63913,1,0,1,0,1
329.16028,204.28795,456.97791,1,0,1,0,1
329.18050,204.35043,457.31314,1,0,1,0,1
329.20021,204.43617,457.64319,1,0,1,0,1
329.22045,204.67564,458.28131,1,0,1,0,1
329.24028,204.82820,458.58627,1,0,1,0,1
329.26049,205.00168,458.87985,1,0,1,0,1
329.28019,205.19524,459.16058,1,0,1,0,1
329.30048,205.40793,459.42712,1,0,1,0,1
329.32035,205.88647,459.91248,1,0,1,0,1
329.34008,206.14999,460.12891,1,0,1,0,1
329.36050,206.42798,460.32642,1,0,1,0,1
329.38018,206.71907,460.50403,1,0,1,0,1
329.40030,207.02187,460.66086,1,0,1,0,1
329.42045,207.65656,460.90930,1,0,1,0,1
329.44016,207.98537,460.99969,1,0,1,0,1
329.46042,208.31969,461.06689,1,0,1,0,1
329.48051,208.65788,461.11060,1,0,1,0,1
329.50025,208.99829,461.13055,1,0,1,0,1
329.52044,209.67914,461.09906,1,0,1,0,1
329.54014,210.34895,460.97299,1,0,1,0,1
329.56037,210.67563,460.87518,1,0,1,0,1
329.58003,210.99467,460.75482,1,0,1,0,1
329.60036,211.30453,460.61246,1,0,1,0,1
329.62036,211.89070,460.26465,1,0,1,0,1
329.64059,212.16415,460.06091,1,0,1,0,1
329.66032,212.42270,459.83859,1,0,0,0,1
329.68048,212.66508,459.59875,0,0,0,0,1
329.70036,212.66508,459.59875,0,0,0,0,1
329.72011,212.66508,459.59875,0,0,0,0,1
329.74034,212.66508,459.59875,0,0,0,0,1
329.76008,212.66508,459.59875,0,0,0,0,1
329.78035,212.66508,459.59875,0,0,0,0,1
329.80040,212.66508,459.59875,0,0,0,0,1
329.82009,212.66508,459.59875,0,0,0,0,1
329.84055,212.66508,459.59875,0,0,0,0,1
329.86052,212.66508,459.59875,0,0,0,0,1
329.88034,212.66508,459.59875,0,0,0,0,1
329.90033,212.66508,459.59875,0,0,0,0,1
329.92021,212.66508,459.59875,0,0,0,0,1
329.94035,212.66508,459.59875,0,0,0,0,1
329.96040,212.66508,459.59875,0,0,0,0,1
329.98043,212.66508,459.59875,0,0,0,0,1
330.00044,212.66508,459.59875,0,0,0,0,1
330.02025,212.66508,459.59875,0,0,0,0,1
330.04049,212.66508,459.59875,0,0,0,0,1
330.06045,212.66508,459.59875,0,0,0,0,1
330.08045,212.66508,459.59875,0,0,0,0,1
330.10026,212.66508,459.59875,0,0,0,0,1
330.12016,212.66508,459.59875,0,0,0,0,1
330.14034,212.66508,459.59875,0,0,0,0,1
330.16047,212.66508,459.59875,0,0,0,0,1
330.18036,212.66508,459.59875,0,1,0,0,1
330.20005,212.66508,459.59875,1,1,0,0,1
330.22025,213.16600,459.13657,1,1,0,0,1
330.24044,213.43941,458.93277,1,1,0,0,1
330.26037,213.72636,458.74854,1,1,0,0,1
330.28007,214.02547,458.58478,1,1,0,0,1
330.30038,214.33527,458.44226,1,1,0,0,1
330.32021,215.31352,458.14868,1,1,0,0,1
330.34032,215.65059,458.09708,1,1,0,0,1
330.36043,215.99043,458.06909,1,1,0,0,1
330.38008,216.33141,458.06488,1,1,0,0,1
330.40030,216.67184,458.08444,1,1,0,0,1
330.42046,217.34448,458.19446,1,1,0,0,1
330.44054,217.67342,458.28436,1,1,0,0,1
330.46027,217.99529,458.39700,1,1,0,0,1
330.48044,218.30850,458.53180,1,1,0,0,1
330.50036,218.61156,458.68811,1,1,0,0,1
330.52005,219.18135,459.06213,1,1,0,0,1
330.54030,219.44530,459.27805,1,1,0,0,1
330.56040,219.69354,459.51184,1,1,0,0,1
330.58032,219.92488,459.76236,1,1,0,0,1
330.60017,220.13818,460.02841,1,1,0,0,1
330.62025,220.50662,460.60184,1,1,0,0,1
330.64005,220.65997,460.90640,1,1,0,0,1
330.66020,220.79170,461.22092,1,1,0,0,1
330.68031,220.90118,461.54385,1,1,0,0,1
330.70053,220.98787,461.87366,1,1,0,0,1
330.72020,221.09131,462.54736,1,1,0,0,1
330.74019,221.09999,463.22888,1,1,0,0,1
330.76013,221.06868,463.56845,1,1,0,0,1
330.78026,221.01376,463.90500,1,1,0,0,1
330.80030,220.93552,464.23691,1,1,0,0,1
330.82018,220.71063,464.88031,1,1,0,0,1
330.84035,220.56511,465.18869,1,1,0,0,1
330.86045,220.39842,465.48618,1,1,0,0,1
330.88029,220.21140,465.77130,1,1,0,0,1
330.90050,220.00494,466.04269,1,1,0,0,1
330.92014,219.53786,466.53906,1,1,0,0,1
330.94029,219.27950,466.76163,1,1,0,0,1
330.96036,219.00624,466.96564,1,1,0,0,1
330.98019,218.71944,467.15009,1,1,0,0,1
331.00028,218.42046,467.31409,1,1,0,0,1
331.02060,217.79187,467.57761,1,1,0,0,1
331.04021,217.46533,467.67587,1,1,0,0,1
331.06037,217.13274,467.75113,1,1,0,0,1
331.08012,216.79570,467.80301,1,1,0,0,1
331.10033,216.11490,467.83575,1,1,0,0,1
331.12044,215.77444,467.81644,1,1,0,0,1
331.14008,215.10172,467.70694,1,1,0,0,1
331.16031,214.77271,467.61728,1,1,0,0,1
331.18035,214.45076,467.50488,1,0,0,0,1
331.20036,214.13744,467.37033,0,0,0,0,1
331.22016,213.83426,467.21423,0,0,0,0,1
331.24018,213.83426,467.21423,0,0,0,0,1
331.26038,213.83426,467.21423,0,0,0,0,1
331.28048,213.83426,467.21423,0,0,0,0,1
331.30013,213.83426,467.21423,0,0,0,0,1
331.32034,213.83426,467.21423,0,0,0,0,1
331.34019,213.83426,467.21423,0,0,0,0,1
331.36039,213.83426,467.21423,0,0,0,0,1
331.38006,213.83426,467.21423,0,0,0,0,1
331.40011,213.83426,467.21423,0,0,0,0,1
331.42035,213.83426,467.21423,0,0,0,0,1
331.44009,213.83426,467.21423,0,0,0,0,1
331.46031,213.83426,467.21423,0,0,0,0,1
331.48052,213.83426,467.21423,0,0,0,0,1
331.50028,213.83426,467.21423,0,0,0,0,1
331.52044,213.83426,467.21423,0,0,0,0,1
331.54022,213.83426,467.21423,0,0,0,0,1
331.56016,213.83426,467.21423,0,0,0,0,1
331.58018,213.83426,467.21423,0,0,0,0,1
331.60039,213.83426,467.21423,0,0,0,0,1
331.62005,213.83426,467.21423,0,0,0,0,1
331.64017,213.83426,467.21423,0,0,0,0,1
331.66006,213.83426,467.21423,0,0,0,0,1
331.68024,213.83426,467.21423,0,0,0,0,1
331.70041,213.83426,467.21423,0,0,0,0,1
331.72036,213.83426,467.21423,0,0,0,0,1
331.74050,213.83426,467.21423,0,0,0,0,1
331.76029,213.83426,467.21423,0,0,0,0,1
331.78054,213.83426,467.21423,0,0,0,0,1
331.80028,213.83426,467.21423,0,0,0,0,1
331.82024,213.83426,467.21423,0,0,0,0,1
331.84029,213.83426,467.21423,0,0,0,0,1
331.86044,213.83426,467.21423,0,0,0,0,1
331.88017,213.83426,467.21423,0,0,0,0,1
331.90040,213.83426,467.21423,0,0,0,0,1
331.92060,213.83426,467.21423,0,0,0,0,1
331.94011,213.83426,467.21423,0,0,0,0,1
331.96037,213.83426,467.21423,0,0,0,0,1
331.98052,213.83426,467.21423,0,0,0,0,1
332.00032,213.83426,467.21423,0,0,0,0,1
332.02035,213.83426,467.21423,0,0,0,0,1
332.04038,213.83426,467.21423,0,0,0,0,1
332.06005,213.83426,467.21423,0,0,0,0,1
332.08033,213.83426,467.21423,0,0,0,0,1
332.10014,213.83426,467.21423,0,0,0,0,1
332.12035,213.83426,467.21423,1,0,0,0,1
332.14020,213.53108,467.05814,1,0,0,0,1
332.16028,213.22791,466.90204,1,0,0,0,1
332.18028,212.92473,466.74594,1,0,0,0,1
332.20018,212.62155,466.58984,1,0,0,0,1
332.22053,212.01520,466.27765,1,0,0,0,1
332.24057,211.71202,466.12155,1,0,0,0,1
332.26041,211.10567,465.80936,1,0,0,0,1
332.28008,210.80249,465.65326,1,0,0,0,1
332.30060,210.49931,465.49716,1,0,0,0,1
332.32012,209.89296,465.18497,1,0,0,0,1
332.34026,209.58978,465.02887,1,0,0,0,1
332.36048,209.28661,464.87277,1,0,0,0,1
332.38017,208.98343,464.71667,1,0,0,0,1
332.40036,208.68025,464.56058,1,0,0,0,1
332.42063,208.07390,464.24838,1,0,0,0,1
332.44019,207.77072,464.09229,1,0,0,0,1
332.46031,207.46754,463.93619,1,0,0,0,1
332.48009,207.16437,463.78009,1,0,0,0,1
332.50050,206.86119,463.62399,1,0,0,0,1
332.52025,206.25484,463.31180,1,0,0,0,1
332.54018,205.95166,463.15570,1,0,0,0,1
332.56035,205.64848,462.99960,1,0,0,0,1
332.58039,205.34531,462.84351,1,0,0,0,1
332.60008,205.04213,462.68741,1,0,0,0,1
332.62023,204.43578,462.37521,1,0,0,0,1
332.64017,204.13260,462.21912,1,0,0,0,1
332.66065,203.52625,461.90692,1,0,0,0,1
332.68019,203.22307,461.75082,1,0,0,0,1
332.70036,202.91989,461.59473,1,0,0,0,1
332.72051,202.61671,461.43863,1,0,0,0,1
332.74024,202.01036,461.12643,1,0,0,0,1
332.76037,201.70718,460.97034,1,0,0,0,1
332.78014,201.40401,460.81424,1,0,0,0,1
332.80037,201.10083,460.65814,1,0,0,0,1
332.82039,200.49448,460.34595,1,0,0,0,1
332.84010,200.19130,460.18985,1,0,0,0,1
332.86017,199.88812,460.03375,1,0,0,0,1
332.88030,199.58495,459.87766,1,0,0,0,1
332.90045,199.28177,459.72156,1,0,0,0,1
332.92007,198.97859,459.40936,1,0,0,0,1
332.94006,198.37224,459.25327,1,0,0,0,1
332.96020,198.06906,459.09717,1,0,0,0,1
332.98040,197.76588,458.94107,1,0,0,0,1
333.00016,197.46271,458.78497,1,0,0,0,1
333.02032,196.85635,458.47278,1,0,0,0,1
333.04037,196.55318,458.31668,1,0,0,0,1
333.06010,196.25000,458.16058,1,0,0,0,1
333.08036,195.64365,457.84839,1,0,0,0,1
333.10011,195.34047,457.69229,1,0,0,0,1
333.12017,195.03729,457.53619,1,0,0,0,1
333.14046,194.43094,457.22400,1,0,0,0,1
333.16046,194.12776,457.06790,1,0,0,0,1
333.18043,193.82458,456.91180,1,0,0,0,1
333.20022,193.52141,456.75571,1,0,0,0,1
333.22045,192.91505,456.44351,1,0,0,0,1
333.24057,192.61188,456.28741,1,0,0,0,1
333.26045,192.30870,456.13132,1,0,0,0,1
333.28019,192.00552,455.97522,1,0,0,0,1
333.30029,191.70235,455.81912,0,0,0,0,1
333.32039,191.70235,455.81912,0,0,0,0,1
333.34032,191.70235,455.81912,0,0,0,0,1
333.36041,191.70235,455.81912,0,0,0,0,1
333.38010,191.70235,455.81912,0,0,0,0,1
333.40030,191.70235,455.81912,0,0,0,0,1
333.42024,191.70235,455.81912,0,0,0,0,1
333.44049,191.70235,455.81912,0,0,0,0,1
333.46042,191.70235,455.81912,0,0,0,0,1
333.48012,191.70235,455.81912,0,0,0,0,1
333.50034,191.70235,455.81912,0,0,0,0,1
333.52019,191.70235,455.81912,0,0,0,0,1
333.54034,191.70235,455.81912,0,0,0,0,1
333.56009,191.70235,455.81912,0,0,0,0,1
333.58025,191.70235,455.81912,0,0,0,0,1
333.60043,191.70235,455.81912,0,0,0,0,1
333.62053,191.70235,455.81912,0,0,0,0,1
333.64032,191.70235,455.81912,0,0,0,0,1
333.66036,191.70235,455.81912,0,0,0,0,1
333.68045,191.70235,455.81912,0,0,0,0,1
333.70013,191.70235,455.81912,0,0,0,0,1
333.72015,191.70235,455.81912,1,0,0,0,1
333.74020,191.39917,455.66302,1,0,0,0,1
333.76035,191.09599,455.50693,1,0,1,0,1
333.78026,190.79282,455.35083,1,0,1,0,1
333.80046,190.48964,455.19473,1,0,1,0,1
333.82033,190.17630,455.06021,1,0,1,0,1
333.84010,189.19083,454.79193,1,0,1,0,1
333.86027,188.85252,454.74908,1,0,1,0,1
333.88012,188.51205,454.72998,1,0,1,0,1
333.90041,188.17108,454.73468,1,0,1,0,1
333.92013,187.83127,454.76318,1,0,1,0,1
333.94034,187.16176,454.89090,1,0,1,0,1
333.96054,186.83533,454.98950,1,0,1,0,1
333.98029,186.51659,455.11066,1,0,1,0,1
334.00051,186.20708,455.25378,1,0,1,0,1
334.02010,185.90833,455.41818,1,0,1,0,1
334.04047,185.34885,455.80743,1,0,1,0,1
334.06022,185.09085,456.03043,1,0,1,0,1
334.08046,184.84906,456.27087,1,0,1,0,1
334.10024,184.62465,456.52762,1,0,1,0,1
334.12041,184.41872,456.79941,1,0,1,0,1
334.14006,184.06621,457.38278,1,0,1,0,1
334.16021,183.92136,457.69150,1,0,1,0,1
334.18045,183.79842,458.00955,1,0,1,0,1
334.20048,183.69800,458.33542,1,0,1,0,1
334.22014,183.62057,458.66751,1,0,1,0,1
334.24030,183.52953,459.68478,1,0,1,0,1
334.26044,183.54675,460.02536,1,0,1,0,1
334.28038,183.58772,460.36389,1,0,1,0,1
334.30027,183.65222,460.69873,1,0,1,0,1
334.32023,183.73996,461.02826,1,0,1,0,1
334.34033,183.98328,461.66495,1,0,1,0,1
334.36038,184.13768,461.96899,1,0,1,0,1
334.38033,184.31293,462.26151,1,0,1,0,1
334.40037,184.50818,462.54108,1,0,1,0,1
334.42037,184.72247,462.80634,1,0,1,0,1
334.44052,185.20393,463.28876,1,0,1,0,1
334.46061,185.46875,463.50360,1,0,1,0,1
334.48016,185.74792,463.69940,1,0,1,0,1
334.50050,186.04008,463.87524,1,0,1,0,1
334.52041,186.34381,464.03024,1,0,1,0,1
334.54048,186.98000,464.27484,1,0,1,0,1
334.56020,187.30934,464.36322,1,0,1,0,1
334.58021,187.64406,464.42841,1,0,1,0,1
334.60040,187.98250,464.47006,1,0,1,0,1
334.62036,188.32303,464.48798,1,0,1,0,1
334.64009,189.00368,464.45233,1,0,1,0,1
334.66028,189.67271,464.32220,1,0,1,0,1
334.68048,189.99879,464.22244,1,0,1,0,1
334.70006,190.31711,464.10016,1,0,1,0,1
334.72037,190.62610,463.95593,1,0,1,0,1
334.74012,191.21016,463.60458,1,0,1,0,1
334.76007,191.48238,463.39920,1,0,1,0,1
334.78041,191.73958,463.17529,1,0,1,0,1
334.80052,191.98051,462.93399,1,0,1,0,1
334.82040,192.20401,462.67645,1,0,1,0,1
334.84036,192.59442,462.11777,1,0,1,0,1
334.86050,192.75941,461.81934,1,0,1,0,1
334.88017,192.90317,461.51013,1,0,1,0,1
334.90046,193.02498,461.19162,1,0,1,0,1
334.92049,193.12425,460.86539,1,0,1,0,1
334.94034,193.25334,460.19614,1,0,1,0,1
334.96007,193.28253,459.85638,1,0,0,0,1
334.98024,193.28793,459.51544,0,0,0,0,1
335.00034,193.26953,459.17493,0,0,0,0,1
335.02012,193.26953,459.17493,0,0,0,0,1
335.04040,193.26953,459.17493,0,0,0,0,1
335.06016,193.26953,459.17493,0,0,0,0,1
335.08048,193.26953,459.17493,0,0,0,0,1
335.10013,193.26953,459.17493,0,0,0,0,1
335.12012,193.26953,459.17493,0,0,0,0,1
335.14053,193.26953,459.17493,0,0,0,0,1
335.16019,193.26953,459.17493,0,0,0,0,1
335.18036,193.26953,459.17493,0,0,0,0,1
335.20019,193.26953,459.17493,0,0,0,0,1
335.22043,193.26953,459.17493,0,0,0,0,1
335.24033,193.26953,459.17493,0,0,0,0,1
335.26048,193.26953,459.17493,0,0,0,0,1
335.28043,193.26953,459.17493,0,0,0,0,1
335.30022,193.26953,459.17493,1,1,0,0,1
335.32034,193.26953,459.17493,1,1,0,0,1
335.34035,193.25653,458.49347,1,1,0,0,1
335.36021,193.28569,458.15372,1,1,0,0,1
335.38042,193.33847,457.81683,1,1,0,0,1
335.40049,193.41461,457.48444,1,1,0,0,1
335.42017,193.63541,456.83960,1,1,0,0,1
335.44019,193.77898,456.53030,1,1,0,0,1
335.46006,194.12898,455.94547,1,1,0,0,1
335.48038,194.33371,455.67276,1,1,0,0,1
335.50047,194.55696,455.41501,1,1,0,0,1
335.52032,194.79764,455.17343,1,1,0,0,1
335.54057,195.32654,454.74353,1,1,0,0,1
335.56037,195.61218,454.55728,1,1,0,0,1
335.58050,195.91011,454.39139,1,1,0,0,1
335.60007,196.21889,454.24667,1,1,0,0,1
335.62017,196.53700,454.12387,1,1,0,0,1
335.64027,197.19502,453.94617,1,1,0,0,1
335.66040,197.53172,453.89215,1,1,0,0,1
335.68005,197.87137,453.86176,1,1,0,0,1
335.70022,198.21231,453.85513,1,1,0,0,1
335.72039,198.55287,453.87228,1,1,0,0,1
335.74032,199.22629,453.97751,1,1,0,0,1
335.76062,199.55585,454.06509,1,1,0,0,1
335.78044,199.87849,454.17545,1,1,0,0,1
335.80013,200.19267,454.30801,1,1,0,0,1
335.82034,200.49684,454.46219,1,1,0,0,1
335.84025,201.06926,454.83215,1,1,0,0,1
335.86022,201.58464,455.27820,1,1,0,0,1
335.88046,201.81775,455.52707,1,1,0,0,1
335.90027,202.03294,455.79160,1,1,0,0,1
335.92034,202.22916,456.07050,1,1,0,0,1
335.94016,202.56094,456.66586,1,1,0,0,1
335.96045,202.69490,456.97946,1,1,0,0,1
335.98013,202.80667,457.30164,1,1,0,0,1
336.00032,202.89569,457.63080,1,1,0,0,1
336.02013,202.96155,457.96539,1,1,0,0,1
336.04034,203.02257,458.64423,1,1,0,0,1
336.06007,203.01744,458.98520,1,1,0,0,1
336.08013,202.98854,459.32498,1,1,0,0,1
336.10013,202.93602,459.66193,1,1,0,0,1
336.12037,202.86012,459.99438,1,1,0,0,1
336.14053,202.63982,460.63940,1,1,0,0,1
336.16042,202.49648,460.94882,1,1,0,0,1
336.18009,202.33191,461.24750,1,1,0,0,1
336.20031,201.94238,461.80682,1,1,0,0,1
336.22046,201.71933,462.06476,1,1,0,0,1
336.24032,201.47884,462.30652,1,1,0,0,1
336.26045,200.95027,462.73685,1,1,0,0,1
336.28045,200.66478,462.92331,1,1,0,0,1
336.30020,200.36697,463.08942,1,1,0,0,1
336.32039,200.05830,463.23434,1,1,0,0,1
336.34012,199.41444,463.45798,1,1,0,0,1
336.36032,199.08240,463.53558,1,1,0,0,1
336.38003,198.74574,463.58984,1,1,0,0,1
336.40016,198.40613,463.62051,1,1,0,0,1
336.42039,198.06520,463.62741,1,1,0,0,1
336.44054,197.72462,463.61050,1,1,0,0,1
336.46004,197.05113,463.50577,1,1,0,0,1
336.48047,196.72150,463.41846,1,1,0,0,1
336.50021,196.39876,463.30835,1,1,0,0,1
336.52018,196.08449,463.17603,1,1,0,0,1
336.54038,195.78021,463.02209,1,1,0,0,1
336.56007,194.94186,462.43875,1,1,0,0,1
336.58007,194.69179,462.20694,1,1,0,0,1
336.60009,194.45848,461.95825,1,1,0,0,1
336.62030,194.24309,461.69388,1,1,0,0,1
336.64060,193.87015,461.12338,1,1,0,0,1
336.66019,193.71442,460.82004,1,1,0,0,1
336.68040,193.58022,460.50656,1,1,0,0,1
336.70013,193.46820,460.18448,1,1,0,0,1
336.72052,193.37892,459.85538,1,1,0,0,1
336.74038,193.27019,459.18253,1,1,0,0,1
336.76030,193.25127,458.84204,1,1,0,0,1
336.78011,193.25613,458.50107,1,1,0,0,1
336.80034,193.28477,458.16129,1,1,0,0,1
336.82044,193.33704,457.82431,1,1,0,0,1
336.84038,193.41267,457.49179,1,1,0,0,1
336.86006,193.63249,456.84662,1,1,0,0,1
336.88053,193.77559,456.53711,1,1,0,0,1
336.90021,193.93993,456.23831,1,1,0,0,1
336.92035,194.12469,455.95172,1,1,0,0,1
336.94008,194.55186,455.42062,1,1,0,0,1
336.96023,194.79218,455.17868,1,1,0,0,1
336.98038,195.32042,454.74796,1,1,0,0,1
337.00011,195.60577,454.56125,1,1,0,0,1
337.02036,195.90346,454.39490,1,1,0,0,1
337.04014,196.21201,454.24973,1,1,0,0,1
337.06031,196.85568,454.02560,1,1,0,0,1
337.08007,197.18767,453.94772,1,1,0,0,1
337.10041,197.52428,453.89319,1,1,0,0,1
337.12069,197.86388,453.86227,1,1,0,0,1
337.14047,198.20480,453.85510,0,0,0,0,1
337.16019,198.54539,453.87173,0,0,0,0,1
337.18034,198.54539,453.87173,0,0,0,0,1
337.20026,198.54539,453.87173,0,0,0,0,1
337.22051,198.54539,453.87173,0,0,0,0,1
337.24026,198.54539,453.87173,0,0,0,0,1
337.26034,198.54539,453.87173,0,0,0,0,1
337.28048,198.54539,453.87173,0,0,0,0,1
337.30033,198.54539,453.87173,0,0,0,0,1
337.32011,198.54539,453.87173,0,0,0,0,1
337.34023,198.54539,453.87173,0,0,0,0,1
337.36040,198.54539,453.87173,0,0,0,0,1
337.38023,198.54539,453.87173,0,0,0,0,1
337.40058,198.54539,453.87173,0,0,0,0,1
337.42020,198.54539,453.87173,0,0,0,0,1
337.44035,198.54539,453.87173,0,0,0,0,1
337.46048,198.54539,453.87173,0,0,0,0,1
337.48053,198.54539,453.87173,0,0,0,0,1
337.50043,198.54539,453.87173,0,0,0,0,1
337.52021,198.54539,453.87173,0,0,0,0,1
337.54029,198.54539,453.87173,0,0,0,0,1
337.56047,198.54539,453.87173,0,0,0,0,1
337.58041,198.54539,453.87173,0,0,0,0,1
337.60025,198.54539,453.87173,0,0,0,0,1
337.62032,198.54539,453.87173,0,0,0,0,1
337.64044,198.54539,453.87173,0,0,0,0,1
337.66027,198.54539,453.87173,0,0,0,0,1
337.68054,198.54539,453.87173,0,0,0,0,1
337.70018,198.54539,453.87173,0,0,0,0,1
337.72032,198.54539,453.87173,0,0,0,0,1
337.74048,198.54539,453.87173,0,0,0,0,1
337.76012,198.54539,453.87173,0,0,0,0,1
337.78036,198.54539,453.87173,0,0,0,0,1
337.80007,198.54539,453.87173,0,0,0,0,1
337.82037,198.54539,453.87173,0,0,0,0,1
337.84052,198.54539,453.87173,0,0,0,0,1
337.86020,198.54539,453.87173,0,0,0,0,1
337.88039,198.54539,453.87173,1,0,0,0,1
337.90009,198.88400,453.91208,1,0,0,0,1
337.92033,199.22261,453.95242,1,0,0,0,1
337.94027,199.56122,453.99277,1,0,0,0,1
337.96055,200.23843,454.07346,1,0,0,0,1
337.98025,200.57704,454.11380,1,0,0,0,1
338.00020,200.91565,454.15414,1,0,0,0,1
338.02034,201.25426,454.19449,1,0,0,0,1
338.04041,201.59286,454.23483,1,0,0,0,1
338.06019,202.27008,454.31552,1,0,0,0,1
338.08039,202.60869,454.35587,1,0,0,0,1
338.10011,202.94730,454.39621,1,0,0,0,1
338.12035,203.28590,454.43655,1,0,0,0,1
338.14052,203.62451,454.47690,1,0,0,0,1
338.16021,204.64034,454.59793,1,0,0,0,1
338.18032,204.97894,454.63828,1,0,0,0,1
338.20057,205.31755,454.67862,1,0,0,0,1
338.22019,205.65616,454.71896,1,0,0,0,1
338.24043,205.99477,454.75931,1,0,0,0,1
338.26044,206.67198,454.84000,1,0,0,0,1
338.28013,207.01059,454.88034,1,0,0,0,1
338.30025,207.34920,454.92068,1,0,0,0,1
338.32049,207.68781,454.96103,1,0,0,0,1
338.34024,208.02641,455.00137,1,0,0,0,1
338.36041,208.70363,455.08206,1,0,0,0,1
338.38051,209.04224,455.12241,1,0,0,0,1
338.40024,209.38084,455.16275,1,0,0,0,1
338.42045,209.71945,455.20309,1,0,0,0,1
338.44020,210.05806,455.24344,1,0,0,0,1
338.46041,210.73528,455.32413,1,0,0,0,1
338.48054,211.07388,455.36447,1,0,0,0,1
338.50010,211.41249,455.40482,1,0,0,0,1
338.52028,211.75110,455.44516,1,0,0,0,1
338.54042,212.08971,455.48550,1,0,0,0,1
338.56006,212.76692,455.56619,1,0,0,0,1
338.58011,213.44414,455.64688,1,0,0,0,1
338.60043,213.78275,455.68723,1,0,0,0,1
338.62010,214.12135,455.72757,1,0,0,0,1
338.64038,214.45996,455.76791,1,0,0,0,1
338.66012,215.13718,455.84860,1,0,0,0,1
338.68011,215.47578,455.88895,1,0,0,0,1
338.70011,215.81439,455.92929,1,0,0,0,1
338.72011,216.15300,455.96964,1,0,0,0,1
338.74014,216.49161,456.00998,1,0,0,0,1
338.76015,217.16882,456.09067,1,0,0,0,1
338.78025,217.16882,456.09067,1,0,0,0,1
338.80035,217.84604,456.17136,1,0,0,0,1
338.82046,218.52325,456.25204,1,0,0,0,1
338.84024,218.86186,456.29239,1,0,0,0,1
338.86034,219.20047,456.33273,1,0,0,0,1
338.88053,219.53908,456.37308,1,0,0,0,1
338.90029,220.21629,456.45377,1,0,0,0,1
338.92046,220.55490,456.49411,1,0,0,0,1
338.94020,220.89351,456.53445,1,0,0,0,1
338.96052,221.23212,456.57480,0,0,0,0,1
338.98022,221.57072,456.61514,0,0,0,0,1
339.00042,221.57072,456.61514,0,0,0,0,1
339.02012,221.57072,456.61514,0,0,0,0,1
339.04017,221.57072,456.61514,0,0,0,0,1
339.06045,221.57072,456.61514,0,0,0,0,1
339.08017,221.57072,456.61514,0,0,0,0,1
339.10030,221.57072,456.61514,0,0,0,0,1
339.12049,221.57072,456.61514,0,0,0,0,1
339.14018,221.57072,456.61514,0,0,0,0,1
339.16035,221.57072,456.61514,0,0,0,0,1
339.18052,221.57072,456.61514,0,0,0,0,1
339.20025,221.57072,456.61514,0,0,0,0,1
339.22047,221.57072,456.61514,0,0,0,0,1
339.24021,221.57072,456.61514,0,0,0,0,1
339.26032,221.57072,456.61514,0,0,0,0,1
339.28013,221.57072,456.61514,0,0,0,0,1
339.30037,221.57072,456.61514,0,0,0,0,1
339.32038,221.57072,456.61514,0,0,0,0,1
339.34009,221.57072,456.61514,1,0,0,0,1
339.36029,221.90933,456.65549,1,0,0,0,1
339.38025,222.58655,456.73618,1,0,1,0,1
339.40043,222.92516,456.77652,1,0,1,0,1
339.42025,223.26575,456.79312,1,0,1,0,1
339.44029,223.60667,456.78589,1,0,1,0,1
339.46044,224.28285,456.70023,1,0,1,0,1
339.48017,224.61481,456.62219,1,0,1,0,1
339.50004,224.94051,456.52118,1,0,1,0,1
339.52021,225.25835,456.39767,1,0,1,0,1
339.54013,225.56679,456.25226,1,0,1,0,1
339.56031,226.14949,455.89868,1,0,1,0,1
339.58044,226.42091,455.69226,1,0,1,0,1
339.60054,226.67726,455.46738,1,0,1,0,1
339.62015,226.91727,455.22516,1,0,1,0,1
339.64023,227.13977,454.96677,1,0,1,0,1
339.66025,227.52803,454.40656,1,0,1,0,1
339.68038,227.69188,454.10751,1,0,1,0,1
339.70016,227.83444,453.79776,1,0,1,0,1
339.72030,227.95503,453.47879,1,0,1,0,1
339.74037,228.12802,452.81952,1,0,1,0,1
339.76038,228.17958,452.48245,1,0,1,0,1
339.78035,228.21156,451.80164,1,0,1,0,1
339.80051,228.19186,451.46121,1,0,1,0,1
339.82038,228.14844,451.12299,1,0,1,0,1
339.84021,228.08150,450.78864,1,0,1,0,1
339.86031,227.87849,450.13797,1,0,1,0,1
339.88048,227.74342,449.82486,1,0,1,0,1
339.90015,227.58682,449.52194,1,0,1,0,1
339.92034,227.40944,449.23071,1,0,1,0,1
339.94013,227.21216,448.95258,1,0,1,0,1
339.96030,226.76181,448.44098,1,0,1,0,1
339.98051,226.51096,448.20999,1,0,1,0,1
340.00032,226.24458,447.99710,1,0,1,0,1
340.02050,225.96399,447.80331,1,0,1,0,1
340.04016,225.67055,447.62961,1,0,1,0,1
340.06046,225.05092,447.34567,1,0,1,0,1
340.08027,224.72775,447.23685,1,0,1,0,1
340.10057,224.39777,447.15085,1,0,1,0,1
340.12054,224.06259,447.08810,1,0,1,0,1
340.14009,223.38319,447.03351,1,0,1,0,1
340.16030,223.04230,447.04190,1,0,1,0,1
340.18009,222.36642,447.12991,1,0,1,0,1
340.20080,222.03474,447.20908,1,0,1,0,1
340.22008,221.70940,447.31122,1,0,1,0,1
340.24030,221.39198,447.43582,1,0,1,0,1
340.26054,220.78709,447.74994,1,0,1,0,1
340.28011,220.50256,447.93790,1,0,1,0,1
340.30022,220.23186,448.14526,1,0,1,0,1
340.32036,219.97629,448.37103,1,0,1,0,1
340.34054,219.73712,448.61411,1,0,1,0,1
340.36024,219.31253,449.14728,1,0,1,0,1
340.38048,219.12918,449.43478,1,0,1,0,1
340.40037,218.96637,449.73441,1,0,1,0,1
340.42007,218.82487,450.04468,1,0,1,0,1
340.44032,218.70538,450.36404,1,0,1,0,1
340.46044,218.53467,451.02390,0,0,0,0,1
340.48041,218.53467,451.02390,0,0,0,0,1
340.50041,218.53467,451.02390,0,0,0,0,1
340.52011,218.53467,451.02390,0,0,0,0,1
340.54029,218.53467,451.02390,0,0,0,0,1
340.56057,218.53467,451.02390,0,0,0,0,1
340.58036,218.53467,451.02390,0,0,0,0,1
340.60009,218.53467,451.02390,0,0,0,0,1
340.62034,218.53467,451.02390,0,0,0,0,1
340.64029,218.53467,451.02390,0,0,0,0,1
340.66052,218.53467,451.02390,0,0,0,0,1
340.68027,218.53467,451.02390,0,0,0,0,1
340.70033,218.53467,451.02390,0,0,0,0,1
340.72051,218.53467,451.02390,0,0,0,0,1
340.74047,218.53467,451.02390,0,0,0,0,1
340.76019,218.53467,451.02390,0,0,0,0,1
340.78038,218.53467,451.02390,0,0,0,0,1
340.80046,218.53467,451.02390,0,0,0,0,1
340.82010,218.53467,451.02390,0,0,0,0,1
340.84022,218.53467,451.02390,1,1,0,0,1
340.86033,218.46088,451.35681,1,1,0,0,1
340.88033,218.36404,451.68378,1,1,0,0,1
340.90046,218.24464,452.00320,1,1,0,0,1
340.92046,217.94060,452.61319,1,1,0,0,1
340.94054,217.75742,452.90082,1,1,0,0,1
340.96014,217.33321,453.43430,1,1,0,0,1
340.98014,217.09424,453.67755,1,1,0,0,1
341.00031,216.83890,453.90356,1,1,0,0,1
341.02040,216.56841,454.11121,1,1,0,0,1
341.04008,216.28409,454.29950,1,1,0,0,1
341.06041,215.67960,454.61438,1,1,0,0,1
341.08015,215.36237,454.73944,1,1,0,0,1
341.10034,215.03719,454.84207,1,1,0,0,1
341.12044,214.70563,454.92178,1,1,0,0,1
341.14033,214.36932,454.97818,1,1,0,0,1
341.16051,213.68903,455.02005,1,1,0,0,1
341.18021,213.34834,455.00531,1,1,0,0,1
341.20051,213.00952,454.96686,1,1,0,0,1
341.22030,212.67421,454.90485,1,1,0,0,1
341.24019,212.34404,454.81961,1,1,0,0,1
341.26008,211.70551,454.58121,1,1,0,0,1
341.28022,211.40025,454.42920,1,1,0,0,1
341.30044,211.10635,454.25629,1,1,0,0,1
341.32019,210.55824,453.85117,1,1,0,0,1
341.34005,210.30670,453.62094,1,1,0,0,1
341.36051,209.85477,453.11072,1,1,0,0,1
341.38038,209.65657,452.83322,1,1,0,0,1
341.40045,209.47821,452.54257,1,1,0,0,1
341.42019,209.32056,452.24020,1,1,0,0,1
341.44049,209.18437,451.92758,1,1,0,0,1
341.46018,209.07033,451.60623,1,1,0,0,1
341.48049,208.91075,450.94360,1,1,0,0,1
341.50019,208.86600,450.60556,1,1,0,0,1
341.52036,208.84492,450.26520,1,1,0,0,1
341.54035,208.84764,449.92419,1,1,0,0,1
341.56037,208.87413,449.58423,1,1,0,0,1
341.58021,208.99779,448.91397,1,1,0,0,1
341.60042,209.09436,448.58694,1,1,0,0,1
341.62034,209.21350,448.26743,1,1,0,0,1
341.64018,209.35464,447.95700,1,1,0,0,1
341.66015,209.51709,447.65717,1,1,0,0,1
341.68009,209.90262,447.09512,1,1,0,0,1
341.70022,210.12384,446.83560,1,1,0,0,1
341.72032,210.61780,446.36597,1,1,0,0,1
341.74040,210.88812,446.15811,1,1,0,0,1
341.76008,211.17229,445.96960,1,1,0,0,1
341.78040,211.77654,445.65427,1,1,0,0,1
341.80041,212.09367,445.52896,1,1,0,0,1
341.82031,212.41878,445.42606,1,1,0,0,1
341.84036,212.75027,445.34610,1,1,0,0,1
341.86006,213.08653,445.28946,1,1,0,0,1
341.88022,213.76678,445.24707,1,1,0,0,1
341.90048,214.10748,445.26154,1,1,0,0,1
341.92013,214.44633,445.29974,1,1,0,0,1
341.94021,214.78169,445.36148,1,1,0,0,1
341.96005,215.11194,445.44647,1,1,0,0,1
341.98015,215.75066,445.68436,1,1,0,0,1
342.00035,216.05602,445.83612,1,1,0,0,1
342.02037,216.35005,446.00882,1,1,0,0,1
342.04014,216.63133,446.20160,1,1,0,0,1
342.06030,216.89848,446.41351,1,1,0,0,1
342.08038,217.38527,446.89059,0,0,0,0,1
342.10020,217.62033,447.13763,0,0,0,0,1
342.12039,217.62033,447.13763,0,0,0,0,1
342.14010,217.62033,447.13763,0,0,0,0,1
342.16043,217.62033,447.13763,0,0,0,0,1
342.18018,217.62033,447.13763,0,0,0,0,1
342.20043,217.62033,447.13763,0,0,0,0,1
342.22035,217.62033,447.13763,0,0,0,0,1
342.24035,217.62033,447.13763,0,0,0,0,1
342.26036,217.62033,447.13763,0,0,0,0,1
342.28040,217.62033,447.13763,0,0,0,0,1
342.30007,217.62033,447.13763,0,0,0,0,1
342.32035,217.62033,447.13763,0,0,0,0,1
342.34004,217.62033,447.13763,0,0,0,0,1
342.36034,217.62033,447.13763,0,0,0,0,1
342.38051,217.62033,447.13763,0,0,0,0,1
342.40030,217.62033,447.13763,0,0,0,0,1
342.42052,217.62033,447.13763,0,0,0,0,1
342.44033,217.62033,447.13763,0,0,0,0,1
342.46025,217.62033,447.13763,0,0,0,0,1
342.48086,217.62033,447.13763,0,0,0,0,1
342.50015,217.62033,447.13763,0,0,0,0,1
342.52036,217.62033,447.13763,0,0,0,0,1
342.54039,217.62033,447.13763,0,0,0,0,1
342.56030,217.62033,447.13763,0,0,0,0,1
342.58056,217.62033,447.13763,0,0,0,0,1
342.60028,217.62033,447.13763,1,0,0,0,1
342.62050,217.62033,447.13763,1,0,0,0,1
342.64043,217.85539,447.38467,1,0,0,0,1
342.66031,218.09045,447.63171,1,0,0,0,1
342.68040,218.56058,448.12579,1,0,0,0,1
342.70047,218.79564,448.37283,1,0,0,0,1
342.72027,219.03070,448.61987,1,0,0,0,1
342.74048,219.26576,448.86691,1,0,0,0,1
342.76030,219.50082,449.11395,1,0,0,0,1
342.78009,219.97095,449.60803,1,0,0,0,1
342.80042,220.20601,449.85507,1,0,0,0,1
342.82030,220.44107,450.10211,1,0,0,0,1
342.84007,220.67613,450.34915,1,0,0,0,1
342.86013,220.91119,450.59619,1,0,0,0,1
342.88011,221.61638,451.33731,1,0,0,0,1
342.90008,221.85144,451.58435,1,0,0,0,1
342.92033,222.08650,451.83139,1,0,0,0,1
342.94016,222.32156,452.07843,1,0,0,0,1
342.96040,222.55663,452.32547,1,0,0,0,1
342.98014,223.02675,452.81955,1,0,0,0,1
343.00006,223.26181,453.06659,1,0,0,0,1
343.02016,223.49687,453.31363,1,0,0,0,1
343.04033,223.73193,453.56067,1,0,0,0,1
343.06051,223.96700,453.80771,1,0,0,0,1
343.08016,224.43712,454.30179,1,0,0,0,1
343.10007,224.67218,454.54883,1,0,0,0,1
343.12006,224.90724,454.79587,1,0,0,0,1
343.14017,225.14230,455.04291,1,0,0,0,1
343.16033,225.37737,455.28995,1,0,0,0,1
343.18048,225.84749,455.78403,1,0,0,0,1
343.20010,226.08255,456.03107,1,0,0,0,1
343.22046,226.31761,456.27811,1,0,0,0,1
343.24025,226.55267,456.52515,1,0,0,0,1
343.26040,227.02280,457.01923,1,0,0,0,1
343.28030,227.25786,457.26627,1,0,0,0,1
343.30008,227.72798,457.76035,1,0,0,0,1
343.32018,227.96304,458.00739,1,0,0,0,1
343.34036,228.19810,458.25443,1,0,0,0,1
343.36008,228.43317,458.50146,1,0,0,0,1
343.38031,228.90329,458.99554,1,0,0,0,1
343.40052,229.13835,459.24258,1,0,0,0,1
343.42053,229.37341,459.48962,1,0,0,0,1
343.44015,229.60847,459.73666,1,0,0,0,1
343.46027,229.84354,459.98370,1,0,0,0,1
343.48043,230.31366,460.47778,1,0,0,0,1
343.50011,230.54872,460.72482,1,0,0,0,1
343.52031,230.78378,460.97186,1,0,0,0,1
343.54021,231.01884,461.21890,1,0,0,0,1
343.56039,231.25391,461.46594,1,0,0,0,1
343.58007,231.72403,461.96002,1,0,0,0,1
343.60028,231.95909,462.20706,1,0,0,0,1
343.62043,232.19415,462.45410,1,0,0,0,1
343.64036,232.42921,462.70114,1,0,0,0,1
343.66048,232.89934,463.19522,1,0,0,0,1
343.68034,233.13440,463.44226,1,0,0,0,1
343.70058,233.60452,463.93634,1,0,0,0,1
343.72009,233.83958,464.18338,1,0,0,0,1
343.74042,234.07465,464.43042,1,0,0,0,1
343.76035,234.30971,464.67746,1,0,0,0,1
343.78050,234.77983,465.17154,1,0,0,0,1
343.80048,235.01489,465.41858,1,0,0,0,1
343.82012,235.24995,465.66562,1,0,0,0,1
343.84031,235.48502,465.91266,0,0,0,0,1
343.86031,235.48502,465.91266,0,0,0,0,1
343.88051,235.48502,465.91266,0,0,0,0,1
343.90037,235.48502,465.91266,0,0,0,0,1
343.92040,235.48502,465.91266,0,0,0,0,1
343.94052,235.48502,465.91266,0,0,0,0,1
343.96020,235.48502,465.91266,0,0,0,0,1
343.98029,235.48502,465.91266,0,0,0,0,1
344.00044,235.48502,465.91266,0,0,0,0,1
344.02025,235.48502,465.91266,0,0,0,0,1
344.04043,235.48502,465.91266,0,0,0,0,1
344.06016,235.48502,465.91266,0,0,0,0,1
344.08029,235.48502,465.91266,0,0,0,0,1
344.10038,235.48502,465.91266,0,0,0,0,1
344.12022,235.48502,465.91266,0,0,0,0,1
344.14049,235.48502,465.91266,0,0,0,0,1
344.16026,235.48502,465.91266,0,0,0,0,1
344.18027,235.48502,465.91266,0,0,0,0,1
344.20051,235.48502,465.91266,0,0,0,0,1
344.22024,235.48502,465.91266,0,0,0,0,1
344.24010,235.48502,465.91266,0,0,0,0,1
344.26026,235.48502,465.91266,1,0,0,0,1
344.28034,235.72008,466.15970,1,0,0,0,1
344.30006,235.95514,466.40674,1,0,1,0,1
344.32008,236.19020,466.65378,1,0,1,0,1
344.34050,236.44194,466.88379,1,0,1,0,1
344.36014,236.70912,467.09567,1,0,1,0,1
344.38035,237.28455,467.46094,1,0,1,0,1
344.40052,237.58998,467.61255,1,0,1,0,1
344.42034,237.90526,467.74246,1,0,1,0,1
344.44033,238.22884,467.85004,1,0,1,0,1
344.46038,238.89456,467.99622,1,0,1,0,1
344.48048,239.23344,468.03409,1,0,1,0,1
344.50015,239.91502,468.03851,1,0,1,0,1
344.52014,240.25438,468.00504,1,0,1,0,1
344.54032,240.59056,467.94794,1,0,1,0,1
344.56020,240.92194,467.86749,1,0,1,0,1
344.58030,241.56383,467.63828,1,0,1,0,1
344.60045,241.56383,467.63828,1,0,1,0,1
344.62004,242.16751,467.32187,1,0,1,0,1
344.64021,242.45131,467.13281,1,0,1,0,1
344.66025,242.72122,466.92441,1,0,1,0,1
344.68028,243.21416,466.45367,1,0,1,0,1
344.70031,243.43478,466.19366,1,0,1,0,1
344.72038,243.63670,465.91888,1,0,1,0,1
344.74032,243.81894,465.63068,1,0,1,0,1
344.76005,243.98061,465.33044,1,0,1,0,1
344.78020,244.23917,464.69983,1,0,1,0,1
344.80043,244.33479,464.37253,1,0,1,0,1
344.82020,244.40733,464.03934,1,0,1,0,1
344.84040,244.48184,463.36185,1,0,1,0,1
344.86051,244.48344,463.02084,1,0,1,0,1
344.88066,244.46126,462.68057,1,0,1,0,1
344.90052,244.34598,462.00882,1,0,1,0,1
344.92020,244.25345,461.68060,1,0,1,0,1
344.94018,244.13823,461.35965,1,0,1,0,1
344.96036,244.00089,461.04755,1,0,1,0,1
344.98005,243.66257,460.45584,1,0,1,0,1
345.00035,243.46326,460.17914,1,0,1,0,1
345.02032,243.24512,459.91705,1,0,1,0,1
345.04051,243.00920,459.67084,1,0,1,0,1
345.06026,242.75667,459.44168,1,0,1,0,1
345.08032,242.48875,459.23074,1,0,1,0,1
345.10046,241.91206,458.86743,1,0,1,0,1
345.12007,241.60611,458.71686,1,0,1,0,1
345.14036,241.29039,458.58801,1,0,1,0,1
345.16050,240.96643,458.48154,1,0,1,0,1
345.18015,240.63583,458.39795,1,0,1,0,1
345.20022,239.96118,458.30093,1,0,1,0,1
345.22038,239.62042,458.28799,1,0,1,0,1
345.24042,238.94037,458.33356,1,0,1,0,1
345.26050,238.60439,458.39182,1,0,1,0,1
345.28016,237.94870,458.57791,1,0,1,0,1
345.30014,237.63220,458.70483,1,0,1,0,1
345.32050,237.32533,458.85355,1,0,1,0,1
345.34063,237.02960,459.02332,1,0,1,0,1
345.36028,236.74646,459.21335,1,0,1,0,1
345.38021,236.47728,459.42267,1,0,1,0,1
345.40045,235.98598,459.89508,1,0,1,0,1
345.42050,235.76625,460.15585,1,0,1,0,1
345.44046,235.56528,460.43134,1,0,1,0,1
345.46028,235.38403,460.72018,1,0,1,0,1
345.48027,235.22340,461.02100,0,0,0,0,1
345.50016,235.08417,461.33228,0,0,0,0,1
345.52038,235.08417,461.33228,0,0,0,0,1
345.54042,235.08417,461.33228,0,0,0,0,1
345.56051,235.08417,461.33228,0,0,0,0,1
345.58027,235.08417,461.33228,0,0,0,0,1
345.60038,235.08417,461.33228,0,0,0,0,1
345.62020,235.08417,461.33228,0,0,0,0,1
345.64036,235.08417,461.33228,0,0,0,0,1
345.66019,235.08417,461.33228,0,0,0,0,1
345.68047,235.08417,461.33228,0,0,0,0,1
345.70018,235.08417,461.33228,0,1,0,0,1
345.72053,235.08417,461.33228,1,1,0,0,1
345.74012,234.94496,461.64355,1,1,0,0,1
345.76053,234.78439,461.94440,1,1,0,0,1
345.78022,234.40236,462.50888,1,1,0,0,1
345.80019,234.18277,462.76978,1,1,0,0,1
345.82007,233.94551,463.01471,1,1,0,0,1
345.84013,233.69176,463.24249,1,1,0,0,1
345.86028,233.42273,463.45203,1,1,0,0,1
345.88027,232.84418,463.81238,1,1,0,0,1
345.90049,232.53748,463.96143,1,1,0,0,1
345.92017,232.22113,464.08871,1,1,0,0,1
345.94040,231.89667,464.19363,1,1,0,0,1
345.96014,231.56567,464.27567,1,1,0,0,1
345.98007,231.22977,464.33441,1,1,0,0,1
346.00023,230.54977,464.38104,1,1,0,0,1
346.02031,230.20900,464.36868,1,1,0,0,1
346.04015,229.53418,464.27292,1,1,0,0,1
346.06043,229.20341,464.19000,1,1,0,0,1
346.08041,228.56323,463.95609,1,1,0,0,1
346.10012,228.25693,463.80621,1,1,0,0,1
346.12031,227.96182,463.63535,1,1,0,0,1
346.14020,227.67935,463.44434,1,1,0,0,1
346.16029,227.41089,463.23407,1,1,0,0,1
346.18027,227.15775,463.00562,1,1,0,0,1
346.20049,226.70224,462.49857,1,1,0,0,1
346.22053,226.50211,462.22247,1,1,0,0,1
346.24023,226.32172,461.93311,1,1,0,0,1
346.26034,226.16196,461.63184,1,1,0,0,1
346.28006,226.02359,461.32016,1,1,0,0,1
346.30028,225.81364,460.67172,1,1,0,0,1
346.32049,225.74309,460.33810,1,1,0,0,1
346.34052,225.69597,460.00037,1,1,0,0,1
346.36016,225.67252,459.66019,1,1,0,0,1
346.38034,225.67284,459.31918,1,1,0,0,1
346.40054,225.81592,458.30789,1,1,0,0,1
346.42018,225.91020,457.98019,1,1,0,0,1
346.44048,226.02711,457.65985,1,1,0,0,1
346.46018,226.16608,457.34845,1,1,0,0,1
346.48035,226.32642,457.04749,1,1,0,0,1
346.50006,226.70801,456.48273,1,1,0,0,1
346.52028,226.92740,456.22168,1,1,0,0,1
346.54049,227.16446,455.97656,1,1,0,0,1
346.56036,227.41805,455.74857,1,1,0,0,1
346.58033,227.68690,455.53882,1,1,0,0,1
346.60035,228.26518,455.17804,1,1,0,0,1
346.62047,228.57178,455.02878,1,1,0,0,1
346.64046,228.88803,454.90125,1,1,0,0,1
346.66049,229.21240,454.79608,1,1,0,0,1
346.68034,229.54332,454.71381,1,1,0,0,1
346.70003,230.21834,454.61935,1,1,0,0,1
346.72030,230.55914,454.60767,1,1,0,0,1
346.74048,230.89993,454.61975,1,1,0,0,1
346.76042,231.23904,454.65558,1,1,0,0,1
346.78013,231.57483,454.71497,1,1,0,0,1
346.80037,232.22992,454.90317,1,1,0,0,1
346.82045,232.85243,455.18069,1,1,0,0,1
346.84008,233.14767,455.35132,1,1,0,0,1
346.86022,233.43030,455.54211,1,1,0,0,1
346.88027,233.69893,455.75217,1,0,0,0,1
346.90029,234.18904,456.22583,0,0,0,0,1
346.92038,234.18904,456.22583,0,0,0,0,1
346.94007,234.18904,456.22583,0,0,0,0,1
346.96024,234.18904,456.22583,0,0,0,0,1
346.98017,234.18904,456.22583,0,0,0,0,1
347.00018,234.18904,456.22583,0,0,0,0,1
347.02040,234.18904,456.22583,0,0,0,0,1
347.04034,234.18904,456.22583,0,0,0,0,1
347.06052,234.18904,456.22583,0,0,0,0,1
347.08051,234.18904,456.22583,0,0,0,0,1
347.10041,234.18904,456.22583,0,0,0,0,1
347.12005,234.18904,456.22583,0,0,0,0,1
347.14041,234.18904,456.22583,0,0,0,0,1
347.16009,234.18904,456.22583,0,0,0,0,1
347.18053,234.18904,456.22583,0,0,0,0,1
347.20015,234.18904,456.22583,0,0,0,0,1
347.22027,234.18904,456.22583,0,0,0,0,1
347.24041,234.18904,456.22583,0,0,0,0,1
347.26037,234.18904,456.22583,0,0,0,0,1
347.28029,234.18904,456.22583,0,0,0,0,1
347.30064,234.18904,456.22583,0,0,0,0,1
347.32007,234.18904,456.22583,0,0,0,0,1
347.34028,234.18904,456.22583,0,0,0,0,1
347.36028,234.18904,456.22583,0,0,0,0,1
347.38052,234.18904,456.22583,0,0,0,0,1
347.40052,234.18904,456.22583,0,0,0,0,1
347.42006,234.18904,456.22583,0,0,0,0,1
347.44008,234.18904,456.22583,0,0,0,0,1
347.46008,234.18904,456.22583,0,0,0,0,1
347.48008,234.18904,456.22583,0,0,0,0,1
347.50046,234.18904,456.22583,0,0,0,0,1
347.52037,234.18904,456.22583,0,0,0,0,1
347.54048,234.18904,456.22583,0,0,0,0,1
347.56026,234.18904,456.22583,0,0,0,0,1
347.58027,234.18904,456.22583,1,0,0,0,1
347.60056,234.89940,456.96201,1,0,0,0,1
347.62042,235.13618,457.20740,1,0,0,0,1
347.64042,235.37297,457.45279,1,0,0,0,1
347.66041,235.60976,457.69818,1,0,0,0,1
347.68027,235.84654,457.94357,1,0,0,0,1
347.70019,236.32011,458.43436,1,0,0,0,1
347.72050,236.55690,458.67975,1,0,0,0,1
347.74043,236.79369,458.92514,1,0,0,0,1
347.76045,237.03047,459.17053,1,0,0,0,1
347.78011,237.26726,459.41592,1,0,0,0,1
347.80019,237.74083,459.90671,1,0,0,0,1
347.82034,237.97762,460.15210,1,0,0,0,1
347.84042,238.21440,460.39749,1,0,0,0,1
347.86032,238.45119,460.64288,1,0,0,0,1
347.88005,238.68797,460.88828,1,0,0,0,1
347.90038,239.16154,461.37906,1,0,0,0,1
347.92033,239.39833,461.62445,1,0,0,0,1
347.94048,239.63512,461.86984,1,0,0,0,1
347.96027,239.87190,462.11523,1,0,0,0,1
347.98021,240.10869,462.36063,1,0,0,0,1
348.00045,240.58226,462.85141,1,0,0,0,1
348.02014,241.05583,463.34219,1,0,0,0,1
348.04034,241.29262,463.58759,1,0,0,0,1
348.06054,241.52940,463.83298,1,0,0,0,1
348.08030,241.76619,464.07837,1,0,0,0,1
348.10034,242.23976,464.56915,1,0,0,0,1
348.12028,242.47655,464.81454,1,0,0,0,1
348.14033,242.71333,465.05994,1,0,0,0,1
348.16051,242.95012,465.30533,1,0,0,0,1
348.18027,243.18690,465.55072,1,0,0,0,1
348.20038,243.66048,466.04150,1,0,0,0,1
348.22052,243.89726,466.28690,1,0,0,0,1
348.24025,244.13405,466.53229,1,0,0,0,1
348.26040,244.37083,466.77768,1,0,0,0,1
348.28029,244.60762,467.02307,1,0,0,0,1
348.30021,245.08119,467.51385,1,0,0,0,1
348.32025,245.31798,467.75925,1,0,0,0,1
348.34024,245.55476,468.00464,1,0,0,0,1
348.36036,245.79155,468.25003,1,0,0,0,1
348.38024,246.02834,468.49542,1,0,0,0,1
348.40010,246.50191,468.98621,1,0,0,0,1
348.42052,246.97548,469.47699,1,0,0,0,1
348.44006,247.21227,469.72238,1,0,0,0,1
348.46014,247.44905,469.96777,1,0,0,0,1
348.48027,247.68584,470.21317,1,0,0,0,1
348.50026,248.15941,470.70395,1,0,0,0,1
348.52038,248.39619,470.94934,1,0,0,0,1
348.54046,248.63298,471.19473,1,0,0,0,1
348.56031,248.86977,471.44012,1,0,0,0,1
348.58040,249.10655,471.68552,1,0,0,0,1
348.60018,249.58012,472.17630,1,0,0,0,1
348.62019,249.81691,472.42169,1,0,0,0,1
348.64041,250.05370,472.66708,1,0,0,0,1
348.66013,250.29048,472.91248,0,0,0,0,1
348.68051,250.29048,472.91248,0,0,0,0,1
348.70048,250.29048,472.91248,0,0,0,0,1
348.72044,250.29048,472.91248,0,0,0,0,1
348.74014,250.29048,472.91248,0,0,0,0,1
348.76028,250.29048,472.91248,0,0,0,0,1
348.78033,250.29048,472.91248,0,0,0,0,1
348.80052,250.29048,472.91248,0,0,0,0,1
348.82018,250.29048,472.91248,0,0,0,0,1
348.84008,250.29048,472.91248,0,0,0,0,1
348.86029,250.29048,472.91248,0,0,0,0,1
348.88026,250.29048,472.91248,0,0,0,0,1
348.90067,250.29048,472.91248,0,0,0,0,1
348.92021,250.29048,472.91248,0,0,0,0,1
348.94014,250.29048,472.91248,0,0,0,0,1
348.96053,250.29048,472.91248,0,0,0,0,1
348.98033,250.29048,472.91248,0,0,0,0,1
349.00022,250.29048,472.91248,0,0,0,0,1
349.02047,250.29048,472.91248,0,0,0,0,1
349.04045,250.29048,472.91248,0,0,0,0,1
349.06004,250.29048,472.91248,1,0,0,0,1
349.08029,250.29048,472.91248,1,0,0,0,1
349.10025,250.76405,473.40326,1,0,0,0,1
349.12039,251.00084,473.64865,1,0,1,0,1
349.14010,251.49097,474.12228,1,0,1,0,1
349.16026,251.75963,474.33228,1,0,1,0,1
349.18026,252.04230,474.52301,1,0,1,0,1
349.20053,252.64409,474.84302,1,0,1,0,1
349.22019,252.64409,474.84302,1,0,1,0,1
349.24066,253.28459,475.07605,1,0,1,0,1
349.26047,253.61548,475.15845,1,0,1,0,1
349.28017,253.95132,475.21756,1,0,1,0,1
349.30027,254.63127,475.26480,1,0,1,0,1
349.32053,254.97206,475.25272,1,0,1,0,1
349.34038,255.31117,475.21686,1,0,1,0,1
349.36031,255.64694,475.15741,1,0,1,0,1
349.38003,255.97775,475.07465,1,0,1,0,1
349.40026,256.61801,474.84094,1,0,1,0,1
349.42049,256.92435,474.69113,1,0,1,0,1
349.44023,257.21948,474.52029,1,0,1,0,1
349.46055,257.50195,474.32928,1,0,1,0,1
349.48043,257.77039,474.11899,1,0,1,0,1
349.50026,258.02350,473.89047,1,0,1,0,1
349.52037,258.47882,473.38327,1,0,1,0,1
349.54038,258.85901,472.81760,1,0,1,0,1
349.56005,259.01859,472.51624,1,0,1,0,1
349.58017,259.15671,472.20447,1,0,1,0,1
349.60030,259.36609,471.55585,1,0,1,0,1
349.62038,259.43631,471.22217,1,0,1,0,1
349.64008,259.48303,470.88440,1,0,1,0,1
349.66007,259.50607,470.54419,1,0,1,0,1
349.68053,259.50531,470.20319,1,0,1,0,1
349.70037,259.48074,469.86307,1,0,1,0,1
349.72004,259.36078,469.19214,1,0,1,0,1
349.74020,259.26596,468.86459,1,0,1,0,1
349.76016,259.14850,468.54446,1,0,1,0,1
349.78028,259.00897,468.23331,1,0,1,0,1
349.80045,258.84805,467.93268,1,0,1,0,1
349.82035,258.46530,467.36871,1,0,1,0,1
349.84046,258.24533,467.10815,1,0,1,0,1
349.86013,258.00769,466.86359,1,0,1,0,1
349.88031,257.75357,466.63620,1,0,1,0,1
349.90048,257.48419,466.42712,1,0,1,0,1
349.92037,256.90497,466.06787,1,0,1,0,1
349.94015,256.28134,465.79285,1,0,1,0,1
349.96051,255.95665,465.68866,1,0,1,0,1
349.98041,255.62547,465.60739,1,0,1,0,1
350.00053,255.28943,465.54944,1,0,1,0,1
350.02019,254.60933,465.50455,1,0,1,0,1
350.04031,254.26859,465.51782,1,0,1,0,1
350.06047,253.92960,465.55487,1,0,1,0,1
350.08039,253.59402,465.61548,1,0,1,0,1
350.10057,253.26350,465.69937,1,0,1,0,1
350.12035,252.62405,465.93527,1,0,1,0,1
350.14061,252.31824,466.08612,1,0,1,0,1
350.16011,252.02371,466.25797,1,0,1,0,1
350.18045,251.74190,466.44995,1,0,1,0,1
350.20019,251.47418,466.66116,1,0,1,0,1
350.22010,250.98619,467.13702,1,0,1,0,1
350.24034,250.76830,467.39932,1,0,1,0,1
350.26005,250.56926,467.67621,1,0,1,0,1
350.28050,250.39005,467.96631,1,0,1,0,1
350.30020,250.23152,468.26822,1,0,1,0,1
350.32041,249.97955,468.90152,1,0,1,0,1
350.34010,249.81828,469.56375,1,0,1,0,1
350.36029,249.77272,469.90170,1,0,1,0,1
350.38010,249.75087,470.24200,1,0,1,0,1
350.40038,249.75284,470.58301,1,0,0,0,1
350.42052,249.82806,471.26044,0,0,0,0,1
350.44027,249.82806,471.26044,0,0,0,0,1
350.46034,249.82806,471.26044,0,0,0,0,1
350.48051,249.82806,471.26044,0,0,0,0,1
350.50031,249.82806,471.26044,0,0,0,0,1
350.52048,249.82806,471.26044,0,0,0,0,1
350.54011,249.82806,471.26044,0,0,0,0,1
350.56007,249.82806,471.26044,0,0,0,0,1
350.58032,249.82806,471.26044,0,0,0,0,1
350.60008,249.82806,471.26044,0,0,0,0,1
350.62033,249.82806,471.26044,0,0,0,0,1
350.64026,249.82806,471.26044,0,0,0,0,1
350.66039,249.82806,471.26044,0,0,0,0,1
350.68010,249.82806,471.26044,0,0,0,0,1
350.70023,249.82806,471.26044,0,0,0,0,1
350.72049,249.82806,471.26044,0,0,0,0,1
350.74023,249.82806,471.26044,0,0,0,0,1
350.76043,249.82806,471.26044,0,0,0,0,1
350.78032,249.82806,471.26044,0,0,0,0,1
350.80016,249.82806,471.26044,0,0,0,0,1
350.82037,249.82806,471.26044,0,0,0,0,1
350.84004,249.82806,471.26044,0,0,0,0,1
350.86008,249.82806,471.26044,1,1,0,0,1
350.88032,249.82806,471.26044,1,1,0,0,1
350.90031,249.85387,471.60046,1,1,0,0,1
350.92011,249.83414,472.28177,1,1,0,0,1
350.94028,249.78870,472.61972,1,1,0,0,1
350.96037,249.71980,472.95367,1,1,0,0,1
350.98010,249.62778,473.28201,1,1,0,0,1
351.00029,249.51308,473.60315,1,1,0,0,1
351.02046,249.21800,474.21756,1,1,0,0,1
351.04020,249.03906,474.50784,1,1,0,0,1
351.06045,248.84032,474.78494,1,1,0,0,1
351.08032,248.62273,475.04749,1,1,0,0,1
351.10021,248.38736,475.29422,1,1,0,0,1
351.12039,247.58643,475.92798,1,1,0,0,1
351.14005,247.29218,476.10031,1,1,0,0,1
351.16043,246.98662,476.25171,1,1,0,0,1
351.18014,246.67125,476.38141,1,1,0,0,1
351.20037,246.34761,476.48880,1,1,0,0,1
351.22050,245.68182,476.63467,1,1,0,0,1
351.24022,245.34293,476.67245,1,1,0,0,1
351.26049,245.00221,476.68652,1,1,0,0,1
351.28017,244.66135,476.67679,1,1,0,0,1
351.30018,244.32199,476.64331,1,1,0,0,1
351.32044,243.65440,476.50586,1,1,0,0,1
351.34045,243.32942,476.40256,1,1,0,0,1
351.36036,243.01244,476.27686,1,1,0,0,1
351.38047,242.70499,476.12933,1,1,0,0,1
351.40029,242.40858,475.96075,1,1,0,0,1
351.42046,241.85458,475.56372,1,1,0,0,1
351.44037,241.59969,475.33719,1,1,0,0,1
351.46046,241.36121,475.09344,1,1,0,0,1
351.48012,241.14030,474.83365,1,1,0,0,1
351.50040,240.93806,474.55908,1,1,0,0,1
351.52037,240.45265,473.66046,1,1,0,0,1
351.54031,240.33391,473.34082,1,1,0,0,1
351.56033,240.23775,473.01367,1,1,0,0,1
351.58052,240.16463,472.68060,1,1,0,0,1
351.60025,240.11491,472.34323,1,1,0,0,1
351.62062,240.08656,471.66223,1,1,0,0,1
351.64024,240.10806,471.32190,1,1,0,0,1
351.66038,240.15324,470.98392,1,1,0,0,1
351.68051,240.22188,470.64990,1,1,0,0,1
351.70022,240.31364,470.32147,1,1,0,0,1
351.72044,240.56465,469.68777,1,1,0,0,1
351.74047,240.72269,469.38559,1,1,0,0,1
351.76004,240.90140,469.09518,1,1,0,0,1
351.78004,241.09993,468.81793,1,1,0,0,1
351.80008,241.31732,468.55521,1,1,0,0,1
351.82011,241.80434,468.07837,1,1,0,0,1
351.84010,242.07158,467.86658,1,1,0,0,1
351.86016,242.35295,467.67392,1,1,0,0,1
351.88047,242.64706,467.50137,1,1,0,0,1
351.90050,243.26776,467.21982,1,1,0,0,1
351.92063,243.59132,467.11218,1,1,0,0,1
351.94029,244.25699,466.96579,1,1,0,0,1
351.96041,244.59586,466.92773,1,1,0,0,1
351.98008,244.93655,466.91342,1,1,0,0,1
352.00044,245.27742,466.92291,1,1,0,0,1
352.02028,245.95302,467.01297,1,1,0,0,1
352.04050,246.28447,467.09311,1,1,0,0,1
352.06020,246.60953,467.19617,1,1,0,0,1
352.08034,246.92661,467.32162,1,0,0,0,1
352.10007,247.23416,467.46890,0,0,0,0,1
352.12035,247.23416,467.46890,0,0,0,0,1
352.14015,247.23416,467.46890,0,0,0,0,1
352.16028,247.23416,467.46890,0,0,0,0,1
352.18031,247.23416,467.46890,0,0,0,0,1
352.20016,247.23416,467.46890,0,0,0,0,1
352.22035,247.23416,467.46890,0,0,0,0,1
352.24007,247.23416,467.46890,0,0,0,0,1
352.26014,247.23416,467.46890,0,0,0,0,1
352.28038,247.23416,467.46890,0,0,0,0,1
352.30035,247.23416,467.46890,0,0,0,0,1
352.32031,247.23416,467.46890,0,0,0,0,1
352.34014,247.23416,467.46890,0,0,0,0,1
352.36033,247.23416,467.46890,0,0,0,0,1
352.38046,247.23416,467.46890,0,0,0,0,1
352.40027,247.23416,467.46890,0,0,0,0,1
352.42015,247.23416,467.46890,0,0,0,0,1
352.44021,247.23416,467.46890,0,0,0,0,1
352.46039,247.23416,467.46890,0,0,0,0,1
352.48014,247.23416,467.46890,0,0,0,0,1
352.50042,247.23416,467.46890,0,0,0,0,1
352.52024,247.23416,467.46890,0,0,0,0,1
352.54053,247.23416,467.46890,0,0,0,0,1
352.56050,247.23416,467.46890,0,0,0,0,1
352.58017,247.23416,467.46890,0,0,0,0,1
352.60034,247.23416,467.46890,0,0,0,0,1
352.62053,247.23416,467.46890,0,0,0,0,1
352.64030,247.23416,467.46890,0,0,0,0,1
352.66016,247.23416,467.46890,0,0,0,0,1
352.68039,247.23416,467.46890,0,0,0,0,1
352.70050,247.23416,467.46890,0,0,0,0,1
352.72034,247.23416,467.46890,0,0,0,0,1
352.74034,247.23416,467.46890,1,0,0,0,1
352.76003,247.54172,467.61618,1,0,0,0,1
352.78027,247.84927,467.76346,1,0,0,0,1
352.80038,248.15683,467.91074,1,0,0,0,1
352.82031,248.77194,468.20529,1,0,0,0,1
352.84054,249.07950,468.35257,1,0,0,0,1
352.86018,249.38705,468.49985,1,0,0,0,1
352.88031,249.69461,468.64713,1,0,0,0,1
352.90045,250.00217,468.79440,1,0,0,0,1
352.92028,250.61728,469.08896,1,0,0,0,1
352.94046,250.92484,469.23624,1,0,0,0,1
352.96040,251.23239,469.38351,1,0,0,0,1
352.98053,251.53995,469.53079,1,0,0,0,1
353.00020,251.84750,469.67807,1,0,0,0,1
353.02054,252.46262,469.97263,1,0,0,0,1
353.04016,252.77017,470.11990,1,0,0,0,1
353.06026,253.07773,470.26718,1,0,0,0,1
353.08013,253.69284,470.56174,1,0,0,0,1
353.10029,254.00040,470.70901,1,0,0,0,1
353.12060,254.30795,470.85629,1,0,0,0,1
353.14012,254.92307,471.15085,1,0,0,0,1
353.16025,255.23062,471.29813,1,0,0,0,1
353.18030,255.53818,471.44540,1,0,0,0,1
353.20006,255.84573,471.59268,1,0,0,0,1
353.22022,256.46085,471.88724,1,0,0,0,1
353.24039,256.76840,472.03452,1,0,0,0,1
353.26049,257.07596,472.18179,1,0,0,0,1
353.28023,257.38351,472.32907,1,0,0,0,1
353.30025,257.69107,472.47635,1,0,0,0,1
353.32020,258.30618,472.77090,1,0,0,0,1
353.34053,258.61374,472.91818,1,0,0,0,1
353.36011,258.92130,473.06546,1,0,0,0,1
353.38021,259.22885,473.21274,1,0,0,0,1
353.40036,259.53641,473.36002,1,0,0,0,1
353.42024,260.15152,473.65457,1,0,0,0,1
353.44025,260.76663,473.94913,1,0,0,0,1
353.46033,261.07419,474.09641,1,0,0,0,1
353.48040,261.38174,474.24368,1,0,0,0,1
353.50016,261.68930,474.39096,1,0,0,0,1
353.52005,261.99686,474.53824,1,0,0,0,1
353.54045,262.61197,474.83279,1,0,0,0,1
353.56010,262.91953,474.98007,1,0,0,0,1
353.58027,263.22708,475.12735,1,0,0,0,1
353.60052,263.53464,475.27463,1,0,0,0,1
353.62048,264.14975,475.56918,1,0,0,0,1
353.64020,264.45731,475.71646,1,0,0,0,1
353.66050,264.76486,475.86374,1,0,0,0,1
353.68045,265.07242,476.01102,1,0,0,0,1
353.70052,265.37997,476.15829,1,0,0,0,1
353.72018,265.99509,476.45285,1,0,0,0,1
353.74029,266.30264,476.60013,1,0,0,0,1
353.76034,266.61020,476.74741,1,0,0,0,1
353.78035,266.91776,476.89468,1,0,0,0,1
353.80020,267.22531,477.04196,1,0,0,0,1
353.82048,267.84042,477.33652,1,0,0,0,1
353.84014,268.45554,477.63107,1,0,0,0,1
353.86029,268.76309,477.77835,1,0,0,0,1
353.88033,269.07065,477.92563,1,0,0,0,1
353.90006,269.37820,478.07291,0,0,0,0,1
353.92027,269.37820,478.07291,0,0,0,0,1
353.94023,269.37820,478.07291,0,0,0,0,1
353.96032,269.37820,478.07291,0,0,0,0,1
353.98036,269.37820,478.07291,0,0,0,0,1
354.00036,269.37820,478.07291,0,0,0,0,1
354.02039,269.37820,478.07291,0,0,0,0,1
354.04052,269.37820,478.07291,0,0,0,0,1
354.06010,269.37820,478.07291,0,0,0,0,1
354.08043,269.37820,478.07291,0,0,0,0,1
354.10008,269.37820,478.07291,0,0,0,0,1
354.12022,269.37820,478.07291,0,0,0,0,1
354.14041,269.37820,478.07291,0,0,0,0,1
354.16034,269.37820,478.07291,0,0,0,0,1
354.18052,269.37820,478.07291,0,0,0,0,1
354.20051,269.37820,478.07291,0,0,0,0,1
354.22054,269.37820,478.07291,0,0,0,0,1
354.24022,269.37820,478.07291,0,0,0,0,1
354.26010,269.37820,478.07291,0,0,0,0,1
354.28052,269.37820,478.07291,0,0,0,0,1
354.30008,269.37820,478.07291,0,0,0,0,1
354.32028,269.37820,478.07291,0,0,0,0,1
354.34044,269.37820,478.07291,0,0,0,0,1
354.36011,269.37820,478.07291,0,0,0,0,1
354.38033,269.37820,478.07291,0,0,0,0,1
354.40047,269.37820,478.07291,0,0,0,0,1
354.42013,269.37820,478.07291,0,0,0,0,1
354.44046,269.37820,478.07291,0,0,0,0,1
354.46008,269.37820,478.07291,0,0,0,0,1
354.48022,269.37820,478.07291,0,0,0,0,1
354.50027,269.37820,478.07291,0,0,0,0,1
354.52049,269.37820,478.07291,0,0,0,0,1
354.54023,269.37820,478.07291,0,0,0,0,1
354.56017,269.37820,478.07291,0,0,0,0,1
354.58046,269.37820,478.07291,0,0,0,0,1
354.60020,269.37820,478.07291,0,0,0,0,1
354.62072,269.37820,478.07291,0,0,0,0,1
354.64014,269.68576,478.22018,1,0,0,0,1
354.66031,269.99332,478.36746,1,0,1,0,1
354.68051,270.30087,478.51474,1,0,1,0,1
354.70025,270.60843,478.66202,1,0,1,0,1
354.72048,270.92551,478.78745,1,0,1,0,1
354.74053,271.58206,478.97046,1,0,1,0,1
354.76033,271.91830,479.02716,1,0,1,0,1
354.78016,272.25769,479.06024,1,0,1,0,1
354.80035,272.59857,479.06952,1,0,1,0,1
354.82037,272.93927,479.05496,1,0,1,0,1
354.84048,273.61343,478.95480,1,0,1,0,1
354.86030,273.94363,478.86966,1,0,1,0,1
354.88048,274.26709,478.76166,1,0,1,0,1
354.90018,274.58221,478.63135,1,0,1,0,1
354.92049,274.88745,478.47934,1,0,1,0,1
354.94022,275.46243,478.11334,1,0,1,0,1
354.96041,275.72937,477.90112,1,0,1,0,1
354.98029,275.98083,477.67081,1,0,1,0,1
355.00047,276.21558,477.42349,1,0,1,0,1
355.02022,276.43250,477.16037,1,0,1,0,1
355.04041,276.80862,476.59198,1,0,1,0,1
355.06016,277.10190,475.97675,1,0,1,0,1
355.08037,277.21561,475.65527,1,0,1,0,1
355.10053,277.30658,475.32663,1,0,1,0,1
355.12024,277.37439,474.99243,1,0,1,0,1
355.14007,277.43927,474.31393,1,0,1,0,1
355.16021,277.43607,473.97296,1,0,1,0,1
355.18039,277.40906,473.63303,1,0,1,0,1
355.20040,277.35837,473.29581,1,0,1,0,1
355.22004,277.28427,472.96295,1,0,1,0,1
355.24019,277.06735,472.31680,1,0,1,0,1
355.26039,276.92560,472.00665,1,0,1,0,1
355.28012,276.76251,471.70718,1,0,1,0,1
355.30013,276.57892,471.41983,1,0,1,0,1
355.32030,276.37570,471.14600,1,0,1,0,1
355.34013,275.91449,470.64417,1,0,1,0,1
355.36035,275.65872,470.41861,1,0,1,0,1
355.38051,275.38785,470.21149,1,0,1,0,1
355.40022,275.10315,470.02377,1,0,1,0,1
355.42027,274.80606,469.85641,1,0,1,0,1
355.44060,274.18045,469.58588,1,0,1,0,1
355.46022,273.52325,469.40512,1,0,1,0,1
355.48027,273.18680,469.34961,1,0,1,0,1
355.50038,272.84729,469.31772,1,0,1,0,1
355.52051,272.50638,469.30960,1,0,1,0,1
355.54021,271.82703,469.36478,1,0,1,0,1
355.56044,271.49191,469.42780,1,0,1,0,1
355.58014,271.16202,469.51407,1,0,1,0,1
355.60031,270.83893,469.62317,1,0,1,0,1
355.62048,270.52426,469.75458,1,0,1,0,1
355.64018,269.92627,470.08157,1,0,1,0,1
355.66004,269.64584,470.27560,1,0,1,0,1
355.68039,269.37964,470.48874,1,0,1,0,1
355.70041,269.12897,470.71994,1,0,1,0,1
355.72012,268.89508,470.96808,1,0,1,0,1
355.74041,268.48203,471.51025,1,0,1,0,1
355.76017,268.30490,471.80164,1,0,1,0,1
355.78033,268.14856,472.10468,1,0,1,0,1
355.80007,267.90115,472.73978,1,0,1,0,1
355.82021,267.81131,473.06873,1,0,1,0,1
355.84038,267.74466,473.40314,1,0,1,0,1
355.86010,267.68210,474.08185,1,0,1,0,1
355.88037,267.68652,474.42282,1,0,1,0,1
355.90050,267.71475,474.76266,1,0,1,0,1
355.92018,267.76663,475.09970,1,0,1,0,1
355.94028,267.94025,475.75879,1,0,1,0,1
355.96049,268.06113,476.07764,1,0,0,0,1
355.98016,268.20398,476.38727,1,0,0,0,1
356.00031,268.36810,476.68616,1,0,0,0,1
356.02046,268.53223,476.98505,0,0,0,0,1
356.04055,268.69635,477.28394,0,0,0,0,1
356.06054,268.69635,477.28394,0,0,0,0,1
356.08032,268.69635,477.28394,0,0,0,0,1
356.10036,268.69635,477.28394,0,0,0,0,1
356.12040,268.69635,477.28394,0,0,0,0,1
356.14035,268.69635,477.28394,0,0,0,0,1
356.16030,268.69635,477.28394,0,0,0,0,1
356.18029,268.69635,477.28394,0,0,0,0,1
356.20032,268.69635,477.28394,0,0,0,0,1
356.22036,268.69635,477.28394,0,0,0,0,1
356.24069,268.69635,477.28394,0,0,0,0,1
356.26037,268.69635,477.28394,0,0,0,0,1
356.28013,268.69635,477.28394,0,0,0,0,1
356.30030,268.69635,477.28394,0,0,0,0,1
356.32004,268.69635,477.28394,0,0,0,0,1
356.34026,268.69635,477.28394,0,0,0,0,1
356.36057,268.69635,477.28394,0,0,0,0,1
356.38029,268.69635,477.28394,0,0,0,0,1
356.40044,268.69635,477.28394,0,0,0,0,1
356.42011,268.69635,477.28394,0,0,0,0,1
356.44022,268.69635,477.28394,0,0,0,0,1
356.46028,268.69635,477.28394,0,0,0,0,1
356.48062,268.69635,477.28394,1,1,0,0,1
356.50018,268.69635,477.28394,1,1,0,0,1
356.52034,268.86047,477.58282,1,1,0,0,1
356.54009,269.12430,478.21127,1,1,0,0,1
356.56026,269.22272,478.53775,1,1,0,0,1
356.58046,269.29813,478.87030,1,1,0,0,1
356.60044,269.35016,479.20731,1,1,0,0,1
356.62012,269.38321,479.88809,1,1,0,0,1
356.64053,269.36407,480.22855,1,1,0,0,1
356.66026,269.25488,480.90131,1,1,0,0,1
356.68028,269.16537,481.23035,1,1,0,0,1
356.70059,269.05316,481.55234,1,1,0,0,1
356.72021,268.91876,481.86572,1,1,0,0,1
356.74019,268.58612,482.46063,1,1,0,0,1
356.76019,268.38950,482.73923,1,1,0,0,1
356.78042,268.17392,483.00345,1,1,0,0,1
356.80042,267.94046,483.25198,1,1,0,0,1
356.82016,267.69022,483.48364,1,1,0,0,1
356.84038,267.14441,483.89185,1,1,0,0,1
356.86016,266.85150,484.06644,1,1,0,0,1
356.88025,266.54712,484.22015,1,1,0,0,1
356.90004,266.23276,484.35226,1,1,0,0,1
356.92030,265.90994,484.46216,1,1,0,0,1
356.94033,265.24530,484.61316,1,1,0,0,1
356.96013,264.90671,484.65353,1,1,0,0,1
356.98049,264.56610,484.67020,1,1,0,0,1
357.00029,263.88559,484.63217,1,1,0,0,1
357.02050,263.54898,484.57767,1,1,0,0,1
357.04060,263.21698,484.49982,1,1,0,0,1
357.06016,262.57327,484.27576,1,1,0,0,1
357.08036,262.26471,484.13062,1,1,0,0,1
357.10031,261.96701,483.96429,1,1,0,0,1
357.12048,261.68164,483.77762,1,1,0,0,1
357.14037,261.15335,483.34695,1,1,0,0,1
357.16008,260.91302,483.10504,1,1,0,0,1
357.18036,260.69016,482.84695,1,1,0,0,1
357.20049,260.48581,482.57394,1,1,0,0,1
357.22041,260.30099,482.28735,1,1,0,0,1
357.24004,259.99350,481.67908,1,1,0,0,1
357.26010,259.87231,481.36035,1,1,0,0,1
357.28027,259.77365,481.03394,1,1,0,0,1
357.30022,259.69797,480.70145,1,1,0,0,1
357.32040,259.64566,480.36447,1,1,0,0,1
357.34013,259.61209,479.68372,1,1,0,0,1
357.36011,259.67355,479.00491,1,1,0,0,1
357.38033,259.73962,478.67038,1,1,0,0,1
357.40053,259.82886,478.34128,1,1,0,0,1
357.42038,259.94083,478.01920,1,1,0,0,1
357.44057,260.07501,477.70569,1,1,0,0,1
357.46008,260.40720,477.11053,1,1,0,0,1
357.48050,260.60361,476.83179,1,1,0,0,1
357.50028,260.81897,476.56741,1,1,0,0,1
357.52018,261.05225,476.31870,1,1,0,0,1
357.54047,261.30231,476.08685,1,1,0,0,1
357.56028,261.84781,475.67822,1,1,0,0,1
357.58042,262.14059,475.50342,1,1,0,0,1
357.60007,262.44485,475.34946,1,1,0,0,1
357.62032,262.75912,475.21710,1,1,0,0,1
357.64037,263.41147,475.01962,1,1,0,0,1
357.66049,263.74637,474.95547,1,1,0,0,1
357.68013,264.08493,474.91483,1,1,0,0,1
357.70053,264.42551,474.89789,0,0,0,0,1
357.72011,264.76645,474.90475,0,0,0,0,1
357.74046,264.76645,474.90475,0,0,0,0,1
357.76019,264.76645,474.90475,0,0,0,0,1
357.78037,264.76645,474.90475,0,0,0,0,1
357.80036,264.76645,474.90475,0,0,0,0,1
357.82020,264.76645,474.90475,0,0,0,0,1
357.84052,264.76645,474.90475,0,0,0,0,1
357.86010,264.76645,474.90475,0,0,0,0,1
357.88041,264.76645,474.90475,0,0,0,0,1
357.90011,264.76645,474.90475,0,0,0,0,1
357.92031,264.76645,474.90475,0,0,0,0,1
357.94026,264.76645,474.90475,0,0,0,0,1
357.96055,264.76645,474.90475,0,0,0,0,1
357.98033,264.76645,474.90475,0,0,0,0,1
358.00030,264.76645,474.90475,0,0,0,0,1
358.02018,264.76645,474.90475,0,0,0,0,1
358.04047,264.76645,474.90475,0,0,0,0,1
358.06024,264.76645,474.90475,0,0,0,0,1
358.08037,264.76645,474.90475,0,0,0,0,1
358.10005,264.76645,474.90475,0,0,0,0,1
358.12028,264.76645,474.90475,0,0,0,0,1
358.14049,264.76645,474.90475,0,0,0,0,1
358.16008,264.76645,474.90475,0,0,0,0,1
358.18031,264.76645,474.90475,0,0,0,0,1
358.20035,264.76645,474.90475,0,0,0,0,1
358.22029,264.76645,474.90475,0,0,0,0,1
358.24047,264.76645,474.90475,0,0,0,0,1
358.26022,264.76645,474.90475,0,0,0,0,1
358.28024,264.76645,474.90475,0,0,0,0,1
358.30023,264.76645,474.90475,0,0,0,0,1
358.32038,264.76645,474.90475,0,0,0,0,1
358.34039,264.76645,474.90475,0,0,0,0,1
358.36020,264.76645,474.90475,0,0,0,0,1
358.38042,264.76645,474.90475,0,0,0,0,1
358.40015,264.76645,474.90475,0,0,0,0,1
358.42039,264.76645,474.90475,0,0,0,0,1
358.44021,264.76645,474.90475,0,0,0,0,1
358.46047,264.76645,474.90475,0,0,0,0,1
358.48018,264.76645,474.90475,0,0,0,0,1
358.50010,264.76645,474.90475,0,0,0,0,1
358.52004,264.76645,474.90475,0,0,0,0,1
358.54058,264.76645,474.90475,0,0,0,0,1
358.56020,264.76645,474.90475,0,0,0,0,1
358.58029,264.76645,474.90475,0,0,0,0,1
358.60029,264.76645,474.90475,0,0,0,0,1
358.62046,264.76645,474.90475,0,0,0,0,1
358.64026,264.76645,474.90475,0,0,0,0,1
358.66040,264.76645,474.90475,0,0,0,0,1
358.68005,264.76645,474.90475,0,0,0,0,1
358.70076,264.76645,474.90475,0,0,0,0,1
358.72028,264.76645,474.90475,0,0,0,0,1
358.74047,264.76645,474.90475,0,0,0,0,1
358.76028,264.76645,474.90475,0,0,0,0,1
358.78013,264.76645,474.90475,0,0,0,0,1
358.80041,264.76645,474.90475,0,0,0,0,1
358.82005,264.76645,474.90475,0,0,0,0,1
358.84038,264.76645,474.90475,0,0,0,0,1
358.86048,264.76645,474.90475,0,0,0,0,1
358.88010,264.76645,474.90475,0,0,0,0,1
358.90043,264.76645,474.90475,0,0,0,0,1
358.92027,264.76645,474.90475,0,0,0,0,1
358.94024,264.76645,474.90475,0,0,0,0,1
358.96044,264.76645,474.90475,0,0,0,0,1
358.98024,264.76645,474.90475,0,0,0,0,1
359.00047,264.76645,474.90475,0,0,0,0,1
359.02027,264.76645,474.90475,0,0,0,0,1
359.04049,264.76645,474.90475,0,0,0,0,1
359.06020,264.76645,474.90475,0,0,0,0,1
359.08045,264.76645,474.90475,0,0,0,0,1
359.10015,264.76645,474.90475,0,0,0,0,1
359.12022,264.76645,474.90475,0,0,0,0,1
359.14045,264.76645,474.90475,0,0,0,0,1
359.16025,264.76645,474.90475,1,0,0,0,1
359.18051,265.10739,474.91162,1,0,0,0,1
359.20020,265.44833,474.91849,1,0,0,0,1
359.22039,265.78928,474.92535,1,0,0,0,1
359.24030,266.13022,474.93222,1,0,0,0,1
359.26005,266.81210,474.94595,1,0,0,0,1
359.28021,267.15305,474.95282,1,0,0,0,1
359.30015,267.49399,474.95969,1,0,0,0,1
359.32009,267.83493,474.96655,1,0,0,0,1
359.34023,268.17587,474.97342,1,0,0,0,1
359.36043,268.85776,474.98715,1,0,0,0,1
359.38007,269.53964,475.00089,1,0,0,0,1
359.40010,269.88058,475.00775,1,0,0,0,1
359.42038,270.22153,475.01462,1,0,0,0,1
359.44026,270.56247,475.02148,1,0,0,0,1
359.46060,271.24435,475.03522,1,0,0,0,1
359.48015,271.58530,475.04208,1,0,0,0,1
359.50033,271.92624,475.04895,1,0,0,0,1
359.52019,272.26718,475.05582,1,0,0,0,1
359.54009,272.60812,475.06268,1,0,0,0,1
359.56013,273.29001,475.07642,1,0,0,0,1
359.58037,273.63095,475.08328,1,0,0,0,1
359.60020,273.97189,475.09015,1,0,0,0,1
359.62053,274.31284,475.09702,1,0,0,0,1
359.64015,274.65378,475.10388,1,0,0,0,1
359.66026,275.33566,475.11761,1,0,0,0,1
359.68046,275.67661,475.12448,1,0,0,0,1
359.70010,276.01755,475.13135,1,0,0,0,1
359.72033,276.35849,475.13821,1,0,0,0,1
359.74021,276.69943,475.14508,1,0,0,0,1
359.76048,277.38132,475.15881,1,0,0,0,1
359.78017,278.06320,475.17255,1,0,0,0,1
359.80023,278.40414,475.17941,1,0,0,0,1
359.82017,278.74509,475.18628,1,0,0,0,1
359.84041,279.08603,475.19315,1,0,0,0,1
359.86043,279.76791,475.20688,1,0,0,0,1
359.88005,280.10886,475.21375,1,0,0,0,1
359.90024,280.44980,475.22061,1,0,0,0,1
359.92028,280.79074,475.22748,1,0,0,0,1
359.94013,281.13168,475.23434,1,0,0,0,1
359.96014,281.81357,475.24808,1,0,0,0,1
359.98010,282.15451,475.25494,1,0,0,0,1
360.00032,282.49545,475.26181,1,0,0,0,1
360.02016,282.83640,475.26868,1,0,0,0,1
360.04017,283.17734,475.27554,1,0,0,0,1
360.06039,283.85922,475.28928,1,0,0,0,1
360.08022,284.20016,475.29614,1,0,0,0,1
360.10038,284.54111,475.30301,1,0,0,0,1
360.12006,284.88205,475.30988,1,0,0,0,1
360.14029,285.56393,475.32361,1,0,0,0,1
360.16050,285.90488,475.33047,1,0,0,0,1
360.18019,286.58676,475.34421,1,0,0,0,1
360.20018,286.92770,475.35107,1,0,0,0,1
360.22036,287.26865,475.35794,1,0,0,0,1
360.24050,287.60959,475.36481,1,0,0,0,1
360.26005,288.29147,475.37854,1,0,0,0,1
360.28040,288.63242,475.38541,1,0,0,0,1
360.30013,288.97336,475.39227,1,0,0,0,1
360.32037,289.31430,475.39914,1,0,0,0,1
360.34021,289.65524,475.40601,1,0,0,0,1
360.36037,290.33713,475.41974,1,0,0,0,1
360.38008,290.67807,475.42661,1,0,0,0,1
360.40010,291.01901,475.43347,1,0,0,0,1
360.42050,291.70090,475.44720,1,0,0,0,1
360.44022,292.04184,475.45407,1,0,0,0,1
360.46024,292.38278,475.46094,1,0,0,0,1
360.48022,292.72372,475.46780,1,0,0,0,1
360.50023,293.40561,475.48154,1,0,0,0,1
360.52022,293.74655,475.48840,1,0,0,0,1
360.54040,294.08749,475.49527,1,0,0,0,1
360.56005,294.42844,475.50214,1,0,0,0,1
360.58017,295.11032,475.51587,1,0,0,0,1
360.60029,295.45126,475.52274,1,0,0,0,1
360.62057,295.79221,475.52960,1,0,0,0,1
360.64020,296.13315,475.53647,1,0,0,0,1
360.66019,296.81503,475.55020,1,0,0,0,1
360.68030,297.15598,475.55707,1,0,0,0,1
360.70047,297.49692,475.56393,1,0,0,0,1
360.72014,297.83786,475.57080,1,0,0,0,1
360.74031,298.17880,475.57767,1,0,0,0,1
360.76019,298.86069,475.59140,1,0,0,0,1
360.78008,299.20163,475.59827,1,0,0,0,1
360.80024,299.54257,475.60513,1,0,0,0,1
360.82045,299.88351,475.61200,1,0,0,0,1
360.84010,300.22446,475.61887,1,0,0,0,1
360.86051,300.90634,475.63260,1,0,0,0,1
360.88012,301.24728,475.63947,1,0,0,0,1
360.90042,301.92917,475.65320,1,0,0,0,1
360.92008,302.27011,475.66006,1,0,0,0,1
360.94027,302.61105,475.66693,1,0,0,0,1
360.96016,302.95200,475.67380,1,0,0,0,1
360.98011,303.63388,475.68753,1,0,0,0,1
361.00019,303.97482,475.69440,1,0,0,0,1
361.02035,304.31577,475.70126,1,0,0,0,1
361.04021,304.65671,475.70813,1,0,0,0,1
361.06033,305.33859,475.72186,1,0,0,0,1
361.08047,305.67953,475.72873,1,0,0,0,1
361.10016,306.02048,475.73560,1,0,0,0,1
361.12053,306.36142,475.74246,1,0,0,0,1
361.14029,306.70236,475.74933,1,0,0,0,1
361.16068,307.38425,475.76306,1,0,0,0,1
361.18012,307.72519,475.76993,1,0,0,0,1
361.20037,308.06613,475.77679,1,0,0,0,1
361.22025,308.40707,475.78366,1,0,0,0,1
361.24021,308.74802,475.79053,1,0,0,0,1
361.26043,309.42990,475.80426,1,0,0,0,1
361.28033,309.77084,475.81113,1,0,0,0,1
361.30054,310.11179,475.81799,1,0,0,0,1
361.32009,310.79367,475.83173,1,0,0,0,1
361.34027,311.13461,475.83859,1,0,0,0,1
361.36039,311.47556,475.84546,1,0,0,0,1
361.38057,312.15744,475.85919,1,0,0,0,1
361.40022,312.49838,475.86606,1,0,0,0,1
361.42041,312.83932,475.87292,1,0,0,0,1
361.44027,313.18027,475.87979,1,0,0,0,1
361.46008,313.86215,475.89352,1,0,0,0,1
361.48035,314.20309,475.90039,1,0,0,0,1
361.50049,314.54404,475.90726,1,0,0,0,1
361.52018,314.88498,475.91412,1,0,0,0,1
361.54035,315.22592,475.92099,1,0,0,0,1
361.56038,315.90781,475.93472,1,0,0,0,1
361.58053,316.24875,475.94159,1,0,0,0,1
361.60013,316.58969,475.94846,1,0,0,0,1
361.62042,316.93063,475.95532,1,0,0,0,1
361.64014,317.27158,475.96219,1,0,0,0,1
361.66033,317.95346,475.97592,1,0,0,0,1
361.68052,318.29440,475.98279,1,0,0,0,1
361.70026,318.63535,475.98965,1,0,0,0,1
361.72055,319.31723,476.00339,1,0,0,0,1
361.74017,319.65817,476.01025,1,0,0,0,1
361.76037,320.34006,476.02399,0,0,0,0,1
361.78006,320.34006,476.02399,0,0,0,0,1
361.80023,320.34006,476.02399,0,0,0,0,1
361.82044,320.34006,476.02399,0,0,0,0,1
361.84006,320.34006,476.02399,0,0,0,0,1
361.86045,320.34006,476.02399,0,0,0,0,1
361.88024,320.34006,476.02399,0,0,0,0,1
361.90042,320.34006,476.02399,0,0,0,0,1
361.92037,320.34006,476.02399,0,0,0,0,1
361.94023,320.34006,476.02399,0,0,0,0,1
361.96041,320.34006,476.02399,0,0,0,0,1
361.98016,320.34006,476.02399,0,0,0,0,1
362.00054,320.34006,476.02399,0,0,0,0,1
362.02024,320.34006,476.02399,0,0,0,0,1
362.04027,320.34006,476.02399,0,0,0,0,1
362.06005,320.34006,476.02399,0,0,0,0,1
362.08019,320.34006,476.02399,0,0,0,0,1
362.10033,320.34006,476.02399,0,0,0,0,1
362.12053,320.34006,476.02399,0,0,0,0,1
362.14016,320.34006,476.02399,0,0,0,0,1
362.16040,320.34006,476.02399,0,0,0,0,1
362.18013,320.34006,476.02399,0,0,0,0,1
362.20015,320.34006,476.02399,0,0,0,0,1
362.22014,320.34006,476.02399,0,0,0,0,1
362.24020,320.34006,476.02399,0,0,0,0,1
362.26028,320.34006,476.02399,0,0,0,0,1
362.28050,320.34006,476.02399,0,0,0,0,1
362.30021,320.34006,476.02399,0,0,0,0,1
362.32021,320.34006,476.02399,0,0,0,0,1
362.34038,320.34006,476.02399,0,0,0,0,1
362.36010,320.34006,476.02399,0,0,0,0,1
362.38028,320.34006,476.02399,0,0,0,0,1
362.40047,320.34006,476.02399,0,0,0,0,1
362.42028,320.34006,476.02399,0,0,0,0,1
362.44053,320.34006,476.02399,0,0,0,0,1
362.46020,320.34006,476.02399,0,0,0,0,1
362.48009,320.68100,476.03085,1,0,1,0,1
362.50024,321.02158,476.01389,1,0,1,0,1
362.52053,321.36014,475.97318,1,0,1,0,1
362.54031,321.69504,475.90894,1,0,1,0,1
362.56013,322.02463,475.82147,1,0,1,0,1
362.58033,322.66147,475.57864,1,0,1,0,1
362.60042,322.96564,475.42447,1,0,1,0,1
362.62042,323.25830,475.24945,1,0,1,0,1
362.64017,323.53802,475.05441,1,0,1,0,1
362.66022,323.80344,474.84030,1,0,1,0,1
362.68032,324.28625,474.35919,1,0,1,0,1
362.70023,324.50128,474.09454,1,0,1,0,1
362.72037,324.69733,473.81552,1,0,1,0,1
362.74037,324.87338,473.52350,1,0,1,0,1
362.76054,325.16229,472.90616,1,0,1,0,1
362.78017,325.27371,472.58386,1,0,1,0,1
362.80005,325.36237,472.25458,1,0,1,0,1
362.82032,325.42780,471.91992,1,0,1,0,1
362.84051,325.46970,471.58151,1,0,1,0,1
362.86044,325.48785,470.90005,1,0,1,0,1
362.88012,325.39975,470.22348,1,0,1,0,1
362.90033,325.32327,469.89117,1,0,1,0,1
362.92007,325.22379,469.56500,1,0,1,0,1
362.94011,325.10178,469.24658,1,0,1,0,1
362.96036,324.95782,468.93747,1,0,1,0,1
362.98005,324.60699,468.35312,1,0,1,0,1
363.00006,324.40186,468.08072,1,0,1,0,1
363.02026,324.17819,467.82333,1,0,1,0,1
363.04029,323.93710,467.58218,1,0,1,0,1
363.06033,323.67975,467.35846,1,0,1,0,1
363.08007,323.12140,466.96759,1,0,1,0,1
363.10016,323.12140,466.96759,1,0,1,0,1
363.12043,322.51404,466.65833,1,0,1,0,1
363.14022,321.86951,466.43671,1,0,1,0,1
363.16030,321.53720,466.36017,1,0,1,0,1
363.18019,321.20038,466.30704,1,0,1,0,1
363.20016,320.86066,466.27756,1,0,1,0,1
363.22046,320.17920,466.29001,1,0,1,0,1
363.24036,319.84079,466.33188,1,0,1,0,1
363.26012,319.50613,466.39728,1,0,1,0,1
363.28011,319.17685,466.48590,1,0,1,0,1
363.30052,318.54083,466.73093,1,0,1,0,1
363.32022,318.23721,466.88614,1,0,1,0,1
363.34043,317.94516,467.06216,1,0,1,0,1
363.36043,317.66611,467.25818,1,0,1,0,1
363.38021,317.15240,467.70615,1,0,1,0,1
363.40026,316.92026,467.95593,1,0,1,0,1
363.42039,316.70615,468.22131,1,0,1,0,1
363.44017,316.51108,468.50101,1,0,1,0,1
363.46039,316.33603,468.79364,1,0,1,0,1
363.48033,316.04926,469.41196,1,0,1,0,1
363.50031,315.93893,469.73462,1,0,1,0,1
363.52046,315.85141,470.06421,1,0,1,0,1
363.54013,315.78714,470.39911,1,0,1,0,1
363.56034,315.74640,470.73767,1,0,1,0,1
363.58009,315.73624,471.41919,1,0,1,0,1
363.60022,315.76688,471.75882,1,0,1,0,1
363.62039,315.82114,472.09546,1,0,1,0,1
363.64007,315.89877,472.42749,1,0,1,0,1
363.66019,316.12256,473.07129,1,0,1,0,1
363.68034,316.26761,473.37988,1,0,1,0,1
363.70047,316.62051,473.96301,1,0,1,0,1
363.72017,316.82663,474.23468,1,0,1,0,1
363.74038,317.05121,474.49127,1,0,1,0,1
363.76005,317.29315,474.73157,1,0,1,0,1
363.78033,317.82437,475.15860,1,0,1,0,1
363.80011,318.11105,475.34326,1,0,1,0,1
363.82024,318.40991,475.50745,1,0,1,0,1
363.84036,318.71951,475.65036,1,0,1,0,1
363.86014,319.03833,475.77130,1,0,1,0,1
363.88033,319.69742,475.94504,1,0,1,0,1
363.90006,320.03442,475.99698,1,0,1,0,1
363.92021,320.37424,476.02527,1,0,1,0,1
363.94027,320.71521,476.02975,1,0,1,0,1
363.96038,321.05566,476.01041,1,0,1,0,1
363.98044,321.72836,475.90076,1,0,1,0,1
364.00038,322.05734,475.81097,1,0,1,0,1
364.02019,322.37924,475.69843,1,0,1,0,1
364.04042,322.69250,475.56369,1,0,1,0,1
364.06048,322.99557,475.40741,1,0,1,0,1
364.08011,323.56534,475.03336,1,0,1,0,1
364.10010,324.07742,474.58356,1,0,1,0,1
364.12041,324.30865,474.33295,1,0,1,0,1
364.14016,324.52182,474.06680,1,0,1,0,1
364.16032,324.71588,473.78641,1,0,1,0,1
364.18046,325.04300,473.18848,1,0,1,0,1
364.20012,325.17447,472.87384,1,0,1,0,1
364.22030,325.28363,472.55078,1,0,1,0,1
364.24018,325.36996,472.22089,1,0,1,0,1
364.26048,325.43304,471.88577,1,0,1,0,1
364.28019,325.48834,471.20642,1,0,1,0,1
364.30043,325.48035,470.86551,1,0,1,0,1
364.32019,325.44855,470.52600,1,0,1,0,1
364.34051,325.39313,470.18954,1,0,1,0,1
364.36051,325.31433,469.85776,1,0,1,0,1
364.38017,325.08832,469.21472,1,0,1,0,1
364.40006,324.94220,468.90662,1,0,1,0,1
364.42021,324.77493,468.60947,1,0,1,0,1
364.44036,324.38025,468.05380,1,0,1,0,1
364.46027,324.15479,467.79797,1,0,1,0,1
364.48012,323.91202,467.55853,1,0,1,0,1
364.50028,323.37933,467.13333,1,0,1,0,1
364.52045,323.09204,466.94965,1,0,1,0,1
364.54009,322.79260,466.78647,1,0,1,0,1
364.56034,322.48251,466.64462,1,0,1,0,1
364.58017,322.16327,466.52478,1,0,1,0,1
364.60018,321.50360,466.35333,1,0,1,0,1
364.62020,321.16641,466.30255,1,0,1,0,1
364.64020,320.48550,466.27216,1,0,1,0,1
364.66021,320.14511,466.29266,1,0,1,0,1
364.68052,319.80701,466.33691,1,0,1,0,1
364.70008,319.47281,466.40466,1,0,1,0,1
364.72027,319.14417,466.49557,1,0,1,0,1
364.74020,318.50989,466.74506,1,0,1,0,1
364.76033,318.20737,466.90240,1,0,1,0,1
364.78035,317.91656,467.08047,1,0,1,0,1
364.80030,317.63892,467.27841,1,0,1,0,1
364.82054,317.12839,467.72998,1,0,1,0,1
364.84003,316.89801,467.98138,1,0,1,0,1
364.86052,316.68576,468.24826,1,0,1,0,1
364.88059,316.49265,468.52933,1,0,1,0,1
364.90032,316.16757,469.12839,1,0,1,0,1
364.92006,316.03720,469.44348,1,0,1,0,1
364.94054,315.92914,469.76691,1,0,1,0,1
364.96011,315.84393,470.09708,1,0,1,0,1
364.98018,315.74365,470.77124,1,0,1,0,1
365.00034,315.72903,471.11194,1,0,1,0,1
365.02051,315.73825,471.45282,1,0,1,0,1
365.04036,315.77124,471.79221,1,0,1,0,1
365.06019,315.82785,472.12848,1,0,1,0,1
365.08060,316.01074,472.78506,1,0,1,0,1
365.10010,316.13611,473.10217,1,0,1,0,1
365.12027,316.28333,473.40976,1,0,1,0,1
365.14006,316.45166,473.70630,1,0,1,0,1
365.16036,316.64029,473.99039,1,0,1,0,1
365.18050,317.07468,474.51562,1,0,1,0,1
365.20033,317.31830,474.75421,1,0,1,0,1
365.22042,317.57800,474.97522,1,0,1,0,1
365.24024,318.14047,475.36020,1,0,1,0,1
365.26042,318.44049,475.52231,1,0,1,0,1
365.28036,318.75110,475.66306,1,0,1,0,1
365.30053,319.39795,475.87787,1,0,1,0,1
365.32030,319.73105,475.95090,1,0,1,0,1
365.34023,320.06842,476.00049,1,0,1,0,1
365.36046,320.40845,476.02640,1,0,1,0,1
365.38017,321.08975,476.00677,1,0,1,0,1
365.40034,321.42770,475.96133,1,0,1,0,1
365.42049,321.76166,475.89240,1,0,1,0,1
365.44043,322.09000,475.80032,1,0,1,0,1
365.46013,322.41110,475.68555,1,0,1,0,1
365.48005,323.02536,475.39020,1,0,1,0,1
365.50007,323.31552,475.21109,1,0,1,0,1
365.52032,323.59247,475.01215,1,0,1,0,1
365.54052,323.85486,474.79434,1,0,1,0,1
365.56032,324.10141,474.55875,1,0,1,0,1
365.58026,324.54221,474.03888,1,0,0,0,1
365.60044,324.73431,473.75714,0,0,0,0,1
365.62049,324.92642,473.47540,0,0,0,0,1
365.64032,324.92642,473.47540,0,0,0,0,1
365.66038,324.92642,473.47540,0,0,0,0,1
365.68017,324.92642,473.47540,0,0,0,0,1
365.70035,324.92642,473.47540,0,0,0,0,1
365.72004,324.92642,473.47540,0,0,0,0,1
365.74039,324.92642,473.47540,0,0,0,0,1
365.76011,324.92642,473.47540,0,0,0,0,1
365.78062,324.92642,473.47540,0,0,0,0,1
365.80010,324.92642,473.47540,0,0,0,0,1
365.82028,324.92642,473.47540,0,0,0,0,1
365.84048,324.92642,473.47540,0,0,0,0,1
365.86041,324.92642,473.47540,0,0,0,0,1
365.88021,324.92642,473.47540,0,0,0,0,1
365.90014,324.92642,473.47540,0,0,0,0,1
365.92030,324.92642,473.47540,0,0,0,0,1
365.94043,324.92642,473.47540,0,0,0,0,1
365.96015,324.92642,473.47540,0,0,0,0,1
365.98052,324.92642,473.47540,0,0,0,0,1
366.00032,324.92642,473.47540,0,0,0,0,1
366.02036,324.92642,473.47540,0,0,0,0,1
366.04006,324.92642,473.47540,0,0,0,0,1
366.06033,324.92642,473.47540,0,0,0,0,1
366.08038,324.92642,473.47540,0,0,0,0,1
366.10024,324.92642,473.47540,0,0,0,0,1
366.12039,324.92642,473.47540,0,0,0,0,1
366.14007,324.92642,473.47540,0,0,0,0,1
366.16028,324.92642,473.47540,0,0,0,0,1
366.18017,324.92642,473.47540,0,0,0,0,1
366.20041,324.92642,473.47540,0,0,0,0,1
366.22028,324.92642,473.47540,0,0,0,0,1
366.24012,324.92642,473.47540,0,0,0,0,1
366.26010,324.92642,473.47540,0,0,0,0,1
366.28049,324.92642,473.47540,0,0,0,0,1
366.30037,324.92642,473.47540,0,0,0,0,1
366.32022,324.92642,473.47540,0,0,0,0,1
366.34045,324.92642,473.47540,0,0,0,0,1
366.36012,324.92642,473.47540,0,0,0,0,1
366.38020,324.92642,473.47540,0,0,0,0,1
366.40005,324.92642,473.47540,0,0,0,0,1
366.42018,324.92642,473.47540,0,0,0,0,1
366.44025,324.92642,473.47540,0,0,0,0,1
366.46018,324.92642,473.47540,0,0,0,0,1
366.48017,324.92642,473.47540,0,0,0,0,1
366.50032,324.92642,473.47540,0,0,0,0,1
366.52027,324.92642,473.47540,0,0,0,0,1
366.54053,324.92642,473.47540,0,0,0,0,1
366.56021,324.92642,473.47540,0,0,0,0,1
366.58039,324.92642,473.47540,0,0,0,0,1
366.60015,324.92642,473.47540,0,0,0,0,1
366.62032,324.92642,473.47540,0,1,0,0,1
366.64016,324.92642,473.47540,1,1,0,0,1
366.66031,324.92642,473.47540,1,1,0,0,1
366.68014,325.15585,473.22314,1,1,0,0,1
366.70022,325.66461,472.76959,1,1,0,0,1
366.72047,325.94147,472.57053,1,1,0,0,1
366.74033,326.23154,472.39127,1,1,0,0,1
366.76044,326.53342,472.23267,1,1,0,0,1
366.78008,326.84561,472.09549,1,1,0,0,1
366.80041,327.49487,471.88803,1,1,0,0,1
366.82053,327.82877,471.81876,1,1,0,0,1
366.84049,328.50696,471.75076,1,1,0,0,1
366.86041,328.84796,471.75241,1,1,0,0,1
366.88043,329.52548,471.82690,1,1,0,0,1
366.90018,329.85870,471.89938,1,1,0,0,1
366.92045,330.18604,471.99493,1,1,0,0,1
366.94013,330.50592,472.11307,1,1,0,0,1
366.96013,330.81677,472.25323,1,1,0,0,1
366.98030,331.11710,472.41473,1,1,0,0,1
367.00031,331.68036,472.79849,1,1,0,0,1
367.02030,331.94055,473.01889,1,1,0,0,1
367.04047,332.18475,473.25690,1,1,0,0,1
367.06009,332.41177,473.51135,1,1,0,0,1
367.08031,332.62048,473.78104,1,1,0,0,1
367.10053,332.97903,474.36069,1,1,0,0,1
367.12015,333.12714,474.66785,1,1,0,0,1
367.14037,333.25345,474.98459,1,1,0,0,1
367.16007,333.35736,475.30936,1,1,0,0,1
367.18040,333.43839,475.64059,1,1,0,0,1
367.20019,333.54065,476.65683,1,1,0,0,1
367.22035,333.52725,476.99756,1,1,0,0,1
367.24045,333.49011,477.33652,1,1,0,0,1
367.26013,333.42944,477.67209,1,1,0,0,1
367.28046,333.34552,478.00259,1,1,0,0,1
367.30048,333.10965,478.64206,1,1,0,0,1
367.32043,332.95886,478.94791,1,1,0,0,1
367.34007,332.78711,479.24249,1,1,0,0,1
367.36037,332.59521,479.52438,1,1,0,0,1
367.38019,332.38412,479.79221,1,1,0,0,1
367.40024,331.90860,480.28049,1,1,0,0,1
367.42046,331.64645,480.49857,1,1,0,0,1
367.44003,331.36975,480.69785,1,1,0,0,1
367.46029,331.07980,480.87735,1,1,0,0,1
367.48013,330.77805,481.03619,1,1,0,0,1
367.50023,330.14502,481.28891,1,1,0,0,1
367.52033,329.81683,481.38156,1,1,0,0,1
367.54037,329.48300,481.45111,1,1,0,0,1
367.56004,329.14514,481.49719,1,1,0,0,1
367.58020,328.80487,481.51959,1,1,0,0,1
367.60032,327.78632,481.44427,1,1,0,0,1
367.62010,327.45306,481.37204,1,1,0,0,1
367.64024,327.12564,481.27676,1,1,0,0,1
367.66009,326.80566,481.15887,1,1,0,0,1
367.68017,326.49469,481.01895,1,1,0,0,1
367.70027,325.90576,480.67587,1,1,0,0,1
367.72010,325.63068,480.47437,1,1,0,0,1
367.74028,325.37030,480.25418,1,1,0,0,1
367.76051,325.12592,480.01636,1,1,0,0,1
367.78041,324.89871,479.76208,1,1,0,0,1
367.80052,324.50018,479.20917,1,1,0,0,1
367.82047,324.33081,478.91321,1,1,0,0,1
367.84015,324.18246,478.60617,1,1,0,0,1
367.86035,324.05591,478.28952,1,1,0,0,1
367.88027,323.95175,477.96481,1,1,0,0,1
367.90041,323.81250,477.29761,1,1,0,0,1
367.92024,323.77811,476.95834,1,1,0,0,1
367.94019,323.76746,476.61752,1,1,0,0,1
367.96035,323.81747,475.93777,1,1,0,0,1
367.98054,323.87790,475.60217,1,1,0,0,1
368.00048,323.96158,475.27161,1,1,0,0,1
368.02040,324.19699,474.63196,1,1,0,0,1
368.04055,324.34756,474.32599,1,1,0,0,1
368.06016,324.51910,474.03128,1,1,0,0,1
368.08026,324.71078,473.74924,1,1,0,0,1
368.10040,325.15073,473.22864,1,1,0,0,1
368.12024,325.39685,472.99261,1,1,0,0,1
368.14046,325.65881,472.77432,1,1,0,0,1
368.16017,325.93536,472.57483,1,1,0,0,1
368.18014,326.22516,472.39511,1,1,0,0,1
368.20042,326.83878,472.09842,1,1,0,0,1
368.22027,327.15961,471.98285,1,1,0,0,1
368.24048,327.48770,471.88995,1,1,0,0,1
368.26015,327.82147,471.82016,1,1,0,0,1
368.28030,328.15930,471.77380,1,1,0,0,1
368.30050,328.84055,471.75223,1,1,0,0,1
368.32021,329.18063,471.77713,1,1,0,0,1
368.34010,329.51816,471.82568,1,1,0,0,1
368.36024,329.85147,471.89764,1,1,0,0,1
368.38040,330.17896,471.99268,1,1,0,0,1
368.40045,330.81009,472.25000,1,1,0,0,1
368.42019,331.39926,472.59265,1,1,0,0,1
368.44020,331.67450,472.79395,1,1,0,0,1
368.46051,331.93503,473.01395,1,1,0,0,1
368.48033,332.17960,473.25159,1,1,0,0,1
368.50051,332.61612,473.77505,1,1,0,0,1
368.52021,332.80594,474.05832,1,1,0,0,1
368.54019,332.97556,474.35416,1,1,0,0,1
368.56035,333.12411,474.66110,1,1,0,0,1
368.58052,333.25092,474.97766,1,1,0,0,1
368.60017,333.43686,475.63339,1,1,0,0,1
368.62042,333.49509,475.96939,1,1,0,0,1
368.64007,333.52975,476.30862,1,1,0,0,1
368.66011,333.54068,476.64944,1,1,0,0,1
368.68030,333.52780,476.99020,1,1,0,0,1
368.70012,333.43103,477.66489,1,1,0,0,1
368.72023,333.34760,477.99551,1,1,0,0,1
368.74040,333.24130,478.31952,1,1,0,0,1
368.76048,333.11267,478.63535,1,1,0,0,1
368.78016,332.96234,478.94141,1,1,0,0,1
368.80036,332.59955,479.51840,1,1,0,0,1
368.82036,332.16003,480.03934,1,1,0,0,1
368.84014,331.91409,480.27554,1,1,0,0,1
368.86035,331.65228,480.49405,1,1,0,0,1
368.88006,331.37589,480.69376,1,1,0,0,1
368.90018,330.78470,481.03299,1,1,0,0,1
368.92022,330.47281,481.17087,1,1,0,0,1
368.94018,330.15207,481.28668,1,1,0,0,1
368.96026,329.82404,481.37982,1,1,0,0,1
368.98052,329.49030,481.44986,1,1,0,0,1
369.00051,328.81226,481.51938,1,1,0,0,1
369.02035,328.47125,481.51852,1,1,0,0,1
369.04039,328.13113,481.49390,1,1,0,0,1
369.06012,327.79358,481.44562,1,1,0,0,1
369.08018,327.46021,481.37390,1,1,0,0,1
369.10005,326.81247,481.16171,1,1,0,0,1
369.12010,326.50128,481.02228,1,1,0,0,1
369.14011,326.20059,480.86148,1,1,0,0,1
369.16019,325.63644,480.47900,1,1,0,0,1
369.18019,325.37573,480.25922,1,1,0,0,1
369.20026,325.13098,480.02176,1,1,0,0,1
369.22050,324.69406,479.49863,1,1,0,0,1
369.24046,324.50403,479.21548,1,1,0,0,1
369.26018,324.33420,478.91980,1,1,0,0,1
369.28031,324.18539,478.61298,1,1,0,0,1
369.30027,323.95367,477.97198,1,1,0,0,1
369.32044,323.87189,477.64093,1,1,0,0,1
369.34005,323.81339,477.30499,1,1,0,0,1
369.36006,323.77847,476.96579,1,1,0,0,1
369.38013,323.76730,476.62497,1,1,0,0,1
369.40051,323.81625,475.94516,1,1,0,0,1
369.42030,323.87616,475.60947,1,1,0,0,1
369.44026,323.95932,475.27878,1,1,0,0,1
369.46017,324.06537,474.95468,1,1,0,0,1
369.48036,324.19376,474.63876,1,1,0,0,1
369.50007,324.51492,474.03760,1,1,0,0,1
369.52022,324.51492,474.03760,1,1,0,0,1
369.54040,325.14529,473.23401,1,1,0,0,1
369.56049,325.39105,472.99759,1,1,0,0,1
369.58021,325.65268,472.77890,1,1,0,0,1
369.60033,325.92892,472.57898,1,1,0,0,1
369.62008,326.51984,472.23926,1,1,0,0,1
369.64016,326.83160,472.10114,1,1,0,0,1
369.66020,327.15225,471.98508,1,1,0,0,1
369.68031,327.48022,471.89166,1,1,0,0,1
369.70054,328.15167,471.77448,1,1,0,0,1
369.72015,328.49188,471.75128,1,1,0,0,1
369.74030,328.83289,471.75186,1,1,0,0,1
369.76008,329.17300,471.77621,1,1,0,0,1
369.78046,329.51059,471.82425,1,1,0,0,1
369.80012,330.17166,471.99023,1,1,0,0,1
369.82023,330.49191,472.10739,1,1,0,0,1
369.84036,330.80319,472.24658,1,1,0,0,1
369.86040,331.10403,472.40717,1,1,0,0,1
369.88014,331.39294,472.58832,1,1,0,0,1
369.90040,331.92941,473.00879,1,1,0,0,1
369.92037,332.17435,473.24603,1,1,0,0,1
369.94037,332.40213,473.49979,1,1,0,0,1
369.96030,332.80194,474.05179,1,1,0,0,1
369.98003,332.97202,474.34735,1,1,0,0,1
370.00011,333.24835,474.97040,1,1,0,0,1
370.02009,333.35327,475.29486,1,1,0,0,1
370.04024,333.43530,475.62585,1,1,0,0,1
370.06010,333.49405,475.96176,1,1,0,0,1
370.08042,333.52924,476.30093,1,1,0,0,1
370.10034,333.52832,476.98254,1,1,0,0,1
370.12042,333.49222,477.32162,1,1,0,0,1
370.14027,333.43256,477.65738,1,1,0,0,1
370.16041,333.34964,477.98816,1,1,0,0,1
370.18010,333.24387,478.31235,1,1,0,0,1
370.20031,332.96585,478.93466,1,1,0,0,1
370.22030,332.79498,479.22977,1,1,0,0,1
370.24046,332.60397,479.51224,1,1,0,0,1
370.26037,332.39371,479.78070,1,1,0,0,1
370.28012,332.16525,480.03384,1,1,0,0,1
370.30031,331.65820,480.48935,1,1,0,0,1
370.32040,331.38211,480.68948,1,1,0,0,1
370.34006,331.09274,480.86987,1,1,0,0,1
370.36021,330.47980,481.16800,1,1,0,0,1
370.38042,330.15924,481.28430,1,1,0,0,1
370.40007,329.49774,481.44852,1,1,0,0,1
370.42016,329.16000,481.49564,1,1,0,0,1
370.44005,328.81982,481.51910,1,1,0,0,1
370.46040,328.47882,481.51877,1,1,0,0,1
370.48011,328.13867,481.49466,0,0,0,0,1
370.50013,327.80103,481.44690,0,0,0,0,1
370.52025,327.80103,481.44690,0,0,0,0,1
370.54042,327.80103,481.44690,0,0,0,0,1
370.56046,327.80103,481.44690,0,0,0,0,1
370.58022,327.80103,481.44690,0,0,0,0,1
370.60042,327.80103,481.44690,0,0,0,0,1
370.62005,327.80103,481.44690,0,0,0,0,1
370.64022,327.80103,481.44690,0,0,0,0,1
370.66005,327.80103,481.44690,0,0,0,0,1
370.68022,327.80103,481.44690,0,0,0,0,1
370.70039,327.80103,481.44690,0,0,0,0,1
370.72027,327.80103,481.44690,0,0,0,0,1
370.74041,327.80103,481.44690,0,0,0,0,1
370.76037,327.80103,481.44690,0,0,0,0,1
370.78044,327.80103,481.44690,0,0,0,0,1
370.80024,327.80103,481.44690,0,0,0,0,1
370.82036,327.80103,481.44690,0,0,0,0,1
370.84045,327.80103,481.44690,0,0,0,0,1
370.86009,327.80103,481.44690,0,0,0,0,1
370.88031,327.80103,481.44690,0,0,0,0,1
370.90048,327.80103,481.44690,0,0,0,0,1
370.92010,327.80103,481.44690,0,0,0,0,1
370.94040,327.80103,481.44690,0,0,0,0,1
370.96024,327.80103,481.44690,0,0,0,0,1
370.98044,327.80103,481.44690,0,0,0,0,1
371.00012,327.80103,481.44690,0,0,0,0,1
371.02036,327.80103,481.44690,0,0,0,0,1
371.04029,327.80103,481.44690,0,0,0,0,1
371.06024,327.80103,481.44690,0,0,0,0,1
371.08040,327.80103,481.44690,0,0,0,0,1
371.10014,327.80103,481.44690,0,0,0,0,1
371.12035,327.80103,481.44690,0,0,0,0,1
371.14041,327.80103,481.44690,0,0,0,0,1
371.16007,327.80103,481.44690,0,0,0,0,1
371.18020,327.80103,481.44690,0,0,0,0,1
371.20014,327.80103,481.44690,0,0,0,0,1
371.22031,327.80103,481.44690,0,0,0,0,1
371.24028,327.80103,481.44690,0,0,0,0,1
371.26058,327.80103,481.44690,0,0,0,0,1
371.28007,327.80103,481.44690,0,0,0,0,1
371.30013,327.80103,481.44690,1,0,0,0,1
371.32013,327.46338,481.39914,1,0,0,0,1
371.34023,327.12573,481.35138,1,0,0,0,1
371.36049,326.78809,481.30362,1,0,0,0,1
371.38035,326.45044,481.25586,1,0,0,0,1
371.40011,326.11279,481.20810,1,0,0,0,1
371.42009,325.43750,481.11258,1,0,0,0,1
371.44018,325.09985,481.06482,1,0,0,0,1
371.46037,324.76221,481.01706,1,0,0,0,1
371.48022,324.42456,480.96930,1,0,0,0,1
371.50012,324.08691,480.92154,1,0,0,0,1
371.52042,323.07397,480.77826,1,0,0,0,1
371.54010,323.07397,480.77826,1,0,0,0,1
371.56023,322.39868,480.68274,1,0,0,0,1
371.58032,322.06104,480.63498,1,0,0,0,1
371.60016,321.72339,480.58722,1,0,0,0,1
371.62042,321.04810,480.49170,1,0,0,0,1
371.64046,320.71045,480.44394,1,0,0,0,1
371.66050,320.37280,480.39618,1,0,0,0,1
371.68018,320.03516,480.34842,1,0,0,0,1
371.70045,319.69751,480.30066,1,0,0,0,1
371.72045,319.02222,480.20514,1,0,0,0,1
371.74020,318.68457,480.15738,1,0,0,0,1
371.76020,318.34692,480.10962,1,0,0,0,1
371.78034,318.00928,480.06186,1,0,0,0,1
371.80028,317.67163,480.01410,1,0,0,0,1
371.82045,316.99634,479.91858,1,0,0,0,1
371.84021,316.65869,479.87082,1,0,0,0,1
371.86037,316.32104,479.82306,1,0,0,0,1
371.88032,315.98340,479.77530,1,0,0,0,1
371.90030,315.64575,479.72754,1,0,0,0,1
371.92041,314.97046,479.63202,1,0,0,0,1
371.94028,314.29517,479.53650,1,0,0,0,1
371.96016,313.95752,479.48874,1,0,0,0,1
371.98053,313.61987,479.44098,1,0,0,0,1
372.00012,313.28223,479.39322,1,0,0,0,1
372.02006,312.60693,479.29770,1,0,0,0,1
372.04018,312.26929,479.24994,1,0,0,0,1
372.06037,311.93164,479.20218,1,0,0,0,1
372.08003,311.59399,479.15442,1,0,0,0,1
372.10035,311.25635,479.10666,1,0,0,0,1
372.12045,310.58105,479.01114,1,0,0,0,1
372.14047,310.24341,478.96338,1,0,0,0,1
372.16025,309.90576,478.91562,1,0,0,0,1
372.18043,309.56812,478.86786,1,0,0,0,1
372.20009,309.23047,478.82010,1,0,0,0,1
372.22013,308.55518,478.72458,1,0,0,0,1
372.24083,308.21753,478.67682,1,0,0,0,1
372.26013,307.87988,478.62906,1,0,0,0,1
372.28026,307.54224,478.58130,1,0,0,0,1
372.30016,307.20459,478.53354,1,0,0,0,1
372.32027,306.52930,478.43802,1,0,0,0,1
372.34023,305.85400,478.34250,1,0,0,0,1
372.36051,305.51636,478.29474,1,0,0,0,1
372.38026,305.17871,478.24698,1,0,0,0,1
372.40051,304.84106,478.19922,1,0,0,0,1
372.42013,304.16577,478.10370,1,0,0,0,1
372.44028,303.82812,478.05594,1,0,0,0,1
372.46045,303.49048,478.00818,1,0,0,0,1
372.48022,303.15283,477.96042,1,0,0,0,1
372.50020,302.81519,477.91266,1,0,0,0,1
372.52040,302.13989,477.81714,1,0,0,0,1
372.54027,301.80225,477.76938,1,0,0,0,1
372.56011,301.46460,477.72162,1,0,0,0,1
372.58053,301.12695,477.67386,1,0,0,0,1
372.60006,300.78931,477.62610,1,0,0,0,1
372.62054,300.11401,477.53058,1,0,0,0,1
372.64020,299.77637,477.48282,1,0,0,0,1
372.66027,299.43872,477.43506,1,0,0,0,1
372.68050,299.10107,477.38730,1,0,0,0,1
372.70018,298.76343,477.33954,1,0,0,0,1
372.72037,298.08813,477.24402,1,0,0,0,1
372.74025,297.41284,477.14850,1,0,0,0,1
372.76042,297.07520,477.10074,1,0,0,0,1
372.78040,296.73755,477.05298,1,0,0,0,1
372.80027,296.39990,477.00522,1,0,0,0,1
372.82015,295.72461,476.90970,1,0,0,0,1
372.84020,295.38696,476.86194,1,0,0,0,1
372.86034,295.04932,476.81418,1,0,0,0,1
372.88048,294.71167,476.76642,1,0,0,0,1
372.90040,294.37402,476.71866,1,0,0,0,1
372.92036,293.69873,476.62314,1,0,0,0,1
372.94031,293.36108,476.57538,1,0,0,0,1
372.96023,293.02344,476.52762,1,0,0,0,1
372.98048,292.68579,476.47986,1,0,0,0,1
373.00009,292.34814,476.43210,1,0,0,0,1
373.02009,291.67285,476.33658,1,0,0,0,1
373.04038,291.33521,476.28882,1,0,0,0,1
373.06032,290.99756,476.24106,1,0,0,0,1
373.08018,290.32227,476.14554,1,0,0,0,1
373.10039,289.98462,476.09778,1,0,0,0,1
373.12043,289.64697,476.05002,1,0,0,0,1
373.14009,288.97168,475.95450,1,0,0,0,1
373.16044,288.63403,475.90674,1,0,0,0,1
373.18011,288.29639,475.85898,1,0,0,0,1
373.20011,287.95874,475.81122,1,0,0,0,1
373.22035,287.28345,475.71570,1,0,0,0,1
373.24005,286.94580,475.66794,1,0,0,0,1
373.26014,286.60815,475.62018,1,0,0,0,1
373.28030,286.27051,475.57242,1,0,0,0,1
373.30037,285.93286,475.52466,1,0,0,0,1
373.32004,285.25757,475.42914,1,0,0,0,1
373.34037,284.91992,475.38138,1,0,0,0,1
373.36037,284.58228,475.33362,1,0,0,0,1
373.38020,284.24463,475.28586,1,0,0,0,1
373.40034,283.56934,475.19034,1,0,0,0,1
373.42046,283.23169,475.14258,1,0,0,0,1
373.44025,282.89404,475.09482,1,0,0,0,1
373.46012,282.21875,474.99930,1,0,0,0,1
373.48013,281.88110,474.95154,1,0,0,0,1
373.50018,281.54346,474.90378,1,0,0,0,1
373.52058,281.20581,474.85602,1,0,0,0,1
373.54006,280.53052,474.76050,1,0,0,0,1
373.56029,280.19287,474.71274,1,0,0,0,1
373.58051,279.85522,474.66498,1,0,0,0,1
373.60031,279.51758,474.61722,1,0,0,0,1
373.62007,278.84229,474.52170,1,0,0,0,1
373.64018,278.50464,474.47394,1,0,0,0,1
373.66027,278.16699,474.42618,1,0,0,0,1
373.68047,277.82935,474.37842,1,0,0,0,1
373.70024,277.49170,474.33066,1,0,0,0,1
373.72047,276.81641,474.23514,1,0,0,0,1
373.74043,276.47876,474.18738,1,0,0,0,1
373.76009,276.14111,474.13962,1,0,0,0,1
373.78029,275.80347,474.09186,1,0,0,0,1
373.80003,275.46582,474.04410,1,0,0,0,1
373.82048,274.79053,473.94858,1,0,0,0,1
373.84054,274.45288,473.90082,1,0,0,0,1
373.86030,273.77759,473.80530,1,0,0,0,1
373.88046,273.43994,473.75754,1,0,0,0,1
373.90012,273.10229,473.70978,1,0,0,0,1
373.92023,272.42700,473.61426,1,0,0,0,1
373.94026,272.08936,473.56650,1,0,0,0,1
373.96074,271.75171,473.51874,1,0,0,0,1
373.98018,271.41406,473.47098,1,0,0,0,1
374.00017,271.07642,473.42322,1,0,0,0,1
374.02036,270.40112,473.32770,1,0,0,0,1
374.04003,270.06348,473.27994,1,0,0,0,1
374.06023,269.72583,473.23218,1,0,0,0,1
374.08040,269.38818,473.18442,1,0,0,0,1
374.10020,269.05054,473.13666,1,0,0,0,1
374.12046,268.37524,473.04114,1,0,0,0,1
374.14010,268.03760,472.99338,1,0,0,0,1
374.16032,267.69995,472.94562,1,0,0,0,1
374.18028,267.36230,472.89786,0,0,0,0,1
374.20032,267.02466,472.85010,0,0,0,0,1
374.22020,267.02466,472.85010,0,0,0,0,1
374.24040,267.02466,472.85010,0,0,0,0,1
374.26021,267.02466,472.85010,0,0,0,0,1
374.28049,267.02466,472.85010,0,0,0,0,1
374.30020,267.02466,472.85010,0,0,0,0,1
374.32052,267.02466,472.85010,0,0,0,0,1
374.34035,267.02466,472.85010,0,0,0,0,1
374.36032,267.02466,472.85010,0,0,0,0,1
374.38048,267.02466,472.85010,0,0,0,0,1
374.40005,267.02466,472.85010,0,0,0,0,1
374.42046,267.02466,472.85010,0,0,0,0,1
374.44026,267.02466,472.85010,0,0,0,0,1
374.46006,267.02466,472.85010,0,0,0,0,1
374.48025,267.02466,472.85010,0,0,0,0,1
374.50045,267.02466,472.85010,0,0,0,0,1
374.52032,267.02466,472.85010,0,0,0,0,1
374.54017,267.02466,472.85010,0,0,0,0,1
374.56046,267.02466,472.85010,0,0,0,0,1
374.58018,267.02466,472.85010,0,0,0,0,1
374.60036,267.02466,472.85010,0,0,0,0,1
374.62036,267.02466,472.85010,0,0,0,0,1
374.64014,267.02466,472.85010,0,0,0,0,1
374.66026,267.02466,472.85010,0,0,0,0,1
374.68047,267.02466,472.85010,0,0,0,0,1
374.70037,267.02466,472.85010,0,0,0,0,1
374.72008,267.02466,472.85010,0,0,0,0,1
374.74012,267.02466,472.85010,0,0,0,0,1
374.76040,267.02466,472.85010,0,0,0,0,1
374.78030,267.02466,472.85010,0,0,0,0,1
374.80050,267.02466,472.85010,1,0,0,0,1
374.82053,266.68701,472.80234,1,0,1,0,1
374.84007,266.01172,472.70682,1,0,1,0,1
374.86021,265.67157,472.68274,1,0,1,0,1
374.88028,265.33057,472.68246,1,0,1,0,1
374.90028,264.99039,472.70602,1,0,1,0,1
374.92024,264.31909,472.82397,1,0,1,0,1
374.94032,263.99127,472.91782,1,0,1,0,1
374.96007,263.67081,473.03433,1,0,1,0,1
374.98029,263.35925,473.17294,1,0,1,0,1
375.00047,263.05814,473.33298,1,0,1,0,1
375.02034,262.49304,473.71405,1,0,1,0,1
375.04045,262.23181,473.93326,1,0,1,0,1
375.06004,261.75842,474.42361,1,0,1,0,1
375.08024,261.54855,474.69238,1,0,1,0,1
375.10039,261.35797,474.97516,1,0,1,0,1
375.12009,261.18759,475.27054,1,0,1,0,1
375.14029,260.91071,475.89334,1,0,1,0,1
375.16026,260.80554,476.21771,1,0,1,0,1
375.18021,260.72330,476.54865,1,0,1,0,1
375.20014,260.66437,476.88452,1,0,1,0,1
375.22008,260.62903,477.22369,1,0,1,0,1
375.24018,260.62973,477.90527,1,0,1,0,1
375.26035,260.66574,478.24435,1,0,1,0,1
375.28051,260.72537,478.58011,1,0,1,0,1
375.30021,260.80829,478.91089,1,0,1,0,1
375.32039,260.91409,479.23505,1,0,1,0,1
375.34025,261.19226,479.85730,1,0,1,0,1
375.36023,261.36322,480.15234,1,0,1,0,1
375.38044,261.55438,480.43472,1,0,1,0,1
375.40018,261.76480,480.70306,1,0,1,0,1
375.42035,261.99344,480.95605,1,0,1,0,1
375.44052,262.50085,481.41113,1,0,1,0,1
375.46045,263.06671,481.79108,1,0,1,0,1
375.48013,263.36816,481.95050,1,0,1,0,1
375.50029,263.67999,482.08847,1,0,1,0,1
375.52049,264.00070,482.20435,1,0,1,0,1
375.54035,264.66248,482.36755,1,0,1,0,1
375.56040,265.00027,482.41412,1,0,1,0,1
375.58052,265.34052,482.43698,1,0,1,0,1
375.60018,265.68152,482.43604,1,0,1,0,1
375.62043,266.02161,482.41129,1,0,1,0,1
375.64026,266.69250,482.29092,1,0,1,0,1
375.66021,267.01999,482.19592,1,0,1,0,1
375.68034,267.34006,482.07828,1,0,1,0,1
375.70033,267.65112,481.93857,1,0,1,0,1
375.72034,267.95166,481.77747,1,0,1,0,1
375.74048,268.51541,481.39438,1,0,1,0,1
375.76006,268.77585,481.17426,1,0,1,0,1
375.78013,269.02026,480.93649,1,0,1,0,1
375.80016,269.24750,480.68222,1,0,1,0,1
375.82037,269.45642,480.41272,1,0,1,0,1
375.84012,269.81534,479.83328,1,0,1,0,1
375.86021,270.09003,479.20950,1,0,1,0,1
375.88028,270.19403,478.88477,1,0,1,0,1
375.90041,270.27512,478.55356,1,0,1,0,1
375.92029,270.33286,478.21750,1,0,1,0,1
375.94034,270.37738,477.53735,1,0,1,0,1
375.96040,270.36395,477.19662,1,0,1,0,1
375.98014,270.32675,476.85767,1,0,1,0,1
376.00043,270.26596,476.52213,1,0,1,0,1
376.02013,270.18188,476.19165,1,0,1,0,1
376.04029,269.94568,475.55231,1,0,1,0,1
376.06030,269.79468,475.24655,1,0,1,0,1
376.08016,269.62268,474.95209,1,0,1,0,1
376.10047,269.43054,474.67038,1,0,1,0,1
376.12007,269.21921,474.40277,1,0,1,0,1
376.14022,268.74313,473.91501,1,0,1,0,1
376.16029,268.48071,473.69724,1,0,1,0,1
376.18020,268.20374,473.49832,1,0,1,0,1
376.20053,267.91354,473.31924,1,0,1,0,1
376.22026,267.61154,473.16086,1,0,1,0,1
376.24022,266.97812,472.90921,1,0,1,0,1
376.26014,266.31583,472.74826,1,0,1,0,1
376.28017,265.97787,472.70285,1,0,1,0,1
376.30033,265.63757,472.68115,1,0,1,0,1
376.32008,265.29657,472.68329,1,0,1,0,1
376.34020,264.61917,472.75885,1,0,1,0,1
376.36041,264.28610,472.83191,1,0,1,0,1
376.38020,263.95892,472.92804,1,0,1,0,1
376.40037,263.63928,473.04678,1,0,1,0,1
376.42051,263.32870,473.18756,1,0,1,0,1
376.44028,262.74078,473.53238,1,0,1,0,1
376.46044,262.46631,473.73471,1,0,1,0,1
376.48009,262.20663,473.95572,1,0,1,0,1
376.50032,261.96301,474.19434,1,0,1,0,1
376.52012,261.73666,474.44937,1,0,1,0,1
376.54029,261.34009,475.00369,1,0,1,0,1
376.56031,261.17178,475.30026,1,0,1,0,1
376.58044,261.02460,475.60785,1,0,1,0,1
376.60008,260.89926,475.92499,1,0,1,0,1
376.62006,260.79636,476.25009,1,0,1,0,1
376.64048,260.65985,476.91788,1,0,1,0,1
376.66046,260.61771,477.59818,1,0,1,0,1
376.68017,260.63235,477.93887,1,0,1,0,1
376.70024,260.67075,478.27771,1,0,1,0,1
376.72062,260.73273,478.61304,1,0,1,0,1
376.74018,260.92606,479.26663,1,0,1,0,1
376.76030,261.05646,479.58173,1,0,1,0,1
376.78019,261.20856,479.88693,1,0,1,0,1
376.80014,261.38159,480.18076,1,0,1,0,1
376.82036,261.57471,480.46179,1,0,1,0,1
376.84007,262.01740,480.98004,1,0,1,0,1
376.86043,262.26480,481.21472,1,0,1,0,1
376.88012,262.52798,481.43155,1,0,1,0,1
376.90022,262.80566,481.62949,1,0,1,0,1
376.92059,263.09650,481.80753,1,0,1,0,1
376.94015,263.71185,482.10065,1,0,1,0,1
376.96051,264.03336,482.21426,1,0,1,0,1
376.98018,264.36203,482.30515,1,0,1,0,1
377.00026,264.69623,482.37286,1,0,1,0,1
377.02049,265.37476,482.43756,1,0,1,0,1
377.04023,265.71573,482.43423,1,0,1,0,1
377.06052,266.39282,482.35629,1,0,1,0,1
377.08039,266.72565,482.28204,1,0,1,0,1
377.10017,267.05246,482.18475,1,0,1,0,1
377.12034,267.37170,482.06488,1,0,1,0,1
377.14050,267.98120,481.75983,1,0,1,0,1
377.16016,268.26849,481.57611,1,0,1,0,1
377.18017,268.54224,481.37280,1,0,1,0,1
377.20049,268.80112,481.15088,1,0,1,0,1
377.22007,269.04388,480.91141,1,0,1,0,1
377.24031,269.47635,480.38458,1,0,1,0,1
377.26052,269.66394,480.09982,1,0,1,0,1
377.28022,269.83121,479.80264,1,0,1,0,1
377.30046,269.97729,479.49454,1,0,1,0,1
377.32018,270.10150,479.17697,1,0,1,0,1
377.34046,270.28201,478.51971,1,0,1,0,1
377.36041,270.33740,478.18326,1,0,1,0,1
377.38010,270.36917,477.84375,1,0,1,0,1
377.40027,270.36133,477.16220,1,0,1,0,1
377.42009,270.32175,476.82352,1,0,1,0,1
377.44007,270.25864,476.48840,1,0,1,0,1
377.46049,270.06308,475.83548,1,0,1,0,1
377.48050,269.93158,475.52084,1,0,1,0,1
377.50023,269.77844,475.21616,1,0,1,0,1
377.52030,269.60440,474.92291,1,0,1,0,1
377.54053,269.19711,474.37640,1,0,1,0,1
377.56005,268.96585,474.12582,1,0,1,0,1
377.58054,268.71765,473.89200,1,0,1,0,1
377.60029,268.45374,473.67609,1,0,1,0,1
377.62009,268.17538,473.47913,1,0,1,0,1
377.64031,267.58084,473.14584,1,0,1,0,1
377.66005,267.26758,473.01114,1,0,1,0,1
377.68013,266.94568,472.89862,1,0,1,0,1
377.70018,266.61670,472.80887,1,0,1,0,1
377.72043,266.28226,472.74231,1,0,1,0,1
377.74008,265.60352,472.67996,1,0,1,0,1
377.76025,265.26254,472.68448,1,0,1,0,1
377.78026,264.92273,472.71280,1,0,1,0,1
377.80016,264.25317,472.84015,1,0,1,0,1
377.82018,263.92670,472.93857,1,0,1,0,1
377.84022,263.60788,473.05954,1,0,1,0,1
377.86036,262.99942,473.36670,1,0,1,0,1
377.88053,262.71277,473.55139,1,0,1,0,1
377.90005,262.43973,473.75565,1,0,1,0,1
377.92027,262.18161,473.97849,1,0,1,0,1
377.94042,261.71512,474.47543,1,0,1,0,1
377.96016,261.50903,474.74710,1,0,1,0,1
377.98025,261.32242,475.03250,1,0,0,0,1
378.00014,261.15619,475.33023,1,0,0,0,1
378.02036,260.98996,475.62796,1,0,0,0,1
378.04013,260.65750,476.22342,0,0,0,0,1
378.06022,260.65750,476.22342,0,0,0,0,1
378.08053,260.65750,476.22342,0,0,0,0,1
378.10040,260.65750,476.22342,0,0,0,0,1
378.12031,260.65750,476.22342,0,0,0,0,1
378.14009,260.65750,476.22342,0,0,0,0,1
378.16015,260.65750,476.22342,0,0,0,0,1
378.18008,260.65750,476.22342,0,0,0,0,1
378.20046,260.65750,476.22342,0,0,0,0,1
378.22039,260.65750,476.22342,0,0,0,0,1
378.24017,260.65750,476.22342,0,0,0,0,1
378.26037,260.65750,476.22342,0,0,0,0,1
378.28028,260.65750,476.22342,0,0,0,0,1
378.30035,260.65750,476.22342,0,0,0,0,1
378.32037,260.65750,476.22342,0,0,0,0,1
378.34028,260.65750,476.22342,0,0,0,0,1
378.36028,260.65750,476.22342,0,0,0,0,1
378.38007,260.65750,476.22342,0,0,0,0,1
378.40023,260.65750,476.22342,0,0,0,0,1
378.42048,260.65750,476.22342,0,0,0,0,1
378.44037,260.65750,476.22342,0,0,0,0,1
378.46053,260.65750,476.22342,0,0,0,0,1
378.48019,260.65750,476.22342,1,0,0,0,1
378.50014,260.65750,476.22342,1,1,0,0,1
378.52029,260.49127,476.52115,1,1,0,0,1
378.54042,260.09866,477.07831,1,1,0,0,1
378.56031,259.87418,477.33499,1,1,0,0,1
378.58026,259.63232,477.57541,1,1,0,0,1
378.60006,259.10135,478.00278,1,1,0,0,1
378.62015,258.81482,478.18765,1,1,0,0,1
378.64034,258.51608,478.35211,1,1,0,0,1
378.66014,257.88791,478.61661,1,1,0,0,1
378.68042,257.56152,478.71536,1,1,0,0,1
378.70024,257.22903,478.79114,1,1,0,0,1
378.72020,256.89209,478.84354,1,1,0,0,1
378.74042,256.21133,478.87732,1,1,0,0,1
378.76044,255.87085,478.85852,1,1,0,0,1
378.78049,255.53250,478.81604,1,1,0,0,1
378.80026,255.19795,478.75006,1,1,0,0,1
378.82004,254.86880,478.66092,1,1,0,0,1
378.84044,254.23314,478.41495,1,1,0,0,1
378.86035,253.92972,478.25934,1,1,0,0,1
378.88052,253.63789,478.08295,1,1,0,0,1
378.90024,253.35909,477.88663,1,1,0,0,1
378.92040,253.09464,477.67133,1,1,0,0,1
378.94024,252.61394,477.18811,1,1,0,0,1
378.96042,252.40002,476.92255,1,1,0,0,1
378.98054,252.20514,476.64273,1,1,0,0,1
379.00018,251.87621,476.04578,1,1,0,0,1
379.02054,251.74374,475.73157,1,1,0,0,1
379.04030,251.63353,475.40887,1,1,0,0,1
379.06049,251.48183,474.74438,1,1,0,0,1
379.08028,251.44109,474.40582,1,1,0,0,1
379.10014,251.42406,474.06525,1,1,0,0,1
379.12058,251.43082,473.72430,1,1,0,0,1
379.14041,251.51549,473.04800,1,1,0,0,1
379.16030,251.59297,472.71591,1,1,0,0,1
379.18053,251.69344,472.39005,1,1,0,0,1
379.20018,251.81638,472.07199,1,1,0,0,1
379.22046,251.96120,471.76328,1,1,0,0,1
379.24017,252.12720,471.46539,1,1,0,0,1
379.26019,252.51939,470.90796,1,1,0,0,1
379.28010,252.74368,470.65109,1,1,0,0,1
379.30028,252.98534,470.41049,1,1,0,0,1
379.32039,253.51596,469.98273,1,1,0,0,1
379.34029,253.80235,469.79761,1,1,0,0,1
379.36027,254.10095,469.63293,1,1,0,0,1
379.38028,254.72891,469.36795,1,1,0,0,1
379.40018,255.05522,469.26892,1,1,0,0,1
379.42014,255.38763,469.19290,1,1,0,0,1
379.44039,255.72455,469.14026,1,1,0,0,1
379.46044,256.40527,469.10599,1,1,0,0,1
379.48012,256.74576,469.12451,1,1,0,0,1
379.50028,257.08414,469.16675,1,1,0,0,1
379.52053,257.41873,469.23248,1,1,0,0,1
379.54030,257.74792,469.32138,1,1,0,0,1
379.56014,258.38376,469.56686,1,1,0,0,1
379.58041,258.68729,469.72226,1,1,0,0,1
379.60038,258.97925,469.89844,1,1,0,0,1
379.62044,259.25821,470.09454,1,1,0,0,1
379.64021,259.52283,470.30963,1,1,0,0,1
379.66009,260.00391,470.79248,1,1,0,0,1
379.68006,260.21802,471.05786,1,1,0,0,1
379.70016,260.41312,471.33755,1,1,0,0,1
379.72010,260.58823,471.63016,1,1,0,0,1
379.74005,260.74249,471.93427,1,1,0,0,1
379.76031,260.98566,472.57098,1,1,0,0,1
379.78009,261.13788,473.23535,1,1,0,0,1
379.80044,261.17886,473.57388,1,1,0,0,1
379.82015,261.19614,473.91446,1,1,0,0,1
379.84036,261.18964,474.25540,1,1,0,0,1
379.86024,261.10547,474.93179,1,1,0,0,1
379.88041,261.02823,475.26395,1,1,0,0,1
379.90008,260.92801,475.58990,1,1,0,0,1
379.92015,260.80533,475.90808,1,1,0,0,1
379.94043,260.66074,476.21692,1,1,0,0,1
379.96006,260.30881,476.80063,1,1,0,0,1
379.98031,260.10318,477.07266,1,1,0,0,1
380.00034,259.87909,477.32968,1,1,0,0,1
380.02054,259.63763,477.57047,1,1,0,0,1
380.04047,259.37997,477.79382,1,1,0,0,1
380.06048,258.82111,478.18399,1,1,0,0,1
380.08020,258.52264,478.34891,1,1,0,0,1
380.10050,258.21341,478.49261,1,1,0,0,1
380.12031,257.89490,478.61438,1,1,0,0,1
380.14042,257.56866,478.71365,1,1,0,0,1
380.16013,256.55966,478.87213,1,1,0,0,1
380.18037,256.21872,478.87766,1,1,0,0,1
380.20011,255.87820,478.85938,1,1,0,0,1
380.22031,255.53979,478.81741,1,1,0,0,1
380.24054,255.20514,478.75195,1,1,0,0,1
380.26017,254.55357,478.55191,1,1,0,0,1
380.28028,254.23984,478.41830,1,1,0,0,1
380.30055,253.93617,478.26315,1,1,0,0,1
380.32024,253.64407,478.08719,1,1,0,0,1
380.34046,253.36496,477.89130,1,1,0,0,1
380.36004,252.85104,477.44360,1,1,0,0,1
380.38029,252.61874,477.19397,1,1,0,0,1
380.40038,252.40442,476.92874,1,1,0,0,1
380.42041,252.20911,476.64920,1,1,0,0,1
380.44053,252.03377,476.35672,1,1,0,0,1
380.46029,251.74632,475.73871,1,1,0,0,1
380.48047,251.63560,475.41617,1,1,0,0,1
380.50026,251.54765,475.08670,1,1,0,0,1
380.52021,251.48289,474.75189,1,1,0,0,1
380.54008,251.44164,474.41339,1,1,0,0,1
380.56027,251.43033,473.73190,1,1,0,0,1
380.58011,251.46033,473.39221,1,1,0,0,1
380.60032,251.59093,472.72327,1,1,0,0,1
380.62044,251.69089,472.39725,1,1,0,0,1
380.64013,251.81334,472.07898,1,1,0,0,1
380.66034,252.12323,471.47192,1,1,0,0,1
380.68055,252.30916,471.18607,1,1,0,0,1
380.70038,252.51457,470.91388,1,1,0,0,1
380.72022,252.73846,470.65668,1,1,0,0,1
380.74017,252.97975,470.41571,1,1,0,0,1
380.76034,253.50972,469.98712,1,1,0,0,1
380.78053,253.79582,469.80157,1,1,0,0,1
380.80030,254.09416,469.63644,1,1,0,0,1
380.82007,254.40329,469.49252,1,1,0,0,1
380.84021,255.04787,469.27100,1,1,0,0,1
380.86033,255.38017,469.19446,1,1,0,0,1
380.88004,255.71700,469.14130,1,1,0,0,1
380.90020,256.39764,469.10596,1,1,0,0,1
380.92020,256.73816,469.12396,1,1,0,0,1
380.94039,257.07660,469.16568,1,1,0,0,1
380.96013,257.41132,469.23090,1,1,0,0,1
380.98034,258.06305,469.43042,1,1,0,0,1
381.00013,258.37689,469.56378,1,1,0,0,1
381.02038,258.68066,469.71869,1,1,0,0,1
381.04026,258.97290,469.89441,1,1,0,0,1
381.06014,259.51712,470.30478,1,1,0,0,1
381.08033,259.76645,470.53741,1,1,0,0,1
381.10004,259.99893,470.78687,1,1,0,0,1
381.12012,260.21347,471.05194,1,1,0,0,1
381.14060,260.40900,471.33133,1,1,0,0,1
381.16007,260.73932,471.92752,1,1,0,0,1
381.18048,260.87250,472.24142,1,1,0,0,1
381.20039,260.98346,472.56387,1,1,0,0,1
381.22008,261.07166,472.89328,1,1,0,0,1
381.24033,261.13669,473.22803,1,1,0,0,1
381.26004,261.19601,473.90704,1,1,0,0,1
381.28031,261.19003,474.24799,1,1,0,0,1
381.30026,261.16028,474.58768,1,1,0,0,1
381.32052,261.10690,474.92447,1,1,0,0,1
381.34021,260.93048,475.58282,1,1,0,0,1
381.36064,260.80829,475.90118,1,1,0,0,1
381.38024,260.49887,476.50848,1,1,0,0,1
381.40025,260.31317,476.79446,1,1,0,0,1
381.42003,260.10797,477.06680,1,1,0,0,1
381.44029,259.88428,477.32419,1,1,0,0,1
381.46044,259.38586,477.78909,1,1,0,0,1
381.48018,259.11356,477.99435,1,1,0,0,1
381.50035,258.82761,478.18011,1,1,0,0,1
381.52004,258.52939,478.34549,1,1,0,0,1
381.54021,258.22037,478.48965,1,1,0,0,1
381.56047,257.57596,478.71167,1,1,0,0,1
381.58043,257.24371,478.78845,1,1,0,0,1
381.60023,256.90692,478.84189,1,1,0,0,1
381.62017,256.56723,478.87170,1,1,0,0,1
381.64039,256.22629,478.87775,1,1,0,0,1
381.66032,255.54727,478.81857,1,0,0,0,1
381.68022,255.21251,478.75363,0,0,0,0,1
381.70011,255.21251,478.75363,0,0,0,0,1
381.72008,255.21251,478.75363,0,0,0,0,1
381.74028,255.21251,478.75363,0,0,0,0,1
381.76055,255.21251,478.75363,0,0,0,0,1
381.78004,255.21251,478.75363,0,0,0,0,1
381.80054,255.21251,478.75363,0,0,0,0,1
381.82019,255.21251,478.75363,0,0,0,0,1
381.84041,255.21251,478.75363,0,0,0,0,1
381.86006,255.21251,478.75363,0,0,0,0,1
381.88027,255.21251,478.75363,0,0,0,0,1
381.90042,255.21251,478.75363,0,0,0,0,1
381.92014,255.21251,478.75363,0,0,0,0,1
381.94039,255.21251,478.75363,0,0,0,0,1
381.96017,255.21251,478.75363,0,0,0,0,1
381.98027,255.21251,478.75363,0,0,0,0,1
382.00046,255.21251,478.75363,0,0,0,0,1
382.02016,255.21251,478.75363,0,0,0,0,1
382.04053,255.21251,478.75363,0,0,0,0,1
382.06037,255.21251,478.75363,0,0,0,0,1
382.08051,255.21251,478.75363,0,0,0,0,1
382.10014,255.21251,478.75363,0,0,0,0,1
382.12030,255.21251,478.75363,0,0,0,0,1
382.14051,255.21251,478.75363,0,0,0,0,1
382.16016,255.21251,478.75363,0,0,0,0,1
382.18019,255.21251,478.75363,0,0,0,0,1
382.20029,255.21251,478.75363,0,0,0,0,1
382.22033,255.21251,478.75363,0,0,0,0,1
382.24031,255.21251,478.75363,0,0,0,0,1
382.26030,255.21251,478.75363,0,0,0,0,1
382.28046,255.21251,478.75363,0,0,0,0,1
382.30028,255.21251,478.75363,0,0,0,0,1
382.32006,255.21251,478.75363,0,0,0,0,1
382.34021,255.21251,478.75363,0,0,0,0,1
382.36051,255.21251,478.75363,0,0,0,0,1
382.38024,255.21251,478.75363,1,0,0,0,1
382.40039,255.21251,478.75363,1,0,0,0,1
382.42006,254.87775,478.68869,1,0,0,0,1
382.44005,254.54298,478.62375,1,0,0,0,1
382.46015,253.87346,478.49387,1,0,0,0,1
382.48043,253.53870,478.42892,1,0,0,0,1
382.50014,253.20393,478.36398,1,0,0,0,1
382.52029,252.86917,478.29904,1,0,0,0,1
382.54036,252.19965,478.16916,1,0,0,0,1
382.56017,251.53012,478.03928,1,0,0,0,1
382.58042,251.19536,477.97433,1,0,0,0,1
382.60019,250.86060,477.90939,1,0,0,0,1
382.62020,250.52583,477.84445,1,0,0,0,1
382.64005,250.19107,477.77951,1,0,0,0,1
382.66006,249.85631,477.71457,1,0,0,0,1
382.68061,249.18678,477.58469,1,0,0,0,1
382.70022,248.85202,477.51974,1,0,0,0,1
382.72037,248.51726,477.45480,1,0,0,0,1
382.74037,248.18250,477.38986,1,0,0,0,1
382.76042,247.51297,477.25998,1,0,0,0,1
382.78010,247.17821,477.19504,1,0,0,0,1
382.80015,246.84344,477.13010,1,0,0,0,1
382.82015,246.50868,477.06516,1,0,0,0,1
382.84046,246.17392,477.00021,1,0,0,0,1
382.86035,245.50439,476.87033,1,0,0,0,1
382.88016,245.16963,476.80539,1,0,0,0,1
382.90027,244.50011,476.67551,1,0,0,0,1
382.92050,244.16534,476.61057,1,0,0,0,1
382.94027,243.83058,476.54562,1,0,0,0,1
382.96014,243.16106,476.41574,1,0,0,0,1
382.98037,242.82629,476.35080,1,0,0,0,1
383.00054,242.49153,476.28586,1,0,0,0,1
383.02019,242.15677,476.22092,1,0,0,0,1
383.04025,241.82201,476.15598,1,0,0,0,1
383.06053,241.15248,476.02609,1,0,0,0,1
383.08021,240.81772,475.96115,1,0,0,0,1
383.10044,240.48296,475.89621,1,0,0,0,1
383.12022,240.14819,475.83127,1,0,0,0,1
383.14041,239.81343,475.76633,1,0,0,0,1
383.16012,239.47867,475.70139,1,0,0,0,1
383.18025,238.80914,475.57150,1,0,0,0,1
383.20048,238.47438,475.50656,1,0,0,0,1
383.22015,238.13962,475.44162,1,0,0,0,1
383.24010,237.80486,475.37668,1,0,0,0,1
383.26028,237.47009,475.31174,1,0,0,0,1
383.28052,236.80057,475.18185,1,0,0,0,1
383.30051,236.13104,475.05197,1,0,0,0,1
383.32018,235.79628,474.98703,1,0,0,0,1
383.34033,235.46152,474.92209,1,0,0,0,1
383.36013,235.12675,474.85715,1,0,0,0,1
383.38022,234.45723,474.72726,1,0,0,0,1
383.40016,234.12247,474.66232,1,0,0,0,1
383.42036,233.78770,474.59738,1,0,0,0,1
383.44023,233.45294,474.53244,1,0,0,0,1
383.46009,233.11818,474.46750,1,0,0,0,1
383.48029,232.44865,474.33762,1,0,0,0,1
383.50005,232.11389,474.27267,1,0,0,0,1
383.52017,231.77913,474.20773,1,0,0,0,1
383.54033,231.44437,474.14279,1,0,0,0,1
383.56053,231.10960,474.07785,1,0,0,0,1
383.58023,230.44008,473.94797,1,0,0,0,1
383.60019,230.10532,473.88303,1,0,0,0,1
383.62018,229.77055,473.81808,1,0,0,0,1
383.64047,229.43579,473.75314,1,0,0,0,1
383.66055,229.10103,473.68820,1,0,0,0,1
383.68020,228.43150,473.55832,1,0,0,0,1
383.70048,227.76198,473.42844,1,0,0,0,1
383.72009,227.42722,473.36349,1,0,0,0,1
383.74025,227.09245,473.29855,1,0,0,0,1
383.76007,226.75769,473.23361,1,0,0,0,1
383.78028,226.08817,473.10373,1,0,0,0,1
383.80015,225.75340,473.03879,1,0,0,0,1
383.82045,225.41864,472.97385,1,0,0,0,1
383.84014,225.08388,472.90891,1,0,0,0,1
383.86041,224.74911,472.84396,1,0,0,0,1
383.88053,224.07959,472.71408,1,0,0,0,1
383.90028,223.74483,472.64914,1,0,0,0,1
383.92048,223.41006,472.58420,1,0,0,0,1
383.94039,223.07530,472.51926,1,0,0,0,1
383.96053,222.74054,472.45432,1,0,0,0,1
383.98021,222.07101,472.32443,1,0,0,0,1
384.00004,221.73625,472.25949,1,0,0,0,1
384.02020,221.40149,472.19455,1,0,0,0,1
384.04027,221.06673,472.12961,1,0,0,0,1
384.06007,220.73196,472.06467,1,0,0,0,1
384.08033,220.06244,471.93478,1,0,0,0,1
384.10044,219.39291,471.80490,1,0,0,0,1
384.12030,219.05815,471.73996,1,0,0,0,1
384.14049,218.72339,471.67502,1,0,0,0,1
384.16016,218.38863,471.61008,1,0,0,0,1
384.18030,217.71910,471.48019,1,0,0,0,1
384.20036,217.38434,471.41525,1,0,0,0,1
384.22045,217.04958,471.35031,1,0,0,0,1
384.24021,216.71481,471.28537,1,0,0,0,1
384.26034,216.38005,471.22043,1,0,0,0,1
384.28054,215.71053,471.09055,1,0,0,0,1
384.30016,215.37576,471.02560,1,0,0,0,1
384.32041,215.04100,470.96066,1,0,0,0,1
384.34040,214.70624,470.89572,1,0,0,0,1
384.36008,214.37148,470.83078,1,0,0,0,1
384.38008,213.70195,470.70090,1,0,0,0,1
384.40007,213.36719,470.63596,1,0,0,0,1
384.42008,213.03242,470.57101,1,0,0,0,1
384.44050,212.69766,470.50607,1,0,0,0,1
384.46029,212.36290,470.44113,1,0,0,0,1
384.48044,211.69337,470.31125,1,0,0,0,1
384.50013,211.02385,470.18137,1,0,0,0,1
384.52008,210.68909,470.11642,1,0,0,0,1
384.54038,210.35432,470.05148,1,0,0,0,1
384.56025,210.01956,469.98654,1,0,0,0,1
384.58018,209.35004,469.85666,1,0,0,0,1
384.60038,209.01527,469.79172,1,0,0,0,1
384.62012,208.68051,469.72678,1,0,0,0,1
384.64041,208.34575,469.66183,1,0,0,0,1
384.66006,208.01099,469.59689,1,0,0,0,1
384.68053,207.34146,469.46701,1,0,0,0,1
384.70053,207.00670,469.40207,1,0,0,0,1
384.72004,206.67194,469.33713,1,0,0,0,1
384.74038,206.33717,469.27219,1,0,0,0,1
384.76007,206.00241,469.20724,1,0,0,0,1
384.78038,205.33289,469.07736,1,0,0,0,1
384.80011,204.99812,469.01242,1,0,0,0,1
384.82036,204.66336,468.94748,1,0,0,0,1
384.84049,204.32860,468.88254,1,0,0,0,1
384.86038,203.99384,468.81760,1,0,0,0,1
384.88052,202.98955,468.62277,1,0,0,0,1
384.90009,202.65479,468.55783,1,0,0,0,1
384.92020,202.32002,468.49289,1,0,0,0,1
384.94034,201.98526,468.42795,1,0,0,0,1
384.96052,201.65050,468.36301,1,0,0,0,1
384.98024,200.98097,468.23312,1,0,0,0,1
385.00053,200.64621,468.16818,1,0,0,0,1
385.02022,200.31145,468.10324,0,0,0,0,1
385.04014,199.97668,468.03830,0,0,0,0,1
385.06038,199.97668,468.03830,0,0,0,0,1
385.08016,199.97668,468.03830,0,0,0,0,1
385.10044,199.97668,468.03830,0,0,0,0,1
385.12044,199.97668,468.03830,0,0,0,0,1
385.14015,199.97668,468.03830,0,0,0,0,1
385.16045,199.97668,468.03830,0,0,0,0,1
385.18015,199.97668,468.03830,0,0,0,0,1
385.20030,199.97668,468.03830,0,0,0,0,1
385.22041,199.97668,468.03830,0,0,0,0,1
385.24014,199.97668,468.03830,0,0,0,0,1
385.26039,199.97668,468.03830,0,0,0,0,1
385.28051,199.97668,468.03830,0,0,0,0,1
385.30018,199.97668,468.03830,0,0,0,0,1
385.32009,199.97668,468.03830,0,0,0,0,1
385.34034,199.97668,468.03830,0,0,0,0,1
385.36017,199.97668,468.03830,0,0,0,0,1
385.38053,199.97668,468.03830,0,0,0,0,1
385.40015,199.97668,468.03830,0,0,0,0,1
385.42028,199.97668,468.03830,0,0,0,0,1
385.44013,199.97668,468.03830,0,0,0,0,1
385.46008,199.97668,468.03830,0,0,0,0,1
385.48053,199.97668,468.03830,0,0,0,0,1
385.50032,199.97668,468.03830,0,0,0,0,1
385.52006,199.97668,468.03830,0,0,0,0,1
385.54043,199.97668,468.03830,0,0,0,0,1
385.56028,199.97668,468.03830,0,0,0,0,1
385.58032,199.97668,468.03830,0,0,0,0,1
385.60025,199.97668,468.03830,0,0,0,0,1
385.62044,199.97668,468.03830,0,0,0,0,1
385.64018,199.97668,468.03830,0,0,0,0,1
385.66006,199.97668,468.03830,0,0,0,0,1
385.68053,199.97668,468.03830,0,0,0,0,1
385.70045,199.97668,468.03830,0,0,0,0,1
385.72044,199.97668,468.03830,0,0,0,0,1
385.74014,199.97668,468.03830,0,0,0,0,1
385.76041,199.97668,468.03830,0,0,0,0,1
385.78012,199.97668,468.03830,0,0,0,0,1
385.80031,199.97668,468.03830,0,0,0,0,1
385.82069,199.97668,468.03830,1,0,0,0,1
385.84041,199.97668,468.03830,1,0,0,0,1
385.86052,199.64192,467.97336,1,0,0,0,1
385.88024,198.97240,467.84348,1,0,1,0,1
385.90025,198.63763,467.77853,1,0,1,0,1
385.92046,198.29916,467.73712,1,0,1,0,1
385.94031,197.95862,467.71945,1,0,1,0,1
385.96015,197.27800,467.75552,1,0,1,0,1
385.98045,196.94124,467.80911,1,0,1,0,1
386.00004,196.60904,467.88608,1,0,1,0,1
386.02018,195.96480,468.10855,1,0,1,0,1
386.04021,195.65590,468.25299,1,0,1,0,1
386.06013,195.35783,468.41864,1,0,1,0,1
386.08035,195.07207,468.60471,1,0,1,0,1
386.10056,194.54295,469.03433,1,0,1,0,1
386.12013,194.30217,469.27579,1,0,1,0,1
386.14034,194.07884,469.53348,1,0,1,0,1
386.16038,193.87405,469.80615,1,0,1,0,1
386.18040,193.52402,470.39096,1,0,1,0,1
386.20016,193.38048,470.70029,1,0,1,0,1
386.22008,193.25888,471.01886,1,0,1,0,1
386.24050,193.15984,471.34515,1,0,1,0,1
386.26010,193.08382,471.67758,1,0,1,0,1
386.28045,193.00223,472.35428,1,0,1,0,1
386.30052,192.99706,472.69525,1,0,1,0,1
386.32016,193.01572,473.03574,1,0,1,0,1
386.34031,193.05811,473.37408,1,0,1,0,1
386.36054,193.12402,473.70865,1,0,1,0,1
386.38051,193.32504,474.35992,1,0,1,0,1
386.40029,193.45915,474.67343,1,0,1,0,1
386.42051,193.61484,474.97681,1,0,1,0,1
386.44052,193.79132,475.26859,1,0,1,0,1
386.46012,194.20317,475.81168,1,0,1,0,1
386.48030,194.68668,476.29208,1,0,1,0,1
386.50030,194.95239,476.50580,1,0,1,0,1
386.52025,195.23239,476.70044,1,0,1,0,1
386.54036,195.52530,476.87506,1,0,1,0,1
386.56034,195.82968,477.02878,1,0,1,0,1
386.58036,196.46689,477.27066,1,0,1,0,1
386.60034,196.79660,477.35767,1,0,1,0,1
386.62009,197.13159,477.42142,1,0,1,0,1
386.64027,197.47021,477.46164,1,0,1,0,1
386.66017,197.81082,477.47812,1,0,1,0,1
386.68048,198.49132,477.43961,1,0,1,0,1
386.70033,198.82788,477.38483,1,0,1,0,1
386.72053,199.15981,477.30667,1,0,1,0,1
386.74021,199.48546,477.20554,1,0,1,0,1
386.76005,199.80325,477.08191,1,0,1,0,1
386.78034,200.11163,476.93637,1,0,1,0,1
386.80036,200.69420,476.58258,1,0,1,0,1
386.82006,201.22180,476.15106,1,0,1,0,1
386.84036,201.46172,475.90875,1,0,1,0,1
386.86029,201.68413,475.65027,1,0,1,0,1
386.88049,202.07216,475.08994,1,0,1,0,1
386.90049,202.23590,474.79083,1,0,1,0,1
386.92046,202.37834,474.48102,1,0,1,0,1
386.94035,202.49881,474.16202,1,0,1,0,1
386.96008,202.59669,473.83536,1,0,1,0,1
386.98060,202.67154,473.50269,1,0,1,0,1
387.00011,202.75072,472.82571,1,0,1,0,1
387.02027,202.75467,472.48474,1,0,1,0,1
387.04042,202.73483,472.14432,1,0,1,0,1
387.06006,202.69127,471.80612,1,0,1,0,1
387.08016,202.62419,471.47177,1,0,1,0,1
387.10033,202.42093,470.82120,1,0,1,0,1
387.12022,202.28574,470.50815,1,0,1,0,1
387.14037,202.12901,470.20529,1,0,1,0,1
387.16013,201.95152,469.91412,1,0,1,0,1
387.18007,201.75414,469.63608,1,0,1,0,1
387.20008,201.30360,469.12463,1,0,1,0,1
387.22025,201.05266,468.89374,1,0,1,0,1
387.24037,200.50554,468.48727,1,0,1,0,1
387.26058,200.21204,468.31369,1,0,1,0,1
387.28049,199.59229,468.03000,1,0,1,0,1
387.30019,199.26907,467.92130,1,0,1,0,1
387.32043,198.93906,467.83542,1,0,1,0,1
387.34028,198.60385,467.77280,1,0,1,0,1
387.36027,198.26509,467.73373,1,0,1,0,1
387.38057,197.92444,467.71844,1,0,1,0,1
387.40044,197.24408,467.75931,1,0,1,0,1
387.42021,196.90770,467.81525,1,0,1,0,1
387.44045,196.57605,467.89453,1,0,1,0,1
387.46033,196.25075,467.99680,1,0,1,0,1
387.48020,195.93338,468.12152,1,0,1,0,1
387.50037,195.32861,468.43585,1,0,1,0,1
387.52004,195.04416,468.62390,1,0,1,0,1
387.54020,194.51805,469.05722,1,0,1,0,1
387.56036,194.27898,469.30038,1,0,1,0,1
387.58064,194.05746,469.55963,1,0,1,0,1
387.60032,193.85460,469.83371,1,0,1,0,1
387.62019,193.50867,470.42099,1,0,1,0,1
387.64006,193.36729,470.73129,1,0,1,0,1
387.66010,193.24792,471.05072,1,0,1,0,1
387.68050,193.15117,471.37772,1,0,1,0,1
387.70045,193.02721,472.04794,1,0,1,0,1
387.72050,193.00063,472.38791,1,0,1,0,1
387.74017,192.99785,472.72891,1,0,1,0,1
387.76090,193.01889,473.06927,1,0,1,0,1
387.78009,193.06364,473.40732,1,0,1,0,1
387.80039,193.22331,474.06995,1,0,1,0,1
387.82029,193.33745,474.39127,1,0,1,0,1
387.84047,193.47375,474.70383,1,0,1,0,1
387.86053,193.63155,475.00613,1,0,1,0,1
387.88053,193.81007,475.29666,1,0,1,0,1
387.90020,194.22571,475.83682,1,0,1,0,1
387.92015,194.46080,476.08383,1,0,1,0,1
387.94052,194.71255,476.31381,1,0,1,0,1
387.96033,194.97977,476.52567,1,0,1,0,1
387.98026,195.26112,476.71832,1,0,1,0,1
388.00050,195.86069,477.04245,1,0,1,0,1
388.02005,196.49957,477.27988,1,0,1,0,1
388.04019,196.82990,477.36456,1,0,1,0,1
388.06043,197.16531,477.42599,1,0,1,0,1
388.08011,197.50421,477.46384,1,0,1,0,1
388.10054,198.18579,477.46820,1,0,1,0,1
388.12019,198.52515,477.43469,1,0,1,0,1
388.14042,198.86133,477.37756,1,0,1,0,1
388.16052,199.19270,477.29709,1,0,1,0,1
388.18024,199.51764,477.19366,1,0,1,0,1
388.20051,200.14192,476.92014,1,0,1,0,1
388.22022,200.43822,476.75134,1,0,1,0,1
388.24013,200.72200,476.56229,1,0,1,0,1
388.26049,200.99188,476.35385,1,0,1,0,1
388.28024,201.24655,476.12708,1,0,1,0,1
388.30057,201.70537,475.62305,1,0,1,0,1
388.32030,201.90727,475.34824,1,0,1,0,1
388.34048,202.08949,475.06000,1,0,1,0,1
388.36015,202.25113,474.75974,1,0,1,0,1
388.38007,202.39140,474.44891,1,0,1,0,1
388.40034,202.67773,473.46854,1,0,1,0,1
388.42051,202.72681,473.13107,1,0,1,0,1
388.44017,202.75218,472.79102,1,0,1,0,1
388.46003,202.75375,472.45001,1,0,1,0,1
388.48052,202.73154,472.10974,1,0,1,0,1
388.50027,202.61620,471.43799,1,0,1,0,1
388.52051,202.52364,471.10980,1,0,1,0,1
388.54011,202.40839,470.78888,1,0,1,0,1
388.56033,202.27101,470.47678,1,0,1,0,1
388.58012,202.11217,470.17502,1,0,1,0,1
388.60024,201.73332,469.60843,1,0,1,0,1
388.62042,201.51515,469.34634,1,0,1,0,1
388.64037,201.27922,469.10016,1,0,1,0,1
388.66041,201.02667,468.87103,1,0,1,0,1
388.68044,200.75873,468.66010,1,0,1,0,1
388.70052,200.18201,468.29684,1,0,1,0,1
388.72051,199.87604,468.14630,1,0,1,0,1
388.74051,199.56030,468.01749,1,0,1,0,1
388.76048,199.23634,467.91104,1,0,1,0,1
388.78057,198.90573,467.82748,1,0,1,0,1
388.80008,198.23108,467.73053,1,0,1,0,1
388.82033,197.54950,467.72855,1,0,1,0,1
388.84025,197.21027,467.76324,1,0,1,0,1
388.86051,196.87428,467.82153,1,0,1,0,1
388.88026,196.54320,467.90314,1,0,1,0,1
388.90048,195.90213,468.13464,1,0,1,0,1
388.92007,195.59528,468.28339,1,0,1,0,1
388.94004,195.29956,468.45319,1,0,1,0,1
388.96032,195.01643,468.64322,1,0,1,0,1
388.98028,194.49338,469.08020,1,0,1,0,1
389.00012,194.25601,469.32501,1,0,1,0,1
389.02011,194.03632,469.58582,1,0,1,0,1
389.04021,193.83537,469.86133,1,0,1,0,1
389.06062,193.49356,470.45099,1,0,1,0,1
389.08038,193.35435,470.76227,1,0,1,0,1
389.10012,193.23723,471.08252,1,0,1,0,1
389.12040,193.14276,471.41019,1,0,1,0,1
389.14025,193.02350,472.08124,1,0,1,0,1
389.16011,192.99930,472.42139,1,0,1,0,1
389.18044,192.99890,472.76239,1,0,1,0,1
389.20046,193.02232,473.10257,1,0,1,0,1
389.22011,193.14003,473.77393,1,0,1,0,1
389.24058,193.23375,474.10181,1,0,1,0,1
389.26009,193.35014,474.42233,1,0,1,0,1
389.28047,193.48863,474.73395,1,0,1,0,1
389.30051,193.82910,475.32440,1,0,1,0,1
389.32020,194.02942,475.60037,1,0,1,0,1
389.34009,194.24852,475.86166,1,0,1,0,1
389.36028,194.48534,476.10703,1,0,1,0,1
389.38012,194.73871,476.33524,1,0,1,0,1
389.40014,195.29010,476.73590,1,0,1,0,1
389.42007,195.58542,476.90640,1,0,1,0,1
389.44048,195.89192,477.05585,1,0,1,0,1
389.46033,196.20811,477.18353,1,0,0,0,1
389.48014,196.53246,477.28882,0,0,0,0,1
389.50011,196.86336,477.37119,0,0,0,0,1
389.52043,196.86336,477.37119,0,0,0,0,1
389.54057,196.86336,477.37119,0,0,0,0,1
389.56022,196.86336,477.37119,0,0,0,0,1
389.58030,196.86336,477.37119,0,0,0,0,1
389.60006,196.86336,477.37119,0,0,0,0,1
389.62033,196.86336,477.37119,0,0,0,0,1
389.64058,196.86336,477.37119,0,0,0,0,1
389.66054,196.86336,477.37119,0,0,0,0,1
389.68015,196.86336,477.37119,0,0,0,0,1
389.70049,196.86336,477.37119,0,0,0,0,1
389.72020,196.86336,477.37119,0,0,0,0,1
389.74042,196.86336,477.37119,0,0,0,0,1
389.76004,196.86336,477.37119,0,0,0,0,1
389.78018,196.86336,477.37119,0,0,0,0,1
389.80042,196.86336,477.37119,0,0,0,0,1
389.82018,196.86336,477.37119,0,0,0,0,1
389.84027,196.86336,477.37119,0,0,0,0,1
389.86047,196.86336,477.37119,0,0,0,0,1
389.88014,196.86336,477.37119,0,0,0,0,1
389.90011,196.86336,477.37119,0,0,0,0,1
389.92014,196.86336,477.37119,0,0,0,0,1
389.94044,196.86336,477.37119,0,0,0,0,1
389.96026,196.86336,477.37119,0,0,0,0,1
389.98050,196.86336,477.37119,0,0,0,0,1
390.00007,196.86336,477.37119,0,0,0,0,1
390.02023,196.86336,477.37119,0,0,0,0,1
390.04037,196.86336,477.37119,0,0,0,0,1
390.06005,196.86336,477.37119,0,0,0,0,1
390.08026,196.86336,477.37119,0,0,0,0,1
390.10051,196.86336,477.37119,0,0,0,0,1
390.12010,196.86336,477.37119,0,0,0,0,1
390.14033,196.86336,477.37119,0,0,0,0,1
390.16010,196.86336,477.37119,0,0,0,0,1
390.18031,196.86336,477.37119,0,0,0,0,1
390.20009,196.86336,477.37119,0,0,0,0,1
390.22038,196.86336,477.37119,0,0,0,0,1
390.24007,196.86336,477.37119,0,0,0,0,1
390.26013,196.86336,477.37119,0,0,0,0,1
390.28035,196.86336,477.37119,0,0,0,0,1
390.30067,196.86336,477.37119,1,1,0,0,1
390.32027,197.19426,477.45355,1,1,0,0,1
390.34007,197.51862,477.55881,1,1,0,0,1
390.36043,197.83484,477.68643,1,1,0,0,1
390.38028,198.43677,478.00616,1,1,0,0,1
390.40040,198.71956,478.19672,1,1,0,0,1
390.42005,199.24188,478.63458,1,1,0,0,1
390.44026,199.47888,478.87976,1,1,0,0,1
390.46046,199.69820,479.14087,1,1,0,0,1
390.48019,199.89877,479.41663,1,1,0,0,1
390.50041,200.23990,480.00671,1,1,0,0,1
390.52020,200.37877,480.31815,1,1,0,0,1
390.54043,200.49559,480.63852,1,1,0,0,1
390.56051,200.58978,480.96625,1,1,0,0,1
390.58018,200.66089,481.29974,1,1,0,0,1
390.60045,200.73256,481.97754,1,1,0,0,1
390.62037,200.73279,482.31854,1,1,0,0,1
390.64039,200.70923,482.65872,1,1,0,0,1
390.66004,200.66200,482.99643,1,1,0,0,1
390.68022,200.59134,483.33002,1,1,0,0,1
390.70052,200.38120,483.97839,1,1,0,0,1
390.72030,200.24274,484.29001,1,1,0,0,1
390.74050,200.08289,484.59122,1,1,0,0,1
390.76023,199.70221,485.15659,1,1,0,0,1
390.78031,199.48325,485.41800,1,1,0,0,1
390.80026,198.99336,485.89188,1,1,0,0,1
390.82018,198.72484,486.10205,1,1,0,0,1
390.84025,198.44231,486.29300,1,1,0,0,1
390.86025,198.14716,486.46378,1,1,0,0,1
390.88027,197.84081,486.61356,1,1,0,0,1
390.90027,197.20056,486.84729,1,1,0,0,1
390.92029,196.86977,486.93011,1,1,0,0,1
390.94041,196.53401,486.98965,1,1,0,0,1
390.96010,196.19492,487.02563,1,1,0,0,1
390.98027,195.85414,487.03790,1,1,0,0,1
391.00046,195.17416,486.99109,1,1,0,0,1
391.02014,194.83827,486.93225,1,1,0,0,1
391.04011,194.50731,486.85013,1,1,0,0,1
391.06040,194.18288,486.74512,1,1,0,0,1
391.08019,193.86656,486.61774,1,1,0,0,1
391.10029,193.26439,486.29846,1,1,0,0,1
391.12045,192.98146,486.10812,1,1,0,0,1
391.14039,192.45880,485.67062,1,1,0,0,1
391.16028,192.22162,485.42563,1,1,0,0,1
391.18051,192.00209,485.16467,1,1,0,0,1
391.20015,191.80130,484.88907,1,1,0,0,1
391.22010,191.45973,484.29926,1,1,0,0,1
391.24036,191.32062,483.98792,1,1,0,0,1
391.26018,191.20355,483.66763,1,1,0,0,1
391.28039,191.10912,483.33997,1,1,0,0,1
391.30028,190.98982,482.66891,1,1,0,0,1
391.32050,190.96555,482.32877,1,1,0,0,1
391.34006,190.96506,481.98776,1,1,0,0,1
391.36009,190.98834,481.64755,1,1,0,0,1
391.38038,191.03531,481.30981,1,1,0,0,1
391.40050,191.19922,480.64822,1,1,0,0,1
391.42012,191.31535,480.32761,1,1,0,0,1
391.44005,191.45357,480.01587,1,1,0,0,1
391.46024,191.61319,479.71454,1,1,0,0,1
391.48046,191.79344,479.42508,1,1,0,0,1
391.50022,191.99344,479.14890,1,1,0,0,1
391.52050,192.44868,478.64166,1,1,0,0,1
391.54021,192.97008,478.20270,1,1,0,0,1
391.56045,193.25246,478.01154,1,1,0,0,1
391.58020,193.54749,477.84055,1,1,0,0,1
391.60019,194.16966,477.56226,1,1,0,0,1
391.62039,194.49379,477.45633,1,1,0,0,1
391.64012,194.82451,477.37326,1,1,0,0,1
391.66026,195.16022,477.31345,1,1,0,0,1
391.68047,195.49928,477.27719,1,1,0,0,1
391.70026,195.84006,477.26468,1,1,0,0,1
391.72017,196.52008,477.31097,1,1,0,0,1
391.74023,196.85600,477.36957,1,1,0,0,1
391.76045,197.18703,477.45145,1,1,0,0,1
391.78015,197.51154,477.55621,1,1,0,0,1
391.80012,197.82794,477.68335,1,1,0,0,1
391.82025,198.43036,478.00217,1,1,0,0,1
391.84043,198.71344,478.19229,1,1,0,0,1
391.86024,198.98257,478.40170,1,1,0,0,1
391.88051,199.23645,478.62936,1,1,0,0,1
391.90029,199.47382,478.87418,1,1,0,0,1
391.92048,199.89455,479.41040,1,1,0,0,1
391.94011,200.23657,479.99997,1,1,0,0,1
391.96034,200.37593,480.31119,1,1,0,0,1
391.98005,200.49324,480.63138,1,1,0,0,1
392.00047,200.58794,480.95895,1,1,0,0,1
392.02023,200.70773,481.62994,1,1,0,0,1
392.04007,200.73227,481.97006,1,1,0,0,1
392.06042,200.73302,482.31107,1,1,0,0,1
392.08016,200.70999,482.65128,1,1,0,0,1
392.10050,200.66328,482.98907,1,1,0,0,1
392.12049,200.49989,483.65079,1,1,0,0,1
392.14018,200.38400,483.97150,1,1,0,0,1
392.16018,200.24602,484.28333,1,1,0,0,1
392.18035,200.08662,484.58478,1,1,0,0,1
392.20019,199.90660,484.87439,1,1,0,0,1
392.22034,199.48825,485.41248,1,1,0,0,1
392.24005,199.25195,485.65833,1,1,0,0,1
392.26049,198.99908,485.88712,1,1,0,0,1
392.28045,198.73088,486.09772,1,1,0,0,1
392.30018,198.44864,486.28909,1,1,0,0,1
392.32014,197.84763,486.61057,1,1,0,0,1
392.34010,197.20772,486.84531,1,1,0,0,1
392.36033,196.87706,486.92865,1,1,0,0,1
392.38004,196.54140,486.98871,1,1,0,0,1
392.40055,196.20236,487.02521,1,1,0,0,1
392.42050,195.52078,487.02698,1,1,0,0,1
392.44043,195.18156,486.99222,1,1,0,0,1
392.46013,194.84560,486.93390,1,1,0,0,1
392.48048,194.51451,486.85229,1,1,0,0,1
392.50024,194.18993,486.74777,1,1,0,0,1
392.52009,193.56653,486.47223,1,1,0,0,1
392.54050,193.27075,486.30252,1,1,0,0,1
392.56051,192.98753,486.11261,1,1,0,0,1
392.58017,192.71825,485.90341,1,1,0,0,1
392.60007,192.46420,485.67593,1,1,0,0,1
392.62018,192.00671,485.17068,1,1,0,0,1
392.64057,191.80550,484.89539,1,1,0,0,1
392.66018,191.62398,484.60672,1,1,0,0,1
392.68050,191.46303,484.30609,1,1,0,0,1
392.70010,191.32344,483.99496,1,1,0,0,1
392.72018,191.11095,483.34735,1,1,0,0,1
392.74050,190.99063,482.67645,1,1,0,0,1
392.76036,190.96584,482.33636,1,1,0,0,1
392.78043,190.96483,481.99536,1,1,0,0,1
392.80008,190.98759,481.65512,1,1,0,0,1
392.82049,191.10393,480.98352,1,1,0,0,1
392.84010,191.19693,480.65546,1,1,0,0,1
392.86044,191.31258,480.33466,1,1,0,0,1
392.88024,191.45032,480.02271,1,1,0,0,1
392.90052,191.60948,479.72113,1,1,0,0,1
392.92041,191.98886,479.15491,1,1,0,0,1
392.94044,192.20723,478.89301,1,1,0,0,1
392.96053,192.44333,478.64697,1,1,0,0,1
392.98026,192.69601,478.41800,1,1,0,0,1
393.00007,192.96405,478.20721,1,1,0,0,1
393.02008,193.54091,477.84418,1,1,0,0,1
393.04008,193.84691,477.69370,1,1,0,0,1
393.06009,194.16266,477.56491,1,1,0,0,1
393.08014,194.48662,477.45847,1,1,0,0,1
393.10014,195.15283,477.31454,1,1,0,0,1
393.12015,195.49184,477.27777,1,1,0,0,1
393.14033,196.17342,477.27548,1,1,0,0,1
393.16007,196.51266,477.30997,1,1,0,0,1
393.18030,196.84868,477.36804,1,1,0,0,1
393.20052,197.17982,477.44940,1,1,0,0,1
393.22025,197.82111,477.68030,1,1,0,0,1
393.24044,198.12811,477.82870,1,1,0,0,1
393.26014,198.42403,477.99817,1,1,0,0,1
393.28024,198.70740,478.18787,1,1,0,0,1
393.30040,198.97685,478.39685,1,1,0,0,1
393.32048,199.46881,478.86856,1,1,0,0,1
393.34017,199.68893,479.12900,1,1,0,0,1
393.36026,199.89035,479.40414,1,1,0,0,1
393.38016,200.07210,479.69269,1,1,0,0,1
393.40035,200.23328,479.99319,1,1,0,0,1
393.42024,200.49091,480.62421,1,1,0,0,1
393.44053,200.58611,480.95166,1,1,0,0,1
393.46005,200.65823,481.28494,1,1,0,0,1
393.48032,200.70694,481.62244,1,1,0,0,1
393.50012,200.73199,481.96252,1,1,0,0,1
393.52033,200.71077,482.64380,1,1,0,0,1
393.54043,200.59496,483.31546,1,1,0,0,1
393.56009,200.50221,483.64362,1,1,0,0,1
393.58020,200.38681,483.96451,1,1,0,0,1
393.60053,200.24931,484.27655,1,1,0,0,1
393.62047,199.91081,484.86813,1,1,0,0,1
393.64029,199.71146,485.14478,1,1,0,0,1
393.66009,199.49329,485.40686,1,1,0,0,1
393.68038,199.25737,485.65308,1,1,0,0,1
393.70023,199.00485,485.88223,1,1,0,0,1
393.72060,198.45503,486.28503,1,1,0,0,1
393.74021,198.16040,486.45673,1,1,0,0,1
393.76040,197.85451,486.60745,1,1,0,0,1
393.78007,197.53885,486.73648,1,1,0,0,1
393.80028,197.21497,486.84317,1,1,0,0,1
393.82034,196.54886,486.98758,1,1,0,0,1
393.84005,196.20987,487.02463,1,1,0,0,1
393.86020,195.86913,487.03793,1,1,0,0,1
393.88030,195.52829,487.02744,1,1,0,0,1
393.90006,195.18901,486.99319,1,1,0,0,1
393.92039,194.52174,486.85428,1,1,0,0,1
393.94005,193.88028,486.62387,1,1,0,0,1
393.96035,193.57317,486.47568,1,1,0,0,1
393.98032,193.27713,486.30643,1,1,0,0,1
394.00006,192.99362,486.11694,1,1,0,0,1
394.02020,192.46962,485.68106,1,1,0,0,1
394.04044,192.23169,485.43680,1,1,0,0,1
394.06010,192.01137,485.17654,1,1,0,0,1
394.08021,191.80974,484.90155,1,1,0,0,1
394.10006,191.62778,484.61316,1,1,0,0,1
394.12042,191.32631,484.00186,1,1,0,0,1
394.14009,191.20827,483.68195,1,1,0,0,1
394.16051,191.11282,483.35458,1,1,0,0,1
394.18022,191.04044,483.02136,1,1,0,0,1
394.20049,190.99147,482.68390,1,1,0,0,1
394.22028,190.96461,482.00284,1,1,0,0,1
394.24043,190.98686,481.66257,1,1,0,0,1
394.26046,191.03279,481.32468,1,1,0,0,1
394.28006,191.10217,480.99081,1,1,0,0,1
394.30032,191.30983,480.34164,1,1,0,0,1
394.32029,191.44708,480.02948,1,1,0,0,1
394.34048,191.78513,479.43765,1,1,0,0,1
394.36007,191.98427,479.16086,1,1,0,0,1
394.38045,192.20224,478.89862,1,1,0,0,1
394.40016,192.43796,478.65222,1,1,0,0,1
394.42037,192.95801,478.21164,1,1,0,0,1
394.44005,193.23981,478.01962,1,1,0,0,1
394.46016,193.53430,477.84772,1,1,0,0,1
394.48013,193.84007,477.69678,1,1,0,0,1
394.50050,194.15562,477.56754,1,1,0,0,1
394.52045,194.80991,477.37650,0,0,0,0,1
394.54015,194.80991,477.37650,0,0,0,0,1
394.56028,194.80991,477.37650,0,0,0,0,1
394.58041,194.80991,477.37650,0,0,0,0,1
394.60049,194.80991,477.37650,0,0,0,0,1
394.62024,194.80991,477.37650,0,0,0,0,1
394.64040,194.80991,477.37650,0,0,0,0,1
394.66050,194.80991,477.37650,0,0,0,0,1
394.68019,194.80991,477.37650,0,0,0,0,1
394.70040,194.80991,477.37650,0,0,0,0,1
394.72020,194.80991,477.37650,0,0,0,0,1
394.74050,194.80991,477.37650,0,0,0,0,1
394.76019,194.80991,477.37650,0,0,0,0,1
394.78051,194.80991,477.37650,0,0,0,0,1
394.80018,194.80991,477.37650,0,0,0,0,1
394.82022,194.80991,477.37650,0,0,0,0,1
394.84034,194.80991,477.37650,0,0,0,0,1
394.86033,194.80991,477.37650,0,0,0,0,1
394.88049,194.80991,477.37650,0,0,0,0,1
394.90035,194.80991,477.37650,0,0,0,0,1
394.92059,194.80991,477.37650,0,0,0,0,1
394.94030,194.80991,477.37650,0,0,0,0,1
394.96032,194.80991,477.37650,0,0,0,0,1
394.98014,194.80991,477.37650,0,0,0,0,1
395.00005,194.80991,477.37650,0,0,0,0,1
395.02053,194.80991,477.37650,0,0,0,0,1
395.04050,194.80991,477.37650,0,0,0,0,1
395.06052,194.80991,477.37650,0,0,0,0,1
395.08005,194.80991,477.37650,0,0,0,0,1
395.10012,194.80991,477.37650,0,0,0,0,1
395.12053,194.80991,477.37650,0,0,0,0,1
395.14018,194.80991,477.37650,0,0,0,0,1
395.16031,194.80991,477.37650,0,0,0,0,1
395.18034,194.80991,477.37650,0,0,0,0,1
395.20022,194.80991,477.37650,0,0,0,0,1
395.22031,194.80991,477.37650,0,0,0,0,1
395.24030,194.80991,477.37650,0,0,0,0,1
395.26033,194.80991,477.37650,0,0,0,0,1
395.28051,194.80991,477.37650,0,0,0,0,1
395.30039,194.80991,477.37650,0,0,0,0,1
395.32048,194.80991,477.37650,0,0,0,0,1
395.34025,194.80991,477.37650,0,0,0,0,1
395.36036,194.80991,477.37650,0,0,0,0,1
395.38011,194.80991,477.37650,0,0,0,0,1
395.40049,194.80991,477.37650,0,0,0,0,1
395.42039,194.80991,477.37650,0,0,0,0,1
395.44007,194.80991,477.37650,0,0,0,0,1
395.46031,194.80991,477.37650,0,0,0,0,1
395.48054,194.80991,477.37650,0,0,0,0,1
395.50047,194.80991,477.37650,0,0,0,0,1
395.52047,194.80991,477.37650,0,0,0,0,1
395.54009,194.80991,477.37650,0,0,0,0,1
395.56038,194.80991,477.37650,0,0,0,0,1
395.58040,194.80991,477.37650,0,0,0,0,1
395.60064,194.80991,477.37650,0,0,0,0,1
395.62017,194.80991,477.37650,0,0,0,0,1
395.64048,194.80991,477.37650,0,0,0,0,1
395.66020,194.80991,477.37650,0,0,0,0,1
395.68009,194.80991,477.37650,0,0,0,0,1
395.70007,194.80991,477.37650,0,0,0,0,1
395.72046,194.80991,477.37650,0,0,0,0,1
395.74023,194.80991,477.37650,0,0,0,0,1
395.76037,194.80991,477.37650,0,0,0,0,1
395.78007,194.80991,477.37650,0,0,0,0,1
395.80046,194.80991,477.37650,0,0,0,0,1
395.82049,194.80991,477.37650,0,0,0,0,1
395.84021,194.80991,477.37650,0,0,0,0,1
395.86039,194.80991,477.37650,0,0,0,0,1
395.88045,194.80991,477.37650,0,0,0,0,1
395.90018,194.80991,477.37650,0,0,0,0,1
395.92041,194.80991,477.37650,0,0,0,0,1
395.94018,194.80991,477.37650,0,0,0,0,1
395.96012,194.80991,477.37650,0,0,0,0,1
395.98036,194.80991,477.37650,0,0,0,0,1
396.00016,194.80991,477.37650,0,0,0,0,1
396.02050,194.80991,477.37650,0,0,0,0,1
396.04007,194.80991,477.37650,0,0,0,0,1
396.06006,194.80991,477.37650,0,0,0,0,1
396.08050,194.80991,477.37650,0,0,0,0,1
396.10014,194.80991,477.37650,0,0,0,0,1
396.12053,194.80991,477.37650,0,0,0,0,1
396.14034,194.80991,477.37650,0,0,0,0,1
396.16024,194.80991,477.37650,0,0,0,0,1
396.18044,194.80991,477.37650,0,0,0,0,1
396.20006,194.80991,477.37650,0,0,0,0,1
396.22033,194.80991,477.37650,0,0,0,0,1
396.24023,194.80991,477.37650,0,0,0,0,1
396.26038,194.80991,477.37650,0,0,0,0,1
396.28012,194.80991,477.37650,0,0,0,0,1
396.30026,194.80991,477.37650,0,0,0,0,1
396.32041,194.80991,477.37650,0,0,0,0,1
396.34012,194.80991,477.37650,0,0,0,0,1
396.36022,194.80991,477.37650,0,0,0,0,1
396.38010,194.80991,477.37650,0,0,0,0,1
396.40025,194.80991,477.37650,0,0,0,0,1
396.42017,194.80991,477.37650,1,0,0,0,1
396.44038,195.14543,477.31564,1,0,0,0,1
396.46039,195.48096,477.25479,1,0,0,0,1
396.48018,195.81648,477.19394,1,0,0,0,1
396.50038,196.15201,477.13309,1,0,0,0,1
396.52051,196.48753,477.07224,1,0,0,0,1
396.54020,197.15858,476.95053,1,0,0,0,1
396.56050,197.49411,476.88968,1,0,0,0,1
396.58022,197.82964,476.82883,1,0,0,0,1
396.60044,198.16516,476.76797,1,0,0,0,1
396.62050,198.50069,476.70712,1,0,0,0,1
396.64035,199.50726,476.52457,1,0,0,0,1
396.66021,199.84279,476.46371,1,0,0,0,1
396.68009,200.17831,476.40286,1,0,0,0,1
396.70031,200.51384,476.34201,1,0,0,0,1
396.72032,200.84937,476.28116,1,0,0,0,1
396.74035,201.52042,476.15945,1,0,0,0,1
396.76009,201.85594,476.09860,1,0,0,0,1
396.78020,202.19147,476.03775,1,0,0,0,1
396.80015,202.52699,475.97690,1,0,0,0,1
396.82033,202.86252,475.91605,1,0,0,0,1
396.84052,203.53357,475.79434,1,0,0,0,1
396.86041,203.86909,475.73349,1,0,0,0,1
396.88032,204.20462,475.67264,1,0,0,0,1
396.90015,204.54015,475.61179,1,0,0,0,1
396.92048,204.87567,475.55093,1,0,0,0,1
396.94010,205.54672,475.42923,1,0,0,0,1
396.96021,205.88225,475.36838,1,0,0,0,1
396.98029,206.21777,475.30753,1,0,0,0,1
397.00052,206.55330,475.24667,1,0,0,0,1
397.02033,206.88882,475.18582,1,0,0,0,1
397.04053,207.55988,475.06412,1,0,0,0,1
397.06027,208.23093,474.94241,1,0,0,0,1
397.08030,208.56645,474.88156,1,0,0,0,1
397.10009,208.90198,474.82071,1,0,0,0,1
397.12044,209.23750,474.75986,1,0,0,0,1
397.14017,209.90855,474.63815,1,0,0,0,1
397.16038,210.24408,474.57730,1,0,0,0,1
397.18020,210.57961,474.51645,1,0,0,0,1
397.20042,210.91513,474.45560,1,0,0,0,1
397.22035,211.25066,474.39474,1,0,0,0,1
397.24004,211.92171,474.27304,1,0,0,0,1
397.26032,212.25723,474.21219,1,0,0,0,1
397.28052,212.59276,474.15134,1,0,0,0,1
397.30021,212.92828,474.09048,1,0,0,0,1
397.32012,213.26381,474.02963,1,0,0,0,1
397.34027,213.93486,473.90793,1,0,0,0,1
397.36027,214.27039,473.84708,1,0,0,0,1
397.38026,214.60591,473.78622,1,0,0,0,1
397.40026,214.94144,473.72537,1,0,0,0,1
397.42027,215.27696,473.66452,1,0,0,0,1
397.44041,215.94801,473.54282,1,0,0,0,1
397.46008,216.61906,473.42111,1,0,0,0,1
397.48032,216.95459,473.36026,1,0,0,0,1
397.50051,217.29012,473.29941,1,0,0,0,1
397.52047,217.62564,473.23856,1,0,0,0,1
397.54021,218.29669,473.11685,1,0,0,0,1
397.56048,218.63222,473.05600,1,0,0,0,1
397.58039,218.96774,472.99515,1,0,0,0,1
397.60007,219.30327,472.93430,1,0,0,0,1
397.62024,219.63879,472.87344,1,0,0,0,1
397.64018,220.30984,472.75174,1,0,0,0,1
397.66043,220.64537,472.69089,1,0,0,0,1
397.68020,220.98090,472.63004,1,0,0,0,1
397.70037,221.31642,472.56918,1,0,0,0,1
397.72016,221.65195,472.50833,1,0,0,0,1
397.74037,222.32300,472.38663,1,0,0,0,1
397.76007,222.65852,472.32578,1,0,0,0,1
397.78028,222.99405,472.26492,1,0,0,0,1
397.80048,223.66510,472.14322,1,0,0,0,1
397.82015,224.00063,472.08237,1,0,0,0,1
397.84019,224.33615,472.02151,1,0,0,0,1
397.86040,225.00720,471.89981,1,0,0,0,1
397.88009,225.34273,471.83896,1,0,0,0,1
397.90030,225.67825,471.77811,1,0,0,0,1
397.92051,226.01378,471.71725,1,0,0,0,1
397.94017,226.68483,471.59555,1,0,0,0,1
397.96042,227.02036,471.53470,1,0,0,0,1
397.98041,227.35588,471.47385,1,0,0,0,1
398.00051,227.69141,471.41299,1,0,0,0,1
398.02015,228.02693,471.35214,1,0,0,0,1
398.04036,228.69798,471.23044,1,0,0,0,1
398.06041,229.03351,471.16959,1,0,0,0,1
398.08007,229.36903,471.10873,1,0,0,0,1
398.10031,229.70456,471.04788,1,0,0,0,1
398.12053,230.37561,470.92618,1,0,0,0,1
398.14022,230.71114,470.86533,1,0,0,0,1
398.16042,231.04666,470.80447,1,0,0,0,1
398.18045,231.71771,470.68277,1,0,0,0,1
398.20010,232.05324,470.62192,1,0,0,0,1
398.22007,232.38876,470.56107,1,0,0,0,1
398.24040,232.72429,470.50021,1,0,0,0,1
398.26023,233.39534,470.37851,1,0,0,0,1
398.28048,233.73087,470.31766,1,0,0,0,1
398.30039,234.06639,470.25681,1,0,0,0,1
398.32013,234.40192,470.19595,1,0,0,0,1
398.34048,235.07297,470.07425,1,0,0,0,1
398.36015,235.40849,470.01340,1,0,0,0,1
398.38035,235.74402,469.95255,1,0,0,0,1
398.40005,236.07954,469.89169,1,0,0,0,1
398.42003,236.41507,469.83084,1,0,0,0,1
398.44022,237.08612,469.70914,1,0,0,0,1
398.46038,237.42165,469.64828,1,0,0,0,1
398.48009,237.75717,469.58743,1,0,0,0,1
398.50025,238.09270,469.52658,1,0,0,0,1
398.52064,238.42822,469.46573,1,0,0,0,1
398.54035,239.09927,469.34402,1,0,0,0,1
398.56019,239.43480,469.28317,1,0,0,0,1
398.58008,239.77032,469.22232,1,0,0,0,1
398.60055,240.44138,469.10062,1,0,0,0,1
398.62015,240.77690,469.03976,1,0,0,0,1
398.64029,241.11243,468.97891,1,0,0,0,1
398.66020,241.78348,468.85721,1,0,0,0,1
398.68035,242.11900,468.79636,1,0,0,0,1
398.70037,242.45453,468.73550,1,0,0,0,1
398.72044,242.79005,468.67465,1,0,0,0,1
398.74016,243.12558,468.61380,1,0,0,0,1
398.76076,243.79663,468.49210,1,0,0,0,1
398.78045,244.13216,468.43124,1,0,0,0,1
398.80023,244.46768,468.37039,1,0,0,0,1
398.82035,244.80321,468.30954,1,0,0,0,1
398.84035,245.47426,468.18784,1,0,0,0,1
398.86043,245.80978,468.12698,1,0,0,0,1
398.88043,246.14531,468.06613,1,0,0,0,1
398.90013,246.48083,468.00528,1,0,0,0,1
398.92032,246.81636,467.94443,1,0,0,0,1
398.94007,247.48741,467.82272,1,0,0,0,1
398.96065,247.82294,467.76187,1,0,0,0,1
398.98051,248.49399,467.64017,1,0,0,0,1
399.00034,248.82951,467.57932,1,0,0,0,1
399.02043,249.16504,467.51846,1,0,0,0,1
399.04019,249.50056,467.45761,1,0,0,0,1
399.06015,250.17162,467.33591,1,0,0,0,1
399.08044,250.17162,467.33591,1,0,0,0,1
399.10051,250.84267,467.21420,1,0,0,0,1
399.12007,251.17819,467.15335,1,0,0,0,1
399.14026,251.84924,467.03165,1,0,0,0,1
399.16007,252.18477,466.97079,1,0,0,0,1
399.18044,252.52029,466.90994,1,0,0,0,1
399.20060,252.85582,466.84909,1,0,0,0,1
399.22038,253.19135,466.78824,1,0,0,0,1
399.24083,253.86240,466.66653,1,0,0,0,1
399.26046,254.19792,466.60568,1,0,0,0,1
399.28033,254.53345,466.54483,1,0,0,0,1
399.30015,254.86897,466.48398,1,0,0,0,1
399.32004,255.20450,466.42313,1,0,0,0,1
399.34042,255.54002,466.36227,1,0,0,0,1
399.36007,256.21109,466.24057,1,0,0,0,1
399.38024,256.88217,466.11887,1,0,0,0,1
399.40011,257.21771,466.05801,1,0,0,0,1
399.42029,257.55325,465.99716,1,0,0,0,1
399.44015,258.22433,465.87546,0,0,0,0,1
399.46053,258.22433,465.87546,0,0,0,0,1
399.48020,258.22433,465.87546,0,0,0,0,1
399.50017,258.22433,465.87546,0,0,0,0,1
399.52024,258.22433,465.87546,0,0,0,0,1
399.54054,258.22433,465.87546,0,0,0,0,1
399.56005,258.22433,465.87546,0,0,0,0,1
399.58009,258.22433,465.87546,0,0,0,0,1
399.60010,258.22433,465.87546,0,0,0,0,1
399.62042,258.22433,465.87546,0,0,0,0,1
399.64016,258.22433,465.87546,0,0,0,0,1
399.66043,258.22433,465.87546,0,0,0,0,1
399.68017,258.22433,465.87546,0,0,0,0,1
399.70013,258.22433,465.87546,0,0,0,0,1
399.72039,258.22433,465.87546,0,0,0,0,1
399.74027,258.22433,465.87546,0,0,0,0,1
399.76009,258.22433,465.87546,0,0,0,0,1
399.78015,258.22433,465.87546,0,0,0,0,1
399.80036,258.22433,465.87546,0,0,0,0,1
399.82051,258.22433,465.87546,0,0,0,0,1
399.84024,258.22433,465.87546,0,0,0,0,1
399.86017,258.22433,465.87546,0,0,0,0,1
399.88030,258.22433,465.87546,0,0,0,0,1
399.90048,258.22433,465.87546,0,0,0,0,1
399.92023,258.22433,465.87546,0,0,0,0,1
399.94041,258.22433,465.87546,0,0,0,0,1
399.96033,258.22433,465.87546,0,0,0,0,1
399.98042,258.22433,465.87546,0,0,0,0,1
400.00014,258.22433,465.87546,0,0,0,0,1
400.02038,258.22433,465.87546,0,0,0,0,1
400.04012,258.22433,465.87546,0,0,0,0,1
400.06025,258.22433,465.87546,0,0,0,0,1
400.08027,258.22433,465.87546,0,0,0,0,1
400.10007,258.22433,465.87546,0,0,0,0,1
400.12020,258.22433,465.87546,0,0,0,0,1
400.14032,258.22433,465.87546,0,0,0,0,1
400.16014,258.22433,465.87546,0,0,0,0,1
400.18007,258.22433,465.87546,0,0,0,0,1
400.20015,258.22433,465.87546,0,0,0,0,1
400.22029,258.22433,465.87546,0,0,0,0,1
400.24047,258.22433,465.87546,0,0,0,0,1
400.26048,258.22433,465.87546,0,0,0,0,1
400.28054,258.22433,465.87546,0,0,0,0,1
400.30029,258.22433,465.87546,0,0,0,0,1
400.32003,258.22433,465.87546,0,0,0,0,1
400.34038,258.22433,465.87546,0,0,0,0,1
400.36050,258.22433,465.87546,0,0,0,0,1
400.38027,258.22433,465.87546,1,0,0,0,1
400.40043,258.55988,465.81461,1,0,0,0,1
400.42051,258.89542,465.75375,1,0,1,0,1
400.44033,259.23096,465.69290,1,0,1,0,1
400.46048,259.89697,465.54791,1,0,1,0,1
400.48008,260.22076,465.44092,1,0,1,0,1
400.50024,260.53629,465.31158,1,0,1,0,1
400.52004,260.84201,465.16052,1,0,1,0,1
400.54038,261.13641,464.98846,1,0,1,0,1
400.56018,261.68567,464.58487,1,0,1,0,1
400.58052,262.17334,464.10870,1,0,1,0,1
400.60024,262.39105,463.84625,1,0,1,0,1
400.62020,262.58990,463.56924,1,0,1,0,1
400.64052,262.92725,462.97699,1,0,1,0,1
400.66053,263.06409,462.66464,1,0,1,0,1
400.68008,263.17877,462.34351,1,0,1,0,1
400.70052,263.27075,462.01514,1,0,1,0,1
400.72019,263.33960,461.68115,1,0,1,0,1
400.74046,263.38495,461.34317,1,0,1,0,1
400.76014,263.40442,460.66187,1,0,1,0,1
400.78025,263.37845,460.32187,1,0,1,0,1
400.80044,263.32880,459.98450,1,0,1,0,1
400.82013,263.25571,459.65143,1,0,1,0,1
400.84026,263.15955,459.32428,1,0,1,0,1
400.86043,262.89996,458.69406,1,0,1,0,1
400.88009,262.73779,458.39407,1,0,1,0,1
400.90016,262.55508,458.10614,1,0,1,0,1
400.92014,262.35272,457.83170,1,0,1,0,1
400.94006,261.89304,457.32846,1,0,1,0,1
400.96043,261.63797,457.10214,1,0,1,0,1
400.98053,261.08362,456.70563,1,0,1,0,1
401.00009,260.78702,456.53735,1,0,1,0,1
401.02023,260.47940,456.39020,1,0,1,0,1
401.04041,260.16226,456.26489,1,0,1,0,1
401.06006,259.50565,456.08215,1,0,1,0,1
401.08028,259.16937,456.02560,1,0,1,0,1
401.10044,258.82996,455.99268,1,0,1,0,1
401.12021,258.48907,455.98352,1,0,1,0,1
401.14036,258.14838,455.99820,1,0,1,0,1
401.16006,257.47421,456.09863,1,0,1,0,1
401.18023,257.14404,456.18390,1,0,1,0,1
401.20028,256.82065,456.29202,1,0,1,0,1
401.22049,256.50558,456.42245,1,0,1,0,1
401.24094,256.20041,456.57458,1,0,1,0,1
401.26014,255.62556,456.94080,1,0,1,0,1
401.28041,255.35872,457.15311,1,0,1,0,1
401.30018,255.10736,457.38354,1,0,1,0,1
401.32051,254.87270,457.63095,1,0,1,0,1
401.34032,254.45799,458.17188,1,0,1,0,1
401.36051,254.27997,458.46271,1,0,1,0,1
401.38024,253.98694,459.07806,1,0,1,0,1
401.40037,253.87335,459.39960,1,0,1,0,1
401.42011,253.78250,459.72827,1,0,1,0,1
401.44031,253.71483,460.06250,1,0,1,0,1
401.46049,253.65021,460.74103,1,0,1,0,1
401.48014,253.65358,461.08200,1,0,1,0,1
401.50033,253.68076,461.42191,1,0,1,0,1
401.52006,253.73160,461.75909,1,0,1,0,1
401.54020,253.80586,462.09192,1,0,1,0,1
401.56043,254.02310,462.73795,1,0,1,0,1
401.58032,254.16501,463.04800,1,0,1,0,1
401.60016,254.32823,463.34741,1,0,1,0,1
401.62038,254.51196,463.63467,1,0,1,0,1
401.64027,254.71530,463.90842,1,0,1,0,1
401.66033,255.17677,464.41003,1,0,1,0,1
401.68040,255.43263,464.63544,1,0,1,0,1
401.70041,255.70361,464.84244,1,0,1,0,1
401.72044,255.98839,465.03000,1,0,1,0,1
401.74044,256.59372,465.34329,1,0,1,0,1
401.76025,256.91132,465.46747,1,0,1,0,1
401.78033,257.56857,465.64792,1,0,1,0,1
401.80051,257.90506,465.70328,1,0,1,0,1
401.82017,258.24457,465.73502,1,0,1,0,1
401.84058,258.58548,465.74295,1,0,1,0,1
401.86041,259.26480,465.68744,1,0,1,0,1
401.88010,259.59988,465.62424,1,0,1,0,1
401.90027,259.92975,465.53781,1,0,1,0,1
401.92029,260.25278,465.42856,1,0,1,0,1
401.94011,260.56738,465.29700,1,0,1,0,1
401.96025,261.16525,464.96970,1,0,1,0,1
401.98043,261.44559,464.77554,1,0,1,0,1
402.00013,261.71167,464.56229,1,0,1,0,1
402.02025,261.96222,464.33096,1,0,1,0,1
402.04041,262.19601,464.08270,1,0,1,0,1
402.06053,262.60880,463.54031,1,0,1,0,1
402.08016,262.78580,463.24884,1,0,1,0,1
402.10010,262.94199,462.94571,1,0,1,0,1
402.12016,263.07663,462.63242,1,0,1,0,1
402.14038,263.27878,461.98151,1,0,1,0,1
402.16038,263.34528,461.64706,1,0,1,0,1
402.18034,263.40750,460.96832,1,0,1,0,1
402.20034,263.40295,460.62735,1,0,1,0,1
402.22052,263.37460,460.28754,1,0,1,0,1
402.24031,263.32260,459.95053,1,0,1,0,1
402.26020,263.14874,459.29150,1,0,1,0,1
402.28030,263.02774,458.97269,1,0,1,0,1
402.30030,262.88477,458.66312,1,0,1,0,1
402.32052,262.72052,458.36429,1,0,1,0,1
402.34018,262.53580,458.07767,1,0,1,0,1
402.36012,262.10864,457.54654,1,0,1,0,1
402.38027,261.86832,457.30463,1,0,1,0,1
402.40044,261.61166,457.08008,1,0,1,0,1
402.42014,261.33997,456.87402,1,0,1,0,1
402.44036,261.05453,456.68744,1,0,1,0,1
402.46054,260.44815,456.37625,1,0,1,0,1
402.48014,260.13013,456.25317,1,0,1,0,1
402.50029,259.80429,456.15259,1,0,1,0,1
402.52042,259.47223,456.07501,1,0,1,0,1
402.54011,258.79593,455.99026,1,0,1,0,1
402.56024,258.45499,455.98349,1,0,1,0,1
402.58046,257.77585,456.04135,1,0,1,0,1
402.60035,257.44098,456.10568,1,0,1,0,1
402.62053,257.11142,456.19327,1,0,1,0,1
402.64015,256.78879,456.30365,1,0,1,0,1
402.66005,256.17053,456.59055,1,0,1,0,1
402.68046,255.87793,456.76566,1,0,1,0,1
402.70017,255.59827,456.96078,1,0,1,0,1
402.72024,255.33292,457.17496,1,0,1,0,1
402.74029,255.08318,457.40714,1,0,1,0,1
402.76025,254.63528,457.92090,1,0,1,0,1
402.78021,254.43933,458.19998,1,0,1,0,1
402.80010,254.26335,458.49207,1,0,1,0,1
402.82052,254.10820,458.79572,1,0,1,0,1
402.84042,253.97462,459.10947,1,0,1,0,1
402.86011,253.77475,459.76111,1,0,1,0,1
402.88026,253.70941,460.09579,1,0,1,0,1
402.90063,253.66760,460.43423,1,0,1,0,1
402.92050,253.64954,460.77475,1,0,1,0,1
402.94019,253.68484,461.45541,1,0,1,0,1
402.96043,253.73805,461.79224,1,0,1,0,1
402.98020,253.91426,462.45065,1,0,1,0,1
403.00035,254.03641,462.76901,1,0,1,0,1
403.02046,254.18048,463.07806,1,0,1,0,1
403.04053,254.34579,463.37631,1,0,1,0,1
403.06008,254.53152,463.66229,1,0,1,0,1
403.08034,254.96056,464.19193,1,0,1,0,1
403.10029,255.20175,464.43298,1,0,1,0,1
403.12044,255.45918,464.65662,1,0,1,0,1
403.14032,255.73161,464.86172,1,0,1,0,1
403.16042,256.31604,465.21243,1,0,1,0,1
403.18006,256.62518,465.35632,1,0,1,0,1
403.20023,256.94363,465.47827,1,0,1,0,1
403.22040,257.26981,465.57770,1,0,1,0,1
403.24005,257.60214,465.65411,1,0,1,0,1
403.26034,258.27872,465.73648,1,0,1,0,1
403.28014,258.61966,465.74203,1,0,1,0,1
403.30054,259.29858,465.68176,1,0,1,0,1
403.32024,259.63324,465.61624,1,0,1,0,1
403.34048,259.96249,465.52750,1,0,1,0,1
403.36044,260.59839,465.28223,1,0,1,0,1
403.38016,260.90195,465.12689,1,0,1,0,1
403.40004,261.19394,464.95074,1,0,1,0,1
403.42023,261.47290,464.75464,1,0,1,0,1
403.44038,261.73749,464.53952,1,0,1,0,1
403.46017,262.21844,464.05658,1,0,1,0,1
403.48037,262.43246,463.79111,1,0,1,0,1
403.50004,262.62741,463.51132,1,0,1,0,1
403.52005,262.80237,463.21863,1,0,1,0,1
403.54035,262.95645,462.91443,1,0,1,0,1
403.56054,263.19910,462.27753,1,0,1,0,1
403.58021,263.28647,461.94791,1,0,1,0,1
403.60044,263.35062,461.61301,1,0,1,0,1
403.62012,263.39124,461.27444,1,0,1,0,1
403.64018,263.40811,460.93387,0,0,0,0,1
403.66038,263.40811,460.93387,0,0,0,0,1
403.68046,263.40811,460.93387,0,0,0,0,1
403.70020,263.40811,460.93387,0,0,0,0,1
403.72026,263.40811,460.93387,0,0,0,0,1
403.74009,263.40811,460.93387,0,0,0,0,1
403.76035,263.40811,460.93387,0,0,0,0,1
403.78052,263.40811,460.93387,0,0,0,0,1
403.80038,263.40811,460.93387,0,0,0,0,1
403.82008,263.40811,460.93387,0,0,0,0,1
403.84025,263.40811,460.93387,0,0,0,0,1
403.86027,263.40811,460.93387,0,0,0,0,1
403.88030,263.40811,460.93387,0,0,0,0,1
403.90034,263.40811,460.93387,0,0,0,0,1
403.92032,263.40811,460.93387,0,0,0,0,1
403.94032,263.40811,460.93387,0,0,0,0,1
403.96028,263.40811,460.93387,0,0,0,0,1
403.98051,263.40811,460.93387,0,0,0,0,1
404.00018,263.40811,460.93387,0,0,0,0,1
404.02032,263.40811,460.93387,0,0,0,0,1
404.04042,263.40811,460.93387,0,0,0,0,1
404.06043,263.40811,460.93387,0,0,0,0,1
404.08012,263.40811,460.93387,0,0,0,0,1
404.10025,263.40811,460.93387,0,0,0,0,1
404.12031,263.40811,460.93387,0,0,0,0,1
404.14045,263.40811,460.93387,0,0,0,0,1
404.16048,263.40811,460.93387,0,0,0,0,1
404.18024,263.40811,460.93387,0,0,0,0,1
404.20033,263.40811,460.93387,0,0,0,0,1
404.22026,263.40811,460.93387,0,0,0,0,1
404.24020,263.40811,460.93387,0,0,0,0,1
404.26006,263.40811,460.93387,0,0,0,0,1
404.28054,263.40811,460.93387,0,0,0,0,1
404.30013,263.40811,460.93387,0,0,0,0,1
404.32032,263.40811,460.93387,0,0,0,0,1
404.34044,263.40811,460.93387,1,0,0,0,1
404.36017,263.40811,460.93387,1,1,0,0,1
404.38029,263.39426,460.25198,1,1,0,0,1
404.40031,263.41113,459.91141,1,1,0,0,1
404.42062,263.45172,459.57281,1,1,0,0,1
404.44026,263.51581,459.23788,1,1,0,0,1
404.46045,263.71317,458.58548,1,1,0,0,1
404.48009,263.99936,457.96689,1,1,0,0,1
404.50063,264.17410,457.67407,1,1,0,0,1
404.52016,264.36884,457.39417,1,1,0,0,1
404.54053,264.58264,457.12851,1,1,0,0,1
404.56033,264.81445,456.87842,1,1,0,0,1
404.58024,265.32748,456.42966,1,1,0,0,1
404.60047,265.60620,456.23318,1,1,0,0,1
404.62041,265.89795,456.05664,1,1,0,0,1
404.64021,266.20129,455.90088,1,1,0,0,1
404.66039,266.51477,455.76666,1,1,0,0,1
404.68013,267.16595,455.56534,1,1,0,0,1
404.70025,267.50049,455.49921,1,1,0,0,1
404.72006,267.83881,455.45654,1,1,0,0,1
404.74039,268.17929,455.43759,1,1,0,0,1
404.76040,268.52026,455.44244,1,1,0,0,1
404.78040,269.19705,455.52328,1,1,0,0,1
404.80011,269.52957,455.59888,1,1,0,0,1
404.82017,269.85599,455.69748,1,1,0,0,1
404.84005,270.17474,455.81860,1,1,0,0,1
404.86005,270.48428,455.96167,1,1,0,0,1
404.88021,271.34274,456.51501,1,1,0,0,1
404.90044,271.60086,456.73785,1,1,0,0,1
404.92020,271.84280,456.97815,1,1,0,0,1
404.94007,272.06741,457.23474,1,1,0,0,1
404.96039,272.27359,457.50635,1,1,0,0,1
404.98017,272.62671,458.08936,1,1,0,0,1
405.00038,272.77191,458.39789,1,1,0,0,1
405.02005,272.89523,458.71579,1,1,0,0,1
405.04046,272.99609,459.04153,1,1,0,0,1
405.06048,273.07401,459.37350,1,1,0,0,1
405.08005,273.15952,460.04971,1,1,0,0,1
405.10045,273.16672,460.39062,1,1,0,0,1
405.12014,273.15012,460.73123,1,1,0,0,1
405.14006,273.10980,461.06985,1,1,0,0,1
405.16033,273.04596,461.40482,1,1,0,0,1
405.18010,272.84912,462.05737,1,1,0,0,1
405.20032,272.71707,462.37177,1,1,0,0,1
405.22010,272.56342,462.67618,1,1,0,0,1
405.24020,272.38889,462.96915,1,1,0,0,1
405.26044,272.19437,463.24921,1,1,0,0,1
405.28052,271.50067,463.99881,1,1,0,0,1
405.30021,271.23648,464.21442,1,1,0,0,1
405.32025,270.95792,464.41110,1,1,0,0,1
405.34048,270.66632,464.58786,1,1,0,0,1
405.36020,270.36310,464.74387,1,1,0,0,1
405.38032,269.72775,464.99063,1,1,0,0,1
405.40050,269.39871,465.08020,1,1,0,0,1
405.42043,269.06424,465.14661,1,1,0,0,1
405.44008,268.72595,465.18951,1,1,0,0,1
405.46045,268.38550,465.20874,1,1,0,0,1
405.48018,267.70471,465.17581,1,1,0,0,1
405.50045,267.36771,465.12384,1,1,0,0,1
405.52030,267.03513,465.04849,1,1,0,0,1
405.54051,266.70862,464.95013,1,1,0,0,1
405.56044,266.38977,464.82925,1,1,0,0,1
405.58015,265.78122,464.52234,1,1,0,0,1
405.60017,265.49448,464.33780,1,1,0,0,1
405.62031,265.22128,464.13373,1,1,0,0,1
405.64051,264.96298,463.91110,1,1,0,0,1
405.66017,264.49606,463.41458,1,1,0,0,1
405.68016,264.28967,463.14313,1,1,0,0,1
405.70040,263.93613,462.56039,1,1,0,0,1
405.72007,263.79068,462.25195,1,1,0,0,1
405.74043,263.66711,461.93414,1,1,0,0,1
405.76012,263.56601,461.60849,1,1,0,0,1
405.78010,263.43304,460.94000,1,1,0,0,1
405.80054,263.40182,460.60043,1,1,0,0,1
405.82013,263.39438,460.25952,1,1,0,0,1
405.84052,263.41071,459.91891,1,1,0,0,1
405.86050,263.45074,459.58026,1,1,0,0,1
405.88021,263.60110,458.91547,1,1,0,0,1
405.90035,263.71066,458.59256,1,1,0,0,1
405.92009,263.84250,458.27808,1,1,0,0,1
405.94008,263.99594,457.97354,1,1,0,0,1
405.96036,264.17023,457.68045,1,1,0,0,1
405.98035,264.57791,457.13425,1,1,0,0,1
406.00046,264.80933,456.88379,1,1,0,0,1
406.02004,265.32166,456.43427,1,1,0,0,1
406.04005,265.60007,456.23737,1,1,0,0,1
406.06004,265.89154,456.06036,1,1,0,0,1
406.08006,266.19464,455.90414,1,1,0,0,1
406.10007,266.82980,455.65689,1,1,0,0,1
406.12018,267.15875,455.56708,1,1,0,0,1
406.14032,267.49316,455.50043,1,1,0,0,1
406.16005,267.83142,455.45724,1,1,0,0,1
406.18020,268.51285,455.44208,1,1,0,0,1
406.20041,268.85269,455.47015,1,1,0,0,1
406.22042,269.18976,455.52188,1,1,0,0,1
406.24009,269.52240,455.59698,1,1,0,0,1
406.26006,269.84897,455.69510,1,1,0,0,1
406.28038,270.47766,455.95834,1,1,0,0,1
406.30007,270.77670,456.12219,1,1,0,0,1
406.32026,271.06360,456.30649,1,1,0,0,1
406.34042,271.33694,456.51035,1,1,0,0,1
406.36007,271.59540,456.73279,1,1,0,0,1
406.38052,272.06271,457.22894,1,1,0,0,1
406.40048,272.26929,457.50024,1,1,0,0,1
406.42030,272.45645,457.78528,1,1,0,0,1
406.44046,272.62329,458.08267,1,1,0,0,1
406.46021,272.89279,458.70871,1,1,0,0,1
406.48028,272.99414,459.03430,1,1,0,0,1
406.50050,273.12762,459.70267,1,1,0,0,1
406.52008,273.15909,460.04221,1,1,0,0,1
406.54036,273.16681,460.38312,1,1,0,0,1
406.56050,273.15073,460.72372,1,1,0,0,1
406.58034,273.04761,461.39749,1,1,0,0,1
406.60033,272.96109,461.72733,1,1,0,0,1
406.62005,272.85178,462.05032,1,1,0,0,1
406.64051,272.72018,462.36493,1,1,0,0,1
406.66043,272.56699,462.66959,1,1,0,0,1
406.68017,272.19882,463.24316,1,1,0,0,1
406.70031,271.98566,463.50931,1,1,0,0,1
406.72044,271.75443,463.75995,1,1,0,0,1
406.74016,271.50629,463.99384,1,1,0,0,1
406.76041,271.24243,464.20987,1,1,0,0,1
406.78031,270.67282,464.58420,1,1,0,0,1
406.80053,270.36984,464.74066,1,1,0,0,1
406.82028,270.05667,464.87561,1,1,0,0,1
406.84035,269.73486,464.98840,1,1,0,0,1
406.86004,269.07159,465.14539,1,1,0,0,1
406.88026,268.73337,465.18881,1,1,0,0,1
406.90053,268.05197,465.20450,1,1,0,0,1
406.92028,267.71210,465.17667,1,1,0,0,1
406.94046,267.37500,465.12521,1,1,0,0,1
406.96049,267.04233,465.05038,1,1,0,0,1
406.98022,266.39664,464.83212,1,1,0,0,1
407.00043,266.08676,464.68976,1,1,0,0,1
407.02012,265.78757,464.52612,1,1,0,0,1
407.04005,265.50052,464.34204,1,1,0,0,1
407.06029,265.22702,464.13840,1,1,0,0,1
407.08049,264.72589,463.67642,1,1,0,0,1
407.10036,264.50070,463.42035,1,1,0,0,1
407.12007,264.29391,463.14920,1,1,0,0,1
407.14050,264.10654,462.86429,1,1,0,0,1
407.16040,263.93948,462.56702,1,1,0,0,1
407.18012,263.66953,461.94119,1,1,0,0,1
407.20053,263.56790,461.61569,1,1,0,0,1
407.22020,263.43390,460.94739,1,1,0,0,1
407.24039,263.40216,460.60788,1,1,0,0,1
407.26010,263.39420,460.26697,1,1,0,0,1
407.28013,263.44952,459.58762,1,1,0,0,1
407.30020,263.51257,459.25250,1,1,0,0,1
407.32045,263.59885,458.92261,1,1,0,0,1
407.34043,263.70792,458.59952,1,1,0,0,1
407.36008,263.83926,458.28482,1,1,0,0,1
407.38084,264.16608,457.68668,1,1,0,0,1
407.40024,264.35995,457.40616,1,1,0,0,1
407.42049,264.57294,457.13983,1,1,0,0,1
407.44017,264.80396,456.88901,1,1,0,0,1
407.46014,265.05191,456.65491,1,1,0,0,1
407.48025,265.59369,456.24136,1,1,0,0,1
407.50012,265.88489,456.06393,1,1,0,0,1
407.52040,266.18774,455.90723,0,0,0,0,1
407.54046,266.50079,455.77203,0,0,0,0,1
407.56013,266.50079,455.77203,0,0,0,0,1
407.58034,266.50079,455.77203,0,0,0,0,1
407.60015,266.50079,455.77203,0,0,0,0,1
407.62034,266.50079,455.77203,0,0,0,0,1
407.64009,266.50079,455.77203,0,0,0,0,1
407.66013,266.50079,455.77203,0,0,0,0,1
407.68009,266.50079,455.77203,0,0,0,0,1
407.70024,266.50079,455.77203,0,0,0,0,1
407.72034,266.50079,455.77203,0,0,0,0,1
407.74015,266.50079,455.77203,0,0,0,0,1
407.76048,266.50079,455.77203,0,0,0,0,1
407.78015,266.50079,455.77203,0,0,0,0,1
407.80034,266.50079,455.77203,0,0,0,0,1
407.82011,266.50079,455.77203,0,0,0,0,1
407.84032,266.50079,455.77203,0,0,0,0,1
407.86059,266.50079,455.77203,0,0,0,0,1
407.88010,266.50079,455.77203,0,0,0,0,1
407.90043,266.50079,455.77203,0,0,0,0,1
407.92031,266.50079,455.77203,0,0,0,0,1
407.94024,266.50079,455.77203,0,0,0,0,1
407.96049,266.50079,455.77203,0,0,0,0,1
407.98005,266.50079,455.77203,0,0,0,0,1
408.00039,266.50079,455.77203,0,0,0,0,1
408.02046,266.50079,455.77203,0,0,0,0,1
408.04027,266.50079,455.77203,0,0,0,0,1
408.06050,266.50079,455.77203,0,0,0,0,1
408.08020,266.50079,455.77203,0,0,0,0,1
408.10054,266.50079,455.77203,0,0,0,0,1
408.12016,266.50079,455.77203,0,0,0,0,1
408.14030,266.50079,455.77203,0,0,0,0,1
408.16051,266.50079,455.77203,0,0,0,0,1
408.18021,266.50079,455.77203,0,0,0,0,1
408.20026,266.50079,455.77203,0,0,0,0,1
408.22044,266.50079,455.77203,0,0,0,0,1
408.24029,266.50079,455.77203,0,0,0,0,1
408.26023,266.50079,455.77203,0,0,0,0,1
408.28026,266.50079,455.77203,0,0,0,0,1
408.30013,266.50079,455.77203,0,0,0,0,1
408.32029,266.50079,455.77203,0,0,0,0,1
408.34048,266.50079,455.77203,0,0,0,0,1
408.36027,266.50079,455.77203,0,0,0,0,1
408.38048,266.50079,455.77203,0,0,0,0,1
408.40025,266.50079,455.77203,0,0,0,0,1
408.42038,266.50079,455.77203,0,0,0,0,1
408.44007,266.50079,455.77203,0,0,0,0,1
408.46033,266.50079,455.77203,0,0,0,0,1
408.48005,266.50079,455.77203,0,0,0,0,1
408.50027,266.50079,455.77203,0,0,0,0,1
408.52045,266.50079,455.77203,0,0,0,0,1
408.54014,266.50079,455.77203,0,0,0,0,1
408.56030,266.50079,455.77203,0,0,0,0,1
408.58047,266.50079,455.77203,0,0,0,0,1
408.60042,266.50079,455.77203,0,0,0,0,1
408.62028,266.50079,455.77203,0,0,0,0,1
408.64047,266.50079,455.77203,0,0,0,0,1
408.66018,266.50079,455.77203,0,0,0,0,1
408.68024,266.50079,455.77203,0,0,0,0,1
408.70046,266.50079,455.77203,0,0,0,0,1
408.72037,266.50079,455.77203,0,0,0,0,1
408.74053,266.50079,455.77203,0,0,0,0,1
408.76044,266.50079,455.77203,0,0,0,0,1
408.78037,266.50079,455.77203,0,0,0,0,1
408.80050,266.50079,455.77203,0,0,0,0,1
408.82018,266.81384,455.63684,1,0,0,0,1
408.84016,267.12689,455.50165,1,0,0,0,1
408.86032,267.43994,455.36646,1,0,0,0,1
408.88039,267.75299,455.23126,1,0,0,0,1
408.90004,268.37909,454.96088,1,0,0,0,1
408.92024,268.69214,454.82568,1,0,0,0,1
408.94038,269.00519,454.69049,1,0,0,0,1
408.96013,269.31824,454.55530,1,0,0,0,1
408.98014,269.63129,454.42010,1,0,0,0,1
409.00052,270.25739,454.14972,1,0,0,0,1
409.02017,270.57043,454.01453,1,0,0,0,1
409.04045,270.88348,453.87933,1,0,0,0,1
409.06011,271.19653,453.74414,1,0,0,0,1
409.08041,271.50958,453.60895,1,0,0,0,1
409.10047,272.13568,453.33856,1,0,0,0,1
409.12014,272.44873,453.20337,1,0,0,0,1
409.14024,272.76178,453.06818,1,0,0,0,1
409.16027,273.07483,452.93298,1,0,0,0,1
409.18036,273.38788,452.79779,1,0,0,0,1
409.20039,274.01398,452.52740,1,0,0,0,1
409.22006,274.64008,452.25702,1,0,0,0,1
409.24044,274.95312,452.12183,1,0,0,0,1
409.26050,275.26617,451.98663,1,0,0,0,1
409.28006,275.57922,451.85144,1,0,0,0,1
409.30018,276.20532,451.58105,1,0,0,0,1
409.32012,276.51837,451.44586,1,0,0,0,1
409.34034,276.83142,451.31067,1,0,0,0,1
409.36033,277.14447,451.17548,1,0,0,0,1
409.38046,277.45752,451.04028,1,0,0,0,1
409.40018,278.08362,450.76990,1,0,0,0,1
409.42038,278.39667,450.63470,1,0,0,0,1
409.44052,278.70972,450.49951,1,0,0,0,1
409.46021,279.02277,450.36432,1,0,0,0,1
409.48010,279.33582,450.22913,1,0,0,0,1
409.50027,279.96191,449.95874,1,0,0,0,1
409.52005,280.27496,449.82355,1,0,0,0,1
409.54026,280.58801,449.68835,1,0,0,0,1
409.56043,280.90106,449.55316,1,0,0,0,1
409.58016,281.21411,449.41797,1,0,0,0,1
409.60028,281.84021,449.14758,1,0,0,0,1
409.62042,282.46631,448.87720,1,0,0,0,1
409.64033,282.77936,448.74200,1,0,0,0,1
409.66015,283.09241,448.60681,1,0,0,0,1
409.68021,283.40546,448.47162,1,0,0,0,1
409.70048,284.03156,448.20123,1,0,0,0,1
409.72005,284.34460,448.06604,1,0,0,0,1
409.74054,284.65765,447.93085,1,0,0,0,1
409.76020,284.97070,447.79565,1,0,0,0,1
409.78043,285.28375,447.66046,1,0,0,0,1
409.80039,285.90985,447.39008,1,0,0,0,1
409.82047,286.22290,447.25488,1,0,0,0,1
409.84007,286.53595,447.11969,1,0,0,0,1
409.86046,286.84900,446.98450,1,0,0,0,1
409.88012,287.16205,446.84930,1,0,0,0,1
409.90044,287.78815,446.57892,1,0,0,0,1
409.92017,288.10120,446.44373,1,0,0,0,1
409.94031,288.41425,446.30853,1,0,0,0,1
409.96029,288.72729,446.17334,1,0,0,0,1
409.98051,289.35339,445.90295,1,0,0,0,1
410.00042,289.66644,445.76776,1,0,0,0,1
410.02011,290.29254,445.49738,1,0,0,0,1
410.04049,290.60559,445.36218,1,0,0,0,1
410.06012,290.91864,445.22699,1,0,0,0,1
410.08009,291.23169,445.09180,1,0,0,0,1
410.10021,291.85779,444.82141,1,0,0,0,1
410.12036,292.17084,444.68622,1,0,0,0,1
410.14005,292.48389,444.55103,1,0,0,0,1
410.16004,292.79694,444.41583,1,0,0,0,1
410.18027,293.10999,444.28064,1,0,0,0,1
410.20038,293.73608,444.01025,1,0,0,0,1
410.22008,294.04913,443.87506,1,0,0,0,1
410.24029,294.36218,443.73987,1,0,0,0,1
410.26050,294.67523,443.60468,1,0,0,0,1
410.28013,294.98828,443.46948,1,0,0,0,1
410.30020,295.61438,443.19910,1,0,0,0,1
410.32034,295.92743,443.06390,1,0,0,0,1
410.34062,296.24048,442.92871,1,0,0,0,1
410.36004,296.55353,442.79352,1,0,0,0,1
410.38003,297.17963,442.52313,1,0,0,0,1
410.40039,297.49268,442.38794,1,0,0,0,1
410.42047,298.11877,442.11755,1,0,0,0,1
410.44048,298.43182,441.98236,1,0,0,0,1
410.46021,298.74487,441.84717,1,0,0,0,1
410.48049,299.05792,441.71198,1,0,0,0,1
410.50010,299.68402,441.44159,1,0,0,0,1
410.52069,299.99707,441.30640,1,0,0,0,1
410.54009,300.31012,441.17120,1,0,0,0,1
410.56028,300.62317,441.03601,1,0,0,0,1
410.58036,300.93622,440.90082,1,0,0,0,1
410.60026,301.56232,440.63043,1,0,0,0,1
410.62054,301.87537,440.49524,1,0,0,0,1
410.64008,302.18842,440.36005,1,0,0,0,1
410.66049,302.50146,440.22485,1,0,0,0,1
410.68016,302.81451,440.08966,1,0,0,0,1
410.70011,303.44061,439.81927,1,0,0,0,1
410.72052,303.75366,439.68408,1,0,0,0,1
410.74048,304.37976,439.41370,1,0,0,0,1
410.76044,304.69281,439.27850,1,0,0,0,1
410.78017,305.00586,439.14331,1,0,0,0,1
410.80012,305.31891,439.00812,1,0,0,0,1
410.82035,305.94501,438.73773,1,0,0,0,1
410.84007,306.25806,438.60254,1,0,0,0,1
410.86014,306.57111,438.46735,1,0,0,0,1
410.88043,306.88416,438.33215,1,0,0,0,1
410.90010,307.51025,438.06177,1,0,0,0,1
410.92052,307.82330,437.92657,1,0,0,0,1
410.94010,308.13635,437.79138,1,0,0,0,1
410.96023,308.44940,437.65619,1,0,0,0,1
410.98040,308.76245,437.52100,1,0,0,0,1
411.00053,309.38855,437.25061,1,0,0,0,1
411.02052,309.70160,437.11542,1,0,0,0,1
411.04024,310.01465,436.98022,1,0,0,0,1
411.06023,310.32770,436.84503,1,0,0,0,1
411.08011,310.64075,436.70984,1,0,0,0,1
411.10040,311.26685,436.43945,1,0,0,0,1
411.12018,311.57990,436.30426,1,0,0,0,1
411.14032,312.20599,436.03387,1,0,0,0,1
411.16020,312.51904,435.89868,1,0,0,0,1
411.18029,312.83209,435.76349,1,0,0,0,1
411.20040,313.14514,435.62830,1,0,0,0,1
411.22011,313.77124,435.35791,1,0,0,0,1
411.24031,314.08429,435.22272,1,0,0,0,1
411.26028,314.39734,435.08752,1,0,0,0,1
411.28047,314.71039,434.95233,1,0,0,0,1
411.30052,315.33649,434.68195,1,0,0,0,1
411.32031,315.64954,434.54675,0,0,0,0,1
411.34030,315.64954,434.54675,0,0,0,0,1
411.36048,315.64954,434.54675,0,0,0,0,1
411.38036,315.64954,434.54675,0,0,0,0,1
411.40013,315.64954,434.54675,0,0,0,0,1
411.42003,315.64954,434.54675,0,0,0,0,1
411.44049,315.64954,434.54675,0,0,0,0,1
411.46049,315.64954,434.54675,0,0,0,0,1
411.48026,315.64954,434.54675,0,0,0,0,1
411.50041,315.64954,434.54675,0,0,0,0,1
411.52012,315.64954,434.54675,0,0,0,0,1
411.54015,315.64954,434.54675,0,0,0,0,1
411.56040,315.64954,434.54675,0,0,0,0,1
411.58006,315.64954,434.54675,0,0,0,0,1
411.60035,315.64954,434.54675,0,0,0,0,1
411.62045,315.64954,434.54675,0,0,0,0,1
411.64017,315.64954,434.54675,0,0,0,0,1
411.66016,315.64954,434.54675,0,0,0,0,1
411.68020,315.64954,434.54675,0,0,0,0,1
411.70005,315.64954,434.54675,0,0,0,0,1
411.72027,315.64954,434.54675,0,0,0,0,1
411.74038,315.64954,434.54675,0,0,0,0,1
411.76042,315.64954,434.54675,0,0,0,0,1
411.78008,315.64954,434.54675,0,0,0,0,1
411.80041,315.64954,434.54675,0,0,0,0,1
411.82050,315.64954,434.54675,0,0,0,0,1
411.84004,315.64954,434.54675,0,0,0,0,1
411.86022,315.64954,434.54675,0,0,0,0,1
411.88007,315.64954,434.54675,0,0,0,0,1
411.90013,315.64954,434.54675,0,0,0,0,1
411.92034,315.64954,434.54675,0,0,0,0,1
411.94059,315.64954,434.54675,0,0,0,0,1
411.96029,315.64954,434.54675,0,0,0,0,1
411.98046,315.64954,434.54675,0,0,0,0,1
412.00010,315.64954,434.54675,0,0,0,0,1
412.02024,315.64954,434.54675,0,0,0,0,1
412.04035,315.64954,434.54675,0,0,0,0,1
412.06004,315.64954,434.54675,0,0,0,0,1
412.08038,315.64954,434.54675,0,0,0,0,1
412.10054,315.64954,434.54675,0,0,0,0,1
412.12023,315.64954,434.54675,0,0,0,0,1
412.14052,315.64954,434.54675,0,0,0,0,1
412.16028,315.64954,434.54675,0,0,0,0,1
412.18048,315.64954,434.54675,0,0,0,0,1
412.20018,315.64954,434.54675,0,0,0,0,1
412.22037,315.64954,434.54675,0,0,0,0,1
412.24012,315.64954,434.54675,0,0,0,0,1
412.26010,315.64954,434.54675,0,0,0,0,1
412.28039,315.64954,434.54675,0,0,0,0,1
412.30021,315.64954,434.54675,0,0,0,0,1
412.32019,315.64954,434.54675,0,0,0,0,1
412.34040,315.64954,434.54675,0,0,0,0,1
412.36041,315.64954,434.54675,0,0,0,0,1
412.38018,315.64954,434.54675,0,0,0,0,1
412.40035,315.64954,434.54675,0,0,0,0,1
412.42009,315.64954,434.54675,0,0,0,0,1
412.44027,315.64954,434.54675,1,0,1,0,1
412.46044,315.96259,434.41156,1,0,1,0,1
412.48009,316.27563,434.27637,1,0,1,0,1
412.50040,316.86966,433.94214,1,0,1,0,1
412.52054,317.14771,433.74475,1,0,1,0,1
412.54006,317.41132,433.52841,1,0,1,0,1
412.56012,317.65915,433.29419,1,0,1,0,1
412.58013,317.89005,433.04324,1,0,1,0,1
412.60013,318.10284,432.77679,1,0,1,0,1
412.62012,318.47009,432.20261,1,0,1,0,1
412.64030,318.62277,431.89771,1,0,1,0,1
412.66046,318.75378,431.58289,1,0,1,0,1
412.68052,318.86249,431.25967,1,0,1,0,1
412.70012,319.01099,430.59445,1,0,1,0,1
412.72029,319.05005,430.25571,1,0,1,0,1
412.74040,319.05682,429.57416,1,0,1,0,1
412.76011,319.02454,429.23468,1,0,1,0,1
412.78031,318.96863,428.89828,1,0,1,0,1
412.80008,318.88937,428.56662,1,0,1,0,1
412.82032,318.66245,427.92392,1,0,1,0,1
412.84054,318.51587,427.61603,1,0,1,0,1
412.86022,318.34818,427.31912,1,0,1,0,1
412.88009,318.16016,427.03464,1,0,1,0,1
412.90065,317.95273,426.76398,1,0,1,0,1
412.92020,317.48376,426.26938,1,0,1,0,1
412.94007,317.22455,426.04785,1,0,1,0,1
412.96034,316.95047,425.84494,1,0,1,0,1
412.98052,316.66290,425.66168,1,0,1,0,1
413.00033,316.36325,425.49896,1,0,1,0,1
413.02006,315.73352,425.23816,1,0,1,0,1
413.04017,315.40656,425.14136,1,0,1,0,1
413.06040,315.07361,425.06763,1,0,1,0,1
413.08012,314.73633,425.01733,1,0,1,0,1
413.10039,314.39636,424.99072,1,0,1,0,1
413.12011,313.71500,425.00891,1,0,1,0,1
413.14024,313.04285,425.12189,1,0,1,0,1
413.16052,312.71432,425.21329,1,0,1,0,1
413.18018,312.39297,425.32739,1,0,1,0,1
413.20045,312.08038,425.46365,1,0,1,0,1
413.22019,311.48752,425.79993,1,0,1,0,1
413.24053,311.21014,425.99829,1,0,1,0,1
413.26021,310.94730,426.21552,1,0,1,0,1
413.28034,310.70026,426.45059,1,0,1,0,1
413.30047,310.47025,426.70233,1,0,1,0,1
413.32035,310.06567,427.25085,1,0,1,0,1
413.34020,309.89310,427.54495,1,0,1,0,1
413.36038,309.74149,427.85040,1,0,1,0,1
413.38051,309.61157,428.16568,1,0,1,0,1
413.40042,309.50400,428.48926,1,0,1,0,1
413.42035,309.35782,429.15497,1,0,1,0,1
413.44007,309.31995,429.49387,1,0,1,0,1
413.46027,309.30582,429.83456,1,0,1,0,1
413.48044,309.31552,430.17542,1,0,1,0,1
413.50014,309.40610,430.85095,1,0,1,0,1
413.52036,309.48654,431.18234,1,0,1,0,1
413.54015,309.71576,431.82422,1,0,1,0,1
413.56023,309.86340,432.13159,1,0,1,0,1
413.58053,310.03217,432.42792,1,0,1,0,1
413.60026,310.22122,432.71173,1,0,1,0,1
413.62053,310.65637,433.23633,1,0,1,0,1
413.64022,310.90036,433.47458,1,0,1,0,1
413.66034,311.16037,433.69519,1,0,1,0,1
413.68024,311.43515,433.89713,1,0,1,0,1
413.70040,311.72336,434.07938,1,0,1,0,1
413.72018,312.33438,434.38138,1,0,1,0,1
413.74009,312.65421,434.49963,1,0,1,0,1
413.76044,312.98151,434.59528,1,0,1,0,1
413.78018,313.31470,434.66782,1,0,1,0,1
413.80049,313.65213,434.71692,1,0,1,0,1
413.82035,314.33319,434.74393,1,0,1,0,1
413.84008,314.67346,434.72171,1,0,1,0,1
413.86033,315.01135,434.67578,1,0,1,0,1
413.88042,315.34521,434.60638,1,0,1,0,1
413.90048,315.67340,434.51382,1,0,1,0,1
413.92036,316.30643,434.26120,1,0,1,0,1
413.94006,316.89810,433.92282,1,0,1,0,1
413.96027,317.17477,433.72348,1,0,1,0,1
413.98036,317.43686,433.50531,1,0,1,0,1
414.00054,317.68304,433.26938,1,0,1,0,1
414.02035,318.12311,432.74887,1,0,1,0,1
414.04048,318.31482,432.46686,1,0,1,0,1
414.06025,318.48636,432.17215,1,0,1,0,1
414.08054,318.63690,431.86618,1,0,1,0,1
414.10042,318.76572,431.55045,1,0,1,0,1
414.12014,318.95572,430.89587,1,0,1,0,1
414.14031,319.01599,430.56024,1,0,1,0,1
414.16043,319.05267,430.22122,1,0,1,0,1
414.18054,319.06558,429.88046,1,0,1,0,1
414.20019,319.05469,429.53964,1,0,1,0,1
414.22034,318.96176,428.86441,1,0,1,0,1
414.24014,318.88019,428.53333,1,0,1,0,1
414.26009,318.64874,427.89224,1,0,1,0,1
414.28019,318.50003,427.58539,1,0,1,0,1
414.30036,318.33026,427.28967,1,0,1,0,1
414.32019,318.14023,427.00653,1,0,1,0,1
414.34024,317.70328,426.48343,1,0,1,0,1
414.36045,317.45850,426.24603,1,0,1,0,1
414.38053,317.19772,426.02631,1,0,1,0,1
414.40028,316.92224,425.82532,1,0,1,0,1
414.42010,316.33258,425.48343,1,0,1,0,1
414.44036,316.02130,425.34421,1,0,1,0,1
414.46057,315.70105,425.22705,1,0,1,0,1
414.48047,315.37341,425.13254,1,0,1,0,1
414.50037,315.03998,425.06116,1,0,1,0,1
414.52038,314.36221,424.98898,1,0,1,0,1
414.54006,314.02121,424.98856,1,0,1,0,1
414.56025,313.68100,425.01193,1,0,1,0,1
414.58024,313.34326,425.05902,1,0,1,0,1
414.60011,313.00964,425.12958,1,0,1,0,1
414.62009,312.36124,425.33963,1,0,1,0,1
414.64021,312.04962,425.47809,1,0,1,0,1
414.66038,311.74841,425.63797,1,0,1,0,1
414.68011,311.18314,426.01877,1,0,1,0,1
414.70009,310.92181,426.23785,1,0,1,0,1
414.72041,310.67642,426.47464,1,0,1,0,1
414.74033,310.23819,426.99667,1,0,1,0,1
414.76036,310.04745,427.27936,1,0,1,0,1
414.78036,309.87692,427.57468,1,0,1,0,1
414.80063,309.72745,427.88116,1,0,1,0,1
414.82009,309.49442,428.52170,1,0,1,0,1
414.84026,309.41202,428.85260,1,0,1,0,1
414.86046,309.35291,429.18845,1,0,1,0,1
414.88015,309.31741,429.52759,1,0,1,0,1
414.90046,309.30566,429.86838,1,0,1,0,1
414.92020,309.35361,430.54828,1,0,1,0,1
414.94043,309.41306,430.88406,1,0,1,0,1
414.96007,309.49582,431.21487,1,0,1,0,1
414.98019,309.60147,431.53909,1,0,1,0,1
415.00054,309.72952,431.85513,1,0,1,0,1
415.02021,310.05017,432.45660,1,0,1,0,1
415.04036,310.24118,432.73907,1,0,1,0,1
415.06049,310.45148,433.00751,1,0,1,0,1
415.08016,310.92563,433.49716,1,0,1,0,1
415.10038,311.18719,433.71594,1,0,1,0,1
415.12007,311.46338,433.91592,1,0,1,0,1
415.14036,312.05423,434.25571,1,0,1,0,1
415.16044,312.36600,434.39383,1,0,1,0,1
415.18010,312.68665,434.50986,1,0,1,0,1
415.20042,313.01462,434.60321,1,0,1,0,1
415.22030,313.68607,434.72015,1,0,1,0,1
415.24049,314.02628,434.74319,1,0,1,0,1
415.26017,314.36728,434.74240,1,0,1,0,1
415.28035,314.70740,434.71780,1,0,1,0,1
415.30040,315.04495,434.66953,1,0,1,0,1
415.32039,315.70587,434.50293,1,0,1,0,1
415.34021,316.02600,434.38544,1,0,1,0,1
415.36040,316.33713,434.24588,1,0,1,0,1
415.38009,316.63776,434.08493,1,0,1,0,1
415.40051,316.92642,433.90338,1,0,1,0,1
415.42006,317.46222,433.48212,1,0,1,0,1
415.44020,317.70676,433.24448,1,0,1,0,1
415.46035,318.14316,432.72092,1,0,1,0,1
415.48018,318.33289,432.43756,1,0,1,0,1
415.50023,318.50235,432.14166,1,0,1,0,1
415.52054,318.65076,431.83466,1,0,1,0,1
415.54016,318.88150,431.19333,1,0,1,0,1
415.56038,318.96274,430.86215,1,0,1,0,1
415.58048,319.02066,430.52609,1,0,1,0,1
415.60038,319.05496,430.18683,1,0,1,0,1
415.62062,319.05222,429.50525,1,0,1,0,1
415.64016,319.01517,429.16626,1,0,1,0,1
415.66038,318.95456,428.83069,1,0,1,0,1
415.68010,318.87067,428.50018,1,0,1,0,1
415.70017,318.76389,428.17633,1,0,1,0,1
415.72034,318.48392,427.55490,1,0,1,0,1
415.74049,318.31207,427.26038,1,0,1,0,1
415.76053,318.12009,426.97858,1,0,1,0,1
415.78036,317.67947,426.45853,1,0,1,0,1
415.80034,317.43301,426.22284,1,0,1,0,1
415.82080,317.17072,426.00494,1,0,1,0,1
415.84022,316.89383,425.80591,1,0,1,0,1
415.86038,316.30182,425.46817,1,0,1,0,1
415.88042,315.98956,425.33112,1,0,1,0,1
415.90021,315.66852,425.21622,1,0,1,0,1
415.92042,315.34021,425.12402,1,0,1,0,1
415.94020,314.66833,425.00940,1,0,1,0,1
415.96037,314.32803,424.98755,1,0,1,0,1
415.98045,313.98703,424.98950,1,0,1,0,1
416.00025,313.64700,425.01526,1,0,1,0,1
416.02034,312.97647,425.13760,1,0,1,0,1
416.04025,312.64926,425.23358,1,0,1,0,1
416.06045,312.32956,425.35217,1,0,1,0,1
416.08053,312.01892,425.49280,1,0,1,0,1
416.10043,311.71884,425.65479,1,0,1,0,1
416.12036,311.15625,426.03955,1,0,1,0,1
416.14013,310.89645,426.26044,1,0,1,0,1
416.16048,310.65274,426.49893,1,0,1,0,1
416.18032,310.42627,426.75388,1,0,1,0,1
416.20010,310.21814,427.02402,1,0,1,0,1
416.22041,309.86093,427.60449,1,0,1,0,1
416.24019,309.71359,427.91202,1,0,1,0,1
416.26054,309.48505,428.55414,1,0,1,0,1
416.28021,309.40494,428.88559,1,0,1,0,1
416.30051,309.34818,429.22183,1,0,1,0,1
416.32029,309.31503,429.56122,1,0,1,0,1
416.34030,309.32016,430.24280,1,0,1,0,1
416.36041,309.35840,430.58163,1,0,1,0,1
416.38025,309.42020,430.91699,1,0,1,0,1
416.40033,309.50528,431.24722,1,0,1,0,1
416.42015,309.61322,431.57068,1,0,1,0,1
416.44038,309.89542,432.19110,1,0,1,0,1
416.46009,310.06830,432.48502,1,0,0,0,1
416.48035,310.26129,432.76614,1,0,0,0,1
416.50053,310.47345,433.03311,0,0,0,0,1
416.52024,310.47345,433.03311,0,0,0,0,1
416.54042,310.47345,433.03311,0,0,0,0,1
416.56035,310.47345,433.03311,0,0,0,0,1
416.58050,310.47345,433.03311,0,0,0,0,1
416.60016,310.47345,433.03311,0,0,0,0,1
416.62041,310.47345,433.03311,0,0,0,0,1
416.64018,310.47345,433.03311,0,0,0,0,1
416.66037,310.47345,433.03311,0,0,0,0,1
416.68045,310.47345,433.03311,0,0,0,0,1
416.70052,310.47345,433.03311,0,0,0,0,1
416.72026,310.47345,433.03311,0,0,0,0,1
416.74005,310.47345,433.03311,0,0,0,0,1
416.76038,310.47345,433.03311,0,0,0,0,1
416.78020,310.47345,433.03311,0,0,0,0,1
416.80037,310.47345,433.03311,0,0,0,0,1
416.82012,310.47345,433.03311,0,0,0,0,1
416.84058,310.47345,433.03311,0,0,0,0,1
416.86027,310.47345,433.03311,0,0,0,0,1
416.88036,310.47345,433.03311,0,0,0,0,1
416.90042,310.47345,433.03311,0,0,0,0,1
416.92050,310.47345,433.03311,0,0,0,0,1
416.94053,310.47345,433.03311,0,0,0,0,1
416.96053,310.47345,433.03311,0,0,0,0,1
416.98012,310.47345,433.03311,0,0,0,0,1
417.00047,310.47345,433.03311,0,0,0,0,1
417.02023,310.47345,433.03311,0,0,0,0,1
417.04048,310.47345,433.03311,0,0,0,0,1
417.06037,310.47345,433.03311,0,0,0,0,1
417.08035,310.47345,433.03311,0,0,0,0,1
417.10048,310.47345,433.03311,0,0,0,0,1
417.12024,310.47345,433.03311,0,0,0,0,1
417.14032,310.47345,433.03311,0,0,0,0,1
417.16030,310.47345,433.03311,0,0,0,0,1
417.18049,310.47345,433.03311,0,0,0,0,1
417.20016,310.47345,433.03311,0,0,0,0,1
417.22037,310.47345,433.03311,0,0,0,0,1
417.24008,310.47345,433.03311,0,0,0,0,1
417.26043,310.47345,433.03311,0,0,0,0,1
417.28016,310.47345,433.03311,0,0,0,0,1
417.30036,310.47345,433.03311,0,0,0,0,1
417.32021,310.47345,433.03311,1,1,0,0,1
417.34013,310.89777,433.56705,1,1,0,0,1
417.36031,311.09079,433.84814,1,1,0,0,1
417.38038,311.26373,434.14203,1,1,0,0,1
417.40027,311.41577,434.44727,1,1,0,0,1
417.42048,311.54614,434.76236,1,1,0,0,1
417.44013,311.80154,435.75125,1,1,0,0,1
417.46040,311.84003,436.09006,1,1,0,0,1
417.48013,311.85480,436.43073,1,1,0,0,1
417.50032,311.84576,436.77161,1,1,0,0,1
417.52050,311.81299,437.11102,1,1,0,0,1
417.54028,311.67694,437.77890,1,1,0,0,1
417.56050,311.57434,438.10410,1,1,0,0,1
417.58029,311.44931,438.42136,1,1,0,0,1
417.60015,311.30246,438.72913,1,1,0,0,1
417.62035,311.13449,439.02588,1,1,0,0,1
417.64013,310.73862,439.58072,1,1,0,0,1
417.66027,310.51263,439.83609,1,1,0,0,1
417.68044,310.26938,440.07507,1,1,0,0,1
417.70009,310.01007,440.29651,1,1,0,0,1
417.72033,309.73593,440.49933,1,1,0,0,1
417.74019,309.14865,440.84521,1,1,0,0,1
417.76044,308.83835,440.98663,1,1,0,0,1
417.78008,308.51895,441.10605,1,1,0,0,1
417.80023,308.19199,441.20291,1,1,0,0,1
417.82039,307.85907,441.27673,1,1,0,0,1
417.84006,307.18188,441.35394,1,1,0,0,1
417.86039,306.50055,441.33618,1,1,0,0,1
417.88004,306.16248,441.29172,1,1,0,0,1
417.90022,305.82831,441.22379,1,1,0,0,1
417.92044,305.49969,441.13272,1,1,0,0,1
417.94012,304.86548,440.88303,1,1,0,0,1
417.96036,304.56299,440.72565,1,1,0,0,1
417.98052,304.27219,440.54755,1,1,0,0,1
418.00022,303.99454,440.34961,1,1,0,0,1
418.02039,303.73135,440.13278,1,1,0,0,1
418.04055,303.25351,439.64679,1,1,0,0,1
418.06023,303.04114,439.37997,1,1,0,0,1
418.08048,302.84790,439.09900,1,1,0,0,1
418.10029,302.67471,438.80524,1,1,0,0,1
418.12047,302.52246,438.50012,1,1,0,0,1
418.14018,302.28351,437.86179,1,1,0,0,1
418.16045,302.19800,437.53168,1,1,0,0,1
418.18021,302.13571,437.19641,1,1,0,0,1
418.20035,302.09695,436.85764,1,1,0,0,1
418.22003,302.08191,436.51697,1,1,0,0,1
418.24051,302.12317,435.83664,1,1,0,0,1
418.26023,302.25870,435.16864,1,1,0,0,1
418.28053,302.36105,434.84335,1,1,0,0,1
418.30031,302.48584,434.52600,1,1,0,0,1
418.32053,302.63248,434.21814,1,1,0,0,1
418.34014,302.98822,433.63675,1,1,0,0,1
418.36033,303.19565,433.36609,1,1,0,0,1
418.38004,303.42145,433.11053,1,1,0,0,1
418.40021,303.66452,432.87137,1,1,0,0,1
418.42034,303.92368,432.64972,1,1,0,0,1
418.44028,304.48514,432.26324,1,1,0,0,1
418.46015,304.78470,432.10031,1,1,0,0,1
418.48011,305.09488,431.95868,1,1,0,0,1
418.50026,305.41418,431.83902,1,1,0,0,1
418.52008,305.74106,431.74191,1,1,0,0,1
418.54043,306.41113,431.61716,1,1,0,0,1
418.56013,306.75107,431.59012,1,1,0,0,1
418.58035,306.75107,431.59012,1,1,0,0,1
418.60029,307.77057,431.65158,1,1,0,0,1
418.62027,308.10480,431.71927,1,1,0,0,1
418.64043,308.43347,431.81009,1,1,0,0,1
418.66011,309.06784,432.05930,1,1,0,0,1
418.68030,309.37045,432.21646,1,1,0,0,1
418.70009,309.66138,432.39435,1,1,0,0,1
418.72029,309.93918,432.59207,1,1,0,0,1
418.74052,310.45010,433.04318,1,1,0,0,1
418.76017,310.68076,433.29434,1,1,0,0,1
418.78037,310.89331,433.56097,1,1,0,0,1
418.80036,311.08676,433.84180,1,1,0,0,1
418.82021,311.26016,434.13541,1,1,0,0,1
418.84042,311.54352,434.75528,1,1,0,0,1
418.86017,311.65210,435.07852,1,1,0,0,1
418.88007,311.73788,435.40857,1,1,0,0,1
418.90028,311.80042,435.74377,1,1,0,0,1
418.92031,311.83942,436.08255,1,1,0,0,1
418.94032,311.84619,436.76410,1,1,0,0,1
418.96051,311.81393,437.10358,1,1,0,0,1
418.98024,311.75809,437.43997,1,1,0,0,1
419.00003,311.67892,437.77167,1,1,0,0,1
419.02026,311.45227,438.41446,1,1,0,0,1
419.04044,311.30588,438.72244,1,1,0,0,1
419.06029,310.95056,439.30408,1,1,0,0,1
419.08038,310.74335,439.57489,1,1,0,0,1
419.10038,310.51776,439.83060,1,1,0,0,1
419.12003,310.27490,440.06995,1,1,0,0,1
419.14005,309.74213,440.49503,1,1,0,0,1
419.16017,309.45480,440.67868,1,1,0,0,1
419.18032,309.15536,440.84186,1,1,0,0,1
419.20032,308.84528,440.98373,1,1,0,0,1
419.22039,308.52606,441.10364,1,1,0,0,1
419.24012,307.86646,441.27533,1,1,0,0,1
419.26050,307.52927,441.32626,1,1,0,0,1
419.28016,307.18936,441.35358,1,1,0,0,1
419.30040,306.84839,441.35712,1,1,0,0,1
419.32026,306.50800,441.33685,1,1,0,0,1
419.34040,306.16983,441.29291,1,1,0,0,1
419.36021,305.50681,441.13492,1,1,0,0,1
419.38041,304.87222,440.88620,1,1,0,0,1
419.40039,304.56949,440.72928,1,1,0,0,1
419.42011,304.27841,440.55161,1,1,0,0,1
419.44037,304.00046,440.35410,1,1,0,0,1
419.46022,303.48917,439.90338,1,1,0,0,1
419.48053,303.25833,439.65240,1,1,0,0,1
419.50032,303.04556,439.38593,1,1,0,0,1
419.52049,302.85190,439.10526,1,1,0,0,1
419.54030,302.52554,438.50690,1,1,0,0,1
419.56014,302.39444,438.19211,1,1,0,0,1
419.58029,302.28561,437.86893,1,1,0,0,1
419.60063,302.19958,437.53897,1,1,0,0,1
419.62023,302.13678,437.20380,1,1,0,0,1
419.64008,302.08194,436.52441,1,1,0,0,1
419.66040,302.09018,436.18350,1,1,0,0,1
419.68024,302.12216,435.84399,1,1,0,0,1
419.70027,302.17776,435.50757,1,1,0,0,1
419.72033,302.25668,435.17581,1,1,0,0,1
419.74038,302.48285,434.53284,1,1,0,0,1
419.76067,302.62900,434.22473,1,1,0,0,1
419.78039,302.98386,433.64282,1,1,0,0,1
419.80034,303.19086,433.37183,1,1,0,0,1
419.82018,303.41626,433.11594,1,1,0,0,1
419.84048,303.65894,432.87640,1,1,0,0,1
419.86005,304.19141,432.45090,1,1,0,0,1
419.88018,304.47858,432.26703,1,1,0,0,1
419.90005,304.77789,432.10364,1,1,0,0,1
419.92021,305.08786,431.96152,1,1,0,0,1
419.94043,305.73370,431.74377,1,1,0,0,1
419.96015,306.06644,431.66919,1,1,0,0,1
419.98020,306.40356,431.61798,1,1,0,0,1
420.00046,306.74344,431.59042,1,1,0,0,1
420.02024,307.08441,431.58664,1,1,0,0,1
420.04044,307.76303,431.65033,1,1,0,0,1
420.06026,308.09735,431.71750,1,1,0,0,1
420.08051,308.42618,431.80783,1,1,0,0,1
420.10014,308.74789,431.92087,1,1,0,0,1
420.12038,309.06094,432.05606,1,1,0,0,1
420.14053,309.65500,432.39020,1,1,0,0,1
420.16016,309.93311,432.58752,1,1,0,0,1
420.18038,310.44473,433.03784,1,1,0,0,1
420.20039,310.67575,433.28867,1,1,0,0,1
420.22047,310.88873,433.55499,1,1,0,0,1
420.24012,311.08261,433.83551,1,1,0,0,1
420.26040,311.40942,434.43365,1,1,0,0,1
420.28012,311.54077,434.74835,1,1,0,0,1
420.30042,311.64984,435.07144,1,1,0,0,1
420.32014,311.73611,435.40134,1,1,0,0,1
420.34027,311.83868,436.07516,1,1,0,0,1
420.36043,311.85449,436.41580,1,1,0,0,1
420.38020,311.84653,436.75671,1,1,0,0,1
420.40047,311.81479,437.09622,1,1,0,0,1
420.42010,311.75946,437.43271,1,1,0,0,1
420.44025,311.57916,438.09003,1,1,0,0,1
420.46033,311.45511,438.40765,1,1,0,0,1
420.48009,311.30920,438.71585,1,1,0,0,1
420.50028,311.14215,439.01312,1,1,0,0,1
420.52050,310.95477,439.29803,1,1,0,0,1
420.54030,310.74799,439.56918,1,1,0,0,1
420.56060,310.28030,440.06500,1,1,0,0,1
420.58027,309.74817,440.49088,1,0,0,0,1
420.60013,309.46112,440.67496,0,0,0,0,1
420.62028,309.46112,440.67496,0,0,0,0,1
420.64008,309.46112,440.67496,0,0,0,0,1
420.66038,309.46112,440.67496,0,0,0,0,1
420.68008,309.46112,440.67496,0,0,0,0,1
420.70024,309.46112,440.67496,0,0,0,0,1
420.72006,309.46112,440.67496,0,0,0,0,1
420.74039,309.46112,440.67496,0,0,0,0,1
420.76008,309.46112,440.67496,0,0,0,0,1
420.78021,309.46112,440.67496,0,0,0,0,1
420.80050,309.46112,440.67496,0,0,0,0,1
420.82008,309.46112,440.67496,0,0,0,0,1
420.84053,309.46112,440.67496,0,0,0,0,1
420.86025,309.46112,440.67496,0,0,0,0,1
420.88015,309.46112,440.67496,0,0,0,0,1
420.90037,309.46112,440.67496,0,0,0,0,1
420.92033,309.46112,440.67496,0,0,0,0,1
420.94013,309.46112,440.67496,0,0,0,0,1
420.96042,309.46112,440.67496,0,0,0,0,1
420.98017,309.46112,440.67496,0,0,0,0,1
421.00039,309.46112,440.67496,0,0,0,0,1
421.02008,309.46112,440.67496,0,0,0,0,1
421.04033,309.46112,440.67496,0,0,0,0,1
421.06009,309.46112,440.67496,0,0,0,0,1
421.08014,309.46112,440.67496,0,0,0,0,1
421.10049,309.46112,440.67496,0,0,0,0,1
421.12008,309.46112,440.67496,0,0,0,0,1
421.14021,309.46112,440.67496,0,0,0,0,1
421.16036,309.46112,440.67496,0,0,0,0,1
421.18023,309.46112,440.67496,0,0,0,0,1
421.20036,309.46112,440.67496,0,0,0,0,1
421.22038,309.46112,440.67496,0,0,0,0,1
421.24045,309.46112,440.67496,0,0,0,0,1
421.26046,309.46112,440.67496,0,0,0,0,1
421.28047,309.46112,440.67496,0,0,0,0,1
421.30045,309.46112,440.67496,0,0,0,0,1
421.32050,309.46112,440.67496,0,0,0,0,1
421.34016,309.46112,440.67496,0,0,0,0,1
421.36053,309.46112,440.67496,0,0,0,0,1
421.38017,309.46112,440.67496,0,0,0,0,1
421.40011,309.46112,440.67496,0,0,0,0,1
421.42052,309.46112,440.67496,0,0,0,0,1
421.44019,309.46112,440.67496,0,0,0,0,1
421.46046,309.46112,440.67496,0,0,0,0,1
421.48006,309.46112,440.67496,0,0,0,0,1
421.50015,309.46112,440.67496,0,0,0,0,1
421.52061,309.46112,440.67496,0,0,0,0,1
421.54010,309.46112,440.67496,0,0,0,0,1
421.56024,309.46112,440.67496,0,0,0,0,1
421.58031,309.46112,440.67496,0,0,0,0,1
421.60045,309.46112,440.67496,0,0,0,0,1
421.62016,309.46112,440.67496,0,0,0,0,1
421.64046,309.46112,440.67496,1,0,0,0,1
421.66025,309.17407,440.85904,1,0,0,0,1
421.68017,308.88702,441.04312,1,0,0,0,1
421.70039,308.59998,441.22720,1,0,0,0,1
421.72009,308.31293,441.41129,1,0,0,0,1
421.74013,307.73883,441.77945,1,0,0,0,1
421.76038,307.45178,441.96353,1,0,0,0,1
421.78052,306.87769,442.33170,1,0,0,0,1
421.80022,306.59064,442.51578,1,0,0,0,1
421.82040,306.30359,442.69986,1,0,0,0,1
421.84015,306.01654,442.88394,1,0,0,0,1
421.86031,305.44244,443.25211,1,0,0,0,1
421.88044,305.15540,443.43619,1,0,0,0,1
421.90039,304.86835,443.62027,1,0,0,0,1
421.92013,304.58130,443.80435,1,0,0,0,1
421.94024,304.29425,443.98843,1,0,0,0,1
421.96039,303.72015,444.35660,1,0,0,0,1
421.98010,303.43311,444.54068,1,0,0,0,1
422.00054,303.14606,444.72476,1,0,0,0,1
422.02017,302.85901,444.90884,1,0,0,0,1
422.04007,302.57196,445.09293,1,0,0,0,1
422.06026,301.99786,445.46109,1,0,0,0,1
422.08035,301.71082,445.64517,1,0,0,0,1
422.10005,301.42377,445.82925,1,0,0,0,1
422.12015,301.13672,446.01334,1,0,0,0,1
422.14017,300.84967,446.19742,1,0,0,0,1
422.16027,300.27557,446.56558,1,0,0,0,1
422.18045,299.70148,446.93375,1,0,0,0,1
422.20009,299.41443,447.11783,1,0,0,0,1
422.22027,299.12738,447.30191,1,0,0,0,1
422.24052,298.84033,447.48599,1,0,0,0,1
422.26020,298.26624,447.85416,1,0,0,0,1
422.28045,297.97919,448.03824,1,0,0,0,1
422.30037,297.69214,448.22232,1,0,0,0,1
422.32016,297.40509,448.40640,1,0,0,0,1
422.34024,297.11804,448.59048,1,0,0,0,1
422.36043,296.54395,448.95865,1,0,0,0,1
422.38008,296.25690,449.14273,1,0,0,0,1
422.40015,295.96985,449.32681,1,0,0,0,1
422.42010,295.68280,449.51089,1,0,0,0,1
422.44011,295.39575,449.69498,1,0,0,0,1
422.46031,294.82166,450.06314,1,0,0,0,1
422.48033,294.53461,450.24722,1,0,0,0,1
422.50048,294.24756,450.43130,1,0,0,0,1
422.52020,293.67346,450.79947,1,0,0,0,1
422.54033,293.38641,450.98355,1,0,0,0,1
422.56029,293.09937,451.16763,1,0,0,0,1
422.58009,292.52527,451.53580,1,0,0,0,1
422.60053,292.23822,451.71988,1,0,0,0,1
422.62028,291.95117,451.90396,1,0,0,0,1
422.64038,291.66412,452.08804,1,0,0,0,1
422.66017,291.09003,452.45621,1,0,0,0,1
422.68037,290.80298,452.64029,1,0,0,0,1
422.70031,290.51593,452.82437,1,0,0,0,1
422.72041,290.22888,453.00845,1,0,0,0,1
422.74037,289.94183,453.19254,1,0,0,0,1
422.76031,289.36774,453.56070,1,0,0,0,1
422.78053,289.08069,453.74478,1,0,0,0,1
422.80033,288.79364,453.92886,1,0,0,0,1
422.82047,288.50659,454.11295,1,0,0,0,1
422.84028,288.21954,454.29703,1,0,0,0,1
422.86009,287.64545,454.66519,1,0,0,0,1
422.88023,287.35840,454.84927,1,0,0,0,1
422.90040,287.07135,455.03336,1,0,0,0,1
422.92045,286.78430,455.21744,1,0,0,0,1
422.94012,286.21021,455.58560,1,0,0,0,1
422.96041,285.92316,455.76968,1,0,0,0,1
422.98047,285.34906,456.13785,1,0,0,0,1
423.00013,285.34906,456.13785,1,0,0,0,1
423.02030,284.77496,456.50601,1,0,0,0,1
423.04029,284.48792,456.69009,1,0,0,0,1
423.06019,283.91382,457.05826,1,0,0,0,1
423.08040,283.62677,457.24234,1,0,0,0,1
423.10012,283.33972,457.42642,1,0,0,0,1
423.12052,283.05267,457.61050,1,0,0,0,1
423.14033,282.76562,457.79459,1,0,0,0,1
423.16052,282.19153,458.16275,1,0,0,0,1
423.18027,281.90448,458.34683,1,0,0,0,1
423.20035,281.61743,458.53091,1,0,0,0,1
423.22022,281.33038,458.71500,1,0,0,0,1
423.24051,281.04333,458.89908,1,0,0,0,1
423.26036,280.46924,459.26724,1,0,0,0,1
423.28053,280.18219,459.45132,1,0,0,0,1
423.30048,279.89514,459.63541,1,0,0,0,1
423.32012,279.32104,460.00357,1,0,0,0,1
423.34043,279.03400,460.18765,1,0,0,0,1
423.36033,278.74695,460.37173,1,0,0,0,1
423.38049,278.17285,460.73990,1,0,0,0,1
423.40028,277.88580,460.92398,1,0,0,0,1
423.42027,277.59875,461.10806,1,0,0,0,1
423.44026,277.31171,461.29214,1,0,0,0,1
423.46050,276.73761,461.66031,1,0,0,0,1
423.48006,276.45056,461.84439,1,0,0,0,1
423.50032,276.16351,462.02847,1,0,0,0,1
423.52037,275.87646,462.21255,1,0,0,0,1
423.54011,275.58942,462.39664,1,0,0,0,1
423.56032,275.01532,462.76480,1,0,0,0,1
423.58052,274.72827,462.94888,1,0,0,0,1
423.60022,274.44122,463.13297,1,0,0,0,1
423.62036,274.15417,463.31705,1,0,0,0,1
423.64040,273.86713,463.50113,1,0,0,0,1
423.66042,273.29303,463.86929,1,0,0,0,1
423.68005,273.00598,464.05338,1,0,0,0,1
423.70035,272.43188,464.42154,1,0,0,0,1
423.72051,272.14484,464.60562,1,0,0,0,1
423.74038,271.85779,464.78970,1,0,0,0,1
423.76025,271.57074,464.97379,1,0,0,0,1
423.78017,270.99664,465.34195,1,0,0,0,1
423.80009,270.70959,465.52603,1,0,0,0,1
423.82026,270.42255,465.71011,1,0,0,0,1
423.84011,270.13550,465.89420,1,0,0,0,1
423.86011,269.56140,466.26236,1,0,0,0,1
423.88031,269.27435,466.44644,1,0,0,0,1
423.90016,268.98730,466.63052,1,0,0,0,1
423.92030,268.70026,466.81461,1,0,0,0,1
423.94011,268.41321,466.99869,1,0,0,0,1
423.96031,267.83911,467.36685,1,0,0,0,1
423.98018,267.55206,467.55093,1,0,0,0,1
424.00036,267.26501,467.73502,1,0,0,0,1
424.02053,266.97797,467.91910,1,0,0,0,1
424.04028,266.69092,468.10318,1,0,0,0,1
424.06051,266.11682,468.47134,1,0,0,0,1
424.08026,265.54272,468.83951,1,0,0,0,1
424.10029,265.25568,469.02359,1,0,0,0,1
424.12026,264.96863,469.20767,1,0,0,0,1
424.14025,264.68158,469.39175,1,0,0,0,1
424.16073,264.10748,469.75992,1,0,0,0,1
424.18035,263.82043,469.94400,1,0,0,0,1
424.20014,263.53339,470.12808,1,0,0,0,1
424.22033,263.24634,470.31216,1,0,0,0,1
424.24018,262.95929,470.49625,0,0,0,0,1
424.26051,262.95929,470.49625,0,0,0,0,1
424.28017,262.95929,470.49625,0,0,0,0,1
424.30038,262.95929,470.49625,0,0,0,0,1
424.32036,262.95929,470.49625,0,0,0,0,1
424.34050,262.95929,470.49625,0,0,0,0,1
424.36046,262.95929,470.49625,0,0,0,0,1
424.38006,262.95929,470.49625,0,0,0,0,1
424.40050,262.95929,470.49625,0,0,0,0,1
424.42042,262.95929,470.49625,0,0,0,0,1
424.44032,262.95929,470.49625,0,0,0,0,1
424.46051,262.95929,470.49625,0,0,0,0,1
424.48018,262.95929,470.49625,0,0,0,0,1
424.50042,262.95929,470.49625,0,0,0,0,1
424.52010,262.95929,470.49625,0,0,0,0,1
424.54049,262.95929,470.49625,0,0,0,0,1
424.56027,262.95929,470.49625,0,0,0,0,1
424.58049,262.95929,470.49625,0,0,0,0,1
424.60030,262.95929,470.49625,0,0,0,0,1
424.62028,262.95929,470.49625,0,0,0,0,1
424.64043,262.95929,470.49625,0,0,0,0,1
424.66032,262.95929,470.49625,0,0,0,0,1
424.68022,262.95929,470.49625,0,0,0,0,1
424.70052,262.95929,470.49625,0,0,0,0,1
424.72011,262.95929,470.49625,0,0,0,0,1
424.74033,262.95929,470.49625,0,0,0,0,1
424.76028,262.95929,470.49625,0,0,0,0,1
424.78046,262.95929,470.49625,0,0,0,0,1
424.80043,262.95929,470.49625,0,0,0,0,1
424.82013,262.95929,470.49625,0,0,0,0,1
424.84029,262.95929,470.49625,0,0,0,0,1
424.86034,262.95929,470.49625,0,0,0,0,1
424.88006,262.95929,470.49625,0,0,0,0,1
424.90025,262.95929,470.49625,0,0,0,0,1
424.92045,262.95929,470.49625,0,0,0,0,1
424.94010,262.95929,470.49625,0,0,0,0,1
424.96035,262.95929,470.49625,0,0,0,0,1
424.98039,262.95929,470.49625,0,0,0,0,1
425.00011,262.95929,470.49625,0,0,0,0,1
425.02055,262.95929,470.49625,0,0,0,0,1
425.04024,262.95929,470.49625,0,0,0,0,1
425.06028,262.95929,470.49625,0,0,0,0,1
425.08031,262.95929,470.49625,0,0,0,0,1
425.10051,262.95929,470.49625,0,0,0,0,1
425.12024,262.95929,470.49625,0,0,0,0,1
425.14050,262.95929,470.49625,0,0,0,0,1
425.16007,262.95929,470.49625,0,0,0,0,1
425.18024,262.95929,470.49625,0,0,0,0,1
425.20004,262.95929,470.49625,0,0,0,0,1
425.22029,262.95929,470.49625,0,0,0,0,1
425.24043,262.95929,470.49625,0,0,0,0,1
425.26029,262.95929,470.49625,0,0,0,0,1
425.28043,262.95929,470.49625,0,0,0,0,1
425.30005,262.95929,470.49625,1,0,0,0,1
425.32048,262.95929,470.49625,1,0,0,0,1
425.34027,262.67224,470.68033,1,0,1,0,1
425.36014,262.38519,470.86441,1,0,1,0,1
425.38033,261.85309,471.29037,1,0,1,0,1
425.40007,261.61066,471.53018,1,0,1,0,1
425.42051,261.38556,471.78632,1,0,1,0,1
425.44025,261.17889,472.05756,1,0,1,0,1
425.46043,260.99167,472.34256,1,0,1,0,1
425.48037,260.67914,472.94827,1,0,1,0,1
425.50040,260.55536,473.26602,1,0,1,0,1
425.52028,260.45407,473.59161,1,0,1,0,1
425.54033,260.37576,473.92349,1,0,1,0,1
425.56007,260.32083,474.26004,1,0,1,0,1
425.58015,260.28201,474.94052,1,0,1,0,1
425.60034,260.29831,475.28113,1,0,1,0,1
425.62052,260.33838,475.61978,1,0,1,0,1
425.64052,260.40198,475.95480,1,0,1,0,1
425.66035,260.48883,476.28455,1,0,1,0,1
425.68019,260.88403,477.22632,1,0,1,0,1
425.70034,261.05850,477.51932,1,0,1,0,1
425.72047,261.25299,477.79941,1,0,1,0,1
425.74044,261.46658,478.06522,1,0,1,0,1
425.76032,261.69821,478.31546,1,0,1,0,1
425.78048,262.21100,478.76447,1,0,1,0,1
425.80013,262.48965,478.96103,1,0,1,0,1
425.82005,262.78134,479.13766,1,0,1,0,1
425.84029,263.08466,479.29349,1,0,1,0,1
425.86009,263.39810,479.42773,1,0,1,0,1
425.88028,264.04929,479.62903,1,0,1,0,1
425.90039,264.38382,479.69510,1,0,1,0,1
425.92010,264.72217,479.73764,1,0,1,0,1
425.94004,265.06265,479.75647,1,0,1,0,1
425.96033,265.40363,479.75146,1,0,1,0,1
425.98004,266.08035,479.67020,1,0,1,0,1
426.00028,266.41281,479.59433,1,0,1,0,1
426.02049,267.05780,479.37399,1,0,1,0,1
426.04012,267.36719,479.23059,1,0,1,0,1
426.06032,267.66580,479.06595,1,0,1,0,1
426.08028,267.95218,478.88083,1,0,1,0,1
426.10043,268.48276,478.45297,1,0,1,0,1
426.12026,268.72433,478.21231,1,0,1,0,1
426.14008,268.94852,477.95535,1,0,1,0,1
426.16025,269.15421,477.68338,1,0,1,0,1
426.18027,269.50620,477.09973,1,0,1,0,1
426.20051,269.65079,476.79089,1,0,1,0,1
426.22044,269.77344,476.47272,1,0,1,0,1
426.24021,269.87360,476.14676,1,0,1,0,1
426.26036,269.95074,475.81461,1,0,1,0,1
426.28024,270.03458,475.13821,1,0,1,0,1
426.30039,270.04089,474.79727,1,0,1,0,1
426.32055,270.02341,474.45673,1,0,1,0,1
426.34030,269.98218,474.11823,1,0,1,0,1
426.36037,269.91742,473.78342,1,0,1,0,1
426.38038,269.71866,473.13144,1,0,1,0,1
426.40004,269.58563,472.81744,1,0,1,0,1
426.42024,269.43100,472.51352,1,0,1,0,1
426.44052,269.06006,471.94171,1,0,1,0,1
426.46022,268.84555,471.67664,1,0,1,0,1
426.48025,268.61307,471.42719,1,0,1,0,1
426.50006,268.09872,470.97995,1,0,1,0,1
426.52026,267.81940,470.78436,1,0,1,0,1
426.54050,267.52710,470.60873,1,0,1,0,1
426.56018,267.22324,470.45395,1,0,1,0,1
426.58027,266.58688,470.20984,1,0,1,0,1
426.60045,266.25748,470.12170,1,0,1,0,1
426.62039,265.92270,470.05679,1,0,1,0,1
426.64052,265.58423,470.01541,1,0,1,0,1
426.66025,265.24368,469.99777,1,0,1,0,1
426.68040,264.56305,470.03391,1,0,1,0,1
426.70007,264.22629,470.08752,1,0,1,0,1
426.72031,263.89410,470.16452,1,0,1,0,1
426.74024,263.56812,470.26453,1,0,1,0,1
426.76053,263.24991,470.38705,1,0,1,0,1
426.78017,262.64297,470.69720,1,0,1,0,1
426.80013,262.35724,470.88330,1,0,1,0,1
426.82029,262.08517,471.08890,1,0,1,0,1
426.84044,261.82816,471.31299,1,0,1,0,1
426.86013,261.58740,471.55447,1,0,1,0,1
426.88015,261.15933,472.08487,1,0,1,0,1
426.90015,260.80936,472.66974,1,0,1,0,1
426.92026,260.66583,472.97906,1,0,1,0,1
426.94047,260.54428,473.29767,1,0,1,0,1
426.96018,260.44525,473.62396,1,0,1,0,1
426.98033,260.31668,474.29330,1,0,1,0,1
427.00008,260.28775,474.63309,1,0,1,0,1
427.02032,260.28262,474.97406,1,0,1,0,1
427.04045,260.30130,475.31454,1,0,1,0,1
427.06039,260.34372,475.65289,1,0,1,0,1
427.08027,260.49881,476.31659,1,0,1,0,1
427.10060,260.61072,476.63870,1,0,1,0,1
427.12038,260.74487,476.95221,1,0,1,0,1
427.14036,260.90057,477.25558,1,0,1,0,1
427.16006,261.07709,477.54733,1,0,1,0,1
427.18044,261.48901,478.09036,1,0,1,0,1
427.20008,261.72238,478.33899,1,0,1,0,1
427.22022,261.97256,478.57071,1,0,1,0,1
427.24026,262.23831,478.78439,1,0,1,0,1
427.26042,262.51834,478.97900,1,0,1,0,1
427.28034,263.11566,479.30728,1,0,1,0,1
427.30042,263.75290,479.54910,1,0,1,0,1
427.32020,264.08261,479.63608,1,0,1,0,1
427.34019,264.41760,479.69980,1,0,1,0,1
427.36038,264.75623,479.73999,1,0,1,0,1
427.38022,265.43774,479.74905,1,0,1,0,1
427.40033,265.77731,479.71786,1,0,1,0,1
427.42052,266.11389,479.66306,1,0,1,0,1
427.44029,266.44580,479.58487,1,0,1,0,1
427.46039,266.77145,479.48370,1,0,1,0,1
427.48024,267.39761,479.21448,1,0,1,0,1
427.50028,267.69507,479.04773,1,0,1,0,1
427.52043,267.98016,478.86063,1,0,1,0,1
427.54026,268.25150,478.65408,1,0,1,0,1
427.56039,268.50772,478.42908,1,0,1,0,1
427.58036,268.97000,477.92822,1,0,1,0,1
427.60046,269.17380,477.65482,1,0,1,0,1
427.62006,269.35800,477.36786,1,0,1,0,1
427.64040,269.52170,477.06873,1,0,1,0,1
427.66050,269.78455,476.43985,1,0,1,0,1
427.68054,269.88242,476.11319,1,0,1,0,1
427.70039,270.00861,475.44339,1,0,1,0,1
427.72005,270.03635,475.10352,1,0,1,0,1
427.74010,270.04028,474.76254,1,0,1,0,1
427.76051,270.02042,474.42212,1,0,1,0,1
427.78005,269.90973,473.74960,1,0,1,0,1
427.80022,269.81943,473.42078,1,0,1,0,1
427.82006,269.70639,473.09906,1,0,1,0,1
427.84020,269.57117,472.78601,1,0,1,0,1
427.86043,269.41443,472.48318,1,0,1,0,1
427.88056,269.03949,471.91400,1,0,1,0,1
427.90043,268.82315,471.65042,1,0,1,0,1
427.92012,268.58893,471.40259,1,0,1,0,1
427.94040,268.33795,471.17172,1,0,1,0,1
427.96008,268.07147,470.95895,1,0,1,0,1
427.98040,267.49728,470.59177,1,0,1,0,1
428.00008,267.19235,470.43912,1,0,1,0,1
428.02019,266.55429,470.19946,1,0,1,0,1
428.04049,266.22427,470.11362,1,0,1,0,1
428.06028,265.88907,470.05103,1,0,1,0,1
428.08051,265.55029,470.01202,1,0,1,0,1
428.10040,264.86874,470.00534,1,0,1,0,1
428.12026,264.52930,470.03769,1,0,1,0,1
428.14047,264.19293,470.09366,1,0,1,0,1
428.16014,263.86130,470.17300,1,0,1,0,1
428.18046,263.21866,470.40005,1,0,1,0,1
428.20038,262.91080,470.54669,1,0,1,0,1
428.22011,262.61392,470.71445,1,0,1,0,1
428.24051,262.32950,470.90253,1,0,1,0,1
428.26022,262.05890,471.11002,1,0,1,0,1
428.28040,261.80344,471.33591,1,0,1,0,1
428.30055,261.34290,471.83835,1,0,1,0,1
428.32018,261.14005,472.11246,1,0,1,0,1
428.34037,260.95685,472.40005,1,0,1,0,1
428.36060,260.79416,472.69974,1,0,1,0,1
428.38034,260.65280,473.01007,1,0,1,0,1
428.40052,260.43674,473.65649,0,0,0,0,1
428.42021,260.43674,473.65649,0,0,0,0,1
428.44038,260.43674,473.65649,0,0,0,0,1
428.46018,260.43674,473.65649,0,0,0,0,1
428.48036,260.43674,473.65649,0,0,0,0,1
428.50007,260.43674,473.65649,0,0,0,0,1
428.52042,260.43674,473.65649,0,0,0,0,1
428.54021,260.43674,473.65649,0,0,0,0,1
428.56024,260.43674,473.65649,0,0,0,0,1
428.58046,260.43674,473.65649,0,0,0,0,1
428.60041,260.43674,473.65649,0,0,0,0,1
428.62010,260.43674,473.65649,0,0,0,0,1
428.64033,260.43674,473.65649,0,0,0,0,1
428.66048,260.43674,473.65649,0,0,0,0,1
428.68025,260.43674,473.65649,0,0,0,0,1
428.70038,260.43674,473.65649,0,0,0,0,1
428.72051,260.43674,473.65649,0,0,0,0,1
428.74041,260.43674,473.65649,0,0,0,0,1
428.76042,260.43674,473.65649,0,0,0,0,1
428.78041,260.43674,473.65649,0,0,0,0,1
428.80017,260.43674,473.65649,0,0,0,0,1
428.82041,260.43674,473.65649,0,0,0,0,1
428.84008,260.43674,473.65649,0,0,0,0,1
428.86011,260.43674,473.65649,0,0,0,0,1
428.88018,260.43674,473.65649,0,0,0,0,1
428.90031,260.43674,473.65649,0,0,0,0,1
428.92025,260.43674,473.65649,0,0,0,0,1
428.94036,260.43674,473.65649,0,0,0,0,1
428.96004,260.43674,473.65649,0,0,0,0,1
428.98030,260.43674,473.65649,0,0,0,0,1
429.00062,260.43674,473.65649,0,0,0,0,1
429.02007,260.43674,473.65649,0,0,0,0,1
429.04030,260.43674,473.65649,0,0,0,0,1
429.06010,260.43674,473.65649,0,0,0,0,1
429.08035,260.43674,473.65649,0,0,0,0,1
429.10008,260.43674,473.65649,0,0,0,0,1
429.12040,260.43674,473.65649,0,0,0,0,1
429.14005,260.43674,473.65649,0,0,0,0,1
429.16044,260.43674,473.65649,0,0,0,0,1
429.18049,260.43674,473.65649,0,0,0,0,1
429.20026,260.43674,473.65649,0,0,0,0,1
429.22034,260.43674,473.65649,0,0,0,0,1
429.24041,260.43674,473.65649,0,0,0,0,1
429.26022,260.43674,473.65649,0,0,0,0,1
429.28038,260.43674,473.65649,0,0,0,0,1
429.30026,260.43674,473.65649,0,0,0,0,1
429.32035,260.43674,473.65649,0,0,0,0,1
429.34032,260.43674,473.65649,0,0,0,0,1
429.36026,260.43674,473.65649,0,0,0,0,1
429.38018,260.43674,473.65649,0,0,0,0,1
429.40033,260.43674,473.65649,0,0,0,0,1
429.42049,260.43674,473.65649,0,0,0,0,1
429.44022,260.43674,473.65649,0,0,0,0,1
429.46020,260.43674,473.65649,0,0,0,0,1
429.48022,260.43674,473.65649,0,0,0,0,1
429.50053,260.43674,473.65649,0,0,0,0,1
429.52021,260.43674,473.65649,0,0,0,0,1
429.54028,260.43674,473.65649,1,1,0,0,1
429.56043,260.43674,473.65649,1,1,0,0,1
429.58013,260.36307,473.98944,1,1,0,0,1
429.60045,260.14709,474.63589,1,1,0,0,1
429.62025,259.84326,475.24600,1,1,0,0,1
429.64022,259.66019,475.53369,1,1,0,0,1
429.66010,259.45749,475.80792,1,1,0,0,1
429.68025,259.23618,476.06735,1,1,0,0,1
429.70029,258.74207,476.53680,1,1,0,0,1
429.72043,258.47165,476.74457,1,1,0,0,1
429.74057,258.18741,476.93295,1,1,0,0,1
429.76020,257.89072,477.10107,1,1,0,0,1
429.78040,257.58304,477.24808,1,1,0,0,1
429.80007,256.94070,477.47601,1,1,0,0,1
429.82044,256.60919,477.55585,1,1,0,0,1
429.84037,256.27292,477.61237,1,1,0,0,1
429.86044,255.93352,477.64529,1,1,0,0,1
429.88039,255.59264,477.65448,1,1,0,0,1
429.90026,254.91312,477.60153,1,1,0,0,1
429.92030,254.57777,477.53967,1,1,0,0,1
429.94013,254.24756,477.45456,1,1,0,0,1
429.96013,253.92409,477.34662,1,1,0,0,1
429.98013,253.60893,477.21640,1,1,0,0,1
430.00013,253.00964,476.89169,1,1,0,0,1
430.02024,252.46136,476.48676,1,1,0,0,1
430.04039,252.20973,476.25662,1,1,0,0,1
430.06010,251.97476,476.00949,1,1,0,0,1
430.08040,251.75760,475.74658,1,1,0,0,1
430.10045,251.38083,475.17862,1,1,0,0,1
430.12004,251.22305,474.87631,1,1,0,0,1
430.14023,251.08675,474.56375,1,1,0,0,1
430.16041,250.97258,474.24243,1,1,0,0,1
430.18030,250.88109,473.91394,1,1,0,0,1
430.20023,250.76784,473.24182,1,1,0,0,1
430.22031,250.74663,472.90149,1,1,0,0,1
430.24048,250.74921,472.56049,1,1,0,0,1
430.26019,250.77556,472.22052,1,1,0,0,1
430.28010,250.82556,471.88321,1,1,0,0,1
430.30029,250.99542,471.22311,1,1,0,0,1
430.32053,251.11444,470.90356,1,1,0,0,1
430.34020,251.25546,470.59308,1,1,0,0,1
430.36047,251.41779,470.29318,1,1,0,0,1
430.38020,251.60063,470.00534,1,1,0,0,1
430.40024,252.02422,469.47137,1,1,0,0,1
430.42038,252.51797,469.00156,1,1,0,0,1
430.44044,252.78822,468.79361,1,1,0,0,1
430.46021,253.07231,468.60501,1,1,0,0,1
430.48007,253.36887,468.43668,1,1,0,0,1
430.50015,253.99353,468.16400,1,1,0,0,1
430.52044,254.31860,468.06097,1,1,0,0,1
430.54053,254.65007,467.98087,1,1,0,0,1
430.56018,254.98631,467.92407,1,1,0,0,1
430.58041,255.32570,467.89087,1,1,0,0,1
430.60017,256.00726,467.89575,1,1,0,0,1
430.62030,256.34613,467.93384,1,1,0,0,1
430.64060,256.68152,467.99545,1,1,0,0,1
430.66004,257.01178,468.08029,1,1,0,0,1
430.68023,257.33533,468.18796,1,1,0,0,1
430.70041,257.65057,468.31793,1,1,0,0,1
430.72021,258.25009,468.64215,1,1,0,0,1
430.74025,258.79868,469.04663,1,1,0,0,1
430.76015,259.05048,469.27658,1,1,0,0,1
430.78029,259.28564,469.52353,1,1,0,0,1
430.80045,259.50302,469.78629,1,1,0,0,1
430.82035,259.88022,470.35397,1,1,0,0,1
430.84027,260.03821,470.65616,1,1,0,0,1
430.86035,260.17474,470.96863,1,1,0,0,1
430.88019,260.28915,471.28986,1,1,0,0,1
430.90042,260.44949,471.95230,1,1,0,0,1
430.92034,260.49463,472.29031,1,1,0,0,1
430.94008,260.51608,472.63065,1,1,0,0,1
430.96044,260.51376,472.97165,1,1,0,0,1
430.98012,260.48767,473.31165,1,1,0,0,1
431.00019,260.36478,473.98206,1,1,0,0,1
431.02028,260.26859,474.30920,1,1,0,0,1
431.04040,260.14981,474.62885,1,1,0,0,1
431.06034,260.00903,474.93942,1,1,0,0,1
431.08044,259.84692,475.23944,1,1,0,0,1
431.10012,259.46204,475.80194,1,1,0,0,1
431.12059,259.24112,476.06171,1,1,0,0,1
431.14045,259.00262,476.30542,1,1,0,0,1
431.16030,258.47763,476.74008,1,1,0,0,1
431.18042,258.19370,476.92889,1,1,0,0,1
431.20014,257.89728,477.09744,1,1,0,0,1
431.22042,257.27283,477.37061,1,1,0,0,1
431.24004,256.94785,477.47388,1,1,0,0,1
431.26020,256.61646,477.55423,1,1,0,0,1
431.28033,256.28027,477.61127,1,1,0,0,1
431.30033,255.60005,477.65442,1,1,0,0,1
431.32016,255.25934,477.64032,1,1,0,0,1
431.34039,254.92044,477.60251,1,1,0,0,1
431.36016,254.58501,477.54114,1,1,0,0,1
431.38017,254.25467,477.45654,1,1,0,0,1
431.40038,253.61568,477.21939,1,1,0,0,1
431.42014,253.31013,477.06796,1,1,0,0,1
431.44034,253.01590,476.89560,1,1,0,0,1
431.46033,252.73441,476.70316,1,1,0,0,1
431.48024,252.46701,476.49155,1,1,0,0,1
431.50042,251.97968,476.01505,1,1,0,0,1
431.52011,251.76212,475.75247,1,1,0,0,1
431.54020,251.56340,475.47537,1,1,0,0,1
431.56039,251.22626,474.88303,1,1,0,0,1
431.58030,251.08948,474.57065,1,1,0,0,1
431.60033,250.97481,474.24951,1,1,0,0,1
431.62051,250.81395,473.58716,1,1,0,0,1
431.64026,250.76854,473.24921,1,1,0,0,1
431.66032,250.74681,472.90891,1,1,0,0,1
431.68005,250.74887,472.56790,1,1,0,0,1
431.70017,250.77470,472.22787,1,1,0,0,1
431.72029,250.89708,471.55734,1,1,0,0,1
431.74011,250.99303,471.23013,1,1,0,0,1
431.76013,251.11156,470.91040,1,1,0,0,1
431.78038,251.25211,470.59970,1,1,0,0,1
431.80058,251.59637,470.01144,1,1,0,0,1
431.82028,251.79843,469.73676,1,1,0,0,1
431.84045,252.01915,469.47684,1,1,0,0,1
431.86015,252.25746,469.23294,1,1,0,0,1
431.88021,252.51221,469.00626,1,1,0,0,1
431.90027,253.06593,468.60883,1,1,0,0,1
431.92034,253.36223,468.44003,1,1,0,0,1
431.94004,253.98647,468.16641,1,1,0,0,1
431.96020,254.31137,468.06290,1,1,0,0,1
431.98014,254.64272,467.98230,1,1,0,0,1
432.00027,254.97887,467.92499,1,1,0,0,1
432.02024,255.65904,467.88129,1,1,0,0,1
432.04046,255.99976,467.89511,1,1,0,0,1
432.06017,256.33868,467.93268,1,1,0,0,1
432.08003,256.67416,467.99377,1,1,0,0,1
432.10006,257.32831,468.18530,1,1,0,0,1
432.12006,257.64377,468.31479,1,1,0,0,1
432.14030,257.94943,468.46597,1,1,0,0,1
432.16029,258.24380,468.63809,1,1,0,0,1
432.18035,258.79300,469.04175,1,1,0,0,1
432.20014,259.04517,469.27130,1,1,0,0,1
432.22026,259.28070,469.51788,1,1,0,0,1
432.24045,259.49847,469.78030,1,1,0,0,1
432.26013,259.87656,470.34741,1,1,0,0,1
432.28036,260.03503,470.64935,1,1,0,0,1
432.30052,260.17206,470.96161,1,1,0,0,1
432.32021,260.28696,471.28265,1,1,0,0,1
432.34045,260.44833,471.94485,1,1,0,0,1
432.36005,260.49399,472.28278,1,1,0,0,1
432.38025,260.51596,472.62308,1,1,0,0,1
432.40024,260.48859,473.30411,1,1,0,0,1
432.42047,260.43936,473.64154,1,1,0,0,1
432.44011,260.36673,473.97470,1,1,0,0,1
432.46012,260.27103,474.30200,1,1,0,0,1
432.48030,260.15274,474.62183,1,1,0,0,1
432.50049,259.85077,475.23288,1,1,0,0,1
432.52030,259.66858,475.52112,1,1,0,0,1
432.54038,259.46674,475.79596,1,1,0,0,1
432.56007,259.24622,476.05606,1,1,0,0,1
432.58017,259.00809,476.30014,1,1,0,0,1
432.60024,258.48373,476.73563,1,1,0,0,1
432.62052,258.20007,476.92490,1,1,0,0,1
432.64029,257.90390,477.09390,1,1,0,0,1
432.66047,257.59668,477.24185,1,1,0,0,1
432.68016,257.27988,477.36801,1,1,0,0,1
432.70047,256.62378,477.55264,1,1,0,0,1
432.72005,256.28766,477.61020,1,0,0,0,1
432.74040,255.94835,477.64417,0,0,0,0,1
432.76014,255.94835,477.64417,0,0,0,0,1
432.78042,255.94835,477.64417,0,0,0,0,1
432.80008,255.94835,477.64417,0,0,0,0,1
432.82050,255.94835,477.64417,0,0,0,0,1
432.84015,255.94835,477.64417,0,0,0,0,1
432.86031,255.94835,477.64417,0,0,0,0,1
432.88028,255.94835,477.64417,0,0,0,0,1
432.90044,255.94835,477.64417,0,0,0,0,1
432.92015,255.94835,477.64417,0,0,0,0,1
432.94028,255.94835,477.64417,0,0,0,0,1
432.96035,255.94835,477.64417,0,0,0,0,1
432.98006,255.94835,477.64417,0,0,0,0,1
433.00051,255.94835,477.64417,0,0,0,0,1
433.02023,255.94835,477.64417,0,0,0,0,1
433.04047,255.94835,477.64417,0,0,0,0,1
433.06036,255.94835,477.64417,0,0,0,0,1
433.08053,255.94835,477.64417,0,0,0,0,1
433.10045,255.94835,477.64417,0,0,0,0,1
433.12016,255.94835,477.64417,0,0,0,0,1
433.14034,255.94835,477.64417,0,0,0,0,1
433.16014,255.94835,477.64417,0,0,0,0,1
433.18019,255.94835,477.64417,0,0,0,0,1
433.20049,255.94835,477.64417,0,0,0,0,1
433.22015,255.94835,477.64417,0,0,0,0,1
433.24033,255.94835,477.64417,0,0,0,0,1
433.26047,255.94835,477.64417,0,0,0,0,1
433.28018,255.94835,477.64417,0,0,0,0,1
433.30027,255.94835,477.64417,0,0,0,0,1
433.32045,255.94835,477.64417,0,0,0,0,1
433.34008,255.94835,477.64417,0,0,0,0,1
433.36038,255.94835,477.64417,0,0,0,0,1
433.38032,255.94835,477.64417,0,0,0,0,1
433.40045,255.94835,477.64417,0,0,0,0,1
433.42025,255.94835,477.64417,0,0,0,0,1
433.44050,255.94835,477.64417,0,0,0,0,1
433.46022,255.94835,477.64417,0,0,0,0,1
433.48052,255.94835,477.64417,0,0,0,0,1
433.50027,255.94835,477.64417,0,0,0,0,1
433.52013,255.94835,477.64417,0,0,0,0,1
433.54023,255.94835,477.64417,0,0,0,0,1
433.56034,255.94835,477.64417,0,0,0,0,1
433.58031,255.94835,477.64417,0,0,0,0,1
433.60019,255.94835,477.64417,0,0,0,0,1
433.62028,255.94835,477.64417,0,0,0,0,1
433.64007,255.94835,477.64417,0,0,0,0,1
433.66024,255.94835,477.64417,0,0,0,0,1
433.68046,255.94835,477.64417,0,0,0,0,1
433.70034,255.94835,477.64417,0,0,0,0,1
433.72046,255.94835,477.64417,0,0,0,0,1
433.74016,255.94835,477.64417,0,0,0,0,1
433.76033,255.94835,477.64417,0,0,0,0,1
433.78047,255.94835,477.64417,0,0,0,0,1
433.80023,255.94835,477.64417,0,0,0,0,1
433.82034,255.94835,477.64417,0,0,0,0,1
433.84049,255.94835,477.64417,0,0,0,0,1
433.86009,255.94835,477.64417,0,0,0,0,1
433.88036,255.94835,477.64417,0,0,0,0,1
433.90037,255.94835,477.64417,0,0,0,0,1
433.92007,255.94835,477.64417,0,0,0,0,1
433.94028,255.94835,477.64417,0,0,0,0,1
433.96029,255.94835,477.64417,0,0,0,0,1
433.98055,255.94835,477.64417,0,0,0,0,1
434.00037,255.94835,477.64417,0,0,0,0,1
434.02005,255.94835,477.64417,0,0,0,0,1
434.04020,255.94835,477.64417,0,0,0,0,1
434.06032,255.94835,477.64417,0,0,0,0,1
434.08043,255.94835,477.64417,0,0,0,0,1
434.10011,255.94835,477.64417,0,0,0,0,1
434.12035,255.94835,477.64417,0,0,0,0,1
434.14007,255.94835,477.64417,0,0,0,0,1
434.16043,255.94835,477.64417,0,0,0,0,1
434.18005,255.94835,477.64417,0,0,0,0,1
434.20036,255.94835,477.64417,0,0,0,0,1
434.22004,255.94835,477.64417,0,0,0,0,1
434.24056,255.94835,477.64417,0,0,0,0,1
434.26022,255.94835,477.64417,1,0,0,0,1
434.28022,255.60750,477.65439,1,0,0,0,1
434.30006,255.26665,477.66461,1,0,0,0,1
434.32004,254.92580,477.67484,1,0,0,0,1
434.34005,254.24409,477.69528,1,0,0,0,1
434.36048,253.90324,477.70551,1,0,0,0,1
434.38049,253.56239,477.71573,1,0,0,0,1
434.40016,253.22154,477.72595,1,0,0,0,1
434.42015,252.53984,477.74640,1,0,0,0,1
434.44033,252.19899,477.75662,1,0,0,0,1
434.46066,251.85814,477.76685,1,0,0,0,1
434.48031,251.51729,477.77707,1,0,0,0,1
434.50049,251.17644,477.78729,1,0,0,0,1
434.52021,250.83559,477.79752,1,0,0,0,1
434.54040,250.15388,477.81796,1,0,0,0,1
434.56015,249.81303,477.82819,1,0,0,0,1
434.58042,249.13133,477.84863,1,0,0,0,1
434.60053,248.79048,477.85886,1,0,0,0,1
434.62039,248.44963,477.86908,1,0,0,0,1
434.64034,248.10878,477.87930,1,0,0,0,1
434.66042,247.42708,477.89975,1,0,0,0,1
434.68007,247.08623,477.90997,1,0,0,0,1
434.70027,246.74538,477.92020,1,0,0,0,1
434.72022,246.40453,477.93042,1,0,0,0,1
434.74042,245.72282,477.95087,1,0,0,0,1
434.76013,245.38197,477.96109,1,0,0,0,1
434.78031,245.04112,477.97131,1,0,0,0,1
434.80027,244.70027,477.98154,1,0,0,0,1
434.82038,244.01857,478.00198,1,0,0,0,1
434.84030,243.67772,478.01221,1,0,0,0,1
434.86024,243.33687,478.02243,1,0,0,0,1
434.88007,242.99602,478.03265,1,0,0,0,1
434.90036,242.65517,478.04288,1,0,0,0,1
434.92006,241.97346,478.06332,1,0,0,0,1
434.94050,241.63261,478.07355,1,0,0,0,1
434.96014,241.29176,478.08377,1,0,0,0,1
434.98023,240.95091,478.09399,1,0,0,0,1
435.00045,240.61006,478.10422,1,0,0,0,1
435.02057,239.92836,478.12466,1,0,0,0,1
435.04026,239.58751,478.13489,1,0,0,0,1
435.06046,239.24666,478.14511,1,0,0,0,1
435.08054,238.90581,478.15533,1,0,0,0,1
435.10011,238.56496,478.16556,1,0,0,0,1
435.12029,237.88326,478.18600,1,0,0,0,1
435.14054,237.20155,478.20645,1,0,0,0,1
435.16018,236.86070,478.21667,1,0,0,0,1
435.18038,236.51985,478.22690,1,0,0,0,1
435.20011,236.17900,478.23712,1,0,0,0,1
435.22032,235.49730,478.25757,1,0,0,0,1
435.24008,235.15645,478.26779,1,0,0,0,1
435.26031,234.81560,478.27802,1,0,0,0,1
435.28054,234.47475,478.28824,1,0,0,0,1
435.30023,234.13390,478.29846,1,0,0,0,1
435.32041,233.45219,478.31891,1,0,0,0,1
435.34008,233.11134,478.32913,1,0,0,0,1
435.36029,232.77049,478.33936,1,0,0,0,1
435.38050,232.42964,478.34958,1,0,0,0,1
435.40010,232.08879,478.35980,1,0,0,0,1
435.42032,231.40709,478.38025,1,0,0,0,1
435.44049,231.06624,478.39047,1,0,0,0,1
435.46024,230.72539,478.40070,1,0,0,0,1
435.48007,230.04369,478.42114,1,0,0,0,1
435.50045,229.70284,478.43137,1,0,0,0,1
435.52053,229.36198,478.44159,1,0,0,0,1
435.54042,228.68028,478.46204,1,0,0,0,1
435.56010,228.33943,478.47226,1,0,0,0,1
435.58035,227.99858,478.48248,1,0,0,0,1
435.60035,227.65773,478.49271,1,0,0,0,1
435.62048,226.97603,478.51315,1,0,0,0,1
435.64029,226.63518,478.52338,1,0,0,0,1
435.66039,226.29433,478.53360,1,0,0,0,1
435.68015,225.95348,478.54382,1,0,0,0,1
435.70023,225.61263,478.55405,1,0,0,0,1
435.72022,224.93092,478.57449,1,0,0,0,1
435.74050,224.59007,478.58472,1,0,0,0,1
435.76042,224.24922,478.59494,1,0,0,0,1
435.78016,223.90837,478.60516,1,0,0,0,1
435.80034,223.56752,478.61539,1,0,0,0,1
435.82007,222.88582,478.63583,1,0,0,0,1
435.84025,222.54497,478.64606,1,0,0,0,1
435.86036,222.20412,478.65628,1,0,0,0,1
435.88004,221.86327,478.66650,1,0,0,0,1
435.90038,221.18156,478.68695,1,0,0,0,1
435.92017,220.84071,478.69717,1,0,0,0,1
435.94016,220.15901,478.71762,1,0,0,0,1
435.96032,219.81816,478.72784,1,0,0,0,1
435.98019,219.47731,478.73807,1,0,0,0,1
436.00041,219.13646,478.74829,1,0,0,0,1
436.02054,218.45476,478.76874,1,0,0,0,1
436.04013,218.11391,478.77896,1,0,0,0,1
436.06016,217.77306,478.78918,1,0,0,0,1
436.08039,217.43221,478.79941,1,0,0,0,1
436.10022,217.09135,478.80963,1,0,0,0,1
436.12042,216.40965,478.83008,1,0,0,0,1
436.14018,216.06880,478.84030,1,0,0,0,1
436.16035,215.72795,478.85052,1,0,0,0,1
436.18048,215.38710,478.86075,1,0,0,0,1
436.20040,215.04625,478.87097,1,0,0,0,1
436.22024,214.36455,478.89142,1,0,0,0,1
436.24044,214.02370,478.90164,1,0,0,0,1
436.26037,213.34200,478.92209,1,0,0,0,1
436.28048,213.00114,478.93231,1,0,0,0,1
436.30028,212.66029,478.94254,1,0,0,0,1
436.32049,212.31944,478.95276,1,0,0,0,1
436.34026,211.63774,478.97321,1,0,0,0,1
436.36011,211.29689,478.98343,1,0,0,0,1
436.38028,210.95604,478.99365,1,0,0,0,1
436.40006,210.61519,479.00388,1,0,0,0,1
436.42021,209.93349,479.02432,1,0,0,0,1
436.44013,209.59264,479.03455,1,0,0,0,1
436.46012,209.25179,479.04477,1,0,0,0,1
436.48039,208.91093,479.05499,1,0,0,0,1
436.50039,208.57008,479.06522,1,0,0,0,1
436.52066,207.88838,479.08566,1,0,0,0,1
436.54039,207.54753,479.09589,1,0,0,0,1
436.56038,207.20668,479.10611,1,0,0,0,1
436.58053,206.86583,479.11633,1,0,0,0,1
436.60008,206.52498,479.12656,1,0,0,0,1
436.62023,205.84328,479.14700,1,0,0,0,1
436.64023,205.16158,479.16745,1,0,0,0,1
436.66040,204.82072,479.17767,1,0,0,0,1
436.68019,204.47987,479.18790,1,0,0,0,1
436.70043,204.13902,479.19812,1,0,0,0,1
436.72055,203.79817,479.20834,1,0,0,0,1
436.74028,203.11647,479.22879,1,0,0,0,1
436.76023,202.77562,479.23901,1,0,0,0,1
436.78046,202.43477,479.24924,1,0,0,0,1
436.80039,202.09392,479.25946,1,0,0,0,1
436.82012,201.75307,479.26968,1,0,0,0,1
436.84025,201.07137,479.29013,1,0,0,0,1
436.86033,200.73051,479.30035,1,0,0,0,1
436.88045,200.38966,479.31058,1,0,0,0,1
436.90026,200.04881,479.32080,1,0,0,0,1
436.92023,199.70796,479.33102,1,0,0,0,1
436.94040,199.02626,479.35147,1,0,0,0,1
436.96012,198.68541,479.36169,1,0,0,0,1
436.98021,198.34456,479.37192,0,0,0,0,1
437.00036,198.34456,479.37192,0,0,0,0,1
437.02055,198.34456,479.37192,0,0,0,0,1
437.04029,198.34456,479.37192,0,0,0,0,1
437.06060,198.34456,479.37192,0,0,0,0,1
437.08020,198.34456,479.37192,0,0,0,0,1
437.10032,198.34456,479.37192,0,0,0,0,1
437.12052,198.34456,479.37192,0,0,0,0,1
437.14022,198.34456,479.37192,0,0,0,0,1
437.16043,198.34456,479.37192,0,0,0,0,1
437.18039,198.34456,479.37192,0,0,0,0,1
437.20012,198.34456,479.37192,0,0,0,0,1
437.22040,198.34456,479.37192,0,0,0,0,1
437.24048,198.34456,479.37192,0,0,0,0,1
437.26030,198.34456,479.37192,0,0,0,0,1
437.28050,198.34456,479.37192,0,0,0,0,1
437.30036,198.34456,479.37192,0,0,0,0,1
437.32034,198.34456,479.37192,0,0,0,0,1
437.34046,198.34456,479.37192,0,0,0,0,1
437.36048,198.34456,479.37192,0,0,0,0,1
437.38009,198.34456,479.37192,0,0,0,0,1
437.40050,198.34456,479.37192,0,0,0,0,1
437.42050,198.34456,479.37192,0,0,0,0,1
437.44004,198.34456,479.37192,0,0,0,0,1
437.46024,198.34456,479.37192,0,0,0,0,1
437.48048,198.34456,479.37192,0,0,0,0,1
437.50021,198.34456,479.37192,0,0,0,0,1
437.52042,198.34456,479.37192,0,0,0,0,1
437.54012,198.34456,479.37192,0,0,0,0,1
437.56037,198.34456,479.37192,0,0,0,0,1
437.58006,198.34456,479.37192,0,0,0,0,1
437.60026,198.34456,479.37192,0,0,0,0,1
437.62051,198.34456,479.37192,0,0,0,0,1
437.64033,198.34456,479.37192,0,0,0,0,1
437.66026,198.34456,479.37192,0,0,0,0,1
437.68050,198.34456,479.37192,0,0,0,0,1
437.70018,198.34456,479.37192,0,0,0,0,1
437.72026,198.34456,479.37192,0,0,0,0,1
437.74040,198.34456,479.37192,0,0,0,0,1
437.76045,198.34456,479.37192,0,0,0,0,1
437.78048,198.34456,479.37192,0,0,0,0,1
437.80016,198.34456,479.37192,0,0,0,0,1
437.82024,198.34456,479.37192,0,0,0,0,1
437.84035,198.34456,479.37192,0,0,0,0,1
437.86017,198.34456,479.37192,0,0,0,0,1
437.88022,198.34456,479.37192,0,0,0,0,1
437.90043,198.34456,479.37192,0,0,0,0,1
437.92034,198.34456,479.37192,0,0,0,0,1
437.94043,198.34456,479.37192,0,0,0,0,1
437.96020,198.34456,479.37192,0,0,0,0,1
437.98041,198.34456,479.37192,0,0,0,0,1
438.00046,198.34456,479.37192,0,0,0,0,1
438.02012,198.34456,479.37192,0,0,0,0,1
438.04033,198.34456,479.37192,0,0,0,0,1
438.06040,198.34456,479.37192,0,0,0,0,1
438.08014,198.34456,479.37192,0,0,0,0,1
438.10054,198.34456,479.37192,0,0,0,0,1
438.12048,198.34456,479.37192,0,0,0,0,1
438.14019,198.34456,479.37192,0,0,0,0,1
438.16036,198.34456,479.37192,0,0,0,0,1
438.18005,198.34456,479.37192,0,0,0,0,1
438.20031,198.34456,479.37192,0,0,0,0,1
438.22052,198.34456,479.37192,0,0,0,0,1
438.24023,198.34456,479.37192,0,0,0,0,1
438.26040,198.34456,479.37192,0,0,0,0,1
438.28049,198.34456,479.37192,0,0,0,0,1
438.30021,198.34456,479.37192,0,0,0,0,1
438.32038,198.34456,479.37192,0,0,0,0,1
438.34021,198.34456,479.37192,0,0,0,0,1
438.36031,198.34456,479.37192,0,0,0,0,1
438.38049,198.34456,479.37192,0,0,0,0,1
438.40026,198.34456,479.37192,0,0,0,0,1
438.42047,198.34456,479.37192,0,0,0,0,1
438.44030,198.34456,479.37192,0,0,0,0,1
438.46039,198.34456,479.37192,0,0,0,0,1
438.48052,198.34456,479.37192,1,0,1,0,1
438.50027,198.00371,479.38214,1,0,1,0,1
438.52046,197.66441,479.41614,1,0,1,0,1
438.54021,196.99707,479.55472,1,0,1,0,1
438.56013,196.67229,479.65860,1,0,1,0,1
438.58039,196.35555,479.78491,1,0,1,0,1
438.60007,196.04840,479.93304,1,0,1,0,1
438.62011,195.75235,480.10226,1,0,1,0,1
438.64011,194.94490,480.72769,1,0,1,0,1
438.66017,194.70703,480.97202,1,0,1,0,1
438.68020,194.48682,481.23236,1,0,1,0,1
438.70021,194.28531,481.50745,1,0,1,0,1
438.72041,194.10352,481.79593,1,0,1,0,1
438.74052,193.80247,482.40741,1,0,1,0,1
438.76007,193.68471,482.72742,1,0,1,0,1
438.78003,193.58957,483.05487,1,0,1,0,1
438.80028,193.51753,483.38818,1,0,1,0,1
438.82030,193.46895,483.72571,1,0,1,0,1
438.84045,193.44298,484.40680,1,0,1,0,1
438.86023,193.46571,484.74704,1,0,1,0,1
438.88029,193.51216,485.08487,1,0,1,0,1
438.90052,193.58208,485.41861,1,0,1,0,1
438.92038,193.67514,485.74667,1,0,1,0,1
438.94021,193.92874,486.37933,1,0,1,0,1
438.96040,194.08804,486.68085,1,0,1,0,1
438.98047,194.26801,486.97049,1,0,1,0,1
439.00034,194.46776,487.24686,1,0,1,0,1
439.02018,194.68633,487.50861,1,0,1,0,1
439.04032,195.17554,487.98318,1,0,1,0,1
439.06048,195.72610,488.38495,1,0,1,0,1
439.08010,196.02109,488.55603,1,0,1,0,1
439.10033,196.32729,488.70609,1,0,1,0,1
439.12029,196.64322,488.83441,1,0,1,0,1
439.14047,197.29808,489.02338,1,0,1,0,1
439.16038,197.63380,489.08313,1,0,1,0,1
439.18008,197.97289,489.11929,1,0,1,0,1
439.20045,198.31366,489.13168,1,0,1,0,1
439.22017,198.65446,489.12024,1,0,1,0,1
439.24022,199.32953,489.02621,1,0,1,0,1
439.26048,199.66049,488.94409,1,0,1,0,1
439.28047,199.98491,488.83905,1,0,1,0,1
439.30039,200.30119,488.71161,1,0,1,0,1
439.32025,200.60782,488.56241,1,0,1,0,1
439.34022,201.18611,488.20166,1,0,1,0,1
439.36035,201.45496,487.99188,1,0,1,0,1
439.38011,201.70850,487.76385,1,0,1,0,1
439.40005,201.94550,487.51868,1,0,1,0,1
439.42019,202.16479,487.25754,1,0,1,0,1
439.44043,202.54610,486.69257,1,0,1,0,1
439.46010,202.84496,486.08002,1,0,1,0,1
439.48027,202.96159,485.75958,1,0,1,0,1
439.50012,203.05556,485.43179,1,0,1,0,1
439.52043,203.12640,485.09824,1,0,1,0,1
439.54033,203.19746,484.42038,1,0,1,0,1
439.56007,203.19737,484.07938,1,0,1,0,1
439.58040,203.17346,483.73923,1,0,1,0,1
439.60042,203.12585,483.40158,1,0,1,0,1
439.62022,203.05478,483.06808,1,0,1,0,1
439.64022,202.84373,482.42001,1,0,1,0,1
439.66013,202.70480,482.10861,1,0,1,0,1
439.68023,202.54446,481.80765,1,0,1,0,1
439.70014,202.36349,481.51862,1,0,1,0,1
439.72041,202.16278,481.24295,1,0,1,0,1
439.74016,201.70615,480.73694,1,0,1,0,1
439.76046,201.45245,480.50906,1,0,1,0,1
439.78038,201.18347,480.29947,1,0,1,0,1
439.80046,200.90050,480.10919,1,0,1,0,1
439.82014,200.29822,479.79010,1,0,1,0,1
439.84020,199.98184,479.66287,1,0,1,0,1
439.86048,199.32632,479.47614,1,0,1,0,1
439.88036,198.99040,479.41754,1,0,1,0,1
439.90015,198.65120,479.38257,1,0,1,0,1
439.92016,198.31038,479.37137,1,0,1,0,1
439.94022,197.63057,479.42035,1,0,1,0,1
439.96038,197.29489,479.48032,1,0,1,0,1
439.98040,196.96422,479.56360,1,0,1,0,1
440.00054,196.64017,479.66977,1,0,1,0,1
440.02025,196.32431,479.79831,1,0,1,0,1
440.04041,196.01820,479.94858,1,0,1,0,1
440.06019,195.44116,480.31134,1,0,1,0,1
440.08033,195.17303,480.52203,1,0,1,0,1
440.10026,194.92029,480.75095,1,0,1,0,1
440.12015,194.68414,480.99695,1,0,1,0,1
440.14036,194.26617,481.53534,1,0,1,0,1
440.16021,194.08640,481.82510,1,0,1,0,1
440.18033,193.92729,482.12671,1,0,1,0,1
440.20014,193.78964,482.43869,1,0,1,0,1
440.22031,193.58128,483.08765,1,0,1,0,1
440.24014,193.51158,483.42145,1,0,1,0,1
440.26038,193.44286,484.09958,1,0,1,0,1
440.28047,193.44417,484.44058,1,0,1,0,1
440.30028,193.46928,484.78067,1,0,1,0,1
440.32045,193.51810,485.11816,1,0,1,0,1
440.34011,193.68570,485.77881,1,0,1,0,1
440.36046,193.80368,486.09875,1,0,1,0,1
440.38014,193.94373,486.40967,1,0,1,0,1
440.40044,194.10513,486.71005,1,0,1,0,1
440.42045,194.28712,486.99841,1,0,1,0,1
440.44050,194.70921,487.53357,1,0,1,0,1
440.46049,194.94724,487.77774,1,0,1,0,1
440.48044,195.20174,488.00470,1,0,1,0,1
440.50010,195.75511,488.40262,1,0,1,0,1
440.52030,196.05128,488.57162,1,0,1,0,1
440.54025,196.35854,488.71954,1,0,1,0,1
440.56033,196.67537,488.84564,1,0,1,0,1
440.58052,197.33153,489.03003,1,0,1,0,1
440.60029,197.66766,489.08743,1,0,1,0,1
440.62048,198.00699,489.12122,1,0,1,0,1
440.64043,198.34784,489.13123,1,0,1,0,1
440.66038,199.02748,489.07980,1,0,1,0,1
440.68010,199.36295,489.01865,1,0,1,0,1
440.70022,199.69333,488.93420,1,0,1,0,1
440.72005,200.01700,488.82690,1,0,1,0,1
440.74022,200.63797,488.54590,1,0,1,0,1
440.76046,200.93222,488.37357,1,0,1,0,1
440.78012,201.21371,488.18112,1,0,1,0,1
440.80006,201.48108,487.96948,1,0,1,0,1
440.82006,201.73302,487.73969,1,0,1,0,1
440.84034,202.18576,487.23019,1,0,1,0,1
440.86043,202.38435,486.95300,1,0,1,0,1
440.88041,202.56310,486.66260,1,0,1,0,1
440.90016,202.72113,486.36041,1,0,1,0,1
440.92026,202.85767,486.04794,1,0,1,0,1
440.94041,203.06372,485.39825,1,0,1,0,1
440.96049,203.13223,485.06421,1,0,1,0,1
440.98031,203.17725,484.72620,1,0,1,0,1
441.00003,203.19855,484.38586,1,0,1,0,1
441.02004,203.16977,483.70486,1,0,1,0,1
441.04018,203.04639,483.03455,1,0,1,0,1
441.06038,202.94991,482.70749,1,0,1,0,1
441.08007,202.83083,482.38797,1,0,1,0,1
441.10037,202.68971,482.07755,1,0,1,0,1
441.12040,202.52727,481.77771,1,0,1,0,1
441.14009,202.14165,481.21570,1,0,1,0,1
441.16031,201.92035,480.95627,1,0,1,0,1
441.18038,201.68147,480.71292,1,0,1,0,1
441.20004,201.42619,480.48685,1,0,1,0,1
441.22024,201.15575,480.27914,1,0,1,0,1
441.24049,200.57471,479.92285,1,0,1,0,1
441.26004,200.26695,479.77600,1,0,1,0,1
441.28034,199.94969,479.65100,1,0,1,0,1
441.30028,199.62448,479.54846,1,0,1,0,1
441.32015,199.29289,479.46887,1,0,1,0,1
441.34019,198.61713,479.38000,1,0,1,0,1
441.36038,198.27625,479.37119,1,0,1,0,1
441.38048,197.93558,479.38620,1,0,1,0,1
441.40016,197.26154,479.48727,1,0,1,0,1
441.42025,196.93144,479.57285,1,0,1,0,1
441.44020,196.29320,479.81201,1,0,1,0,1
441.46028,195.98816,479.96442,1,0,1,0,1
441.48047,195.69450,480.13776,1,0,1,0,1
441.50019,195.41367,480.33118,1,0,1,0,1
441.52027,195.14703,480.54373,1,0,1,0,1
441.54038,194.66147,481.02206,1,0,1,0,1
441.56019,194.44492,481.28546,1,0,1,0,1
441.58036,194.24728,481.56335,1,0,1,0,1
441.60032,194.06953,481.85437,1,0,1,0,1
441.62050,193.91255,482.15707,1,0,1,0,1
441.64009,193.77708,482.47000,1,0,1,0,1
441.66051,193.57326,483.12039,1,0,1,0,1
441.68050,193.50591,483.45468,1,0,1,0,1
441.70015,193.46205,483.79285,1,0,1,0,1
441.72031,193.44193,484.13324,1,0,1,0,1
441.74015,193.44562,484.47421,1,0,1,0,1
441.76026,193.52428,485.15121,1,0,1,0,1
441.78009,193.69650,485.81067,1,0,1,0,1
441.80029,193.81673,486.12976,1,0,1,0,1
441.82048,193.95894,486.43970,1,0,1,0,1
441.84016,194.12245,486.73895,1,0,1,0,1
441.86055,194.51007,487.29956,1,0,1,0,1
441.88011,194.73228,487.55823,1,0,1,0,1
441.90027,194.97202,487.80072,1,0,1,0,1
441.92024,195.22810,488.02588,1,0,1,0,1
441.94049,195.49928,488.23260,1,0,1,0,1
441.96048,196.08159,488.58682,1,0,1,0,1
441.98012,196.38986,488.73257,1,0,1,0,1
442.00025,196.70757,488.85645,1,0,1,0,1
442.02019,197.03314,488.95782,1,0,1,0,1
442.04024,197.36501,489.03622,1,0,1,0,1
442.06048,198.04109,489.12268,1,0,1,0,1
442.08016,198.38200,489.13031,1,0,1,0,1
442.10024,198.72263,489.11411,1,0,1,0,1
442.12044,199.06128,489.07416,1,0,1,0,1
442.14057,199.39632,489.01065,1,0,1,0,1
442.16033,200.04903,488.81433,1,0,1,0,1
442.18035,200.66801,488.52896,1,0,1,0,1
442.20038,200.96106,488.35458,1,0,1,0,1
442.22011,201.24121,488.16016,1,0,1,0,1
442.24030,201.50710,487.94666,1,0,1,0,1
442.26051,201.99095,487.46661,1,0,1,0,1
442.28029,202.20657,487.20242,1,0,1,0,1
442.30040,202.40321,486.92383,1,0,1,0,1
442.32007,202.57993,486.63217,1,0,1,0,1
442.34017,202.73584,486.32889,1,0,1,0,1
442.36011,202.98233,485.69345,1,0,1,0,1
442.38025,203.07170,485.36438,1,0,1,0,1
442.40025,203.13788,485.02988,1,0,1,0,1
442.42040,203.18053,484.69156,1,0,1,0,1
442.44020,203.19945,484.35107,1,0,1,0,1
442.46036,203.16591,483.67032,1,0,1,0,1
442.48026,203.11359,483.33334,1,0,1,0,1
442.50005,203.03786,483.00085,1,0,1,0,1
442.52040,202.93909,482.67447,1,0,1,0,1
442.54016,202.81776,482.35577,1,0,1,0,1
442.56032,202.32495,481.46118,1,0,1,0,1
442.58022,202.12041,481.18835,1,0,1,0,1
442.60053,201.89731,480.93048,1,0,1,0,1
442.62034,201.65674,480.68881,1,0,1,0,1
442.64021,201.39989,480.46454,1,0,1,0,1
442.66054,200.84239,480.07242,1,0,1,0,1
442.68019,200.54448,479.90649,1,0,1,0,1
442.70026,200.23570,479.76178,1,0,1,0,1
442.72010,199.91757,479.63901,1,0,1,0,1
442.74031,199.59164,479.53873,1,0,1,0,1
442.76040,198.92279,479.40756,1,0,1,0,1
442.78019,198.58313,479.37732,1,0,0,0,1
442.80041,198.24219,479.37088,1,0,0,0,1
442.82019,197.90125,479.36444,1,0,0,0,1
442.84024,197.56030,479.35800,0,0,0,0,1
442.86023,197.21936,479.35156,0,0,0,0,1
442.88040,197.21936,479.35156,0,0,0,0,1
442.90021,197.21936,479.35156,0,0,0,0,1
442.92022,197.21936,479.35156,0,0,0,0,1
442.94045,197.21936,479.35156,0,0,0,0,1
442.96013,197.21936,479.35156,0,0,0,0,1
442.98035,197.21936,479.35156,0,0,0,0,1
443.00037,197.21936,479.35156,0,0,0,0,1
443.02038,197.21936,479.35156,0,0,0,0,1
443.04021,197.21936,479.35156,0,0,0,0,1
443.06034,197.21936,479.35156,0,0,0,0,1
443.08025,197.21936,479.35156,0,0,0,0,1
443.10008,197.21936,479.35156,0,0,0,0,1
443.12017,197.21936,479.35156,0,0,0,0,1
443.14020,197.21936,479.35156,0,0,0,0,1
443.16047,197.21936,479.35156,0,0,0,0,1
443.18039,197.21936,479.35156,0,0,0,0,1
443.20023,197.21936,479.35156,0,0,0,0,1
443.22042,197.21936,479.35156,0,0,0,0,1
443.24026,197.21936,479.35156,0,0,0,0,1
443.26039,197.21936,479.35156,0,0,0,0,1
443.28004,197.21936,479.35156,0,0,0,0,1
443.30030,197.21936,479.35156,0,0,0,0,1
443.32043,197.21936,479.35156,0,0,0,0,1
443.34006,197.21936,479.35156,0,0,0,0,1
443.36021,197.21936,479.35156,0,0,0,0,1
443.38036,197.21936,479.35156,0,0,0,0,1
443.40054,197.21936,479.35156,0,0,0,0,1
443.42023,197.21936,479.35156,0,0,0,0,1
443.44039,197.21936,479.35156,0,0,0,0,1
443.46011,197.21936,479.35156,0,0,0,0,1
443.48035,197.21936,479.35156,0,0,0,0,1
443.50005,197.21936,479.35156,0,0,0,0,1
443.52033,197.21936,479.35156,0,0,0,0,1
443.54034,197.21936,479.35156,0,0,0,0,1
443.56053,197.21936,479.35156,0,0,0,0,1
443.58021,197.21936,479.35156,0,0,0,0,1
443.60041,197.21936,479.35156,0,0,0,0,1
443.62021,197.21936,479.35156,0,0,0,0,1
443.64041,197.21936,479.35156,0,0,0,0,1
443.66032,197.21936,479.35156,0,0,0,0,1
443.68015,197.21936,479.35156,0,0,0,0,1
443.70033,197.21936,479.35156,0,0,0,0,1
443.72004,197.21936,479.35156,0,0,0,0,1
443.74041,197.21936,479.35156,0,0,0,0,1
443.76027,197.21936,479.35156,0,0,0,0,1
443.78038,197.21936,479.35156,0,0,0,0,1
443.80016,197.21936,479.35156,0,0,0,0,1
443.82019,197.21936,479.35156,0,0,0,0,1
443.84024,197.21936,479.35156,0,0,0,0,1
443.86039,197.21936,479.35156,0,0,0,0,1
443.88023,197.21936,479.35156,0,0,0,0,1
443.90039,197.21936,479.35156,0,0,0,0,1
443.92011,197.21936,479.35156,0,0,0,0,1
443.94047,197.21936,479.35156,0,0,0,0,1
443.96032,197.21936,479.35156,0,0,0,0,1
443.98045,197.21936,479.35156,0,0,0,0,1
444.00010,197.21936,479.35156,0,0,0,0,1
444.02024,197.21936,479.35156,0,0,0,0,1
444.04038,197.21936,479.35156,0,0,0,0,1
444.06007,197.21936,479.35156,0,0,0,0,1
444.08015,197.21936,479.35156,0,0,0,0,1
444.10051,197.21936,479.35156,0,0,0,0,1
444.12051,197.21936,479.35156,0,0,0,0,1
444.14054,197.21936,479.35156,0,0,0,0,1
444.16022,197.21936,479.35156,0,0,0,0,1
444.18008,197.21936,479.35156,0,0,0,0,1
444.20008,197.21936,479.35156,0,0,0,0,1
444.22033,197.21936,479.35156,0,0,0,0,1
444.24015,197.21936,479.35156,1,0,0,0,1
444.26040,196.87842,479.34512,1,1,0,0,1
444.28016,196.53748,479.33868,1,1,0,0,1
444.30039,196.19781,479.30847,1,1,0,0,1
444.32006,195.86108,479.25467,1,1,0,0,1
444.34016,195.52893,479.17749,1,1,0,0,1
444.36039,194.88478,478.95471,1,1,0,0,1
444.38009,194.57593,478.81018,1,1,0,0,1
444.40038,194.27789,478.64447,1,1,0,0,1
444.42006,193.99214,478.45837,1,1,0,0,1
444.44010,193.72008,478.25281,1,1,0,0,1
444.46037,193.22217,477.78735,1,1,0,0,1
444.48033,192.99876,477.52972,1,1,0,0,1
444.50020,192.79387,477.25714,1,1,0,0,1
444.52037,192.60849,476.97095,1,1,0,0,1
444.54005,192.44353,476.67252,1,1,0,0,1
444.56042,192.17793,476.04483,1,1,0,0,1
444.58042,192.00226,475.38629,1,1,0,0,1
444.60053,191.94928,475.04944,1,1,0,0,1
444.62036,191.91992,474.70972,1,1,0,0,1
444.64008,191.91434,474.36877,1,1,0,0,1
444.66006,191.97444,473.68985,1,1,0,0,1
444.68028,192.03984,473.35519,1,1,0,0,1
444.70051,192.12842,473.02591,1,1,0,0,1
444.72025,192.23975,472.70358,1,1,0,0,1
444.74048,192.37329,472.38983,1,1,0,0,1
444.76020,192.70428,471.79401,1,1,0,0,1
444.78037,192.90013,471.51486,1,1,0,0,1
444.80054,193.11496,471.25006,1,1,0,0,1
444.82026,193.34773,471.00089,1,1,0,0,1
444.84010,193.59732,470.76852,1,1,0,0,1
444.86026,194.14200,470.35876,1,1,0,0,1
444.88040,194.43443,470.18338,1,1,0,0,1
444.90053,194.73839,470.02881,1,1,0,0,1
444.92041,195.05238,469.89581,1,1,0,0,1
444.94029,195.70435,469.69702,1,1,0,0,1
444.96014,196.37761,469.59088,1,1,0,0,1
444.98019,196.71815,469.57327,1,1,0,0,1
445.00040,197.05910,469.57944,1,1,0,0,1
445.02022,197.39877,469.60938,1,1,0,0,1
445.04019,197.73553,469.66293,1,1,0,0,1
445.06029,198.39378,469.83972,1,1,0,0,1
445.08047,198.71207,469.96210,1,1,0,0,1
445.10013,199.02104,470.10638,1,1,0,0,1
445.12031,199.31920,470.27188,1,1,0,0,1
445.14022,199.60509,470.45776,1,1,0,0,1
445.16044,200.13457,470.88696,1,1,0,0,1
445.18016,200.37558,471.12820,1,1,0,0,1
445.20023,200.59918,471.38565,1,1,0,0,1
445.22022,200.80428,471.65808,1,1,0,0,1
445.24045,200.98987,471.94415,1,1,0,0,1
445.26027,201.29906,472.55157,1,1,0,0,1
445.28023,201.42114,472.86996,1,1,0,0,1
445.30031,201.59732,473.52838,1,1,0,0,1
445.32017,201.65056,473.86520,1,1,0,0,1
445.34034,201.68018,474.20493,1,1,0,0,1
445.36032,201.66809,474.88638,1,1,0,0,1
445.38015,201.62645,475.22482,1,1,0,0,1
445.40006,201.56131,475.55954,1,1,0,0,1
445.42015,201.47298,475.88892,1,1,0,0,1
445.44024,201.36189,476.21130,1,1,0,0,1
445.46010,201.07373,476.82898,1,1,0,0,1
445.48025,200.89806,477.12125,1,1,0,0,1
445.50041,200.70242,477.40054,1,1,0,0,1
445.52027,200.48779,477.66553,1,1,0,0,1
445.54018,200.25520,477.91489,1,1,0,0,1
445.56042,199.74078,478.36200,1,1,0,0,1
445.58014,199.46144,478.55759,1,1,0,0,1
445.60031,199.16914,478.73322,1,1,0,0,1
445.62037,198.86531,478.88803,1,1,0,0,1
445.64020,198.55142,479.02127,1,1,0,0,1
445.66035,197.89963,479.22055,1,1,0,0,1
445.68030,197.22644,479.32721,1,1,0,0,1
445.70046,196.88591,479.34509,1,1,0,0,1
445.72024,196.54497,479.33917,1,1,0,0,1
445.74046,196.20526,479.30948,1,1,0,0,1
445.76013,195.86845,479.25620,1,1,0,0,1
445.78036,195.21007,479.07990,1,1,0,0,1
445.80010,194.89169,478.95776,1,1,0,0,1
445.82037,194.58261,478.81372,1,1,0,0,1
445.84008,194.28433,478.64847,1,1,0,0,1
445.86035,193.72592,478.25766,1,1,0,0,1
445.88020,193.46851,478.03403,1,1,0,0,1
445.90050,193.22731,477.79297,1,1,0,0,1
445.92029,193.00351,477.53568,1,1,0,0,1
445.94007,192.79820,477.26340,1,1,0,0,1
445.96055,192.44696,476.67929,1,1,0,0,1
445.98027,192.30273,476.37030,1,1,0,0,1
446.00026,192.18040,476.05200,1,1,0,0,1
446.02020,192.08057,475.72595,1,1,0,0,1
446.04034,192.00372,475.39374,1,1,0,0,1
446.06006,191.95023,475.05695,1,1,0,0,1
446.08024,191.93192,474.03577,1,1,0,0,1
446.10022,191.97330,473.69730,1,1,0,0,1
446.12013,192.03819,473.36252,1,1,0,0,1
446.14013,192.12627,473.03308,1,1,0,0,1
446.16019,192.23711,472.71060,1,1,0,0,1
446.18027,192.52480,472.09271,1,1,0,0,1
446.20091,192.70024,471.80032,1,1,0,0,1
446.22008,192.89566,471.52087,1,1,0,0,1
446.24019,193.11009,471.25574,1,1,0,0,1
446.26033,193.34248,471.00620,1,1,0,0,1
446.28024,193.85658,470.55869,1,1,0,0,1
446.30039,194.13577,470.36288,1,1,0,0,1
446.32045,194.42793,470.18704,1,1,0,0,1
446.34014,194.73164,470.03201,1,1,0,0,1
446.36033,195.04544,469.89853,1,1,0,0,1
446.38015,195.69710,469.69873,1,1,0,0,1
446.40030,196.03178,469.63339,1,1,0,0,1
446.42015,196.37021,469.59155,1,1,0,0,1
446.44045,196.71072,469.57343,1,1,0,0,1
446.46030,197.05168,469.57907,1,1,0,0,1
446.48009,198.06059,469.73795,1,1,0,0,1
446.50042,198.38678,469.83734,1,1,0,0,1
446.52012,198.70525,469.95923,1,1,0,0,1
446.54044,199.01443,470.10303,1,1,0,0,1
446.56018,199.31284,470.26807,1,1,0,0,1
446.58016,199.87155,470.65845,1,1,0,0,1
446.60029,200.12914,470.88190,1,1,0,0,1
446.62012,200.37051,471.12277,1,1,0,0,1
446.64024,200.59451,471.37988,1,1,0,0,1
446.66007,200.80003,471.65201,1,1,0,0,1
446.68016,201.15172,472.23584,1,1,0,0,1
446.70005,201.29619,472.54474,1,1,0,0,1
446.72048,201.41876,472.86295,1,1,0,0,1
446.74017,201.51884,473.18893,1,1,0,0,1
446.76060,201.59595,473.52112,1,1,0,0,1
446.78028,201.67984,474.19751,1,1,0,0,1
446.80023,201.68622,474.53845,1,1,0,0,1
446.82037,201.66881,474.87900,1,1,0,0,1
446.84052,201.62769,475.21750,1,1,0,0,1
446.86030,201.56305,475.55231,1,1,0,0,1
446.88016,201.23181,476.51843,1,1,0,0,1
446.90025,201.07741,476.82248,1,1,0,0,1
446.92012,200.90218,477.11502,1,1,0,0,1
446.94027,200.70697,477.39462,1,1,0,0,1
446.96055,200.49275,477.65994,1,1,0,0,1
446.98050,200.01149,478.14258,1,1,0,0,1
447.00031,199.74680,478.35757,1,1,0,0,1
447.02042,199.46776,478.55359,1,1,0,0,1
447.04024,199.17572,478.72964,1,1,0,0,1
447.06016,198.87212,478.88492,1,1,0,0,1
447.08025,198.23618,479.13016,1,1,0,0,1
447.10039,197.90694,479.21893,1,1,0,0,1
447.12011,197.57231,479.28452,1,1,0,0,1
447.14037,197.23392,479.32660,1,1,0,0,1
447.16014,196.89342,479.34500,1,1,0,0,1
447.18016,196.21271,479.31046,1,1,0,0,1
447.20024,195.87582,479.25766,1,1,0,0,1
447.22023,195.54344,479.18152,1,1,0,0,1
447.24012,195.21718,479.08237,1,1,0,0,1
447.26047,194.89862,478.96072,1,1,0,0,1
447.28033,194.29079,478.65234,1,1,0,0,1
447.30046,193.73177,478.26239,1,1,0,0,1
447.32019,193.47400,478.03912,1,1,0,0,1
447.34020,193.23244,477.79843,1,1,0,0,1
447.36021,193.00826,477.54147,1,1,0,0,1
447.38031,192.61627,476.98389,1,1,0,0,1
447.40032,192.45039,476.68594,1,1,0,0,1
447.42049,192.30569,476.37717,1,1,0,0,1
447.44016,192.18288,476.05905,1,1,0,0,1
447.46043,192.08255,475.73315,1,1,0,0,1
447.48015,191.95117,475.06433,1,1,0,0,1
447.50047,191.92078,474.72470,1,1,0,0,1
447.52047,191.91414,474.38376,1,1,0,0,1
447.54048,191.93129,474.04318,1,1,0,0,1
447.56051,191.97215,473.70465,1,1,0,0,1
447.58041,192.12410,473.04022,1,1,0,0,1
447.60017,192.23444,472.71756,1,1,0,0,1
447.62033,192.36702,472.40338,1,1,0,0,1
447.64049,192.52118,472.09921,1,1,0,0,1
447.66021,192.89117,471.52679,1,1,0,0,1
447.68040,193.10519,471.26132,1,1,0,0,1
447.70006,193.58607,470.77829,1,1,0,0,1
447.72021,193.85060,470.56311,1,1,0,0,1
447.74013,194.12949,470.36688,1,1,0,0,1
447.76028,194.42139,470.19058,1,1,0,0,1
447.78024,195.03845,469.90109,1,1,0,0,1
447.80057,195.36061,469.78934,1,1,0,0,1
447.82040,195.68979,469.70032,1,1,0,0,1
447.84011,196.02437,469.63446,1,1,0,0,1
447.86017,196.36273,469.59210,1,1,0,0,1
447.88047,197.04417,469.57858,1,1,0,0,1
447.90055,197.38394,469.60748,1,1,0,0,1
447.92053,197.72087,469.66000,1,1,0,0,1
447.94011,198.05331,469.73590,1,1,0,0,1
447.96017,198.37965,469.83481,0,0,0,0,1
447.98044,198.69830,469.95621,0,0,0,0,1
448.00026,198.69830,469.95621,0,0,0,0,1
448.02042,198.69830,469.95621,0,0,0,0,1
448.04025,198.69830,469.95621,0,0,0,0,1
448.06037,198.69830,469.95621,0,0,0,0,1
448.08016,198.69830,469.95621,0,0,0,0,1
448.10038,198.69830,469.95621,0,0,0,0,1
448.12024,198.69830,469.95621,0,0,0,0,1
448.14060,198.69830,469.95621,0,0,0,0,1
448.16012,198.69830,469.95621,0,0,0,0,1
448.18017,198.69830,469.95621,0,0,0,0,1
448.20025,198.69830,469.95621,0,0,0,0,1
448.22047,198.69830,469.95621,0,0,0,0,1
448.24007,198.69830,469.95621,0,0,0,0,1
448.26023,198.69830,469.95621,0,0,0,0,1
448.28056,198.69830,469.95621,0,0,0,0,1
448.30032,198.69830,469.95621,0,0,0,0,1
448.32048,198.69830,469.95621,0,0,0,0,1
448.34017,198.69830,469.95621,0,0,0,0,1
448.36034,198.69830,469.95621,0,0,0,0,1
448.38039,198.69830,469.95621,0,0,0,0,1
448.40020,198.69830,469.95621,0,0,0,0,1
448.42037,198.69830,469.95621,0,0,0,0,1
448.44049,198.69830,469.95621,0,0,0,0,1
448.46016,198.69830,469.95621,0,0,0,0,1
448.48036,198.69830,469.95621,0,0,0,0,1
448.50022,198.69830,469.95621,0,0,0,0,1
448.52033,198.69830,469.95621,0,0,0,0,1
448.54048,198.69830,469.95621,0,0,0,0,1
448.56013,198.69830,469.95621,0,0,0,0,1
448.58013,198.69830,469.95621,0,0,0,0,1
448.60028,198.69830,469.95621,0,0,0,0,1
448.62050,198.69830,469.95621,0,0,0,0,1
448.64029,198.69830,469.95621,0,0,0,0,1
448.66051,198.69830,469.95621,0,0,0,0,1
448.68017,198.69830,469.95621,0,0,0,0,1
448.70032,198.69830,469.95621,0,0,0,0,1
448.72035,198.69830,469.95621,0,0,0,0,1
448.74049,198.69830,469.95621,0,0,0,0,1
448.76026,198.69830,469.95621,0,0,0,0,1
448.78012,198.69830,469.95621,0,0,0,0,1
448.80037,198.69830,469.95621,0,0,0,0,1
448.82027,198.69830,469.95621,0,0,0,0,1
448.84048,198.69830,469.95621,0,0,0,0,1
448.86036,198.69830,469.95621,0,0,0,0,1
448.88013,198.69830,469.95621,0,0,0,0,1
448.90043,198.69830,469.95621,0,0,0,0,1
448.92030,198.69830,469.95621,0,0,0,0,1
448.94040,198.69830,469.95621,0,0,0,0,1
448.96019,198.69830,469.95621,0,0,0,0,1
448.98013,198.69830,469.95621,0,0,0,0,1
449.00033,198.69830,469.95621,0,0,0,0,1
449.02038,198.69830,469.95621,0,0,0,0,1
449.04014,198.69830,469.95621,0,0,0,0,1
449.06031,198.69830,469.95621,0,0,0,0,1
449.08036,198.69830,469.95621,1,0,0,0,1
449.10029,199.00772,470.09955,1,0,0,0,1
449.12054,199.31714,470.24289,1,0,0,0,1
449.14041,199.62656,470.38623,1,0,0,0,1
449.16007,199.93597,470.52957,1,0,0,0,1
449.18031,200.55481,470.81625,1,0,0,0,1
449.20011,200.86423,470.95959,1,0,0,0,1
449.22018,201.17365,471.10294,1,0,0,0,1
449.24046,201.48306,471.24628,1,0,0,0,1
449.26051,202.10190,471.53296,1,0,0,0,1
449.28014,202.72073,471.81964,1,0,0,0,1
449.30028,203.03015,471.96298,1,0,0,0,1
449.32036,203.33957,472.10632,1,0,0,0,1
449.34037,203.64899,472.24966,1,0,0,0,1
449.36016,203.95840,472.39301,1,0,0,0,1
449.38019,204.57724,472.67969,1,0,0,0,1
449.40029,204.88666,472.82303,1,0,0,0,1
449.42049,205.19608,472.96637,1,0,0,0,1
449.44019,205.50549,473.10971,1,0,0,0,1
449.46050,205.81491,473.25305,1,0,0,0,1
449.48019,206.43375,473.53973,1,0,0,0,1
449.50022,206.74316,473.68307,1,0,0,0,1
449.52043,207.05258,473.82642,1,0,0,0,1
449.54029,207.36200,473.96976,1,0,0,0,1
449.56028,207.67142,474.11310,1,0,0,0,1
449.58029,208.29025,474.39978,1,0,0,0,1
449.60008,208.59967,474.54312,1,0,0,0,1
449.62029,209.21851,474.82980,1,0,0,0,1
449.64049,209.52792,474.97314,1,0,0,0,1
449.66060,209.83734,475.11649,1,0,0,0,1
449.68026,210.14676,475.25983,1,0,0,0,1
449.70042,210.76559,475.54651,1,0,0,0,1
449.72014,211.07501,475.68985,1,0,0,0,1
449.74034,211.38443,475.83319,1,0,0,0,1
449.76023,211.69385,475.97653,1,0,0,0,1
449.78031,212.31268,476.26321,1,0,0,0,1
449.80021,212.62210,476.40656,1,0,0,0,1
449.82053,212.93152,476.54990,1,0,0,0,1
449.84026,213.24094,476.69324,1,0,0,0,1
449.86021,213.55035,476.83658,1,0,0,0,1
449.88012,214.16919,477.12326,1,0,0,0,1
449.90036,214.47861,477.26660,1,0,0,0,1
449.92022,214.78802,477.40994,1,0,0,0,1
449.94035,215.09744,477.55328,1,0,0,0,1
449.96033,215.40686,477.69662,1,0,0,0,1
449.98019,215.71628,477.83997,1,0,0,0,1
450.00040,216.33511,478.12665,1,0,0,0,1
450.02051,216.95395,478.41333,1,0,0,0,1
450.04019,217.26337,478.55667,1,0,0,0,1
450.06045,217.57278,478.70001,1,0,0,0,1
450.08025,217.88220,478.84335,1,0,0,0,1
450.10024,218.50104,479.13004,1,0,0,0,1
450.12016,218.81046,479.27338,1,0,0,0,1
450.14013,219.11987,479.41672,1,0,0,0,1
450.16027,219.42929,479.56006,1,0,0,0,1
450.18022,219.73871,479.70340,1,0,0,0,1
450.20005,220.35754,479.99008,1,0,0,0,1
450.22044,220.66696,480.13342,1,0,0,0,1
450.24054,220.97638,480.27676,1,0,0,0,1
450.26027,221.28580,480.42010,1,0,0,0,1
450.28021,221.59521,480.56345,1,0,0,0,1
450.30045,222.21405,480.85013,1,0,0,0,1
450.32010,222.52347,480.99347,1,0,0,0,1
450.34039,222.83289,481.13681,1,0,0,0,1
450.36005,223.14230,481.28015,1,0,0,0,1
450.38013,223.45172,481.42349,1,0,0,0,1
450.40033,224.07056,481.71017,1,0,0,0,1
450.42025,224.68939,481.99686,1,0,0,0,1
450.44039,224.99881,482.14020,1,0,0,0,1
450.46017,225.30823,482.28354,1,0,0,0,1
450.48036,225.61765,482.42688,1,0,0,0,1
450.50040,226.23648,482.71356,1,0,0,0,1
450.52034,226.54590,482.85690,1,0,0,0,1
450.54046,226.85532,483.00024,1,0,0,0,1
450.56018,227.16473,483.14359,1,0,0,0,1
450.58016,227.47415,483.28693,1,0,0,0,1
450.60013,228.09299,483.57361,1,0,0,0,1
450.62017,228.40240,483.71695,1,0,0,0,1
450.64026,228.71182,483.86029,1,0,0,0,1
450.66049,229.02124,484.00363,1,0,0,0,1
450.68023,229.33066,484.14697,1,0,0,0,1
450.70013,229.94949,484.43365,1,0,0,0,1
450.72032,230.25891,484.57700,1,0,0,0,1
450.74055,230.56833,484.72034,1,0,0,0,1
450.76019,230.87775,484.86368,1,0,0,0,1
450.78052,231.18716,485.00702,1,0,0,0,1
450.80043,231.80600,485.29370,1,0,0,0,1
450.82050,232.42484,485.58038,1,0,0,0,1
450.84015,232.73425,485.72372,1,0,0,0,1
450.86037,233.04367,485.86707,1,0,0,0,1
450.88055,233.35309,486.01041,1,0,0,0,1
450.90031,233.97192,486.29709,1,0,0,0,1
450.92044,234.28134,486.44043,1,0,0,0,1
450.94008,234.59076,486.58377,1,0,0,0,1
450.96038,234.90018,486.72711,1,0,0,0,1
450.98024,235.20959,486.87045,1,0,0,0,1
451.00052,235.82843,487.15714,1,0,0,0,1
451.02036,236.13785,487.30048,1,0,0,0,1
451.04006,236.44727,487.44382,1,0,0,0,1
451.06017,236.75668,487.58716,1,0,0,0,1
451.08039,237.06610,487.73050,1,0,0,0,1
451.10038,237.68494,488.01718,1,0,0,0,1
451.12022,237.99435,488.16052,1,0,0,0,1
451.14028,238.30377,488.30386,1,0,0,0,1
451.16033,238.61319,488.44720,1,0,0,0,1
451.18015,238.92261,488.59055,1,0,0,0,1
451.20052,239.54144,489.02057,1,0,0,0,1
451.22012,240.16028,489.16391,1,0,0,0,1
451.24038,240.46970,489.30725,1,0,0,0,1
451.26040,240.77911,489.45059,1,0,0,0,1
451.28018,241.08853,489.59393,1,0,0,0,1
451.30013,241.70737,489.88062,1,0,0,0,1
451.32020,242.01678,490.02396,1,0,0,0,1
451.34035,242.32620,490.16730,1,0,0,0,1
451.36015,242.63562,490.31064,1,0,0,0,1
451.38016,242.94504,490.45398,1,0,0,0,1
451.40006,243.56387,490.74066,1,0,0,0,1
451.42021,243.87329,490.88400,1,0,0,0,1
451.44047,244.18271,491.02734,1,0,0,0,1
451.46008,244.49213,491.17068,1,0,0,0,1
451.48045,244.80154,491.31403,1,0,0,0,1
451.50024,245.42038,491.60071,1,0,0,0,1
451.52033,245.72980,491.74405,1,0,0,0,1
451.54026,246.03922,491.88739,1,0,0,0,1
451.56028,246.34863,492.03073,1,0,0,0,1
451.58021,246.96747,492.31741,1,0,0,0,1
451.60028,247.27689,492.46075,1,0,0,0,1
451.62040,247.89572,492.74744,1,0,0,0,1
451.64007,248.20514,492.89078,1,0,0,0,1
451.66020,248.51456,493.03412,1,0,0,0,1
451.68019,248.82397,493.17746,1,0,0,0,1
451.70021,249.44281,493.46414,1,0,0,0,1
451.72013,249.75223,493.60748,0,0,0,0,1
451.74012,249.75223,493.60748,0,0,0,0,1
451.76019,249.75223,493.60748,0,0,0,0,1
451.78030,249.75223,493.60748,0,0,0,0,1
451.80052,249.75223,493.60748,0,0,0,0,1
451.82031,249.75223,493.60748,0,0,0,0,1
451.84050,249.75223,493.60748,0,0,0,0,1
451.86057,249.75223,493.60748,0,0,0,0,1
451.88038,249.75223,493.60748,0,0,0,0,1
451.90025,249.75223,493.60748,0,0,0,0,1
451.92047,249.75223,493.60748,0,0,0,0,1
451.94016,249.75223,493.60748,0,0,0,0,1
451.96032,249.75223,493.60748,0,0,0,0,1
451.98005,249.75223,493.60748,0,0,0,0,1
452.00024,249.75223,493.60748,0,0,0,0,1
452.02005,249.75223,493.60748,0,0,0,0,1
452.04021,249.75223,493.60748,0,0,0,0,1
452.06025,249.75223,493.60748,0,0,0,0,1
452.08025,249.75223,493.60748,0,0,0,0,1
452.10045,249.75223,493.60748,0,0,0,0,1
452.12026,249.75223,493.60748,0,0,0,0,1
452.14042,249.75223,493.60748,0,0,0,0,1
452.16025,249.75223,493.60748,0,0,0,0,1
452.18012,249.75223,493.60748,0,0,0,0,1
452.20056,249.75223,493.60748,0,0,0,0,1
452.22029,249.75223,493.60748,0,0,0,0,1
452.24052,249.75223,493.60748,0,0,0,0,1
452.26031,249.75223,493.60748,0,0,0,0,1
452.28015,249.75223,493.60748,0,0,0,0,1
452.30026,249.75223,493.60748,0,0,0,0,1
452.32041,249.75223,493.60748,0,0,0,0,1
452.34020,249.75223,493.60748,0,0,0,0,1
452.36022,249.75223,493.60748,0,0,0,0,1
452.38038,249.75223,493.60748,0,0,0,0,1
452.40009,249.75223,493.60748,0,0,0,0,1
452.42024,249.75223,493.60748,0,0,0,0,1
452.44039,249.75223,493.60748,0,0,0,0,1
452.46003,249.75223,493.60748,0,0,0,0,1
452.48038,249.75223,493.60748,0,0,0,0,1
452.50016,249.75223,493.60748,0,0,0,0,1
452.52056,249.75223,493.60748,0,0,0,0,1
452.54015,249.75223,493.60748,0,0,0,0,1
452.56025,249.75223,493.60748,0,0,0,0,1
452.58045,249.75223,493.60748,0,0,0,0,1
452.60066,249.75223,493.60748,0,0,0,0,1
452.62023,249.75223,493.60748,1,0,0,0,1
452.64046,250.06165,493.75082,1,0,0,0,1
452.66008,250.37106,493.89417,1,0,1,0,1
452.68019,250.68048,494.03751,1,0,1,0,1
452.70027,251.32552,494.25769,1,0,1,0,1
452.72043,251.65799,494.33350,1,0,1,0,1
452.74013,251.99493,494.38589,1,0,1,0,1
452.76036,252.33472,494.41464,1,0,1,0,1
452.78015,253.01614,494.40070,1,0,1,0,1
452.80025,253.35448,494.35806,1,0,1,0,1
452.82041,254.01808,494.20258,1,0,1,0,1
452.84016,254.34013,494.09048,1,0,1,0,1
452.86036,254.65356,493.95618,1,0,1,0,1
452.88023,254.95685,493.80029,1,0,1,0,1
452.90014,255.52711,493.42700,1,0,1,0,1
452.92030,255.79131,493.21140,1,0,1,0,1
452.94033,256.03979,492.97787,1,0,1,0,1
452.96018,256.27136,492.72757,1,0,1,0,1
452.98044,256.48489,492.46170,1,0,1,0,1
453.00024,256.85376,491.88855,1,0,1,0,1
453.02013,257.00729,491.58408,1,0,1,0,1
453.04030,257.13919,491.26962,1,0,1,0,1
453.06022,257.24878,490.94672,1,0,1,0,1
453.08048,257.33557,490.61694,1,0,1,0,1
453.10029,257.43909,489.94327,1,0,1,0,1
453.12013,257.45532,489.60266,1,0,1,0,1
453.14033,257.41644,488.92218,1,0,1,0,1
453.16060,257.36145,488.58563,1,0,1,0,1
453.18034,257.28311,488.25375,1,0,1,0,1
453.20023,257.18179,487.92816,1,0,1,0,1
453.22048,256.91226,487.30215,1,0,1,0,1
453.24025,256.74539,487.00479,1,0,1,0,1
453.26043,256.55814,486.71979,1,0,1,0,1
453.28007,256.35144,486.44858,1,0,1,0,1
453.30066,255.88385,485.95267,1,0,1,0,1
453.32036,255.62524,485.73041,1,0,1,0,1
453.34055,255.35175,485.52676,1,0,1,0,1
453.36024,255.06468,485.34271,1,0,1,0,1
453.38042,254.76547,485.17914,1,0,1,0,1
453.40020,254.13649,484.91660,1,0,1,0,1
453.42045,253.80978,484.81888,1,0,1,0,1
453.44013,253.47705,484.74423,1,0,1,0,1
453.46035,253.13992,484.69299,1,0,1,0,1
453.48007,252.80003,484.66544,1,0,1,0,1
453.50025,252.45906,484.66168,1,0,1,0,1
453.52004,251.78047,484.72552,1,0,1,0,1
453.54017,251.11740,484.88330,1,0,1,0,1
453.56007,250.79575,484.99652,1,0,1,0,1
453.58016,250.48279,485.13193,1,0,1,0,1
453.60054,250.18004,485.28885,1,0,1,0,1
453.62023,249.61107,485.66409,1,0,1,0,1
453.64019,249.34761,485.88058,1,0,1,0,1
453.66040,249.09991,486.11496,1,0,1,0,1
453.68050,248.86920,486.36606,1,0,1,0,1
453.70046,248.46310,486.91345,1,0,1,0,1
453.72016,248.28970,487.20706,1,0,1,0,1
453.74032,248.13724,487.51208,1,0,1,0,1
453.76023,248.00644,487.82700,1,0,1,0,1
453.78040,247.89795,488.15027,1,0,1,0,1
453.80012,247.74992,488.81558,1,0,1,0,1
453.82035,247.71111,489.15436,1,0,1,0,1
453.84047,247.69604,489.49503,1,0,1,0,1
453.86037,247.70480,489.83591,1,0,1,0,1
453.88038,247.73735,490.17535,1,0,1,0,1
453.90038,247.87305,490.84329,1,0,1,0,1
453.92052,248.10048,491.48581,1,0,1,0,1
453.94016,248.24728,491.79358,1,0,1,0,1
453.96039,248.41522,492.09036,1,0,1,0,1
453.98034,248.60347,492.37469,1,0,1,0,1
454.00035,249.03714,492.90051,1,0,1,0,1
454.02024,249.28046,493.13943,1,0,1,0,1
454.04032,249.53986,493.36078,1,0,1,0,1
454.06052,249.81409,493.56348,1,0,1,0,1
454.08007,250.10179,493.74652,1,0,1,0,1
454.10020,250.40158,493.90903,1,0,1,0,1
454.12056,251.03149,494.16934,1,0,1,0,1
454.14026,251.35854,494.26590,1,0,1,0,1
454.16041,251.69153,494.33936,1,0,1,0,1
454.18011,252.02884,494.38940,1,0,1,0,1
454.20044,252.36882,494.41577,1,0,1,0,1
454.22014,253.05014,494.39706,1,0,1,0,1
454.24032,253.38815,494.35208,1,0,1,0,1
454.26043,253.72220,494.28360,1,0,1,0,1
454.28034,254.05066,494.19196,1,0,1,0,1
454.30023,254.68440,493.94110,1,0,1,0,1
454.32045,254.98659,493.78311,1,0,1,0,1
454.34051,255.55423,493.40582,1,0,1,0,1
454.36028,255.81691,493.18839,1,0,1,0,1
454.38042,256.06375,492.95312,1,0,1,0,1
454.40018,256.29358,492.70120,1,0,1,0,1
454.42048,256.69772,492.15234,1,0,1,0,1
454.44014,256.87009,491.85809,1,0,1,0,1
454.46017,257.02148,491.55255,1,0,1,0,1
454.48008,257.15115,491.23718,1,0,1,0,1
454.50030,257.25848,490.91351,1,0,1,0,1
454.52009,257.40414,490.24768,1,0,1,0,1
454.54045,257.44177,489.90875,1,0,1,0,1
454.56018,257.45563,489.56802,1,0,1,0,1
454.58040,257.44568,489.22717,1,0,1,0,1
454.60030,257.41196,488.88785,1,0,1,0,1
454.62049,257.27396,488.22037,1,0,1,0,1
454.64023,257.17035,487.89548,1,0,1,0,1
454.66054,257.04431,487.57861,1,0,1,0,1
454.68013,256.89645,487.27133,1,0,1,0,1
454.70041,256.72751,486.97513,1,0,1,0,1
454.72017,256.32968,486.42166,1,0,1,0,1
454.74036,255.85866,485.92905,1,0,1,0,1
454.76053,255.59850,485.70859,1,0,1,0,1
454.78026,255.32358,485.50684,1,0,1,0,1
454.80040,255.03523,485.32480,1,0,1,0,1
454.82010,254.42398,485.02322,1,0,1,0,1
454.84028,254.10406,484.90518,1,0,1,0,1
454.86057,253.77669,484.80975,1,0,1,0,1
454.88035,253.44345,484.73743,1,0,1,0,1
454.90010,253.10597,484.68857,1,0,1,0,1
454.92030,252.42490,484.66202,1,0,1,0,1
454.94049,252.08464,484.68445,1,0,1,0,1
454.96024,251.74678,484.73059,1,0,1,0,1
454.98004,251.41296,484.80023,1,0,1,0,1
455.00008,251.08482,484.89301,1,0,1,0,1
455.02024,250.45195,485.14609,1,0,1,0,1
455.04036,250.15031,485.30515,1,0,1,0,1
455.06020,249.86052,485.48486,1,0,1,0,1
455.08032,249.58398,485.68439,1,0,1,0,1
455.10028,249.07600,486.13885,1,0,1,0,1
455.12053,248.84705,486.39157,1,0,1,0,1
455.14023,248.44479,486.94177,1,0,1,0,1
455.16025,248.27345,487.23660,1,0,1,0,1
455.18046,248.12312,487.54266,1,0,1,0,1
455.20039,247.99454,487.85849,1,0,1,0,1
455.22053,247.80499,488.51318,1,0,1,0,1
455.24023,247.74495,488.84885,1,0,1,0,1
455.26052,247.70850,489.18790,1,0,1,0,1
455.28011,247.69582,489.52866,1,0,1,0,1
455.30024,247.70695,489.86948,1,0,1,0,1
455.32041,247.80040,490.54462,1,0,1,0,1
455.34040,247.88225,490.87564,1,0,1,0,1
455.36014,247.98700,491.20016,1,0,1,0,1
455.38035,248.11417,491.51657,1,0,1,0,1
455.40015,248.26312,491.82333,1,0,1,0,1
455.42035,248.62337,492.40192,1,0,1,0,1
455.44053,248.83290,492.67093,1,0,1,0,1
455.46025,249.06071,492.92465,1,0,1,0,1
455.48040,249.30569,493.16187,1,0,1,0,1
455.50017,249.56664,493.38138,1,0,1,0,1
455.52037,250.13126,493.76318,1,0,1,0,1
455.54040,250.74356,494.06259,1,0,1,0,1
455.56020,251.06389,494.17950,1,0,1,0,1
455.58037,251.39160,494.27374,1,0,1,0,1
455.60028,251.72510,494.34488,1,0,1,0,1
455.62044,252.40289,494.41653,1,0,1,0,1
455.64006,252.74390,494.41669,1,0,1,0,1
455.66021,253.08408,494.39304,1,0,1,0,1
455.68046,253.42177,494.34567,1,0,1,0,1
455.70027,253.75534,494.27484,1,0,1,0,1
455.72062,254.40359,494.06430,1,0,1,0,1
455.74021,254.71512,493.92560,1,0,1,0,1
455.76051,255.01619,493.76547,1,0,1,0,1
455.78009,255.30534,493.58472,1,0,1,0,1
455.80032,255.58118,493.38422,1,0,1,0,1
455.82043,255.84233,493.16495,1,0,1,0,1
455.84013,256.31558,492.67447,1,0,1,0,1
455.86036,256.71591,492.12283,1,0,1,0,1
455.88028,256.88620,491.82739,1,0,1,0,1
455.90006,257.03543,491.52078,1,0,1,0,1
455.92008,257.16290,491.20450,1,0,1,0,1
455.94014,257.35013,490.54913,1,0,1,0,1
455.96038,257.40897,490.21326,1,0,1,0,1
455.98021,257.44421,489.87408,1,0,1,0,1
456.00008,257.45569,489.53326,1,0,1,0,1
456.02011,257.40726,488.85339,1,0,1,0,1
456.04037,257.34756,488.51767,0,0,0,0,1
456.06040,257.34756,488.51767,0,0,0,0,1
456.08039,257.34756,488.51767,0,0,0,0,1
456.10004,257.34756,488.51767,0,0,0,0,1
456.12017,257.34756,488.51767,0,0,0,0,1
456.14036,257.34756,488.51767,0,0,0,0,1
456.16013,257.34756,488.51767,0,0,0,0,1
456.18027,257.34756,488.51767,0,0,0,0,1
456.20034,257.34756,488.51767,0,0,0,0,1
456.22006,257.34756,488.51767,0,0,0,0,1
456.24031,257.34756,488.51767,0,0,0,0,1
456.26032,257.34756,488.51767,0,0,0,0,1
456.28008,257.34756,488.51767,0,0,0,0,1
456.30009,257.34756,488.51767,0,0,0,0,1
456.32029,257.34756,488.51767,0,0,0,0,1
456.34017,257.34756,488.51767,0,0,0,0,1
456.36029,257.34756,488.51767,0,0,0,0,1
456.38045,257.34756,488.51767,0,0,0,0,1
456.40043,257.34756,488.51767,0,0,0,0,1
456.42031,257.34756,488.51767,0,0,0,0,1
456.44006,257.34756,488.51767,0,0,0,0,1
456.46022,257.34756,488.51767,0,0,0,0,1
456.48032,257.34756,488.51767,0,0,0,0,1
456.50030,257.34756,488.51767,0,0,0,0,1
456.52030,257.34756,488.51767,0,0,0,0,1
456.54040,257.34756,488.51767,0,0,0,0,1
456.56020,257.34756,488.51767,0,0,0,0,1
456.58014,257.34756,488.51767,0,0,0,0,1
456.60019,257.34756,488.51767,0,0,0,0,1
456.62011,257.34756,488.51767,0,0,0,0,1
456.64065,257.34756,488.51767,0,0,0,0,1
456.66046,257.34756,488.51767,0,0,0,0,1
456.68012,257.34756,488.51767,0,0,0,0,1
456.70033,257.34756,488.51767,0,0,0,0,1
456.72023,257.34756,488.51767,0,0,0,0,1
456.74011,257.34756,488.51767,0,0,0,0,1
456.76044,257.34756,488.51767,0,0,0,0,1
456.78024,257.34756,488.51767,0,0,0,0,1
456.80010,257.34756,488.51767,0,0,0,0,1
456.82019,257.34756,488.51767,0,0,0,0,1
456.84046,257.34756,488.51767,0,0,0,0,1
456.86031,257.34756,488.51767,0,0,0,0,1
456.88038,257.34756,488.51767,0,0,0,0,1
456.90013,257.34756,488.51767,0,0,0,0,1
456.92036,257.34756,488.51767,0,0,0,0,1
456.94005,257.34756,488.51767,0,0,0,0,1
456.96005,257.34756,488.51767,0,0,0,0,1
456.98016,257.34756,488.51767,0,0,0,0,1
457.00032,257.34756,488.51767,0,0,0,0,1
457.02009,257.34756,488.51767,0,0,0,0,1
457.04029,257.34756,488.51767,0,0,0,0,1
457.06039,257.34756,488.51767,0,0,0,0,1
457.08059,257.34756,488.51767,0,0,0,0,1
457.10030,257.26459,488.18692,1,0,0,0,1
457.12049,257.18161,487.85617,1,0,0,0,1
457.14010,257.01566,487.19467,1,1,0,0,1
457.16022,256.93268,486.86392,1,1,0,0,1
457.18034,256.87296,486.52820,1,1,0,0,1
457.20026,256.83679,486.18912,1,1,0,0,1
457.22012,256.83575,485.50754,1,1,0,0,1
457.24038,256.87088,485.16837,1,1,0,0,1
457.26027,256.92957,484.83246,1,1,0,0,1
457.28020,257.01154,484.50146,1,1,0,0,1
457.30026,257.11639,484.17697,1,1,0,0,1
457.32016,257.39261,483.55386,1,1,0,0,1
457.34031,257.56262,483.25827,1,1,0,0,1
457.36055,257.75284,482.97525,1,1,0,0,1
457.38018,257.96231,482.70618,1,1,0,0,1
457.40006,258.19006,482.45236,1,1,0,0,1
457.42035,258.69577,481.99542,1,1,0,0,1
457.44009,258.97128,481.79449,1,1,0,0,1
457.46051,259.26013,481.61328,1,1,0,0,1
457.48018,259.87222,481.31339,1,1,0,0,1
457.50007,260.19244,481.19617,1,1,0,0,1
457.52025,260.52005,481.10156,1,1,0,0,1
457.54044,261.19104,480.98193,1,1,0,0,1
457.56028,261.53116,480.95749,1,1,0,0,1
457.58042,261.87216,480.95685,1,1,0,0,1
457.60054,262.21237,480.97998,1,1,0,0,1
457.62017,262.88382,481.09705,1,1,0,0,1
457.64031,263.21179,481.19040,1,1,0,0,1
457.66016,263.53247,481.30640,1,1,0,0,1
457.68036,263.84427,481.44446,1,1,0,0,1
457.70058,264.14569,481.60394,1,1,0,0,1
457.72023,264.71152,481.98392,1,1,0,0,1
457.74014,264.97321,482.20258,1,1,0,0,1
457.76039,265.21899,482.43893,1,1,0,0,1
457.78055,265.44769,482.69186,1,1,0,0,1
457.80024,265.65820,482.96011,1,1,0,0,1
457.82043,266.02063,483.53735,1,1,0,0,1
457.84050,266.17078,483.84351,1,1,0,0,1
457.86055,266.40533,484.48346,1,1,0,0,1
457.88018,266.48859,484.81415,1,1,0,0,1
457.90035,266.54855,485.14984,1,1,0,0,1
457.92053,266.59766,485.82965,1,1,0,0,1
457.94023,266.58655,486.17047,1,1,0,0,1
457.96038,266.55170,486.50967,1,1,0,0,1
457.98014,266.49326,486.84564,1,1,0,0,1
458.00010,266.41153,487.17670,1,1,0,0,1
458.02028,266.30692,487.50125,1,1,0,0,1
458.04050,266.03119,488.12457,1,1,0,0,1
458.06021,265.86142,488.42029,1,1,0,0,1
458.08045,265.67142,488.70346,1,1,0,0,1
458.10009,265.46213,488.97269,1,1,0,0,1
458.12040,265.23459,489.22665,1,1,0,0,1
458.14037,264.72922,489.68399,1,1,0,0,1
458.16008,264.45386,489.88513,1,1,0,0,1
458.18031,264.16513,490.06656,1,1,0,0,1
458.20047,263.86447,490.22742,1,1,0,0,1
458.22011,263.55331,490.36691,1,1,0,0,1
458.24019,262.90564,490.57922,1,1,0,0,1
458.26023,262.23471,490.69934,1,1,0,0,1
458.28031,261.89459,490.72403,1,1,0,0,1
458.30048,261.55359,490.72495,1,1,0,0,1
458.32038,261.21335,490.70209,1,1,0,0,1
458.34065,260.54181,490.58557,1,1,0,0,1
458.36036,260.21378,490.49249,1,1,0,0,1
458.38005,259.89301,490.37674,1,1,0,0,1
458.40008,259.58112,490.23892,1,1,0,0,1
458.42039,259.27957,490.07968,1,1,0,0,1
458.44034,258.71344,489.70013,1,1,0,0,1
458.46051,258.45160,489.48169,1,1,0,0,1
458.48029,258.20563,489.24551,1,1,0,0,1
458.50048,257.97672,488.99277,1,1,0,0,1
458.52025,257.76599,488.72467,1,1,0,0,1
458.54045,257.40314,488.14774,1,1,0,0,1
458.56016,257.25275,487.84171,1,1,0,0,1
458.58032,257.12405,487.52591,1,1,0,0,1
458.60027,257.01770,487.20190,1,1,0,0,1
458.62051,256.93420,486.87128,1,1,0,0,1
458.64042,256.83728,486.19662,1,1,0,0,1
458.66015,256.83521,485.51505,1,1,0,0,1
458.68033,256.86981,485.17581,1,1,0,0,1
458.70054,256.92798,484.83981,1,1,0,0,1
458.72049,257.00943,484.50870,1,1,0,0,1
458.74026,257.24051,483.86749,1,1,0,0,1
458.76011,257.38901,483.56052,1,1,0,0,1
458.78037,257.55856,483.26465,1,1,0,0,1
458.80025,257.74835,482.98132,1,1,0,0,1
458.82046,257.95743,482.71194,1,1,0,0,1
458.84019,258.42929,482.22012,1,1,0,0,1
458.86039,258.68979,482.00009,1,1,0,0,1
458.88010,258.96500,481.79874,1,1,0,0,1
458.90042,259.25357,481.61707,1,1,0,0,1
458.92014,259.55411,481.45596,1,1,0,0,1
458.94033,260.18521,481.19852,1,1,0,0,1
458.96012,260.51270,481.10342,1,1,0,0,1
458.98017,260.84601,481.03140,1,1,0,0,1
459.00041,261.18353,480.98279,1,1,0,0,1
459.02013,261.52362,480.95782,1,1,0,0,1
459.04035,262.20486,480.97925,1,1,0,0,1
459.06012,262.87650,481.09528,1,1,0,0,1
459.08051,263.20462,481.18811,1,1,0,0,1
459.10028,263.52545,481.30362,1,1,0,0,1
459.12014,263.83746,481.44122,1,1,0,0,1
459.14034,264.13913,481.60025,1,1,0,0,1
459.16035,264.70554,481.97934,1,1,0,0,1
459.18005,264.96756,482.19757,1,1,0,0,1
459.20033,265.21371,482.43356,1,1,0,0,1
459.22018,265.44281,482.68613,1,1,0,0,1
459.24048,265.84549,483.23605,1,1,0,0,1
459.26026,266.01709,483.53073,1,1,0,0,1
459.28054,266.16772,483.83667,1,1,0,0,1
459.30022,266.29666,484.15237,1,1,0,0,1
459.32044,266.40326,484.47629,1,1,0,0,1
459.34014,266.54749,485.14246,1,1,0,0,1
459.36042,266.58441,485.48145,1,1,0,0,1
459.38007,266.59763,485.82220,1,1,0,0,1
459.40035,266.58704,486.16302,1,1,0,0,1
459.42013,266.55270,486.50229,1,1,0,0,1
459.44033,266.41357,487.16953,1,1,0,0,1
459.46060,266.18298,487.81091,1,1,0,0,1
459.48024,266.03470,488.11798,1,1,0,0,1
459.50051,265.86536,488.41397,1,1,0,0,1
459.52015,265.67581,488.69742,1,1,0,0,1
459.54011,265.23981,489.22131,1,1,0,0,1
459.56039,264.99548,489.45917,1,1,0,0,1
459.58005,264.73514,489.67941,1,1,0,0,1
459.60036,264.46008,489.88098,1,1,0,0,1
459.62051,264.17163,490.06287,1,1,0,0,1
459.64014,263.56027,490.36417,1,1,0,0,1
459.66026,263.24033,490.48212,1,1,0,0,1
459.68041,262.91293,490.57745,1,1,0,0,1
459.70004,262.57968,490.64975,1,1,0,0,1
459.72026,262.24219,490.69861,1,1,0,0,1
459.74040,261.56113,490.72525,1,1,0,0,1
459.76025,261.22086,490.70291,1,1,0,0,1
459.78032,260.88297,490.65689,1,1,0,0,1
459.80052,260.54910,490.58743,1,1,0,0,1
459.82018,259.89999,490.37961,1,1,0,0,1
459.84031,259.58789,490.24225,1,1,0,0,1
459.86047,258.99612,489.90402,1,1,0,0,1
459.88019,258.71939,489.70480,1,1,0,0,1
459.90035,258.45721,489.48676,1,1,0,0,1
459.92006,258.21088,489.25095,1,1,0,0,1
459.94023,257.77048,488.73074,1,1,0,0,1
459.96041,257.57852,488.44888,1,1,0,0,1
459.98031,257.40671,488.15433,1,1,0,0,1
460.00028,257.25586,487.84851,1,1,0,0,1
460.02046,257.12671,487.53293,1,1,0,0,1
460.04043,256.93588,486.87860,1,1,0,0,1
460.06010,256.87515,486.54306,1,1,0,0,1
460.08026,256.83795,486.20410,1,1,0,0,1
460.10047,256.82449,485.86337,1,1,0,0,1
460.12022,256.83481,485.52252,1,1,0,0,1
460.14025,256.92654,484.84714,1,1,0,0,1
460.16039,257.00751,484.51590,1,1,0,0,1
460.18053,257.11136,484.19110,1,1,0,0,1
460.20025,257.23761,483.87433,1,1,0,0,1
460.22039,257.55475,483.27103,1,1,0,0,1
460.24051,257.74408,482.98743,1,1,0,0,1
460.26012,258.17969,482.46323,1,1,0,0,1
460.28024,258.42383,482.22516,1,1,0,0,1
460.30036,258.68399,482.00470,1,1,0,0,1
460.32053,258.95889,481.80295,1,1,0,0,1
460.34017,259.54749,481.45929,1,1,0,0,1
460.36018,259.85834,481.31906,1,1,0,0,1
460.38019,260.17819,481.20087,1,1,0,0,1
460.40021,260.50552,481.10526,1,1,0,0,1
460.42028,260.83871,481.03271,1,1,0,0,1
460.44030,261.51620,480.95810,1,1,0,0,1
460.46007,261.85721,480.95639,1,1,0,0,1
460.48019,262.19748,480.97849,1,0,0,0,1
460.50032,262.53540,481.02426,0,0,0,0,1
460.52047,262.53540,481.02426,0,0,0,0,1
460.54012,262.53540,481.02426,0,0,0,0,1
460.56034,262.53540,481.02426,0,0,0,0,1
460.58048,262.53540,481.02426,0,0,0,0,1
460.60009,262.53540,481.02426,0,0,0,0,1
460.62022,262.53540,481.02426,0,0,0,0,1
460.64038,262.53540,481.02426,0,0,0,0,1
460.66008,262.53540,481.02426,0,0,0,0,1
460.68021,262.53540,481.02426,0,0,0,0,1
460.70044,262.53540,481.02426,0,0,0,0,1
460.72018,262.53540,481.02426,0,0,0,0,1
460.74007,262.53540,481.02426,0,0,0,0,1
460.76021,262.53540,481.02426,0,0,0,0,1
460.78035,262.53540,481.02426,0,0,0,0,1
460.80032,262.53540,481.02426,0,0,0,0,1
460.82051,262.53540,481.02426,0,0,0,0,1
460.84030,262.53540,481.02426,0,0,0,0,1
460.86051,262.53540,481.02426,0,0,0,0,1
460.88017,262.53540,481.02426,0,0,0,0,1
460.90030,262.53540,481.02426,0,0,0,0,1
460.92050,262.53540,481.02426,0,0,0,0,1
460.94035,262.53540,481.02426,0,0,0,0,1
460.96051,262.53540,481.02426,0,0,0,0,1
460.98015,262.53540,481.02426,0,0,0,0,1
461.00037,262.53540,481.02426,0,0,0,0,1
461.02008,262.53540,481.02426,0,0,0,0,1
461.04026,262.53540,481.02426,0,0,0,0,1
461.06040,262.53540,481.02426,0,0,0,0,1
461.08008,262.53540,481.02426,0,0,0,0,1
461.10022,262.53540,481.02426,0,0,0,0,1
461.12039,262.53540,481.02426,0,0,0,0,1
461.14025,262.53540,481.02426,0,0,0,0,1
461.16050,262.53540,481.02426,0,0,0,0,1
461.18018,262.53540,481.02426,0,0,0,0,1
461.20051,262.53540,481.02426,0,0,0,0,1
461.22029,262.53540,481.02426,0,0,0,0,1
461.24019,262.53540,481.02426,0,0,0,0,1
461.26041,262.53540,481.02426,0,0,0,0,1
461.28066,262.53540,481.02426,0,0,0,0,1
461.30028,262.53540,481.02426,0,0,0,0,1
461.32047,262.53540,481.02426,0,0,0,0,1
461.34007,262.53540,481.02426,0,0,0,0,1
461.36019,262.53540,481.02426,0,0,0,0,1
461.38032,262.53540,481.02426,0,0,0,0,1
461.40050,262.53540,481.02426,0,0,0,0,1
461.42018,262.53540,481.02426,0,0,0,0,1
461.44017,262.53540,481.02426,0,0,0,0,1
461.46031,262.53540,481.02426,0,0,0,0,1
461.48043,262.53540,481.02426,1,0,0,0,1
461.50005,262.53540,481.02426,1,0,0,0,1
461.52044,262.87332,481.07004,1,0,0,0,1
461.54011,263.54916,481.16159,1,0,0,0,1
461.56063,263.88708,481.20737,1,0,0,0,1
461.58011,264.22501,481.25314,1,0,0,0,1
461.60027,264.56293,481.29892,1,0,0,0,1
461.62040,264.90085,481.34470,1,0,0,0,1
461.64009,265.57669,481.43625,1,0,0,0,1
461.66030,265.91461,481.48203,1,0,0,0,1
461.68043,266.25253,481.52780,1,0,0,0,1
461.70022,266.59045,481.57358,1,0,0,0,1
461.72022,266.92838,481.61935,1,0,0,0,1
461.74042,267.60422,481.71091,1,0,0,0,1
461.76058,267.94214,481.75668,1,0,0,0,1
461.78023,268.28006,481.80246,1,0,0,0,1
461.80028,268.95590,481.89401,1,0,0,0,1
461.82006,269.29382,481.93979,1,0,0,0,1
461.84025,269.96967,482.03134,1,0,0,0,1
461.86047,270.30759,482.07712,1,0,0,0,1
461.88012,270.64551,482.12289,1,0,0,0,1
461.90025,270.98343,482.16867,1,0,0,0,1
461.92037,271.32135,482.21445,1,0,0,0,1
461.94051,271.99719,482.30600,1,0,0,0,1
461.96018,272.33511,482.35178,1,0,0,0,1
461.98038,272.67303,482.39755,1,0,0,0,1
462.00005,273.01096,482.44333,1,0,0,0,1
462.02018,273.34888,482.48911,1,0,0,0,1
462.04034,274.02472,482.58066,1,0,0,0,1
462.06050,274.36264,482.62643,1,0,0,0,1
462.08028,274.70056,482.67221,1,0,0,0,1
462.10045,275.03848,482.71799,1,0,0,0,1
462.12009,275.37640,482.76376,1,0,0,0,1
462.14036,276.05225,482.85532,1,0,0,0,1
462.16006,276.39017,482.90109,1,0,0,0,1
462.18048,277.06601,482.99265,1,0,0,0,1
462.20011,277.40393,483.03842,1,0,0,0,1
462.22011,277.74185,483.08420,1,0,0,0,1
462.24006,278.07977,483.12997,1,0,0,0,1
462.26025,278.75562,483.22153,1,0,0,0,1
462.28043,279.09354,483.26730,1,0,0,0,1
462.30004,279.43146,483.31308,1,0,0,0,1
462.32018,279.76938,483.35886,1,0,0,0,1
462.34041,280.44522,483.45041,1,0,0,0,1
462.36036,280.78314,483.49619,1,0,0,0,1
462.38007,281.12106,483.54196,1,0,0,0,1
462.40015,281.45898,483.58774,1,0,0,0,1
462.42032,281.79691,483.63351,1,0,0,0,1
462.44031,282.13483,483.67929,1,0,0,0,1
462.46066,282.81067,483.77084,1,0,0,0,1
462.48019,283.14859,483.81662,1,0,0,0,1
462.50045,283.48651,483.86240,1,0,0,0,1
462.52025,283.82443,483.90817,1,0,0,0,1
462.54032,284.16235,483.95395,1,0,0,0,1
462.56035,285.17612,484.09128,1,0,0,0,1
462.58009,285.51404,484.13705,1,0,0,0,1
462.60021,285.85196,484.18283,1,0,0,0,1
462.62008,286.18988,484.22861,1,0,0,0,1
462.64019,286.52780,484.27438,1,0,0,0,1
462.66047,287.20364,484.36594,1,0,0,0,1
462.68028,287.54156,484.41171,1,0,0,0,1
462.70045,287.87949,484.45749,1,0,0,0,1
462.72010,288.21741,484.50327,1,0,0,0,1
462.74041,288.55533,484.54904,1,0,0,0,1
462.76010,289.23117,484.64059,1,0,0,0,1
462.78025,289.56909,484.68637,1,0,0,0,1
462.80045,289.90701,484.73215,1,0,0,0,1
462.82012,290.58286,484.82370,1,0,0,0,1
462.84034,290.92078,484.86948,1,0,0,0,1
462.86049,291.25870,484.91525,1,0,0,0,1
462.88013,291.59662,484.96103,1,0,0,0,1
462.90031,292.27246,485.05258,1,0,0,0,1
462.92052,292.61038,485.09836,1,0,0,0,1
462.94017,292.94830,485.14413,1,0,0,0,1
462.96031,293.28622,485.18991,1,0,0,0,1
462.98045,293.96207,485.28146,1,0,0,0,1
463.00009,294.29999,485.32724,1,0,0,0,1
463.02053,294.63791,485.37302,1,0,0,0,1
463.04015,294.97583,485.41879,1,0,0,0,1
463.06031,295.65167,485.51035,1,0,0,0,1
463.08026,295.98959,485.55612,1,0,0,0,1
463.10005,296.32751,485.60190,1,0,0,0,1
463.12022,296.66544,485.64767,1,0,0,0,1
463.14019,297.00336,485.69345,1,0,0,0,1
463.16041,297.67920,485.78500,1,0,0,0,1
463.18055,298.01712,485.83078,1,0,0,0,1
463.20007,298.35504,485.87656,1,0,0,0,1
463.22026,298.69296,485.92233,1,0,0,0,1
463.24011,299.03088,485.96811,1,0,0,0,1
463.26027,299.70673,486.05966,1,0,0,0,1
463.28014,300.04465,486.10544,1,0,0,0,1
463.30034,300.38257,486.15121,1,0,0,0,1
463.32052,300.72049,486.19699,1,0,0,0,1
463.34018,301.05841,486.24277,1,0,0,0,1
463.36035,301.73425,486.33432,1,0,0,0,1
463.38062,302.41010,486.42587,1,0,0,0,1
463.40014,302.74802,486.47165,1,0,0,0,1
463.42028,303.08594,486.51743,1,0,0,0,1
463.44052,303.42386,486.56320,1,0,0,0,1
463.46023,304.09970,486.65475,1,0,0,0,1
463.48052,304.43762,486.70053,1,0,0,0,1
463.50035,304.77554,486.74631,1,0,0,0,1
463.52050,305.11346,486.79208,1,0,0,0,1
463.54013,305.45139,486.83786,1,0,0,0,1
463.56007,306.12723,486.92941,1,0,0,0,1
463.58030,306.46515,486.97519,1,0,0,0,1
463.60044,306.80307,487.02097,1,0,0,0,1
463.62010,307.14099,487.06674,1,0,0,0,1
463.64029,307.47891,487.11252,1,0,0,0,1
463.66043,308.15475,487.20407,1,0,0,0,1
463.68025,308.49268,487.24985,1,0,0,0,1
463.70031,308.83060,487.29562,1,0,0,0,1
463.72053,309.16852,487.34140,1,0,0,0,1
463.74016,309.50644,487.38718,1,0,0,0,1
463.76033,310.18228,487.47873,1,0,0,0,1
463.78019,310.85812,487.57028,1,0,0,0,1
463.80032,311.19604,487.61606,1,0,0,0,1
463.82051,311.53397,487.66183,1,0,0,0,1
463.84012,311.87189,487.70761,1,0,0,0,1
463.86029,312.54773,487.79916,1,0,0,0,1
463.88044,312.88565,487.84494,1,0,0,0,1
463.90016,313.22357,487.89072,1,0,0,0,1
463.92027,313.56149,487.93649,1,0,0,0,1
463.94037,313.89941,487.98227,1,0,0,0,1
463.96048,314.57526,488.07382,1,0,0,0,1
463.98013,314.91318,488.11960,1,0,0,0,1
464.00025,315.25110,488.16537,1,0,0,0,1
464.02042,315.58902,488.21115,1,0,0,0,1
464.04021,315.92694,488.25693,1,0,0,0,1
464.06028,316.60278,488.34848,1,0,0,0,1
464.08041,316.94070,488.39426,1,0,0,0,1
464.10004,317.27863,488.44003,1,0,0,0,1
464.12023,317.61655,488.48581,1,0,0,0,1
464.14054,317.95447,488.53159,1,0,0,0,1
464.16019,318.63031,488.62314,1,0,0,0,1
464.18045,319.30615,488.71469,1,0,0,0,1
464.20054,319.64407,488.76047,1,0,0,0,1
464.22015,319.98199,488.80624,1,0,0,0,1
464.24028,320.31992,488.85202,1,0,0,0,1
464.26024,320.99576,488.94357,1,0,0,0,1
464.28053,321.33368,488.98935,1,0,0,0,1
464.30022,321.67160,489.03513,1,0,0,0,1
464.32039,322.00952,489.08090,1,0,0,0,1
464.34052,322.34744,489.12668,1,0,0,0,1
464.36018,323.02328,489.21823,1,0,0,0,1
464.38051,323.36121,489.26401,1,0,0,0,1
464.40026,323.69913,489.30978,1,0,0,0,1
464.42041,324.03705,489.35556,1,0,0,0,1
464.44027,324.37497,489.40134,1,0,0,0,1
464.46050,325.05081,489.49289,0,0,0,0,1
464.48014,325.05081,489.49289,0,0,0,0,1
464.50034,325.05081,489.49289,0,0,0,0,1
464.52053,325.05081,489.49289,0,0,0,0,1
464.54028,325.05081,489.49289,0,0,0,0,1
464.56045,325.05081,489.49289,0,0,0,0,1
464.58016,325.05081,489.49289,0,0,0,0,1
464.60044,325.05081,489.49289,0,0,0,0,1
464.62004,325.05081,489.49289,0,0,0,0,1
464.64024,325.05081,489.49289,0,0,0,0,1
464.66044,325.05081,489.49289,0,0,0,0,1
464.68016,325.05081,489.49289,0,0,0,0,1
464.70037,325.05081,489.49289,0,0,0,0,1
464.72043,325.05081,489.49289,0,0,0,0,1
464.74042,325.05081,489.49289,0,0,0,0,1
464.76043,325.05081,489.49289,0,0,0,0,1
464.78012,325.05081,489.49289,0,0,0,0,1
464.80021,325.05081,489.49289,0,0,0,0,1
464.82035,325.05081,489.49289,0,0,0,0,1
464.84051,325.05081,489.49289,0,0,0,0,1
464.86013,325.05081,489.49289,0,0,0,0,1
464.88027,325.05081,489.49289,0,0,0,0,1
464.90039,325.05081,489.49289,0,0,0,0,1
464.92054,325.05081,489.49289,0,0,0,0,1
464.94016,325.05081,489.49289,0,0,0,0,1
464.96043,325.05081,489.49289,0,0,0,0,1
464.98015,325.05081,489.49289,0,0,0,0,1
465.00042,325.05081,489.49289,0,0,0,0,1
465.02004,325.05081,489.49289,0,0,0,0,1
465.04022,325.05081,489.49289,0,0,0,0,1
465.06040,325.05081,489.49289,0,0,0,0,1
465.08016,325.05081,489.49289,0,0,0,0,1
465.10033,325.05081,489.49289,0,0,0,0,1
465.12052,325.05081,489.49289,0,0,0,0,1
465.14029,325.05081,489.49289,0,0,0,0,1
465.16040,325.05081,489.49289,0,0,0,0,1
465.18010,325.05081,489.49289,0,0,0,0,1
465.20027,325.05081,489.49289,0,0,0,0,1
465.22004,325.05081,489.49289,0,0,0,0,1
465.24017,325.05081,489.49289,0,0,0,0,1
465.26032,325.05081,489.49289,0,0,0,0,1
465.28047,325.05081,489.49289,0,0,0,0,1
465.30013,325.05081,489.49289,0,0,0,0,1
465.32034,325.05081,489.49289,0,0,0,0,1
465.34016,325.05081,489.49289,0,0,0,0,1
465.36032,325.05081,489.49289,0,0,0,0,1
465.38046,325.05081,489.49289,0,0,0,0,1
465.40010,325.05081,489.49289,0,0,0,0,1
465.42028,325.05081,489.49289,0,0,0,0,1
465.44017,325.05081,489.49289,0,0,0,0,1
465.46031,325.05081,489.49289,0,0,0,0,1
465.48053,325.05081,489.49289,0,0,0,0,1
465.50030,325.05081,489.49289,0,0,0,0,1
465.52043,325.05081,489.49289,0,0,0,0,1
465.54018,325.05081,489.49289,0,0,0,0,1
465.56051,325.05081,489.49289,0,0,0,0,1
465.58021,325.05081,489.49289,0,0,0,0,1
465.60018,325.05081,489.49289,0,0,0,0,1
465.62059,325.05081,489.49289,0,0,0,0,1
465.64037,325.05081,489.49289,0,0,0,0,1
465.66026,325.05081,489.49289,1,0,0,0,1
465.68019,325.38873,489.53867,1,0,1,0,1
465.70048,325.72665,489.58444,1,0,1,0,1
465.72020,326.40485,489.65228,1,0,1,0,1
465.74028,326.74585,489.65051,1,0,1,0,1
465.76014,327.42331,489.57568,1,0,1,0,1
465.78039,327.75647,489.50299,1,0,1,0,1
465.80033,328.08374,489.40720,1,0,1,0,1
465.82013,328.40353,489.28879,1,0,1,0,1
465.84038,328.71426,489.14835,1,0,1,0,1
465.86007,329.30255,488.80417,1,0,1,0,1
465.88025,329.57724,488.60211,1,0,1,0,1
465.90047,329.83716,488.38138,1,0,1,0,1
465.92017,330.08102,488.14304,1,0,1,0,1
465.94043,330.30765,487.88824,1,0,1,0,1
465.96014,330.70483,487.33432,1,0,1,0,1
465.98032,330.87344,487.03793,1,0,1,0,1
466.00053,331.02097,486.73050,1,0,1,0,1
466.02023,331.14664,486.41351,1,0,1,0,1
466.04047,331.24988,486.08850,1,0,1,0,1
466.06010,331.38712,485.42087,1,0,1,0,1
466.08031,331.42044,485.08151,1,0,1,0,1
466.10049,331.42999,484.74063,1,0,1,0,1
466.12021,331.37775,484.06107,1,0,1,0,1
466.14041,331.31616,483.72568,1,0,1,0,1
466.16021,331.12363,483.07187,1,0,1,0,1
466.18018,330.99359,482.75665,1,0,1,0,1
466.20037,330.84186,482.45126,1,0,1,0,1
466.22019,330.66916,482.15723,1,0,1,0,1
466.24016,330.47635,481.87598,1,0,1,0,1
466.26007,330.26437,481.60886,1,0,1,0,1
466.28024,329.78714,481.12225,1,0,1,0,1
466.30049,329.52420,480.90512,1,0,1,0,1
466.32040,329.24673,480.70688,1,0,1,0,1
466.34023,328.95612,480.52850,1,0,1,0,1
466.36015,328.65375,480.37085,1,0,1,0,1
466.38034,328.01971,480.12073,1,0,1,0,1
466.40051,327.69116,480.02945,1,0,1,0,1
466.42027,327.35703,479.96136,1,0,1,0,1
466.44039,327.01895,479.91678,1,0,1,0,1
466.46011,326.67859,479.89590,1,0,1,0,1
466.48031,325.99768,479.92557,1,0,1,0,1
466.50055,325.66043,479.97598,1,0,1,0,1
466.52020,325.00058,480.14676,1,0,1,0,1
466.54038,324.68121,480.26627,1,0,1,0,1
466.56013,324.37097,480.40781,1,0,1,0,1
466.58040,323.78387,480.75403,1,0,1,0,1
466.60028,323.50989,480.95703,1,0,1,0,1
466.62017,323.25073,481.17868,1,0,1,0,1
466.64037,323.00769,481.41788,1,0,1,0,1
466.66012,322.78195,481.67346,1,0,1,0,1
466.68033,322.57462,481.94418,1,0,1,0,1
466.70057,322.21909,482.52570,1,0,1,0,1
466.72025,322.07263,482.83365,1,0,1,0,1
466.74050,321.94806,483.15106,1,0,1,0,1
466.76020,321.84595,483.47641,1,0,1,0,1
466.78040,321.71103,484.14450,1,0,1,0,1
466.80011,321.67886,484.48398,1,0,1,0,1
466.82030,321.67050,484.82489,1,0,1,0,1
466.84009,321.68597,485.16553,1,0,1,0,1
466.86028,321.72519,485.50427,1,0,1,0,1
466.88018,321.87399,486.16940,1,0,1,0,1
466.90019,322.11401,486.80731,1,0,1,0,1
466.92035,322.26685,487.11215,1,0,1,0,1
466.94054,322.44058,487.40558,1,0,1,0,1
466.96043,322.63440,487.68616,1,0,1,0,1
466.98042,323.07834,488.20334,1,0,1,0,1
467.00007,323.32629,488.43744,1,0,1,0,1
467.02009,323.59000,488.65363,1,0,1,0,1
467.04036,323.86816,488.85089,1,0,1,0,1
467.06019,324.15942,489.02823,1,0,1,0,1
467.08058,324.77545,489.31985,1,0,1,0,1
467.10016,325.09723,489.43271,1,0,1,0,1
467.12034,325.42612,489.52280,1,0,1,0,1
467.14005,325.76050,489.58972,1,0,1,0,1
467.16013,326.09872,489.63312,1,0,1,0,1
467.18035,326.78012,489.64865,1,0,1,0,1
467.20008,327.11996,489.62070,1,0,1,0,1
467.22028,327.78967,489.49405,1,0,1,0,1
467.24053,328.11627,489.39597,1,0,1,0,1
467.26023,328.43521,489.27533,1,0,1,0,1
467.28038,328.74496,489.13269,1,0,1,0,1
467.30049,329.33081,488.78439,1,0,1,0,1
467.32012,329.60406,488.58041,1,0,1,0,1
467.34029,329.86243,488.35785,1,0,1,0,1
467.36008,330.10461,488.11780,1,0,1,0,1
467.38011,330.53583,487.58997,1,0,1,0,1
467.40044,330.72275,487.30475,1,0,1,0,1
467.42021,330.88928,487.00717,1,0,1,0,1
467.44032,331.03464,486.69870,1,0,1,0,1
467.46047,331.15808,486.38083,1,0,1,0,1
467.48013,331.33701,485.72314,1,0,1,0,1
467.50028,331.39160,485.38654,1,0,1,0,1
467.52049,331.42255,485.04694,1,0,1,0,1
467.54016,331.42972,484.70602,1,0,1,0,1
467.56045,331.41309,484.36542,1,0,1,0,1
467.58027,331.30878,483.69186,1,0,1,0,1
467.60026,331.22162,483.36218,1,0,1,0,1
467.62045,331.11163,483.03940,1,0,1,0,1
467.64014,330.97940,482.72510,1,0,1,0,1
467.66031,330.82553,482.42078,1,0,1,0,1
467.68045,330.45602,481.84805,1,0,1,0,1
467.70023,330.01031,481.33240,1,0,1,0,1
467.72043,329.76154,481.09915,1,0,1,0,1
467.74011,329.49710,480.88385,1,0,1,0,1
467.76037,329.21826,480.68756,1,0,1,0,1
467.78047,328.62292,480.35571,1,0,1,0,1
467.80029,328.30933,480.22174,1,0,1,0,1
467.82045,327.98715,480.11002,1,0,1,0,1
467.84014,327.65796,480.02106,1,0,1,0,1
467.86029,327.32336,479.95529,1,0,1,0,1
467.88047,326.64450,479.89456,1,0,1,0,1
467.90023,326.30353,479.89990,1,0,1,0,1
467.92047,325.96378,479.92902,1,0,1,0,1
467.94012,325.62689,479.98181,1,0,1,0,1
467.96053,325.29453,480.05798,1,0,1,0,1
467.98053,324.64975,480.27893,1,0,1,0,1
468.00024,324.34052,480.42264,1,0,1,0,1
468.02041,324.04205,480.58759,1,0,1,0,1
468.04014,323.75586,480.77298,1,0,1,0,1
468.06051,323.22571,481.20135,1,0,1,0,1
468.08026,322.98434,481.44226,1,0,1,0,1
468.10051,322.55496,481.97159,1,0,1,0,1
468.12028,322.36902,482.25745,1,0,1,0,1
468.14050,322.20352,482.55557,1,0,1,0,1
468.16032,322.05923,482.86453,1,0,1,0,1
468.18055,321.83707,483.50888,1,0,1,0,1
468.20023,321.76025,483.84113,1,0,1,0,1
468.22046,321.70682,484.17792,1,0,1,0,1
468.24012,321.67703,484.51761,1,0,1,0,1
468.26032,321.67105,484.85855,1,0,1,0,1
468.28049,321.73047,485.53757,1,0,1,0,1
468.30012,321.79559,485.87228,1,0,1,0,1
468.32030,321.88391,486.20166,1,0,1,0,1
468.34051,321.99503,486.52405,1,0,1,0,1
468.36030,322.12839,486.83789,1,0,1,0,1
468.38051,322.45911,487.43387,1,0,1,0,1
468.40048,322.65488,487.71307,1,0,1,0,1
468.42020,322.86966,487.97794,1,0,1,0,1
468.44040,323.10242,488.22714,1,0,1,0,1
468.46014,323.35202,488.45950,1,0,1,0,1
468.48043,323.89676,488.86917,1,0,1,0,1
468.50041,324.49326,489.19894,1,0,1,0,1
468.52011,324.80731,489.33179,1,0,1,0,1
468.54047,325.12988,489.44238,1,0,1,0,1
468.56024,325.45938,489.53018,1,0,1,0,1
468.58036,326.13275,489.63577,1,0,1,0,1
468.60052,326.47333,489.65305,1,0,1,0,1
468.62021,326.81427,489.64651,1,0,1,0,1
468.64048,327.15393,489.61618,1,0,1,0,1
468.66015,327.49063,489.56219,1,0,1,0,1
468.68037,327.82275,489.48483,1,0,1,0,1
468.70009,328.46674,489.26160,1,0,1,0,1
468.72039,328.77548,489.11679,1,0,1,0,1
468.74005,329.07336,488.95081,1,0,1,0,1
468.76040,329.35892,488.76440,1,0,1,0,1
468.78043,329.88754,488.33417,1,0,1,0,1
468.80030,330.12805,488.09241,1,0,1,0,1
468.82009,330.35107,487.83444,1,0,1,0,1
468.84027,330.74045,487.27505,1,0,1,0,1
468.86009,330.90491,486.97632,1,0,1,0,1
468.88033,331.04810,486.66684,1,0,1,0,1
468.90053,331.26797,486.02170,1,0,1,0,1
468.92020,331.34363,485.68918,1,0,1,0,1
468.94037,331.39587,485.35220,1,0,1,0,1
468.96024,331.42444,485.01239,1,0,1,0,1
468.98038,331.41019,484.33096,1,0,1,0,1
469.00005,331.36743,483.99265,1,0,1,0,1
469.02012,331.30115,483.65814,1,0,1,0,1
469.04031,331.21167,483.32910,1,0,1,0,1
469.06052,331.09946,483.00711,1,0,1,0,1
469.08008,330.80902,482.39050,1,0,1,0,1
469.10012,330.63223,482.09891,1,0,1,0,1
469.12013,330.43552,481.82037,1,0,1,0,1
469.14013,330.21982,481.55627,1,0,1,0,1
469.16013,329.98621,481.30786,1,0,1,0,1
469.18046,329.46988,480.86295,1,0,1,0,1
469.20010,329.18967,480.66861,1,0,1,0,1
469.22008,328.89658,480.49432,1,0,1,0,1
469.24032,328.27753,480.20914,1,0,1,0,1
469.26052,327.95459,480.09967,1,0,1,0,1
469.28023,327.62479,480.01300,1,0,1,0,1
469.30055,326.95108,479.90973,1,0,1,0,1
469.32011,326.61047,479.89362,1,0,1,0,1
469.34034,326.26956,479.90134,1,0,1,0,1
469.36008,325.93002,479.93283,1,0,1,0,1
469.38031,325.26166,480.06647,1,0,1,0,1
469.40021,324.93610,480.16797,1,0,1,0,1
469.42034,324.61844,480.29193,1,0,1,0,1
469.44053,324.31021,480.43777,1,0,1,0,1
469.46014,324.01291,480.60480,0,0,0,0,1
469.48032,323.72800,480.79218,0,0,0,0,1
469.50063,323.72800,480.79218,0,0,0,0,1
469.52018,323.72800,480.79218,0,0,0,0,1
469.54031,323.72800,480.79218,0,0,0,0,1
469.56051,323.72800,480.79218,0,0,0,0,1
469.58016,323.72800,480.79218,0,0,0,0,1
469.60030,323.72800,480.79218,0,0,0,0,1
469.62041,323.72800,480.79218,0,0,0,0,1
469.64027,323.72800,480.79218,0,0,0,0,1
469.66041,323.72800,480.79218,0,0,0,0,1
469.68007,323.72800,480.79218,0,0,0,0,1
469.70033,323.72800,480.79218,0,0,0,0,1
469.72017,323.72800,480.79218,0,0,0,0,1
469.74053,323.72800,480.79218,0,0,0,0,1
469.76022,323.72800,480.79218,0,0,0,0,1
469.78046,323.72800,480.79218,0,0,0,0,1
469.80018,323.72800,480.79218,0,0,0,0,1
469.82040,323.72800,480.79218,0,0,0,0,1
469.84014,323.72800,480.79218,0,0,0,0,1
469.86038,323.72800,480.79218,0,0,0,0,1
469.88008,323.72800,480.79218,0,0,0,0,1
469.90054,323.72800,480.79218,0,0,0,0,1
469.92014,323.72800,480.79218,0,0,0,0,1
469.94032,323.72800,480.79218,0,0,0,0,1
469.96043,323.72800,480.79218,0,0,0,0,1
469.98007,323.72800,480.79218,0,0,0,0,1
470.00047,323.72800,480.79218,0,0,0,0,1
470.02016,323.72800,480.79218,0,0,0,0,1
470.04050,323.72800,480.79218,0,0,0,0,1
470.06052,323.72800,480.79218,0,0,0,0,1
470.08018,323.72800,480.79218,0,0,0,0,1
470.10037,323.72800,480.79218,0,0,0,0,1
470.12015,323.72800,480.79218,0,0,0,0,1
470.14035,323.72800,480.79218,0,0,0,0,1
470.16061,323.72800,480.79218,0,0,0,0,1
470.18025,323.72800,480.79218,0,0,0,0,1
470.20043,323.72800,480.79218,0,0,0,0,1
470.22012,323.72800,480.79218,0,0,0,0,1
470.24057,323.72800,480.79218,0,0,0,0,1
470.26030,323.72800,480.79218,0,0,0,0,1
470.28050,323.72800,480.79218,0,0,0,0,1
470.30019,323.72800,480.79218,0,0,0,0,1
470.32034,323.72800,480.79218,0,0,0,0,1
470.34051,323.72800,480.79218,1,0,0,0,1
470.36016,323.72800,480.79218,1,1,0,0,1
470.38032,323.15817,481.16693,1,1,0,0,1
470.40048,322.86090,481.33398,1,1,0,0,1
470.42014,322.23508,481.60394,1,1,0,0,1
470.44055,321.90958,481.70557,1,1,0,0,1
470.46028,321.57776,481.78424,1,1,0,0,1
470.48045,320.90176,481.87131,1,1,0,0,1
470.50051,320.56085,481.87927,1,1,0,0,1
470.52040,320.22021,481.86346,1,1,0,0,1
470.54011,319.88150,481.82394,1,1,0,0,1
470.56030,319.54639,481.76089,1,1,0,0,1
470.58052,318.89340,481.56555,1,1,0,0,1
470.60012,318.57870,481.43420,1,1,0,0,1
470.62028,318.27393,481.28125,1,1,0,0,1
470.64043,317.98056,481.10739,1,1,0,0,1
470.66013,317.70004,480.91351,1,1,0,0,1
470.68032,317.43372,480.70053,1,1,0,0,1
470.70049,316.94879,480.22156,1,1,0,0,1
470.72013,316.73257,479.95789,1,1,0,0,1
470.74025,316.53525,479.67978,1,1,0,0,1
470.76020,316.35782,479.38858,1,1,0,0,1
470.78034,316.06592,478.77267,1,1,0,0,1
470.80050,315.95288,478.45096,1,1,0,0,1
470.82047,315.79538,477.78781,1,1,0,0,1
470.84027,315.75168,477.44962,1,1,0,0,1
470.86062,315.73169,477.10919,1,1,0,0,1
470.88025,315.73547,476.76822,1,1,0,0,1
470.90046,315.81424,476.09122,1,1,0,0,1
470.92013,315.88882,475.75848,1,1,0,0,1
470.94030,315.98642,475.43176,1,1,0,0,1
470.96044,316.10657,475.11264,1,1,0,0,1
470.98016,316.24869,474.80267,1,1,0,0,1
471.00040,316.59595,474.21619,1,1,0,0,1
471.02045,316.79941,473.94254,1,1,0,0,1
471.04008,317.02145,473.68372,1,1,0,0,1
471.06023,317.26099,473.44104,1,1,0,0,1
471.08039,317.51688,473.21564,1,1,0,0,1
471.10013,318.07263,472.82104,1,1,0,0,1
471.12036,318.36978,472.65378,1,1,0,0,1
471.14012,318.67789,472.50763,1,1,0,0,1
471.16020,318.99542,472.38333,1,1,0,0,1
471.18037,319.32086,472.28146,1,1,0,0,1
471.20011,320.32855,472.11496,1,1,0,0,1
471.22041,320.66946,472.10672,1,1,0,0,1
471.24015,321.01010,472.12228,1,1,0,0,1
471.26045,321.34885,472.16156,1,1,0,0,1
471.28051,321.68402,472.22437,1,1,0,0,1
471.30049,322.33716,472.41922,1,1,0,0,1
471.32052,322.65195,472.55032,1,1,0,0,1
471.34052,322.95682,472.70306,1,1,0,0,1
471.36012,323.25031,472.87668,1,1,0,0,1
471.38027,323.53098,473.07034,1,1,0,0,1
471.40050,324.04843,473.51395,1,1,0,0,1
471.42023,324.28271,473.76172,1,1,0,0,1
471.44035,324.49915,474.02524,1,1,0,0,1
471.46006,324.69666,474.30319,1,1,0,0,1
471.48033,324.87433,474.59427,1,1,0,0,1
471.50029,325.16669,475.20996,1,1,0,0,1
471.52054,325.27997,475.53159,1,1,0,0,1
471.54022,325.37054,475.86035,1,1,0,0,1
471.56040,325.43796,476.19461,1,1,0,0,1
471.58015,325.50217,476.87317,1,1,0,0,1
471.60043,325.49863,477.21414,1,1,0,0,1
471.62018,325.42038,477.89124,1,1,0,0,1
471.64036,325.34604,478.22403,1,1,0,0,1
471.66051,325.24869,478.55084,1,1,0,0,1
471.68022,325.12878,478.87006,1,1,0,0,1
471.70047,324.82373,479.47958,1,1,0,0,1
471.72014,324.64008,479.76691,1,1,0,0,1
471.74027,324.43683,480.04071,1,1,0,0,1
471.76014,324.21500,480.29968,1,1,0,0,1
471.78015,323.97565,480.54254,1,1,0,0,1
471.80020,323.44913,480.97534,1,1,0,0,1
471.82043,323.16452,481.16315,1,1,0,0,1
471.84026,322.86749,481.33066,1,1,0,0,1
471.86044,322.55951,481.47705,1,1,0,0,1
471.88014,322.24207,481.60159,1,1,0,0,1
471.90037,321.91672,481.70370,1,1,0,0,1
471.92012,320.90915,481.87097,1,1,0,0,1
471.94032,320.56827,481.87949,1,1,0,0,1
471.96016,320.22760,481.86420,1,1,0,0,1
471.98026,319.88882,481.82520,1,1,0,0,1
472.00049,319.55362,481.76266,1,1,0,0,1
472.02015,318.90033,481.56830,1,1,0,0,1
472.04033,318.58545,481.43744,1,1,0,0,1
472.06007,318.28046,481.28494,1,1,0,0,1
472.08040,317.98685,481.11154,1,1,0,0,1
472.10027,317.43939,480.70554,1,1,0,0,1
472.12048,317.18823,480.47488,1,1,0,0,1
472.14048,316.95377,480.22729,1,1,0,0,1
472.16041,316.73712,479.96396,1,1,0,0,1
472.18045,316.53940,479.68616,1,1,0,0,1
472.20021,316.20435,479.09262,1,1,0,0,1
472.22050,316.06866,478.77979,1,1,0,0,1
472.24021,315.95514,478.45825,1,1,0,0,1
472.26010,315.86432,478.12958,1,1,0,0,1
472.28033,315.79663,477.79535,1,1,0,0,1
472.30041,315.73190,477.11682,1,1,0,0,1
472.32046,315.73517,476.77585,1,1,0,0,1
472.34015,315.76221,476.43591,1,1,0,0,1
472.36035,315.81290,476.09869,1,1,0,0,1
472.38037,315.88696,475.76584,1,1,0,0,1
472.40043,316.10373,475.11966,1,1,0,0,1
472.42043,316.40829,474.50992,1,1,0,0,1
472.44006,316.59174,474.22244,1,1,0,0,1
472.46052,316.79477,473.94846,1,1,0,0,1
472.48019,317.01642,473.68930,1,1,0,0,1
472.50045,317.51114,473.22043,1,1,0,0,1
472.52031,317.78180,473.01300,1,1,0,0,1
472.54012,318.06628,472.82498,1,1,0,0,1
472.56035,318.36319,472.65726,1,1,0,0,1
472.58056,318.67105,472.51062,1,1,0,0,1
472.60011,319.31369,472.28348,1,1,0,0,1
472.62031,319.64532,472.20404,1,1,0,0,1
472.64033,319.98169,472.14795,1,1,0,0,1
472.66034,320.32114,472.11545,1,1,0,0,1
472.68063,320.66202,472.10669,1,1,0,0,1
472.70018,321.34146,472.16049,1,1,0,0,1
472.72052,321.67673,472.22278,1,1,0,0,1
472.74014,322.00684,472.30829,1,1,0,0,1
472.76012,322.33017,472.41663,1,1,0,0,1
472.78025,322.95029,472.69949,1,1,0,0,1
472.80014,323.24405,472.87268,1,1,0,0,1
472.82036,323.79184,473.27829,1,1,0,0,1
472.84004,324.04318,473.50873,1,1,0,0,1
472.86021,324.27783,473.75613,1,1,0,0,1
472.88042,324.49466,474.01932,1,1,0,0,1
472.90044,324.87070,474.58777,1,1,0,0,1
472.92011,325.02808,474.89026,1,1,0,0,1
472.94033,325.16400,475.20300,1,1,0,0,1
472.96051,325.27777,475.52448,1,1,0,0,1
472.98018,325.36884,475.85309,1,1,0,0,1
473.00031,325.48123,476.52533,1,1,0,0,1
473.02025,325.50201,476.86569,1,1,0,0,1
473.04040,325.49899,477.20667,1,1,0,0,1
473.06039,325.47220,477.54660,1,1,0,0,1
473.08016,325.42178,477.88385,1,1,0,0,1
473.10048,325.25110,478.54373,1,1,0,0,1
473.12023,325.13168,478.86313,1,1,0,0,1
473.14033,324.99026,479.17343,1,1,0,0,1
473.16052,324.64438,479.76071,1,1,0,0,1
473.18018,324.44156,480.03485,1,1,0,0,1
473.20034,324.22012,480.29416,1,1,0,0,1
473.22053,323.72577,480.76340,1,1,0,0,1
473.24013,323.45526,480.97101,1,1,0,0,1
473.26029,323.17093,481.15927,1,1,0,0,1
473.28006,322.87418,481.32724,1,1,0,0,1
473.30037,322.24915,481.59912,1,1,0,0,1
473.32032,321.92395,481.70172,1,1,0,0,1
473.34006,321.59238,481.78140,1,1,0,0,1
473.36020,321.25607,481.83777,1,1,0,0,1
473.38036,320.91666,481.87054,1,1,0,0,1
473.40051,320.23511,481.86481,1,1,0,0,1
473.42023,319.89630,481.82632,1,1,0,0,1
473.44040,319.56100,481.76428,1,1,0,0,1
473.46008,318.90741,481.57092,1,1,0,0,1
473.48010,318.59232,481.44055,1,1,0,0,1
473.50010,318.28708,481.28851,1,1,0,0,1
473.52011,317.99319,481.11557,1,1,0,0,1
473.54017,317.44513,480.71039,1,1,0,0,1
473.56029,317.19360,480.48013,1,1,0,0,1
473.58041,316.95874,480.23288,1,1,0,0,1
473.60029,316.74170,479.96988,1,1,0,0,1
473.62047,316.36523,479.40173,1,1,0,0,1
473.64013,316.20761,479.09937,1,1,0,0,1
473.66032,316.07147,478.78671,1,1,0,0,1
473.68054,315.95746,478.46533,1,1,0,0,1
473.70029,315.79791,477.80267,1,1,0,0,1
473.72008,315.75317,477.46463,1,1,0,0,1
473.74010,315.73215,477.12427,1,1,0,0,1
473.76037,315.73489,476.78326,1,1,0,0,1
473.78053,315.76141,476.44330,1,1,0,0,1
473.80017,315.88516,475.77304,1,1,0,0,1
473.82034,315.98178,475.44601,1,1,0,0,1
473.84032,316.10095,475.12653,1,1,0,0,1
473.86050,316.24213,474.81613,1,1,0,0,1
473.88020,316.40460,474.51633,1,1,0,0,1
473.90050,316.79019,473.95428,1,1,0,0,1
473.92009,317.01144,473.69479,1,1,0,0,1
473.94052,317.25024,473.45135,1,1,0,0,1
473.96021,317.77579,473.01736,1,1,0,0,1
473.98051,318.05997,472.82889,1,1,0,0,1
474.00070,318.35660,472.66071,1,1,0,0,1
474.02042,318.98138,472.38834,1,1,0,0,1
474.04012,319.30649,472.28549,1,1,0,0,1
474.06008,319.63800,472.20557,1,1,0,0,1
474.08023,319.97427,472.14896,1,1,0,0,1
474.10038,320.65454,472.10666,1,1,0,0,1
474.12019,320.99524,472.12119,1,1,0,0,1
474.14048,321.33408,472.15942,1,1,0,0,1
474.16009,321.66943,472.22119,1,1,0,0,1
474.18022,321.99966,472.30621,1,1,0,0,1
474.20040,322.63834,472.54419,1,1,0,0,1
474.22011,322.94370,472.69598,1,1,0,0,1
474.24040,323.23770,472.86871,1,1,0,0,1
474.26021,323.51895,473.06152,1,1,0,0,1
474.28069,323.78607,473.27347,1,1,0,0,1
474.30044,324.27283,473.75061,1,1,0,0,1
474.32008,324.49005,474.01346,1,1,0,0,1
474.34026,324.86697,474.58133,1,1,0,0,1
474.36045,325.02484,474.88361,1,1,0,0,1
474.38007,325.16122,475.19614,1,1,0,0,1
474.40026,325.27548,475.51743,1,1,0,0,1
474.42034,325.43552,476.17993,1,1,0,0,1
474.44037,325.48050,476.51794,1,1,0,0,1
474.46047,325.50180,476.85828,1,1,0,0,1
474.48016,325.49933,477.19928,1,1,0,0,1
474.50048,325.42319,477.87662,1,1,0,0,1
474.52007,325.34988,478.20966,1,1,0,0,1
474.54043,325.25354,478.53677,1,1,0,0,1
474.56020,325.13461,478.85635,1,1,0,0,1
474.58013,324.99368,479.16687,1,1,0,0,1
474.60045,324.64868,479.75467,1,1,0,0,1
474.62026,324.44629,480.02911,1,1,0,0,1
474.64043,324.22525,480.28876,1,1,0,0,1
474.66005,323.98663,480.53238,1,1,0,0,1
474.68017,323.73160,480.75876,1,1,0,0,1
474.70032,323.46140,480.96680,1,1,0,0,1
474.72021,322.88086,481.32391,1,1,0,0,1
474.74016,322.25629,481.59677,1,1,0,0,1
474.76033,321.93124,481.69989,1,1,0,0,1
474.78016,321.59979,481.78009,1,1,0,0,1
474.80050,320.92419,481.87027,1,1,0,0,1
474.82031,320.58331,481.87982,1,1,0,0,1
474.84024,320.24261,481.86557,1,1,0,0,1
474.86019,319.90375,481.82761,1,0,0,0,1
474.88015,319.56833,481.76608,0,0,0,0,1
474.90045,319.23804,481.68134,0,0,0,0,1
474.92017,319.23804,481.68134,0,0,0,0,1
474.94028,319.23804,481.68134,0,0,0,0,1
474.96044,319.23804,481.68134,0,0,0,0,1
474.98041,319.23804,481.68134,0,0,0,0,1
475.00023,319.23804,481.68134,0,0,0,0,1
475.02036,319.23804,481.68134,0,0,0,0,1
475.04010,319.23804,481.68134,0,0,0,0,1
475.06007,319.23804,481.68134,0,0,0,0,1
475.08047,319.23804,481.68134,0,0,0,0,1
475.10011,319.23804,481.68134,0,0,0,0,1
475.12036,319.23804,481.68134,0,0,0,0,1
475.14010,319.23804,481.68134,0,0,0,0,1
475.16029,319.23804,481.68134,0,0,0,0,1
475.18057,319.23804,481.68134,0,0,0,0,1
475.20015,319.23804,481.68134,0,0,0,0,1
475.22040,319.23804,481.68134,0,0,0,0,1
475.24003,319.23804,481.68134,0,0,0,0,1
475.26018,319.23804,481.68134,0,0,0,0,1
475.28032,319.23804,481.68134,0,0,0,0,1
475.30045,319.23804,481.68134,0,0,0,0,1
475.32012,319.23804,481.68134,0,0,0,0,1
475.34027,319.23804,481.68134,0,0,0,0,1
475.36035,319.23804,481.68134,0,0,0,0,1
475.38030,319.23804,481.68134,0,0,0,0,1
475.40027,319.23804,481.68134,0,0,0,0,1
475.42011,319.23804,481.68134,0,0,0,0,1
475.44041,319.23804,481.68134,0,0,0,0,1
475.46017,319.23804,481.68134,0,0,0,0,1
475.48025,319.23804,481.68134,0,0,0,0,1
475.50041,319.23804,481.68134,0,0,0,0,1
475.52012,319.23804,481.68134,0,0,0,0,1
475.54033,319.23804,481.68134,0,0,0,0,1
475.56051,319.23804,481.68134,0,0,0,0,1
475.58019,319.23804,481.68134,0,0,0,0,1
475.60031,319.23804,481.68134,0,0,0,0,1
475.62031,319.23804,481.68134,0,0,0,0,1
475.64046,319.23804,481.68134,0,0,0,0,1
475.66048,319.23804,481.68134,0,0,0,0,1
475.68049,319.23804,481.68134,0,0,0,0,1
475.70050,319.23804,481.68134,0,0,0,0,1
475.72024,319.23804,481.68134,0,0,0,0,1
475.74030,319.23804,481.68134,0,0,0,0,1
475.76004,319.23804,481.68134,0,0,0,0,1
475.78024,319.23804,481.68134,0,0,0,0,1
475.80040,319.23804,481.68134,1,0,0,0,1
475.82051,318.90775,481.59659,1,0,0,0,1
475.84023,318.57745,481.51184,1,0,0,0,1
475.86037,318.24716,481.42709,1,0,0,0,1
475.88032,317.91687,481.34235,1,0,0,0,1
475.90043,317.58658,481.25760,1,0,0,0,1
475.92012,316.92599,481.08810,1,0,0,0,1
475.94051,316.26541,480.91861,1,0,0,0,1
475.96053,315.93512,480.83386,1,0,0,0,1
475.98035,315.60483,480.74911,1,0,0,0,1
476.00049,315.27454,480.66437,1,0,0,0,1
476.02014,314.61395,480.49487,1,0,0,0,1
476.04027,314.28366,480.41013,1,0,0,0,1
476.06035,313.95337,480.32538,1,0,0,0,1
476.08009,313.62308,480.24063,1,0,0,0,1
476.10033,313.29279,480.15588,1,0,0,0,1
476.12047,312.63220,479.98639,1,0,0,0,1
476.14040,312.30191,479.90164,1,0,0,0,1
476.16057,311.97162,479.81689,1,0,0,0,1
476.18016,311.64133,479.73215,1,0,0,0,1
476.20013,311.31104,479.64740,1,0,0,0,1
476.22004,310.65045,479.47791,1,0,0,0,1
476.24027,310.32016,479.39316,1,0,0,0,1
476.26016,309.98987,479.30841,1,0,0,0,1
476.28033,309.65958,479.22366,1,0,0,0,1
476.30032,308.99899,479.05417,1,0,0,0,1
476.32048,308.66870,478.96942,1,0,0,0,1
476.34025,308.00812,478.79993,1,0,0,0,1
476.36041,307.67783,478.71518,1,0,0,0,1
476.38013,307.34753,478.63043,1,0,0,0,1
476.40026,307.01724,478.54568,1,0,0,0,1
476.42037,306.35666,478.37619,1,0,0,0,1
476.44028,306.02637,478.29144,1,0,0,0,1
476.46032,305.69608,478.20670,1,0,0,0,1
476.48016,305.36578,478.12195,1,0,0,0,1
476.50052,305.03549,478.03720,1,0,0,0,1
476.52033,304.37491,477.86771,1,0,0,0,1
476.54037,304.04462,477.78296,1,0,0,0,1
476.56052,303.71432,477.69821,1,0,0,0,1
476.58008,303.38403,477.61346,1,0,0,0,1
476.60036,303.05374,477.52872,1,0,0,0,1
476.62073,302.39316,477.35922,1,0,0,0,1
476.64020,302.06287,477.27448,1,0,0,0,1
476.66026,301.73257,477.18973,1,0,0,0,1
476.68015,301.40228,477.10498,1,0,0,0,1
476.70032,300.74170,476.93549,1,0,0,0,1
476.72051,300.41141,476.85074,1,0,0,0,1
476.74030,299.75082,476.68124,1,0,0,0,1
476.76026,299.42053,476.59650,1,0,0,0,1
476.78026,299.09024,476.51175,1,0,0,0,1
476.80050,298.75995,476.42700,1,0,0,0,1
476.82059,298.09937,476.25751,1,0,0,0,1
476.84034,297.76907,476.17276,1,0,0,0,1
476.86034,297.43878,476.08801,1,0,0,0,1
476.88054,297.10849,476.00327,1,0,0,0,1
476.90008,296.77820,475.91852,1,0,0,0,1
476.92026,296.11761,475.74902,1,0,0,0,1
476.94044,295.78732,475.66428,1,0,0,0,1
476.96040,295.45703,475.57953,1,0,0,0,1
476.98005,295.12674,475.49478,1,0,0,0,1
477.00031,294.79645,475.41003,1,0,0,0,1
477.02038,294.13586,475.24054,1,0,0,0,1
477.04038,293.80557,475.15579,1,0,0,0,1
477.06054,293.47528,475.07104,1,0,0,0,1
477.08006,293.14499,474.98630,1,0,0,0,1
477.10046,292.48441,474.81680,1,0,0,0,1
477.12044,292.15411,474.73206,1,0,0,0,1
477.14008,291.49353,474.56256,1,0,0,0,1
477.16026,291.16324,474.47781,1,0,0,0,1
477.18017,290.83295,474.39307,1,0,0,0,1
477.20036,290.50266,474.30832,1,0,0,0,1
477.22013,289.84207,474.13882,1,0,0,0,1
477.24014,289.51178,474.05408,1,0,0,0,1
477.26005,289.18149,473.96933,1,0,0,0,1
477.28029,288.85120,473.88458,1,0,0,0,1
477.30015,288.52090,473.79984,1,0,0,0,1
477.32028,287.86032,473.63034,1,0,0,0,1
477.34036,287.53003,473.54559,1,0,0,0,1
477.36045,287.19974,473.46085,1,0,0,0,1
477.38036,286.86945,473.37610,1,0,0,0,1
477.40050,286.53915,473.29135,1,0,0,0,1
477.42011,285.87857,473.12186,1,0,0,0,1
477.44044,285.54828,473.03711,1,0,0,0,1
477.46006,285.54828,473.03711,1,0,0,0,1
477.48023,284.55740,472.78287,1,0,0,0,1
477.50048,284.22711,472.69812,1,0,0,0,1
477.52018,283.89682,472.61337,1,0,0,0,1
477.54008,283.23624,472.44388,1,0,0,0,1
477.56025,282.90594,472.35913,1,0,0,0,1
477.58050,282.57565,472.27438,1,0,0,0,1
477.60016,282.24536,472.18964,1,0,0,0,1
477.62049,281.58478,472.02014,1,0,0,0,1
477.64015,281.25449,471.93539,1,0,0,0,1
477.66038,280.92419,471.85065,1,0,0,0,1
477.68051,280.59390,471.76590,1,0,0,0,1
477.70011,280.26361,471.68115,1,0,0,0,1
477.72025,279.60303,471.51166,1,0,0,0,1
477.74004,279.27274,471.42691,1,0,0,0,1
477.76016,278.94244,471.34216,1,0,0,0,1
477.78042,278.61215,471.25742,1,0,0,0,1
477.80042,278.28186,471.17267,1,0,0,0,1
477.82049,277.62128,471.00317,1,0,0,0,1
477.84046,277.29099,470.91843,1,0,0,0,1
477.86050,276.96069,470.83368,1,0,0,0,1
477.88040,276.30011,470.66418,1,0,0,0,1
477.90008,275.96982,470.57944,1,0,0,0,1
477.92051,275.63953,470.49469,1,0,0,0,1
477.94048,274.97894,470.32520,1,0,0,0,1
477.96039,274.64865,470.24045,1,0,0,0,1
477.98042,274.31836,470.15570,1,0,0,0,1
478.00013,273.98807,470.07095,1,0,0,0,1
478.02030,273.32748,469.90146,1,0,0,0,1
478.04052,272.99719,469.81671,1,0,0,0,1
478.06029,272.66690,469.73196,1,0,0,0,1
478.08039,272.33661,469.64722,1,0,0,0,1
478.10036,272.00632,469.56247,1,0,0,0,1
478.12049,271.34573,469.39297,1,0,0,0,1
478.14020,271.01544,469.30823,1,0,0,0,1
478.16053,270.68515,469.22348,1,0,0,0,1
478.18020,270.35486,469.13873,1,0,0,0,1
478.20047,270.02457,469.05399,1,0,0,0,1
478.22054,269.36398,468.88449,1,0,0,0,1
478.24020,269.03369,468.79974,1,0,0,0,1
478.26018,268.70340,468.71500,1,0,0,0,1
478.28044,268.04282,468.54550,1,0,0,0,1
478.30017,267.71252,468.46075,1,0,0,0,1
478.32041,267.05194,468.29126,1,0,0,0,1
478.34046,266.72165,468.20651,1,0,0,0,1
478.36036,266.39136,468.12177,1,0,0,0,1
478.38049,266.06107,468.03702,1,0,0,0,1
478.40039,265.73077,467.95227,1,0,0,0,1
478.42025,265.40048,467.86752,1,0,0,0,1
478.44046,264.73990,467.69803,1,0,0,0,1
478.46012,264.40961,467.61328,1,0,0,0,1
478.48037,264.07932,467.52853,1,0,0,0,1
478.50053,263.74902,467.44379,1,0,0,0,1
478.52048,263.08844,467.27429,1,0,0,0,1
478.54017,262.75815,467.18954,1,0,0,0,1
478.56037,262.42786,467.10480,1,0,0,0,1
478.58056,262.09756,467.02005,1,0,0,0,1
478.60017,261.76727,466.93530,1,0,0,0,1
478.62013,261.10669,466.76581,1,0,0,0,1
478.64049,260.77640,466.68106,1,0,0,0,1
478.66045,260.11581,466.51157,1,0,0,0,1
478.68036,259.78552,466.42682,1,0,0,0,1
478.70006,259.45523,466.34207,1,0,0,0,1
478.72028,259.12494,466.25732,1,0,0,0,1
478.74049,258.46436,466.08783,1,0,0,0,1
478.76011,258.13406,466.00308,1,0,0,0,1
478.78025,257.80377,465.91833,1,0,0,0,1
478.80046,257.47348,465.83359,1,0,0,0,1
478.82044,256.81290,465.66409,1,0,0,0,1
478.84035,256.48260,465.57935,1,0,0,0,1
478.86052,256.15231,465.49460,1,0,0,0,1
478.88054,255.82202,465.40985,1,0,0,0,1
478.90025,255.49173,465.32510,1,0,0,0,1
478.92009,255.16144,465.24036,1,0,0,0,1
478.94051,254.50085,465.07086,1,0,0,0,1
478.96028,254.17056,464.98611,1,0,0,0,1
478.98012,253.84027,464.90137,1,0,0,0,1
479.00012,253.50998,464.81662,1,0,0,0,1
479.02031,253.17969,464.73187,1,0,0,0,1
479.04031,252.51910,464.56238,1,0,0,0,1
479.06049,251.85852,464.39288,1,0,0,0,1
479.08013,251.52823,464.30814,1,0,0,0,1
479.10036,251.19794,464.22339,0,0,0,0,1
479.12014,251.19794,464.22339,0,0,0,0,1
479.14014,251.19794,464.22339,0,0,0,0,1
479.16017,251.19794,464.22339,0,0,0,0,1
479.18006,251.19794,464.22339,0,0,0,0,1
479.20041,251.19794,464.22339,0,0,0,0,1
479.22014,251.19794,464.22339,0,0,0,0,1
479.24029,251.19794,464.22339,0,0,0,0,1
479.26044,251.19794,464.22339,0,0,0,0,1
479.28044,251.19794,464.22339,0,0,0,0,1
479.30011,251.19794,464.22339,0,0,0,0,1
479.32024,251.19794,464.22339,0,0,0,0,1
479.34032,251.19794,464.22339,0,0,0,0,1
479.36053,251.19794,464.22339,0,0,0,0,1
479.38054,251.19794,464.22339,0,0,0,0,1
479.40015,251.19794,464.22339,0,0,0,0,1
479.42044,251.19794,464.22339,0,0,0,0,1
479.44015,251.19794,464.22339,0,0,0,0,1
479.46045,251.19794,464.22339,0,0,0,0,1
479.48028,251.19794,464.22339,0,0,0,0,1
479.50026,251.19794,464.22339,0,0,0,0,1
479.52040,251.19794,464.22339,0,0,0,0,1
479.54011,251.19794,464.22339,0,0,0,0,1
479.56049,251.19794,464.22339,0,0,0,0,1
479.58020,251.19794,464.22339,0,0,0,0,1
479.60047,251.19794,464.22339,0,0,0,0,1
479.62016,251.19794,464.22339,0,0,0,0,1
479.64031,251.19794,464.22339,0,0,0,0,1
479.66037,251.19794,464.22339,0,0,0,0,1
479.68014,251.19794,464.22339,0,0,0,0,1
479.70033,251.19794,464.22339,0,0,0,0,1
479.72063,251.19794,464.22339,0,0,0,0,1
479.74031,251.19794,464.22339,0,0,0,0,1
479.76042,251.19794,464.22339,0,0,0,0,1
479.78014,251.19794,464.22339,0,0,0,0,1
479.80030,251.19794,464.22339,0,0,0,0,1
479.82044,251.19794,464.22339,0,0,0,0,1
479.84007,251.19794,464.22339,0,0,0,0,1
479.86054,251.19794,464.22339,0,0,0,0,1
479.88017,251.19794,464.22339,0,0,0,0,1
479.90029,251.19794,464.22339,0,0,0,0,1
479.92046,251.19794,464.22339,0,0,0,0,1
479.94022,251.19794,464.22339,0,0,0,0,1
479.96033,251.19794,464.22339,0,0,0,0,1
479.98039,251.19794,464.22339,0,0,0,0,1
480.00053,251.19794,464.22339,0,0,0,0,1
480.02009,251.19794,464.22339,0,0,0,0,1
480.04010,251.19794,464.22339,0,0,0,0,1
480.06010,251.19794,464.22339,0,0,0,0,1
480.08052,251.19794,464.22339,0,0,0,0,1
480.10016,251.19794,464.22339,0,0,0,0,1
480.12032,251.19794,464.22339,0,0,0,0,1
480.14006,251.19794,464.22339,0,0,0,0,1
480.16037,251.19794,464.22339,0,0,0,0,1
480.18050,251.19794,464.22339,0,0,0,0,1
480.20025,251.19794,464.22339,0,0,0,0,1
480.22052,251.19794,464.22339,0,0,0,0,1
480.24048,251.19794,464.22339,1,0,0,0,1
480.26011,250.86765,464.13864,1,0,0,0,1
480.28052,250.53735,464.05389,1,0,1,0,1
480.30006,250.20706,463.96915,1,0,1,0,1
480.32006,249.87164,463.90765,1,0,1,0,1
480.34011,249.19205,463.85559,1,0,1,0,1
480.36052,248.85118,463.86526,1,0,1,0,1
480.38045,248.51183,463.89871,1,0,1,0,1
480.40007,248.17563,463.95578,1,0,1,0,1
480.42022,247.84424,464.03619,1,0,1,0,1
480.44029,247.20235,464.26535,1,0,1,0,1
480.46048,246.89496,464.41296,1,0,1,0,1
480.48054,246.59863,464.58170,1,0,1,0,1
480.50042,246.31480,464.77072,1,0,1,0,1
480.52045,246.04488,464.97910,1,0,1,0,1
480.54010,245.55190,465.44977,1,0,1,0,1
480.56037,245.33125,465.70975,1,0,1,0,1
480.58007,245.12930,465.98453,1,0,1,0,1
480.60035,244.94704,466.27274,1,0,1,0,1
480.62063,244.78534,466.57297,1,0,1,0,1
480.64023,244.52672,467.20358,1,0,1,0,1
480.66014,244.35847,467.86407,1,0,1,0,1
480.68032,244.30934,468.20151,1,0,1,0,1
480.70051,244.28389,468.54156,1,0,1,0,1
480.72023,244.28226,468.88257,1,0,1,0,1
480.74035,244.35034,469.56073,1,0,1,0,1
480.76022,244.41972,469.89459,1,0,1,0,1
480.78047,244.51225,470.22281,1,0,1,0,1
480.80050,244.62747,470.54376,1,0,1,0,1
480.82037,244.76482,470.85587,1,0,1,0,1
480.84007,245.10313,471.44757,1,0,1,0,1
480.86028,245.30244,471.72427,1,0,1,0,1
480.88048,245.52058,471.98636,1,0,1,0,1
480.90018,245.75650,472.23257,1,0,1,0,1
480.92042,246.00903,472.46173,1,0,1,0,1
480.94009,246.55894,472.86441,1,0,1,0,1
480.96046,246.85364,473.03598,1,0,1,0,1
480.98022,247.15959,473.18655,1,0,1,0,1
481.00044,247.79927,473.42188,1,0,1,0,1
481.02022,248.12987,473.50546,1,0,1,0,1
481.04037,248.46550,473.56577,1,0,1,0,1
481.06011,249.14528,473.61542,1,0,1,0,1
481.08039,249.48610,473.60452,1,0,1,0,1
481.10056,249.82533,473.56985,1,0,1,0,1
481.12019,250.16132,473.51160,1,0,1,0,1
481.14041,250.81700,473.32550,1,0,1,0,1
481.16019,251.13350,473.19858,1,0,1,0,1
481.18050,251.44037,473.04987,1,0,1,0,1
481.20037,251.73610,472.88010,1,0,1,0,1
481.22010,252.01924,472.69006,1,0,1,0,1
481.24053,252.54233,472.25311,1,0,1,0,1
481.26010,252.77972,472.00833,1,0,1,0,1
481.28045,252.99945,471.74756,1,0,1,0,1
481.30038,253.38167,471.18323,1,0,1,0,1
481.32025,253.54230,470.88242,1,0,1,0,1
481.34041,253.68153,470.57114,1,0,1,0,1
481.36006,253.79869,470.25089,1,0,1,0,1
481.38027,253.96458,469.58981,1,0,1,0,1
481.40039,254.01251,469.25220,1,0,1,0,1
481.42030,254.03674,468.91205,1,0,1,0,1
481.44048,254.03717,468.57104,1,0,1,0,1
481.46023,253.96675,467.89310,1,0,1,0,1
481.48016,253.89622,467.55948,1,0,1,0,1
481.50008,253.80257,467.23160,1,0,1,0,1
481.52033,253.68625,466.91104,1,0,1,0,1
481.54044,253.54782,466.59940,1,0,1,0,1
481.56005,253.20747,466.00888,1,0,1,0,1
481.58028,253.00722,465.73288,1,0,1,0,1
481.60021,252.78818,465.47153,1,0,1,0,1
481.62044,252.29810,464.99783,1,0,1,0,1
481.64174,252.02945,464.78781,1,0,1,0,1
481.66043,251.74680,464.59705,1,0,1,0,1
481.68008,251.45151,464.42651,1,0,1,0,1
481.70047,250.82887,464.14926,1,0,1,0,1
481.72052,250.50455,464.04391,1,0,1,0,1
481.74040,250.17366,463.96146,1,0,1,0,1
481.76024,249.83783,463.90231,1,0,1,0,1
481.78044,249.15790,463.85498,1,0,1,0,1
481.80028,248.81711,463.86703,1,0,1,0,1
481.82014,248.47800,463.90286,1,0,1,0,1
481.84040,248.14221,463.96228,1,0,1,0,1
481.86014,247.48717,464.15063,1,0,1,0,1
481.88042,247.17111,464.27866,1,0,1,0,1
481.90016,246.86476,464.42844,1,0,1,0,1
481.92014,246.56963,464.59924,1,0,1,0,1
481.94035,246.01868,465.00052,1,0,1,0,1
481.96011,245.76555,465.22900,1,0,1,0,1
481.98034,245.52899,465.47461,1,0,1,0,1
482.00045,245.31017,465.73615,1,0,1,0,1
482.02021,245.11014,466.01233,1,0,1,0,1
482.04011,244.92989,466.30179,1,0,1,0,1
482.06028,244.63214,466.91492,1,0,1,0,1
482.08041,244.51610,467.23557,1,0,1,0,1
482.10050,244.42273,467.56354,1,0,1,0,1
482.12017,244.35249,467.89722,1,0,1,0,1
482.14048,244.28267,468.57520,1,0,1,0,1
482.16012,244.28342,468.91620,1,0,1,0,1
482.18033,244.35623,469.59387,1,0,1,0,1
482.20043,244.42795,469.92725,1,0,1,0,1
482.22043,244.52277,470.25479,1,0,1,0,1
482.24007,244.77975,470.88608,1,0,1,0,1
482.26020,244.94067,471.18671,1,0,1,0,1
482.28042,245.12219,471.47537,1,0,1,0,1
482.30014,245.32343,471.75067,1,0,1,0,1
482.32023,245.54340,472.01123,1,0,1,0,1
482.34041,246.03516,472.48318,1,0,1,0,1
482.36011,246.30455,472.69226,1,0,1,0,1
482.38005,246.58788,472.88202,1,0,1,0,1
482.40017,246.88376,473.05151,1,0,1,0,1
482.42031,247.19077,473.19992,1,0,1,0,1
482.44052,247.83208,473.43073,1,0,1,0,1
482.46032,248.16325,473.51199,1,0,1,0,1
482.48050,248.49930,473.56995,1,0,1,0,1
482.50043,248.83856,473.60428,1,0,1,0,1
482.52039,249.17940,473.61484,1,0,1,0,1
482.54042,249.85913,473.56451,1,0,1,0,1
482.56008,250.19470,473.50391,1,0,1,0,1
482.58026,250.84908,473.31323,1,0,1,0,1
482.60023,251.16467,473.18411,1,0,1,0,1
482.62042,251.47049,473.03326,1,0,1,0,1
482.64016,252.04683,472.66943,1,0,1,0,1
482.66033,252.31454,472.45822,1,0,1,0,1
482.68010,252.56686,472.22882,1,0,1,0,1
482.70036,252.80254,471.98236,1,0,1,0,1
482.72046,253.02043,471.72006,1,0,1,0,1
482.74013,253.21947,471.44318,1,0,1,0,1
482.76047,253.39868,471.15308,1,0,1,0,1
482.78014,253.69426,470.53891,1,0,1,0,1
482.80036,253.80917,470.21786,1,0,1,0,1
482.82012,253.97044,469.55563,1,0,1,0,1
482.84050,254.01601,469.21768,1,0,1,0,1
482.86039,254.03786,468.87738,1,0,1,0,1
482.88018,254.03593,468.53638,1,0,1,0,1
482.90041,253.96077,467.85895,1,0,1,0,1
482.92013,253.88791,467.52582,1,0,1,0,1
482.94044,253.79196,467.19861,1,0,1,0,1
482.96023,253.67340,466.87888,1,0,1,0,1
482.98004,253.37083,466.26813,1,0,1,0,1
483.00018,253.18832,465.98007,1,0,1,0,1
483.02031,252.98613,465.70547,1,0,1,0,1
483.04044,252.76526,465.44568,1,0,1,0,1
483.06011,252.27187,464.97543,1,0,1,0,1
483.08030,252.00175,464.76730,1,0,1,0,1
483.10051,251.71777,464.57852,1,0,1,0,1
483.12018,251.42130,464.41003,1,0,1,0,1
483.14044,250.79672,464.13715,1,0,1,0,1
483.16053,250.47168,464.03406,1,0,1,0,1
483.18007,250.14023,463.95392,1,0,1,0,1
483.20021,249.80399,463.89713,1,0,1,0,1
483.22009,249.46460,463.86395,1,0,1,0,1
483.24045,248.78304,463.86902,1,0,1,0,1
483.26036,248.44418,463.90723,1,0,1,0,1
483.28035,248.10883,463.96899,1,0,1,0,1
483.30035,247.45511,464.16196,1,0,1,0,1
483.32031,247.13995,464.29218,1,0,1,0,1
483.34009,246.83466,464.44409,1,0,1,0,1
483.36045,246.54073,464.61694,1,0,1,0,1
483.38012,245.99260,465.02203,1,0,1,0,1
483.40028,245.74107,465.25229,1,0,1,0,1
483.42053,245.50624,465.49954,1,0,1,0,1
483.44053,245.09117,466.04016,1,0,1,0,1
483.46026,244.91295,466.33087,1,0,1,0,1
483.48063,244.75546,466.63333,1,0,1,0,1
483.50033,244.61949,466.94604,1,0,1,0,1
483.52023,244.50569,467.26749,1,0,1,0,1
483.54044,244.41461,467.59610,1,0,1,0,1
483.56012,244.30231,468.26837,1,0,1,0,1
483.58047,244.28163,468.60873,1,0,1,0,1
483.60021,244.28477,468.94971,1,0,1,0,1
483.62004,244.31172,469.28964,1,0,1,0,1
483.64021,244.36234,469.62686,1,0,1,0,1
483.66009,244.53349,470.28659,1,0,1,0,1
483.68037,244.65320,470.60590,1,0,1,0,1
483.70051,244.79491,470.91605,1,0,1,0,1
483.72018,244.95793,471.21555,1,0,1,0,1
483.74053,245.14146,471.50293,1,0,1,0,1
483.76052,245.56641,472.03583,1,0,1,0,1
483.78023,246.06146,472.50430,1,0,1,0,1
483.80050,246.33231,472.71149,1,0,1,0,1
483.82045,246.61696,472.89926,1,0,1,0,1
483.84047,246.91403,473.06668,1,0,0,0,1
483.86041,247.22206,473.21295,0,0,0,0,1
483.88052,247.22206,473.21295,0,0,0,0,1
483.90048,247.22206,473.21295,0,0,0,0,1
483.92048,247.22206,473.21295,0,0,0,0,1
483.94026,247.22206,473.21295,0,0,0,0,1
483.96054,247.22206,473.21295,0,0,0,0,1
483.98021,247.22206,473.21295,0,0,0,0,1
484.00036,247.22206,473.21295,0,0,0,0,1
484.02035,247.22206,473.21295,0,0,0,0,1
484.04044,247.22206,473.21295,0,0,0,0,1
484.06011,247.22206,473.21295,0,0,0,0,1
484.08014,247.22206,473.21295,0,0,0,0,1
484.10044,247.22206,473.21295,0,0,0,0,1
484.12050,247.22206,473.21295,0,0,0,0,1
484.14026,247.22206,473.21295,0,0,0,0,1
484.16043,247.22206,473.21295,0,0,0,0,1
484.18011,247.22206,473.21295,0,0,0,0,1
484.20049,247.22206,473.21295,0,0,0,0,1
484.22053,247.22206,473.21295,0,0,0,0,1
484.24046,247.22206,473.21295,0,0,0,0,1
484.26004,247.22206,473.21295,0,0,0,0,1
484.28033,247.22206,473.21295,0,0,0,0,1
484.30047,247.22206,473.21295,0,0,0,0,1
484.32028,247.22206,473.21295,0,0,0,0,1
484.34028,247.22206,473.21295,0,0,0,0,1
484.36016,247.22206,473.21295,0,0,0,0,1
484.38023,247.22206,473.21295,0,0,0,0,1
484.40024,247.22206,473.21295,0,0,0,0,1
484.42022,247.22206,473.21295,0,0,0,0,1
484.44038,247.22206,473.21295,0,0,0,0,1
484.46006,247.22206,473.21295,0,0,0,0,1
484.48051,247.22206,473.21295,0,0,0,0,1
484.50054,247.22206,473.21295,0,0,0,0,1
484.52018,247.22206,473.21295,0,0,0,0,1
484.54053,247.22206,473.21295,0,0,0,0,1
484.56044,247.22206,473.21295,0,0,0,0,1
484.58015,247.22206,473.21295,0,0,0,0,1
484.60017,247.22206,473.21295,0,0,0,0,1
484.62039,247.22206,473.21295,0,0,0,0,1
484.64025,247.22206,473.21295,0,0,0,0,1
484.66047,247.22206,473.21295,0,0,0,0,1
484.68010,247.22206,473.21295,0,0,0,0,1
484.70025,247.22206,473.21295,0,0,0,0,1
484.72037,247.22206,473.21295,0,0,0,0,1
484.74049,247.22206,473.21295,0,0,0,0,1
484.76019,247.22206,473.21295,0,0,0,0,1
484.78053,247.22206,473.21295,0,0,0,0,1
484.80024,247.22206,473.21295,0,0,0,0,1
484.82024,247.22206,473.21295,0,0,0,0,1
484.84048,247.22206,473.21295,0,0,0,0,1
484.86008,247.22206,473.21295,0,0,0,0,1
484.88028,247.22206,473.21295,0,0,0,0,1
484.90052,247.22206,473.21295,0,0,0,0,1
484.92026,247.22206,473.21295,0,0,0,0,1
484.94021,247.22206,473.21295,0,0,0,0,1
484.96015,247.22206,473.21295,0,0,0,0,1
484.98014,247.22206,473.21295,0,0,0,0,1
485.00033,247.22206,473.21295,0,0,0,0,1
485.02041,247.22206,473.21295,0,0,0,0,1
485.04003,247.22206,473.21295,0,0,0,0,1
485.06037,247.22206,473.21295,0,0,0,0,1
485.08014,247.22206,473.21295,0,0,0,0,1
485.10034,247.22206,473.21295,0,1,0,0,1
485.12053,247.22206,473.21295,0,1,0,0,1
485.14017,247.22206,473.21295,1,1,0,0,1
485.16031,247.80388,473.56799,1,1,0,0,1
485.18030,248.07480,473.77509,1,1,0,0,1
485.20045,248.33063,474.00055,1,1,0,0,1
485.22015,248.57010,474.24332,1,1,0,0,1
485.24030,248.79207,474.50220,1,1,0,0,1
485.26048,249.17923,475.06314,1,1,0,0,1
485.28018,249.34253,475.36249,1,1,0,0,1
485.30041,249.48456,475.67249,1,1,0,0,1
485.32021,249.60463,475.99164,1,1,0,0,1
485.34019,249.70215,476.31839,1,1,0,0,1
485.36051,249.82774,476.98831,1,1,0,0,1
485.38047,249.85890,477.66919,1,1,0,0,1
485.40005,249.83881,478.00958,1,1,0,0,1
485.42021,249.79501,478.34775,1,1,0,0,1
485.44021,249.72775,478.68204,1,1,0,0,1
485.46052,249.52422,479.33252,1,1,0,0,1
485.48043,249.38893,479.64554,1,1,0,0,1
485.50051,249.23215,479.94836,1,1,0,0,1
485.52043,249.05463,480.23950,1,1,0,0,1
485.54042,248.85724,480.51755,1,1,0,0,1
485.56009,248.40677,481.02905,1,1,0,0,1
485.58034,248.15588,481.26001,1,1,0,0,1
485.60051,247.88951,481.47290,1,1,0,0,1
485.62047,247.60893,481.66672,1,1,0,0,1
485.64007,247.31552,481.84048,1,1,0,0,1
485.66022,246.69598,482.12463,1,1,0,0,1
485.68043,246.37286,482.23361,1,1,0,0,1
485.70053,246.04294,482.31979,1,1,0,0,1
485.72039,245.70779,482.38275,1,1,0,0,1
485.74016,245.02844,482.43790,1,1,0,0,1
485.76045,244.68753,482.42981,1,1,0,0,1
485.78014,244.01155,482.34256,1,1,0,0,1
485.80058,243.67976,482.26379,1,1,0,0,1
485.82012,243.35428,482.16208,1,1,0,0,1
485.84019,243.03668,482.03793,1,1,0,0,1
485.86048,242.43129,481.72479,1,1,0,0,1
485.88020,242.14644,481.53732,1,1,0,0,1
485.90054,241.87535,481.33044,1,1,0,0,1
485.92024,241.61935,481.10516,1,1,0,0,1
485.94049,241.37968,480.86258,1,1,0,0,1
485.96050,240.95393,480.33032,1,1,0,0,1
485.98007,240.76993,480.04324,1,1,0,0,1
486.00010,240.60638,479.74402,1,1,0,0,1
486.02051,240.46411,479.43411,1,1,0,0,1
486.04030,240.34380,479.11505,1,1,0,0,1
486.06049,240.17128,478.45566,1,1,0,0,1
486.08027,240.11992,478.11856,1,1,0,0,1
486.10018,240.09219,477.77869,1,1,0,0,1
486.12038,240.10808,477.09729,1,1,0,0,1
486.14040,240.15161,476.75909,1,1,0,0,1
486.16054,240.21861,476.42474,1,1,0,0,1
486.18012,240.42165,475.77411,1,1,0,0,1
486.20049,240.55669,475.46100,1,1,0,0,1
486.22016,240.71324,475.15805,1,1,0,0,1
486.24051,240.89053,474.86676,1,1,0,0,1
486.26062,241.30380,474.32477,1,1,0,0,1
486.28029,241.53777,474.07669,1,1,0,0,1
486.30041,241.78847,473.84555,1,1,0,0,1
486.32040,242.05467,473.63245,1,1,0,0,1
486.34037,242.33510,473.43842,1,1,0,0,1
486.36035,242.93306,473.11133,1,1,0,0,1
486.38036,243.24768,472.97983,1,1,0,0,1
486.40038,243.57071,472.87061,1,1,0,0,1
486.42052,243.90057,472.78418,1,1,0,0,1
486.44041,244.23566,472.72095,1,1,0,0,1
486.46008,244.91496,472.66525,1,1,0,0,1
486.48041,245.25587,472.67307,1,1,0,0,1
486.50042,245.59541,472.70462,1,1,0,0,1
486.52043,246.26375,472.83829,1,1,0,0,1
486.54049,246.58931,472.93976,1,1,0,0,1
486.56051,246.90700,473.06366,1,1,0,0,1
486.58043,247.51263,473.37631,1,1,0,0,1
486.60011,247.79762,473.56357,1,1,0,0,1
486.62035,248.06886,473.77023,1,1,0,0,1
486.64033,248.32503,473.99530,1,1,0,0,1
486.66035,248.56488,474.23770,1,1,0,0,1
486.68035,248.99104,474.76962,1,1,0,0,1
486.70019,249.17526,475.05658,1,1,0,0,1
486.72037,249.33904,475.35568,1,1,0,0,1
486.74007,249.48154,475.66547,1,1,0,0,1
486.76027,249.70012,476.31104,1,1,0,0,1
486.78052,249.77512,476.64368,1,1,0,0,1
486.80006,249.82674,476.98074,1,1,0,0,1
486.82057,249.85472,477.32059,1,1,0,0,1
486.84023,249.85893,477.66156,1,1,0,0,1
486.86041,249.79608,478.34024,1,1,0,0,1
486.88021,249.72932,478.67465,1,1,0,0,1
486.90043,249.52679,479.32547,1,1,0,0,1
486.92009,249.39200,479.63870,1,1,0,0,1
486.94036,249.23569,479.94177,1,1,0,0,1
486.96010,248.86165,480.51154,1,1,0,0,1
486.98029,248.64575,480.77548,1,1,0,0,1
487.00046,248.41197,481.02374,1,1,0,0,1
487.02009,248.16145,481.25510,1,1,0,0,1
487.04045,247.89540,481.46841,1,1,0,0,1
487.06040,247.32199,481.83688,1,1,0,0,1
487.08005,247.01741,481.99023,1,1,0,0,1
487.10047,246.70288,482.12198,1,1,0,0,1
487.12023,246.37993,482.23145,1,1,0,0,1
487.14050,246.05013,482.31815,1,1,0,0,1
487.16023,245.71509,482.42157,1,1,0,0,1
487.18022,245.03583,482.43781,1,1,0,0,1
487.20022,244.69492,482.43027,1,1,0,0,1
487.22044,244.35536,482.39896,1,1,0,0,1
487.24044,244.01881,482.34406,1,1,0,0,1
487.26040,243.36128,482.16461,1,1,0,0,1
487.28006,243.04350,482.04095,1,1,0,0,1
487.30025,242.43764,481.72873,1,1,0,0,1
487.32040,242.15250,481.54172,1,1,0,0,1
487.34037,241.88110,481.33527,1,1,0,0,1
487.36013,241.62476,481.11038,1,1,0,0,1
487.38049,241.16216,480.60980,1,1,0,0,1
487.40047,240.95816,480.33655,1,1,0,0,1
487.42046,240.77371,480.04974,1,1,0,0,1
487.44045,240.60971,479.75076,1,1,0,0,1
487.46029,240.34616,479.12219,1,1,0,0,1
487.48035,240.24789,478.79565,1,1,0,0,1
487.50013,240.17264,478.46307,1,1,0,0,1
487.52047,240.12076,478.12604,1,1,0,0,1
487.54012,240.09251,477.78622,1,1,0,0,1
487.56026,240.08803,477.44525,1,1,0,0,1
487.58042,240.15036,476.76651,1,1,0,0,1
487.60019,240.21686,476.43207,1,1,0,0,1
487.62033,240.30652,476.10306,1,1,0,0,1
487.64013,240.41890,475.78110,1,1,0,0,1
487.66030,240.55347,475.46777,1,1,0,0,1
487.68050,241.08315,474.59451,1,1,0,0,1
487.70028,241.29884,474.33041,1,1,0,0,1
487.72055,241.53244,474.08197,1,1,0,0,1
487.74041,241.78279,473.85043,1,1,0,0,1
487.76024,242.04868,473.63693,1,1,0,0,1
487.78049,242.62180,473.26804,1,1,0,0,1
487.80033,242.92625,473.11444,1,1,0,0,1
487.82016,243.24068,472.98245,1,1,0,0,1
487.84033,243.56354,472.87274,1,1,0,0,1
487.86045,243.89326,472.78580,1,1,0,0,1
487.88043,244.56688,472.68185,1,1,0,0,1
487.90016,244.90749,472.66534,1,1,0,0,1
487.92045,245.24841,472.67264,1,1,0,0,1
487.94025,245.58800,472.70367,1,1,0,0,1
487.96048,245.92459,472.75833,1,1,0,0,1
487.98006,246.58226,472.93729,1,1,0,0,1
488.00042,246.90015,473.06070,1,1,0,0,1
488.02038,247.50626,473.37244,1,1,0,0,1
488.04018,247.79153,473.55923,1,1,0,0,1
488.06060,248.06310,473.76547,1,1,0,0,1
488.08049,248.31961,473.99014,1,1,0,0,1
488.10018,248.78259,474.49036,1,1,0,0,1
488.12043,248.98680,474.76346,1,1,0,0,1
488.14011,249.17146,475.05014,1,1,0,0,1
488.16035,249.33569,475.34900,1,1,0,0,1
488.18052,249.59973,475.97736,1,1,0,0,1
488.20025,249.69824,476.30380,1,1,0,0,1
488.22051,249.77376,476.63632,1,1,0,0,1
488.24033,249.82590,476.97333,1,1,0,0,1
488.26049,249.85440,477.31314,1,1,0,0,1
488.28048,249.84010,477.99457,1,1,0,0,1
488.30018,249.79735,478.33289,1,1,0,0,1
488.32045,249.73111,478.66739,1,1,0,0,1
488.34006,249.64171,478.99646,1,1,0,0,1
488.36025,249.52957,479.31848,1,1,0,0,1
488.38019,249.23940,479.93521,1,1,0,0,1
488.40020,249.06277,480.22690,1,1,0,0,1
488.42044,248.86624,480.50555,1,1,0,0,1
488.44046,248.65074,480.76984,1,1,0,0,1
488.46007,248.41734,481.01843,1,1,0,0,1
488.48026,247.90146,481.46387,1,1,0,0,1
488.50043,247.32860,481.83319,1,1,0,0,1
488.52007,247.02426,481.98700,1,1,0,0,1
488.54043,246.70993,482.11920,1,1,0,0,1
488.56027,246.38715,482.22919,1,1,0,0,1
488.58043,245.72253,482.38037,1,1,0,0,1
488.60025,245.38394,482.42084,1,1,0,0,1
488.62042,245.04335,482.43759,1,1,0,0,1
488.64016,244.70242,482.43057,1,1,0,0,1
488.66031,244.36281,482.39978,1,1,0,0,1
488.68034,243.69415,482.26767,1,1,0,0,1
488.70034,243.36836,482.16696,1,1,0,0,1
488.72037,243.05038,482.04379,1,1,0,0,1
488.74037,242.74178,481.89874,1,1,0,0,1
488.76055,242.44403,481.73251,1,1,0,0,1
488.78021,241.88689,481.33990,1,1,0,0,1
488.80030,241.63020,481.11542,0,0,0,0,1
488.82006,241.63020,481.11542,0,0,0,0,1
488.84040,241.63020,481.11542,0,0,0,0,1
488.86019,241.63020,481.11542,0,0,0,0,1
488.88021,241.63020,481.11542,0,0,0,0,1
488.90034,241.63020,481.11542,0,0,0,0,1
488.92021,241.63020,481.11542,0,0,0,0,1
488.94047,241.63020,481.11542,0,0,0,0,1
488.96021,241.63020,481.11542,0,0,0,0,1
488.98041,241.63020,481.11542,0,0,0,0,1
489.00034,241.63020,481.11542,0,0,0,0,1
489.02005,241.63020,481.11542,0,0,0,0,1
489.04028,241.63020,481.11542,0,0,0,0,1
489.06013,241.63020,481.11542,0,0,0,0,1
489.08051,241.63020,481.11542,0,0,0,0,1
489.10024,241.63020,481.11542,0,0,0,0,1
489.12038,241.63020,481.11542,0,0,0,0,1
489.14010,241.63020,481.11542,0,0,0,0,1
489.16014,241.63020,481.11542,0,0,0,0,1
489.18058,241.63020,481.11542,0,0,0,0,1
489.20049,241.63020,481.11542,0,0,0,0,1
489.22041,241.63020,481.11542,0,0,0,0,1
489.24047,241.63020,481.11542,0,0,0,0,1
489.26052,241.63020,481.11542,0,0,0,0,1
489.28039,241.63020,481.11542,0,0,0,0,1
489.30016,241.63020,481.11542,0,0,0,0,1
489.32013,241.63020,481.11542,0,0,0,0,1
489.34015,241.63020,481.11542,0,0,0,0,1
489.36008,241.63020,481.11542,0,0,0,0,1
489.38045,241.63020,481.11542,0,0,0,0,1
489.40009,241.63020,481.11542,0,0,0,0,1
489.42040,241.63020,481.11542,0,0,0,0,1
489.44025,241.63020,481.11542,0,0,0,0,1
489.46035,241.63020,481.11542,0,0,0,0,1
489.48045,241.63020,481.11542,0,0,0,0,1
489.50053,241.63020,481.11542,0,0,0,0,1
489.52007,241.63020,481.11542,0,0,0,0,1
489.54029,241.63020,481.11542,0,0,0,0,1
489.56034,241.63020,481.11542,0,0,0,0,1
489.58028,241.63020,481.11542,0,0,0,0,1
489.60005,241.63020,481.11542,0,0,0,0,1
489.62006,241.63020,481.11542,0,0,0,0,1
489.64043,241.63020,481.11542,0,0,0,0,1
489.66008,241.63020,481.11542,0,0,0,0,1
489.68040,241.63020,481.11542,0,0,0,0,1
489.70030,241.63020,481.11542,0,0,0,0,1
489.72045,241.63020,481.11542,0,0,0,0,1
489.74059,241.63020,481.11542,0,0,0,0,1
489.76022,241.63020,481.11542,0,0,0,0,1
489.78042,241.63020,481.11542,0,0,0,0,1
489.80029,241.63020,481.11542,0,0,0,0,1
489.82048,241.63020,481.11542,0,0,0,0,1
489.84023,241.63020,481.11542,0,0,0,0,1
489.86043,241.63020,481.11542,0,0,0,0,1
489.88015,241.63020,481.11542,0,0,0,0,1
489.90040,241.63020,481.11542,0,0,0,0,1
489.92040,241.63020,481.11542,0,0,0,0,1
489.94019,241.63020,481.11542,0,0,0,0,1
489.96006,241.63020,481.11542,0,0,0,0,1
489.98014,241.63020,481.11542,0,0,0,0,1
490.00044,241.63020,481.11542,0,0,0,0,1
490.02033,241.63020,481.11542,0,0,0,0,1
490.04024,241.63020,481.11542,0,0,0,0,1
490.06027,241.63020,481.11542,0,0,0,0,1
490.08012,241.63020,481.11542,0,0,0,0,1
490.10027,241.63020,481.11542,0,0,0,0,1
490.12053,241.63020,481.11542,0,0,0,0,1
490.14017,241.63020,481.11542,0,0,0,0,1
490.16046,241.63020,481.11542,0,0,0,0,1
490.18053,241.63020,481.11542,0,0,0,0,1
490.20011,241.63020,481.11542,0,0,0,0,1
490.22015,241.63020,481.11542,0,0,0,0,1
490.24044,241.63020,481.11542,0,0,0,0,1
490.26011,241.63020,481.11542,0,0,0,0,1
490.28039,241.63020,481.11542,0,0,0,0,1
490.30010,241.63020,481.11542,0,0,0,0,1
490.32007,241.63020,481.11542,0,0,0,0,1
490.34027,241.63020,481.11542,0,0,0,0,1
490.36054,241.63020,481.11542,0,0,0,0,1
490.38070,241.63020,481.11542,0,0,0,0,1
490.40029,241.63020,481.11542,0,0,0,0,1
490.42040,241.63020,481.11542,0,0,0,0,1
490.44039,241.63020,481.11542,0,0,0,0,1
490.46040,241.63020,481.11542,0,0,0,0,1
490.48042,241.63020,481.11542,0,0,0,0,1
490.50048,241.63020,481.11542,0,0,0,0,1
490.52037,241.63020,481.11542,0,0,0,0,1
490.54017,241.63020,481.11542,0,0,0,0,1
490.56033,241.63020,481.11542,0,0,0,0,1
490.58039,241.63020,481.11542,0,0,0,0,1
490.60014,241.63020,481.11542,0,0,0,0,1
490.62037,241.63020,481.11542,0,0,0,0,1
490.64018,241.63020,481.11542,0,0,0,0,1
490.66029,241.63020,481.11542,0,0,0,0,1
490.68008,241.63020,481.11542,0,0,0,0,1
490.70059,241.63020,481.11542,0,0,0,0,1
490.72005,241.63020,481.11542,0,0,0,0,1
490.74037,241.63020,481.11542,0,0,0,0,1
490.76017,241.63020,481.11542,0,0,0,0,1
490.78022,241.63020,481.11542,0,0,0,0,1
490.80022,241.63020,481.11542,0,0,0,0,1
490.82019,241.63020,481.11542,0,0,0,0,1
490.84007,241.63020,481.11542,0,0,0,0,1
490.86006,241.63020,481.11542,0,0,0,0,1
490.88029,241.63020,481.11542,0,0,0,0,1
490.90029,241.63020,481.11542,0,0,0,0,1
490.92039,241.63020,481.11542,0,0,0,0,1
490.94045,241.63020,481.11542,0,0,0,0,1
490.96045,241.63020,481.11542,0,0,0,0,1
490.98053,241.63020,481.11542,0,0,0,0,1
491.00018,241.63020,481.11542,0,0,0,0,1
491.02046,241.63020,481.11542,0,0,0,0,1
491.04007,241.63020,481.11542,0,0,0,0,1
491.06025,241.63020,481.11542,0,0,0,0,1
491.08041,241.63020,481.11542,0,0,0,0,1
491.10025,241.63020,481.11542,0,0,0,0,1
491.12036,241.63020,481.11542,0,0,0,0,1
491.14034,241.63020,481.11542,0,0,0,0,1
491.16040,241.63020,481.11542,0,0,0,0,1
491.18010,241.63020,481.11542,0,0,0,0,1
491.20041,241.63020,481.11542,0,0,0,0,1
491.22044,241.63020,481.11542,0,0,0,0,1
491.24040,241.63020,481.11542,0,0,0,0,1
491.26059,241.63020,481.11542,0,0,0,0,1
491.28040,241.63020,481.11542,0,0,0,0,0
491.30051,241.63020,481.11542,0,0,0,0,0
491.32018,241.63020,481.11542,0,0,0,0,0
491.34019,241.63020,481.11542,0,0,0,0,0
491.36030,241.63020,481.11542,0,0,0,0,0
491.38007,241.63020,481.11542,0,0,0,0,0
491.40023,241.63020,481.11542,0,0,0,0,0
491.42033,241.63020,481.11542,0,0,0,0,0
491.44051,241.63020,481.11542,0,0,0,0,0
491.46015,241.63020,481.11542,0,0,0,0,0
491.48043,241.63020,481.11542,0,0,0,0,0
491.50016,241.63020,481.11542,0,0,0,0,0
