path,current_role,runtime_reachability_evidence,classification,planned_destination,related_task_id,final_disposition
".gitignore","Ignore policy","Current mapper/model/log rules miss actual foreground_vision_bot paths","Keep but refactor",".gitignore","CLEAN-003","Correct app-relative generated-artifact rules"
".python-version","Python/tool/dependency declaration","Declared Python and split requirements disagree with the installed baseline","Merge into another module","validated project metadata and dependency set","DOC-001","Retained in final refactor tree"
"AGENTS.md","Repository guidance/documentation","Tracked in HEAD but deleted before refactor work began","Unknown/requires runtime confirmation","AGENTS.md","AUD1-004","User-owned pre-existing deletion; excluded from refactor commits"
"codex_refactor_prompt_with_resume_logs.md","User-provided refactor specification","Read at task start and used as the acceptance contract","Keep as-is","codex_refactor_prompt_with_resume_logs.md","BASE-001","Retain"
"docs/runtime_architecture.md","Current architecture documentation","Describes intended runtime but omits preview and unmanaged keyboard ownership","Keep but refactor","ARCHITECTURE.md","DOC-001","Retained in final refactor tree"
"foreground_vision_bot/.patch_backups/v0704_20260730T194622Z/libs/V0700UnifiedFarming.py","Installer-generated source backup","Git checkpoint supersedes rollback copy; no runtime importer","Delete as generated/dead code","delete after behavior parity","CLEAN-003","Deleted after reachability and behavior-parity validation"
"foreground_vision_bot/.patch_backups/v0704_20260730T194622Z/native_farming.py","Installer-generated source backup","Git checkpoint supersedes rollback copy; no runtime importer","Delete as generated/dead code","delete after behavior parity","CLEAN-003","Deleted after reachability and behavior-parity validation"
"foreground_vision_bot/.patch_backups/v0705_20260730_215605/libs/LiveNavigatorController.py","Installer-generated source backup","Git checkpoint supersedes rollback copy; no runtime importer","Delete as generated/dead code","delete after behavior parity","CLEAN-003","Deleted after reachability and behavior-parity validation"
"foreground_vision_bot/.patch_backups/v0705_20260730_215605/native_farming.py","Installer-generated source backup","Git checkpoint supersedes rollback copy; no runtime importer","Delete as generated/dead code","delete after behavior parity","CLEAN-003","Deleted after reachability and behavior-parity validation"
"foreground_vision_bot/.patch_backups/v0706_20260730_220637/libs/CameraDiscoverySweep.py","Installer-generated source backup","Git checkpoint supersedes rollback copy; no runtime importer","Delete as generated/dead code","delete after behavior parity","CLEAN-003","Deleted after reachability and behavior-parity validation"
"foreground_vision_bot/.patch_backups/v0706_20260730_220637/libs/HumanKeyboard.py","Installer-generated source backup","Git checkpoint supersedes rollback copy; no runtime importer","Delete as generated/dead code","delete after behavior parity","CLEAN-003","Deleted after reachability and behavior-parity validation"
"foreground_vision_bot/.patch_backups/v0707_20260730_232234/native_farming.json","Installer-generated source backup","Git checkpoint supersedes rollback copy; no runtime importer","Delete as generated/dead code","delete after behavior parity","CLEAN-003","Deleted after reachability and behavior-parity validation"
"foreground_vision_bot/.patch_backups/v0707_20260730_232234/native_farming.py","Installer-generated source backup","Git checkpoint supersedes rollback copy; no runtime importer","Delete as generated/dead code","delete after behavior parity","CLEAN-003","Deleted after reachability and behavior-parity validation"
"foreground_vision_bot/.patch_backups/v0708_20260731_000616/position/NativeFlyffMonsterProvider.py","Installer-generated source backup","Git checkpoint supersedes rollback copy; no runtime importer","Delete as generated/dead code","delete after behavior parity","CLEAN-003","Deleted after reachability and behavior-parity validation"
"foreground_vision_bot/.patch_backups/v0708_20260731_000616/position/NativeFlyffPositionProvider.py","Installer-generated source backup","Git checkpoint supersedes rollback copy; no runtime importer","Delete as generated/dead code","delete after behavior parity","CLEAN-003","Deleted after reachability and behavior-parity validation"
"foreground_vision_bot/assets/Assets.py","Mob/GUI image asset","GUI asset registry and Bot template reload use these paths dynamically","Keep but refactor","vision/assets and typed mob registry","BOUND-003","Retained in final refactor tree"
"foreground_vision_bot/assets/digits/0.png","Kill-counter OCR asset","DigitReader/KillCounterPanel load this asset path","Keep as-is","vision/assets/ocr","BOUND-003","Retained in final refactor tree"
"foreground_vision_bot/assets/digits/1.png","Kill-counter OCR asset","DigitReader/KillCounterPanel load this asset path","Keep as-is","vision/assets/ocr","BOUND-003","Retained in final refactor tree"
"foreground_vision_bot/assets/digits/2.png","Kill-counter OCR asset","DigitReader/KillCounterPanel load this asset path","Keep as-is","vision/assets/ocr","BOUND-003","Retained in final refactor tree"
"foreground_vision_bot/assets/digits/3.png","Kill-counter OCR asset","DigitReader/KillCounterPanel load this asset path","Keep as-is","vision/assets/ocr","BOUND-003","Retained in final refactor tree"
"foreground_vision_bot/assets/digits/4.png","Kill-counter OCR asset","DigitReader/KillCounterPanel load this asset path","Keep as-is","vision/assets/ocr","BOUND-003","Retained in final refactor tree"
"foreground_vision_bot/assets/digits/5.png","Kill-counter OCR asset","DigitReader/KillCounterPanel load this asset path","Keep as-is","vision/assets/ocr","BOUND-003","Retained in final refactor tree"
"foreground_vision_bot/assets/digits/6.png","Kill-counter OCR asset","DigitReader/KillCounterPanel load this asset path","Keep as-is","vision/assets/ocr","BOUND-003","Retained in final refactor tree"
"foreground_vision_bot/assets/digits/7.png","Kill-counter OCR asset","DigitReader/KillCounterPanel load this asset path","Keep as-is","vision/assets/ocr","BOUND-003","Retained in final refactor tree"
"foreground_vision_bot/assets/digits/8.png","Kill-counter OCR asset","DigitReader/KillCounterPanel load this asset path","Keep as-is","vision/assets/ocr","BOUND-003","Retained in final refactor tree"
"foreground_vision_bot/assets/digits/9.png","Kill-counter OCR asset","DigitReader/KillCounterPanel load this asset path","Keep as-is","vision/assets/ocr","BOUND-003","Retained in final refactor tree"
"foreground_vision_bot/assets/digits/bracket.png","Kill-counter OCR asset","DigitReader/KillCounterPanel load this asset path","Keep as-is","vision/assets/ocr","BOUND-003","Retained in final refactor tree"
"foreground_vision_bot/assets/general/inventory_icons.png","Legacy or dynamically-addressed image asset","No direct canonical consumer found; path-based external use remains possible","Unknown/requires runtime confirmation","retain until runtime/external-use confirmation","CLEAN-001","Retained in final refactor tree"
"foreground_vision_bot/assets/general/inventory_perin_converter.png","Legacy or dynamically-addressed image asset","No direct canonical consumer found; path-based external use remains possible","Unknown/requires runtime confirmation","retain until runtime/external-use confirmation","CLEAN-001","Retained in final refactor tree"
"foreground_vision_bot/assets/general/mob_life_bar.png","Legacy or dynamically-addressed image asset","No direct canonical consumer found; path-based external use remains possible","Unknown/requires runtime confirmation","retain until runtime/external-use confirmation","CLEAN-001","Retained in final refactor tree"
"foreground_vision_bot/assets/general/user_target_bar.png","Legacy or dynamically-addressed image asset","No direct canonical consumer found; path-based external use remains possible","Unknown/requires runtime confirmation","retain until runtime/external-use confirmation","CLEAN-001","Retained in final refactor tree"
"foreground_vision_bot/assets/map/map_arrow_e.png","Minimap heading template","MinimapHeading requires all eight compass templates","Keep as-is","mapping/assets/heading","BOUND-002","Retained in final refactor tree"
"foreground_vision_bot/assets/map/map_arrow_n.png","Minimap heading template","MinimapHeading requires all eight compass templates","Keep as-is","mapping/assets/heading","BOUND-002","Retained in final refactor tree"
"foreground_vision_bot/assets/map/map_arrow_ne.png","Minimap heading template","MinimapHeading requires all eight compass templates","Keep as-is","mapping/assets/heading","BOUND-002","Retained in final refactor tree"
"foreground_vision_bot/assets/map/map_arrow_nw.png","Minimap heading template","MinimapHeading requires all eight compass templates","Keep as-is","mapping/assets/heading","BOUND-002","Retained in final refactor tree"
"foreground_vision_bot/assets/map/map_arrow_s.png","Minimap heading template","MinimapHeading requires all eight compass templates","Keep as-is","mapping/assets/heading","BOUND-002","Retained in final refactor tree"
"foreground_vision_bot/assets/map/map_arrow_se.png","Minimap heading template","MinimapHeading requires all eight compass templates","Keep as-is","mapping/assets/heading","BOUND-002","Retained in final refactor tree"
"foreground_vision_bot/assets/map/map_arrow_sw.png","Minimap heading template","MinimapHeading requires all eight compass templates","Keep as-is","mapping/assets/heading","BOUND-002","Retained in final refactor tree"
"foreground_vision_bot/assets/map/map_arrow_w.png","Minimap heading template","MinimapHeading requires all eight compass templates","Keep as-is","mapping/assets/heading","BOUND-002","Retained in final refactor tree"
"foreground_vision_bot/assets/map/map_arrow.png","Legacy or dynamically-addressed image asset","No direct canonical consumer found; path-based external use remains possible","Unknown/requires runtime confirmation","retain until runtime/external-use confirmation","CLEAN-001","Retained in final refactor tree"
"foreground_vision_bot/assets/mob_types/electricity.png","Mob/GUI image asset","GUI asset registry and Bot template reload use these paths dynamically","Keep but refactor","vision/assets and typed mob registry","BOUND-003","Retained in final refactor tree"
"foreground_vision_bot/assets/mob_types/fire.png","Mob/GUI image asset","GUI asset registry and Bot template reload use these paths dynamically","Keep but refactor","vision/assets and typed mob registry","BOUND-003","Retained in final refactor tree"
"foreground_vision_bot/assets/mob_types/soil.png","Mob/GUI image asset","GUI asset registry and Bot template reload use these paths dynamically","Keep but refactor","vision/assets and typed mob registry","BOUND-003","Retained in final refactor tree"
"foreground_vision_bot/assets/mob_types/water.png","Mob/GUI image asset","GUI asset registry and Bot template reload use these paths dynamically","Keep but refactor","vision/assets and typed mob registry","BOUND-003","Retained in final refactor tree"
"foreground_vision_bot/assets/mob_types/wind.png","Mob/GUI image asset","GUI asset registry and Bot template reload use these paths dynamically","Keep but refactor","vision/assets and typed mob registry","BOUND-003","Retained in final refactor tree"
"foreground_vision_bot/assets/mobs_list.json","Mob registry","GUI asset registry and Bot template reload use these paths dynamically","Keep but refactor","vision/assets and typed mob registry","BOUND-003","Retained in final refactor tree"
"foreground_vision_bot/assets/names/Captain Asterius.png","Mob/GUI image asset","GUI asset registry and Bot template reload use these paths dynamically","Keep but refactor","vision/assets and typed mob registry","BOUND-003","Retained in final refactor tree"
"foreground_vision_bot/assets/names/Captain Dantalian.png","Mob/GUI image asset","GUI asset registry and Bot template reload use these paths dynamically","Keep but refactor","vision/assets and typed mob registry","BOUND-003","Retained in final refactor tree"
"foreground_vision_bot/assets/names/Lumping Basque.png","Mob/GUI image asset","GUI asset registry and Bot template reload use these paths dynamically","Keep but refactor","vision/assets and typed mob registry","BOUND-003","Retained in final refactor tree"
"foreground_vision_bot/assets/names/Pang.png","Legacy or dynamically-addressed image asset","No direct canonical consumer found; path-based external use remains possible","Unknown/requires runtime confirmation","retain until runtime/external-use confirmation","CLEAN-001","Retained in final refactor tree"
"foreground_vision_bot/assets/names/Scorpicon.png","Mob/GUI image asset","GUI asset registry and Bot template reload use these paths dynamically","Keep but refactor","vision/assets and typed mob registry","BOUND-003","Retained in final refactor tree"
"foreground_vision_bot/assets/ui/kill_counter_penya.png","Kill-counter OCR asset","DigitReader/KillCounterPanel load this asset path","Keep as-is","vision/assets/ocr","BOUND-003","Retained in final refactor tree"
"foreground_vision_bot/assets/ui/kill_counter_trophy.png","Kill-counter OCR asset","DigitReader/KillCounterPanel load this asset path","Keep as-is","vision/assets/ocr","BOUND-003","Retained in final refactor tree"
"foreground_vision_bot/Bot.py","Application composition, GUI, or game facade","Directly reachable from the sole normal GUI launch","Keep but refactor","app/ui/game composition modules","GUI-001","Retained in final refactor tree"
"foreground_vision_bot/capture_service.py","Active runtime service","Pass 2 reproduced permanent-failure false liveness and stale-generation completion","Keep but refactor","generation-aware bounded capture session","STAB-005","Retained in final refactor tree"
"foreground_vision_bot/conftest.py","Canonical pytest setup","Participates in canonical test discovery/temp isolation","Keep but refactor","minimal pytest configuration","DOC-002","Retained in final refactor tree"
"foreground_vision_bot/foreground_vision_farm.json","CWD-dependent GUI settings","Gui settings copy differs from the pre-deleted root copy","Replace","explicit per-user application settings","GUI-001","Retained in final refactor tree"
"foreground_vision_bot/foreground_vision_farm.py","Application composition, GUI, or game facade","Directly reachable from the sole normal GUI launch","Keep but refactor","app/ui/game composition modules","GUI-001","Retained in final refactor tree"
"foreground_vision_bot/Gui.py","Application composition, GUI, or game facade","Directly reachable from the sole normal GUI launch","Keep but refactor","app/ui/game composition modules","GUI-001","Retained in final refactor tree"
"foreground_vision_bot/inspect_native_monsters.py","Native diagnostic CLI","Direct supported diagnostic entry point","Keep but refactor","native diagnostics CLI","PTR-004","Retained in final refactor tree"
"foreground_vision_bot/libs/ActionExecutor.py","Duplicate Bot/legacy input executor and shared key-map source","Constructed by Bot but not used by active unified step; its EVA releases/restores movement","Merge into another module","one canonical direct four-action input controller","INPUT-001","Retained in final refactor tree"
"foreground_vision_bot/libs/CameraDiscoverySweep.py","Active farming focus/camera discovery","Every farming mode reaches it through reset; its forced discovery ignores cancellation","Keep but refactor","cancellable game/focus_camera service","STAB-004","Deleted after reachability and behavior-parity validation"
"foreground_vision_bot/libs/ClusterDetector.py","Unreferenced legacy utility","Whole-tree search found no production/test consumer","Delete as generated/dead code","delete after Runtime Pass 2","CLEAN-002","Deleted after reachability and behavior-parity validation"
"foreground_vision_bot/libs/ComputerVision.py","Active input, native-map, capture, vision, or OCR primitive","Direct Bot, runtime, or unified-farming importer","Keep but refactor","game/input-focus or vision module","BOUND-003","Retained in final refactor tree"
"foreground_vision_bot/libs/DigitReader.py","Active input, native-map, capture, vision, or OCR primitive","Direct Bot, runtime, or unified-farming importer","Keep but refactor","game/input-focus or vision module","BOUND-003","Retained in final refactor tree"
"foreground_vision_bot/libs/FlyffEnv.py","Pre-native visual farming implementation","No GUI dispatch; reached by legacy train.py and Box(125) model","Archive as historical experiment","archive/legacy_farming","CLEAN-002","Deleted after reachability and behavior-parity validation"
"foreground_vision_bot/libs/GameInterface.py","Unreferenced legacy utility","Whole-tree search found no production/test consumer","Delete as generated/dead code","delete after Runtime Pass 2","CLEAN-002","Deleted after reachability and behavior-parity validation"
"foreground_vision_bot/libs/human_mouse/_beziercurve.py","Unreferenced legacy mouse utility","Reference search found only internal cluster imports","Delete as generated/dead code","delete after Runtime Pass 2","CLEAN-002","Deleted after reachability and behavior-parity validation"
"foreground_vision_bot/libs/human_mouse/_utils.py","Unreferenced legacy mouse utility","Reference search found only internal cluster imports","Delete as generated/dead code","delete after Runtime Pass 2","CLEAN-002","Deleted after reachability and behavior-parity validation"
"foreground_vision_bot/libs/human_mouse/HumanCurve.py","Unreferenced legacy mouse utility","Reference search found only internal cluster imports","Delete as generated/dead code","delete after Runtime Pass 2","CLEAN-002","Deleted after reachability and behavior-parity validation"
"foreground_vision_bot/libs/human_mouse/HumanMouse.py","Unreferenced legacy mouse utility","Reference search found only internal cluster imports","Delete as generated/dead code","delete after Runtime Pass 2","CLEAN-002","Deleted after reachability and behavior-parity validation"
"foreground_vision_bot/libs/HumanKeyboard.py","Active input, native-map, capture, vision, or OCR primitive","Direct Bot, runtime, or unified-farming importer","Keep but refactor","game/input-focus or vision module","INPUT-001","Retained in final refactor tree"
"foreground_vision_bot/libs/KillCounterPanel.py","Active input, native-map, capture, vision, or OCR primitive","Direct Bot, runtime, or unified-farming importer","Keep but refactor","game/input-focus or vision module","BOUND-003","Retained in final refactor tree"
"foreground_vision_bot/libs/LiveNavigatorController.py","Goal navigator used as executor-only shell","Unified builder sets load_policy=False and uses executor/focus/EVA only","Replace","direct farming control/session","INPUT-003","Deleted after reachability and behavior-parity validation"
"foreground_vision_bot/libs/NativeFarmingEnv.py","Layered native farming implementation","Import-time patch chain defines final live environment behavior","Merge into another module","canonical farming environment/observation/reward","FARM-001","Deleted after reachability and behavior-parity validation"
"foreground_vision_bot/libs/NativeFarmingObservation.py","Layered native farming implementation","Import-time patch chain defines final live environment behavior","Merge into another module","canonical farming environment/observation/reward","FARM-001","Deleted after reachability and behavior-parity validation"
"foreground_vision_bot/libs/NativeMapContext.py","Active input, native-map, capture, vision, or OCR primitive","Direct Bot, runtime, or unified-farming importer","Keep but refactor","mapping/map_context.py","BOUND-001","Deleted after reachability and behavior-parity validation"
"foreground_vision_bot/libs/NavigatorActionExecutor.py","Persistent direct movement-key executor","Unified step calls navigator.executor.execute directly","Merge into another module","canonical direct input controller","INPUT-001","Deleted after reachability and behavior-parity validation"
"foreground_vision_bot/libs/ObservationBuilder.py","Pre-native visual farming implementation","No GUI dispatch; reached by legacy train.py and Box(125) model","Archive as historical experiment","archive/legacy_farming","CLEAN-002","Deleted after reachability and behavior-parity validation"
"foreground_vision_bot/libs/V0672NativeFarmingFixes.py","Layered farming fixes with live kill/OCR helpers","V0700 dynamically calls its cast-candidate native kill and OCR validation behavior","Merge into another module","canonical native kill/OCR farming services","FARM-001","Deleted after reachability and behavior-parity validation"
"foreground_vision_bot/libs/V0673EvaMovementFix.py","Layered native farming implementation","Import-time patch chain defines final live environment behavior","Merge into another module","canonical farming environment/observation/reward","FARM-001","Deleted after reachability and behavior-parity validation"
"foreground_vision_bot/libs/V0674OrbitGuard.py","Layered native farming implementation","Import-time patch chain defines final live environment behavior","Merge into another module","canonical farming environment/observation/reward","FARM-001","Deleted after reachability and behavior-parity validation"
"foreground_vision_bot/libs/V0700UnifiedFarming.py","Layered native farming implementation","Import-time patch chain defines final live environment behavior","Merge into another module","canonical farming environment/observation/reward","FARM-001","Deleted after reachability and behavior-parity validation"
"foreground_vision_bot/libs/V0707TeleportSafety.py","Layered native farming implementation","Import-time patch chain defines final live environment behavior","Merge into another module","canonical farming environment/observation/reward","FARM-001","Deleted after reachability and behavior-parity validation"
"foreground_vision_bot/libs/WindowCapture.py","Active input, native-map, capture, vision, or OCR primitive","Direct Bot, runtime, or unified-farming importer","Keep but refactor","game/input-focus or vision module","BOUND-003","Retained in final refactor tree"
"foreground_vision_bot/mapper/__init__.py","GUI-reachable mapping/editor/overlay component","Package Mapper alias resolves CoordinateMapper.Mapper","Keep but refactor","mapping modules split by catalog/grid/editor/runner/heading","BOUND-001","Retained in final refactor tree"
"foreground_vision_bot/mapper/adaptive_motion.json","Inactive adaptive mapper experiment","CoordinateMapper shadow is disabled; explicit imports/tests only","Archive as historical experiment","archive/legacy_mapping","CLEAN-002","Retained in final refactor tree"
"foreground_vision_bot/mapper/AdaptiveHeadingSafety.py","Inactive adaptive mapper experiment","CoordinateMapper shadow is disabled; explicit imports/tests only","Archive as historical experiment","archive/legacy_mapping","CLEAN-002","Retained in final refactor tree"
"foreground_vision_bot/mapper/AdaptiveMapper.py","Inactive adaptive mapper experiment","CoordinateMapper shadow is disabled; explicit imports/tests only","Archive as historical experiment","archive/legacy_mapping","CLEAN-002","Retained in final refactor tree"
"foreground_vision_bot/mapper/AdaptiveMappingController.py","GUI-reachable mapping/editor/overlay component","Concrete GUI, RuntimeController, Bot, or NativeMapContext call path","Keep but refactor","mapping modules split by catalog/grid/editor/runner/heading","BOUND-001","Retained in final refactor tree"
"foreground_vision_bot/mapper/AdaptiveMotionModel.py","Inactive adaptive mapper experiment","CoordinateMapper shadow is disabled; explicit imports/tests only","Archive as historical experiment","archive/legacy_mapping","CLEAN-002","Retained in final refactor tree"
"foreground_vision_bot/mapper/AdaptiveMotionTracker.py","Inactive adaptive mapper experiment","CoordinateMapper shadow is disabled; explicit imports/tests only","Archive as historical experiment","archive/legacy_mapping","CLEAN-002","Retained in final refactor tree"
"foreground_vision_bot/mapper/AdaptiveRunMotionBaseline.py","Inactive adaptive mapper experiment","CoordinateMapper shadow is disabled; explicit imports/tests only","Archive as historical experiment","archive/legacy_mapping","CLEAN-002","Retained in final refactor tree"
"foreground_vision_bot/mapper/AdaptiveTurnControl.py","Inactive adaptive mapper experiment","CoordinateMapper shadow is disabled; explicit imports/tests only","Archive as historical experiment","archive/legacy_mapping","CLEAN-002","Retained in final refactor tree"
"foreground_vision_bot/mapper/calibration.json","Legacy visual calibration data","Read by legacy mapper/rotation calibration only","Archive as historical experiment","archive/legacy_mapping/data","CLEAN-002","Retained in final refactor tree"
"foreground_vision_bot/mapper/Calibration.py","Older visual mapper/calibration component","Only legacy tests/lazy compatibility exports or old direct importers; no GUI start event","Archive as historical experiment","archive/legacy_mapping","CLEAN-002","Retained in final refactor tree"
"foreground_vision_bot/mapper/CalibrationSchema.py","Older visual mapper/calibration component","Only legacy tests/lazy compatibility exports or old direct importers; no GUI start event","Archive as historical experiment","archive/legacy_mapping","CLEAN-002","Retained in final refactor tree"
"foreground_vision_bot/mapper/CompletionGuard.py","GUI-reachable mapping/editor/overlay component","Concrete GUI, RuntimeController, Bot, or NativeMapContext call path","Keep but refactor","mapping modules split by catalog/grid/editor/runner/heading","BOUND-001","Retained in final refactor tree"
"foreground_vision_bot/mapper/coordinate_mapper.json","Active mapping configuration","Loaded by current coordinate mapper, map catalog, or minimap heading setup","Keep but refactor","typed mapping config/catalog","BOUND-002","Retained in final refactor tree"
"foreground_vision_bot/mapper/CoordinateFrame.py","GUI-reachable mapping/editor/overlay component","Concrete GUI, RuntimeController, Bot, or NativeMapContext call path","Keep but refactor","mapping modules split by catalog/grid/editor/runner/heading","BOUND-001","Retained in final refactor tree"
"foreground_vision_bot/mapper/CoordinateMapLogger.py","GUI-reachable mapping/editor/overlay component","Concrete GUI, RuntimeController, Bot, or NativeMapContext call path","Keep but refactor","mapping modules split by catalog/grid/editor/runner/heading","BOUND-001","Retained in final refactor tree"
"foreground_vision_bot/mapper/CoordinateMapper.py","GUI-reachable mapping/editor/overlay component","Concrete GUI, RuntimeController, Bot, or NativeMapContext call path","Keep but refactor","mapping modules split by catalog/grid/editor/runner/heading","BOUND-001","Retained in final refactor tree"
"foreground_vision_bot/mapper/Explorer.py","GUI-reachable mapping/editor/overlay component","Concrete GUI, RuntimeController, Bot, or NativeMapContext call path","Keep but refactor","mapping modules split by catalog/grid/editor/runner/heading","BOUND-001","Retained in final refactor tree"
"foreground_vision_bot/mapper/FastHeadingTracker.py","Older visual mapper/calibration component","Only legacy tests/lazy compatibility exports or old direct importers; no GUI start event","Archive as historical experiment","archive/legacy_mapping","CLEAN-002","Retained in final refactor tree"
"foreground_vision_bot/mapper/ForwardCalibration.py","Older visual mapper/calibration component","Only legacy tests/lazy compatibility exports or old direct importers; no GUI start event","Archive as historical experiment","archive/legacy_mapping","CLEAN-002","Retained in final refactor tree"
"foreground_vision_bot/mapper/FreeSpaceInference.py","GUI-reachable mapping/editor/overlay component","Concrete GUI, RuntimeController, Bot, or NativeMapContext call path","Keep but refactor","mapping modules split by catalog/grid/editor/runner/heading","BOUND-001","Retained in final refactor tree"
"foreground_vision_bot/mapper/ManualDriveMapper.py","GUI-reachable mapping/editor/overlay component","Concrete GUI, RuntimeController, Bot, or NativeMapContext call path","Keep but refactor","mapping modules split by catalog/grid/editor/runner/heading","BOUND-001","Retained in final refactor tree"
"foreground_vision_bot/mapper/ManualMapEditor.py","GUI-reachable mapping/editor/overlay component","Concrete GUI, RuntimeController, Bot, or NativeMapContext call path","Keep but refactor","mapping modules split by catalog/grid/editor/runner/heading","BOUND-001","Retained in final refactor tree"
"foreground_vision_bot/mapper/map_profiles.json","Active mapping configuration","Loaded by current coordinate mapper, map catalog, or minimap heading setup","Keep but refactor","typed mapping config/catalog","BOUND-002","Retained in final refactor tree"
"foreground_vision_bot/mapper/MapCatalog.py","GUI-reachable mapping/editor/overlay component","Concrete GUI, RuntimeController, Bot, or NativeMapContext call path","Keep but refactor","mapping modules split by catalog/grid/editor/runner/heading","BOUND-001","Retained in final refactor tree"
"foreground_vision_bot/mapper/MapLogger.py","Older visual mapper/calibration component","Only legacy tests/lazy compatibility exports or old direct importers; no GUI start event","Archive as historical experiment","archive/legacy_mapping","CLEAN-002","Retained in final refactor tree"
"foreground_vision_bot/mapper/Mapper.py","Older visual mapper/calibration component","Only legacy tests/lazy compatibility exports or old direct importers; no GUI start event","Archive as historical experiment","archive/legacy_mapping","CLEAN-002","Retained in final refactor tree"
"foreground_vision_bot/mapper/MappingController.py","Older visual mapper/calibration component","Only legacy tests/lazy compatibility exports or old direct importers; no GUI start event","Archive as historical experiment","archive/legacy_mapping","CLEAN-002","Retained in final refactor tree"
"foreground_vision_bot/mapper/maps/tower_aoe/.skip_legacy_import","Active Tower AoE map dataset","Selected map; farming safety/transform and GUI preview depend on the coherent dataset","Keep as-is","mapping/data/tower_aoe","BOUND-002","Preserve exact data"
"foreground_vision_bot/mapper/maps/tower_aoe/coordinate_frame.json","Active Tower AoE map dataset","Selected map; farming safety/transform and GUI preview depend on the coherent dataset","Keep as-is","mapping/data/tower_aoe","BOUND-002","Preserve exact data"
"foreground_vision_bot/mapper/maps/tower_aoe/FINAL_MAP_REPORT.json","Tower map generation provenance","Selected map; farming safety/transform and GUI preview depend on the coherent dataset","Keep but refactor","mapping/data/tower_aoe","BOUND-002","Preserve exact data"
"foreground_vision_bot/mapper/maps/tower_aoe/map_local.png","Active Tower AoE map dataset","Selected map; farming safety/transform and GUI preview depend on the coherent dataset","Keep as-is","mapping/data/tower_aoe","BOUND-002","Preserve exact data"
"foreground_vision_bot/mapper/maps/tower_aoe/map_overview.png","Active Tower AoE map dataset","Selected map; farming safety/transform and GUI preview depend on the coherent dataset","Keep as-is","mapping/data/tower_aoe","BOUND-002","Preserve exact data"
"foreground_vision_bot/mapper/maps/tower_aoe/map_preview.png","Active Tower AoE map dataset","Selected map; farming safety/transform and GUI preview depend on the coherent dataset","Keep as-is","mapping/data/tower_aoe","BOUND-002","Preserve exact data"
"foreground_vision_bot/mapper/maps/tower_aoe/map.json","Active Tower AoE map dataset","Selected map; farming safety/transform and GUI preview depend on the coherent dataset","Keep as-is","mapping/data/tower_aoe","BOUND-002","Preserve exact data"
"foreground_vision_bot/mapper/maps/tower_aoe/occupancy.npy","Active Tower AoE map dataset","Selected map; farming safety/transform and GUI preview depend on the coherent dataset","Keep as-is","mapping/data/tower_aoe","BOUND-002","Preserve exact data"
"foreground_vision_bot/mapper/maps/tower_aoe/visits.npy","Active Tower AoE map dataset","Selected map; farming safety/transform and GUI preview depend on the coherent dataset","Keep as-is","mapping/data/tower_aoe","BOUND-002","Preserve exact data"
"foreground_vision_bot/mapper/minimap_anchor.json","Active mapping configuration","Loaded by current coordinate mapper, map catalog, or minimap heading setup","Keep but refactor","typed mapping config/catalog","BOUND-002","Retained in final refactor tree"
"foreground_vision_bot/mapper/MinimapAnchorSetup.py","GUI-reachable mapping/editor/overlay component","Concrete GUI, RuntimeController, Bot, or NativeMapContext call path","Keep but refactor","mapping modules split by catalog/grid/editor/runner/heading","BOUND-001","Retained in final refactor tree"
"foreground_vision_bot/mapper/MinimapHeading.py","GUI-reachable mapping/editor/overlay component","Concrete GUI, RuntimeController, Bot, or NativeMapContext call path","Keep but refactor","mapping modules split by catalog/grid/editor/runner/heading","BOUND-001","Retained in final refactor tree"
"foreground_vision_bot/mapper/MotionTracker.py","Older visual mapper/calibration component","Only legacy tests/lazy compatibility exports or old direct importers; no GUI start event","Archive as historical experiment","archive/legacy_mapping","CLEAN-002","Retained in final refactor tree"
"foreground_vision_bot/mapper/NativeCourseHeading.py","GUI-reachable mapping/editor/overlay component","Concrete GUI, RuntimeController, Bot, or NativeMapContext call path","Keep but refactor","mapping modules split by catalog/grid/editor/runner/heading","BOUND-001","Retained in final refactor tree"
"foreground_vision_bot/mapper/NativeMonsterMapOverlay.py","GUI-reachable mapping/editor/overlay component","Concrete GUI, RuntimeController, Bot, or NativeMapContext call path","Keep but refactor","mapping modules split by catalog/grid/editor/runner/heading","BOUND-001","Retained in final refactor tree"
"foreground_vision_bot/mapper/OccupancyGrid.py","GUI-reachable mapping/editor/overlay component","Concrete GUI, RuntimeController, Bot, or NativeMapContext call path","Keep but refactor","mapping modules split by catalog/grid/editor/runner/heading","BOUND-001","Retained in final refactor tree"
"foreground_vision_bot/mapper/PangDetector.py","Older visual mapper/calibration component","Only legacy tests/lazy compatibility exports or old direct importers; no GUI start event","Archive as historical experiment","archive/legacy_mapping","CLEAN-002","Retained in final refactor tree"
"foreground_vision_bot/mapper/rl/__init__.py","Mixed RL eager export surface","Exports generic helpers with removed navigator/experimental modules","Replace","remove after generic helper extraction","BOUND-001","Retained in final refactor tree"
"foreground_vision_bot/mapper/rl/ActionMask.py","Offline mapper-RL/shadow experiment","Standalone CLI/tests or inactive adaptive mapper; no normal GUI enablement","Archive as historical experiment","archive/mapper_rl_experiment","CLEAN-002","Retained in final refactor tree"
"foreground_vision_bot/mapper/rl/FeatureExtractor.py","Offline mapper-RL/shadow experiment","Standalone CLI/tests or inactive adaptive mapper; no normal GUI enablement","Archive as historical experiment","archive/mapper_rl_experiment","CLEAN-002","Retained in final refactor tree"
"foreground_vision_bot/mapper/rl/GymEnv.py","Offline mapper-RL/shadow experiment","Standalone CLI/tests or inactive adaptive mapper; no normal GUI enablement","Archive as historical experiment","archive/mapper_rl_experiment","CLEAN-002","Retained in final refactor tree"
"foreground_vision_bot/mapper/rl/LayoutSources.py","Generic mapping primitive mixed with navigator code","NativeMapContext/environment import layout, masks, distances, or map types","Merge into another module","mapping/farming generic primitives","BOUND-001","Retained in final refactor tree"
"foreground_vision_bot/mapper/rl/LiveObservation.py","Offline mapper-RL/shadow experiment","Standalone CLI/tests or inactive adaptive mapper; no normal GUI enablement","Archive as historical experiment","archive/mapper_rl_experiment","CLEAN-002","Retained in final refactor tree"
"foreground_vision_bot/mapper/rl/navigator_training_farming_mix_holdout.json","Removed goal-conditioned movement PPO code/config","CLI/tests only; unified runtime sets load_policy=False","Archive as historical experiment","archive/removed_movement_policy","CLEAN-002","Deleted after reachability and behavior-parity validation"
"foreground_vision_bot/mapper/rl/navigator_training_farming_mix.json","Removed goal-conditioned movement PPO code/config","CLI/tests only; unified runtime sets load_policy=False","Archive as historical experiment","archive/removed_movement_policy","CLEAN-002","Deleted after reachability and behavior-parity validation"
"foreground_vision_bot/mapper/rl/navigator_training_short_holdout_fresh.json","Removed goal-conditioned movement PPO code/config","CLI/tests only; unified runtime sets load_policy=False","Archive as historical experiment","archive/removed_movement_policy","CLEAN-002","Deleted after reachability and behavior-parity validation"
"foreground_vision_bot/mapper/rl/navigator_training_short_holdout.json","Removed goal-conditioned movement PPO code/config","CLI/tests only; unified runtime sets load_policy=False","Archive as historical experiment","archive/removed_movement_policy","CLEAN-002","Deleted after reachability and behavior-parity validation"
"foreground_vision_bot/mapper/rl/navigator_training.json","Removed goal-conditioned movement PPO code/config","CLI/tests only; unified runtime sets load_policy=False","Archive as historical experiment","archive/removed_movement_policy","CLEAN-002","Deleted after reachability and behavior-parity validation"
"foreground_vision_bot/mapper/rl/NavigatorCore.py","Generic mapping primitive mixed with navigator code","NativeMapContext/environment import layout, masks, distances, or map types","Merge into another module","mapping/farming generic primitives","BOUND-001","Deleted after reachability and behavior-parity validation"
"foreground_vision_bot/mapper/rl/NavigatorGymEnv.py","Removed goal-conditioned movement PPO code/config","CLI/tests only; unified runtime sets load_policy=False","Archive as historical experiment","archive/removed_movement_policy","CLEAN-002","Deleted after reachability and behavior-parity validation"
"foreground_vision_bot/mapper/rl/NavigatorTraining.py","Removed goal-conditioned movement PPO code/config","CLI/tests only; unified runtime sets load_policy=False","Archive as historical experiment","archive/removed_movement_policy","CLEAN-002","Deleted after reachability and behavior-parity validation"
"foreground_vision_bot/mapper/rl/Observation.py","Offline mapper-RL/shadow experiment","Standalone CLI/tests or inactive adaptive mapper; no normal GUI enablement","Archive as historical experiment","archive/mapper_rl_experiment","CLEAN-002","Retained in final refactor tree"
"foreground_vision_bot/mapper/rl/offline_training.json","Offline mapper-RL/shadow experiment","Standalone CLI/tests or inactive adaptive mapper; no normal GUI enablement","Archive as historical experiment","archive/mapper_rl_experiment","CLEAN-002","Retained in final refactor tree"
"foreground_vision_bot/mapper/rl/OfflineTraining.py","Offline mapper-RL/shadow experiment","Standalone CLI/tests or inactive adaptive mapper; no normal GUI enablement","Archive as historical experiment","archive/mapper_rl_experiment","CLEAN-002","Retained in final refactor tree"
"foreground_vision_bot/mapper/rl/OpenArena.py","Offline mapper-RL/shadow experiment","Standalone CLI/tests or inactive adaptive mapper; no normal GUI enablement","Archive as historical experiment","archive/mapper_rl_experiment","CLEAN-002","Retained in final refactor tree"
"foreground_vision_bot/mapper/rl/Policy.py","Offline mapper-RL/shadow experiment","Standalone CLI/tests or inactive adaptive mapper; no normal GUI enablement","Archive as historical experiment","archive/mapper_rl_experiment","CLEAN-002","Retained in final refactor tree"
"foreground_vision_bot/mapper/rl/PolicyTypes.py","Offline mapper-RL/shadow experiment","Standalone CLI/tests or inactive adaptive mapper; no normal GUI enablement","Archive as historical experiment","archive/mapper_rl_experiment","CLEAN-002","Retained in final refactor tree"
"foreground_vision_bot/mapper/rl/ProceduralDungeon.py","Generic mapping primitive mixed with navigator code","NativeMapContext/environment import layout, masks, distances, or map types","Merge into another module","mapping/farming generic primitives","BOUND-001","Retained in final refactor tree"
"foreground_vision_bot/mapper/rl/ShadowPlanner.py","Offline mapper-RL/shadow experiment","Standalone CLI/tests or inactive adaptive mapper; no normal GUI enablement","Archive as historical experiment","archive/mapper_rl_experiment","CLEAN-002","Retained in final refactor tree"
"foreground_vision_bot/mapper/rl/SimulatorCore.py","Offline mapper-RL/shadow experiment","Standalone CLI/tests or inactive adaptive mapper; no normal GUI enablement","Archive as historical experiment","archive/mapper_rl_experiment","CLEAN-002","Retained in final refactor tree"
"foreground_vision_bot/mapper/rl/TravelCost.py","Generic mapping primitive mixed with navigator code","NativeMapContext/environment import layout, masks, distances, or map types","Merge into another module","mapping/farming generic primitives","BOUND-001","Deleted after reachability and behavior-parity validation"
"foreground_vision_bot/mapper/RotationModel.py","Older visual mapper/calibration component","Only legacy tests/lazy compatibility exports or old direct importers; no GUI start event","Archive as historical experiment","archive/legacy_mapping","CLEAN-002","Retained in final refactor tree"
"foreground_vision_bot/mapper/TurnControl.py","Older visual mapper/calibration component","Only legacy tests/lazy compatibility exports or old direct importers; no GUI start event","Archive as historical experiment","archive/legacy_mapping","CLEAN-002","Retained in final refactor tree"
"foreground_vision_bot/mapper/WallInference.py","GUI-reachable mapping/editor/overlay component","Concrete GUI, RuntimeController, Bot, or NativeMapContext call path","Keep but refactor","mapping modules split by catalog/grid/editor/runner/heading","BOUND-001","Retained in final refactor tree"
"foreground_vision_bot/migrate_project_layout.py","One-time layout migration/repair CLI","Direct CLI and dedicated tests only; canonical layout exists","Archive as historical experiment","archive/migrations","CLEAN-001","Deleted after reachability and behavior-parity validation"
"foreground_vision_bot/models/farming/.gitkeep","Model output directory placeholder","No model input at this path; directory may be runtime-created","Keep but refactor","runtime-created output location","CLEAN-003","Retained in final refactor tree"
"foreground_vision_bot/models/farming/flyff_ppo.zip","Legacy visual-farming checkpoint","Box(125) matches train.py/ObservationBuilder; active config selects native_strategy","Archive as historical experiment","archive/legacy_farming/model","CLEAN-002","Deleted after reachability and behavior-parity validation"
"foreground_vision_bot/models/farming/native_strategy_ppo.zip","Configured unified farming checkpoint","native_farming.json selects it; metadata is Box(482), Discrete(4)","Keep as-is","preserved immutable release/user model","FARM-003","Preserve; never overwrite in tests"
"foreground_vision_bot/models/mapping/.gitkeep","Model output directory placeholder","No model input at this path; directory may be runtime-created","Keep but refactor","runtime-created output location","CLEAN-003","Retained in final refactor tree"
"foreground_vision_bot/native_farming.json","Unified farming configuration","Start Training, Native Dry Run, and Run Agent dispatch here","Keep but refactor","farming/session and typed config","FARM-003","Retained in final refactor tree"
"foreground_vision_bot/native_farming.py","Unified farming composition/training/session","Start Training, Native Dry Run, and Run Agent dispatch here","Keep but refactor","farming/session and typed config","FARM-003","Deleted after reachability and behavior-parity validation"
"foreground_vision_bot/position/__init__.py","Active native memory configuration/backend/reader","Bot attach, preview, farming, mapper, and diagnostics reach this package","Keep but refactor","native session with one shared pointer owner","PTR-001","Retained in final refactor tree"
"foreground_vision_bot/position/factory.py","Active native memory configuration/backend/reader","Bot attach, preview, farming, mapper, and diagnostics reach this package","Keep but refactor","native session with one shared pointer owner","PTR-001","Retained in final refactor tree"
"foreground_vision_bot/position/monster_factory.py","Active native memory configuration/backend/reader","Bot attach, preview, farming, mapper, and diagnostics reach this package","Keep but refactor","native session with one shared pointer owner","PTR-001","Retained in final refactor tree"
"foreground_vision_bot/position/MonsterConfig.py","Active native memory configuration/backend/reader","Bot attach, preview, farming, mapper, and diagnostics reach this package","Keep but refactor","native session with one shared pointer owner","PTR-001","Retained in final refactor tree"
"foreground_vision_bot/position/native_monsters.json","Active native memory configuration/backend/reader","Bot attach, preview, farming, mapper, and diagnostics reach this package","Keep but refactor","native session with one shared pointer owner","PTR-001","Retained in final refactor tree"
"foreground_vision_bot/position/native_position.json","Active native memory configuration/backend/reader","Bot attach, preview, farming, mapper, and diagnostics reach this package","Keep but refactor","native session with one shared pointer owner","PTR-001","Retained in final refactor tree"
"foreground_vision_bot/position/NativeFlyffMonsterProvider.py","Active native memory configuration/backend/reader","Bot attach, preview, farming, mapper, and diagnostics reach this package","Keep but refactor","native session with one shared pointer owner","PTR-001","Retained in final refactor tree"
"foreground_vision_bot/position/NativeFlyffPositionProvider.py","Active native memory configuration/backend/reader","Bot attach, preview, farming, mapper, and diagnostics reach this package","Keep but refactor","native session with one shared pointer owner","PTR-001","Retained in final refactor tree"
"foreground_vision_bot/position/NativePointerRecovery.py","Unsafe active recovery infrastructure","Fake ordinary null read took 979 ms/24.9 MB; duplicate scans and cancellation overrun reproduced","Replace","explicit bounded single-flight native resolver","STAB-003","Retained in final refactor tree"
"foreground_vision_bot/position/PositionConfig.py","Active native memory configuration/backend/reader","Bot attach, preview, farming, mapper, and diagnostics reach this package","Keep but refactor","native session with one shared pointer owner","PTR-001","Retained in final refactor tree"
"foreground_vision_bot/position/PositionProvider.py","Active native memory configuration/backend/reader","Bot attach, preview, farming, mapper, and diagnostics reach this package","Keep but refactor","native session with one shared pointer owner","PTR-001","Retained in final refactor tree"
"foreground_vision_bot/position/Win32ProcessMemory.py","Active native memory configuration/backend/reader","Bot attach, preview, farming, mapper, and diagnostics reach this package","Keep but refactor","native session with one shared pointer owner","PTR-001","Retained in final refactor tree"
"foreground_vision_bot/preview_service.py","Active droppable preview worker","Pass 2 reproduced builder surviving stop while native work blocked","Keep but refactor","cancellable budgeted preview service","STAB-002","Retained in final refactor tree"
"foreground_vision_bot/project_paths.py","Active runtime service","Constructed by Gui/RuntimeController on normal attach and control paths","Keep but refactor","runtime services","GUI-002","Retained in final refactor tree"
"foreground_vision_bot/repair_test_layout.py","One-time layout migration/repair CLI","Direct CLI and dedicated tests only; canonical layout exists","Archive as historical experiment","archive/migrations","CLEAN-001","Deleted after reachability and behavior-parity validation"
"foreground_vision_bot/requirements_mapper_rl.txt","Python/tool/dependency declaration","Declared Python and split requirements disagree with the installed baseline","Merge into another module","validated project metadata and dependency set","DOC-001","Retained in final refactor tree"
"foreground_vision_bot/runtime_bus.py","Active runtime service","Constructed by Gui/RuntimeController on normal attach and control paths","Keep but refactor","runtime services","GUI-002","Retained in final refactor tree"
"foreground_vision_bot/runtime_controller.py","Active lifecycle/control supervisor","Pass 2 reproduced false join followed by resource/bus close and duplicate shutdown","Keep but refactor","generation-aware runtime lifecycle state machine","STAB-005","Retained in final refactor tree"
"foreground_vision_bot/tests/conftest.py","Canonical pytest setup","Participates in canonical test discovery/temp isolation","Keep but refactor","minimal pytest configuration","DOC-002","Retained in final refactor tree"
"foreground_vision_bot/tests/test_action_executor.py","Canonical test module","Covers active runtime, native, input, vision, coordinate mapping, or farming behavior","Keep but refactor","behavior-named canonical test suite","DOC-002","Retained in final refactor tree"
"foreground_vision_bot/tests/test_adaptive_mapper_heading_drift.py","Canonical test module","Covers legacy/adaptive/offline mapping behavior pending Runtime Pass 2","Unknown/requires runtime confirmation","retain until mapped component disposition is final","CLEAN-001","Retained in final refactor tree"
"foreground_vision_bot/tests/test_adaptive_motion_model.py","Canonical test module","Covers legacy/adaptive/offline mapping behavior pending Runtime Pass 2","Unknown/requires runtime confirmation","retain until mapped component disposition is final","CLEAN-001","Retained in final refactor tree"
"foreground_vision_bot/tests/test_adaptive_motion_tracker.py","Canonical test module","Covers legacy/adaptive/offline mapping behavior pending Runtime Pass 2","Unknown/requires runtime confirmation","retain until mapped component disposition is final","CLEAN-001","Retained in final refactor tree"
"foreground_vision_bot/tests/test_adaptive_run_motion_baseline.py","Canonical test module","Covers legacy/adaptive/offline mapping behavior pending Runtime Pass 2","Unknown/requires runtime confirmation","retain until mapped component disposition is final","CLEAN-001","Retained in final refactor tree"
"foreground_vision_bot/tests/test_adaptive_turn_control.py","Canonical test module","Covers legacy/adaptive/offline mapping behavior pending Runtime Pass 2","Unknown/requires runtime confirmation","retain until mapped component disposition is final","CLEAN-001","Retained in final refactor tree"
"foreground_vision_bot/tests/test_assets_mob_info.py","Canonical test module","Covers active runtime, native, input, vision, coordinate mapping, or farming behavior","Keep but refactor","behavior-named canonical test suite","DOC-002","Retained in final refactor tree"
"foreground_vision_bot/tests/test_bot_native_monster_map_publish.py","Canonical test module","Covers active runtime, native, input, vision, coordinate mapping, or farming behavior","Keep but refactor","behavior-named canonical test suite","DOC-002","Retained in final refactor tree"
"foreground_vision_bot/tests/test_bot_preview.py","Canonical test module","Covers active runtime, native, input, vision, coordinate mapping, or farming behavior","Keep but refactor","behavior-named canonical test suite","DOC-002","Retained in final refactor tree"
"foreground_vision_bot/tests/test_camera_obstruction_recovery_v193.py","Canonical test module","Asserts patch version/install order/source strings or transitional release details","Replace","behavior-named canonical tests","FARM-004","Moved to foreground_vision_bot/tests/test_mapper_camera_obstruction_recovery.py"
"foreground_vision_bot/tests/test_capture_service.py","Canonical test module","Covers active runtime, native, input, vision, coordinate mapping, or farming behavior","Keep but refactor","behavior-named canonical test suite","DOC-002","Retained in final refactor tree"
"foreground_vision_bot/tests/test_completion_guard.py","Canonical test module","Covers active runtime, native, input, vision, coordinate mapping, or farming behavior","Keep but refactor","behavior-named canonical test suite","DOC-002","Retained in final refactor tree"
"foreground_vision_bot/tests/test_contact_boundary_topology_v195.py","Canonical test module","Asserts patch version/install order/source strings or transitional release details","Replace","behavior-named canonical tests","FARM-004","Moved to foreground_vision_bot/tests/test_mapper_contact_boundary_topology.py"
"foreground_vision_bot/tests/test_coordinate_mapper.py","Canonical test module","Covers active runtime, native, input, vision, coordinate mapping, or farming behavior","Keep but refactor","behavior-named canonical test suite","DOC-002","Retained in final refactor tree"
"foreground_vision_bot/tests/test_dynamic_kill_counter.py","Canonical test module","Covers active runtime, native, input, vision, coordinate mapping, or farming behavior","Keep but refactor","behavior-named canonical test suite","DOC-002","Retained in final refactor tree"
"foreground_vision_bot/tests/test_explorer_obstacle_recovery.py","Canonical test module","Covers active runtime, native, input, vision, coordinate mapping, or farming behavior","Keep but refactor","behavior-named canonical test suite","DOC-002","Retained in final refactor tree"
"foreground_vision_bot/tests/test_explorer.py","Canonical test module","Covers active runtime, native, input, vision, coordinate mapping, or farming behavior","Keep but refactor","behavior-named canonical test suite","DOC-002","Retained in final refactor tree"
"foreground_vision_bot/tests/test_forward_calibration.py","Canonical test module","Covers legacy/adaptive/offline mapping behavior pending Runtime Pass 2","Unknown/requires runtime confirmation","retain until mapped component disposition is final","CLEAN-001","Retained in final refactor tree"
"foreground_vision_bot/tests/test_free_space_inference.py","Canonical test module","Covers active runtime, native, input, vision, coordinate mapping, or farming behavior","Keep but refactor","behavior-named canonical test suite","DOC-002","Retained in final refactor tree"
"foreground_vision_bot/tests/test_frontier_escape_v19.py","Canonical test module","Asserts patch version/install order/source strings or transitional release details","Replace","behavior-named canonical tests","FARM-004","Moved to foreground_vision_bot/tests/test_mapper_frontier_escape.py"
"foreground_vision_bot/tests/test_gui_mapper_controls_v19.py","Canonical test module","Asserts patch version/install order/source strings or transitional release details","Replace","behavior-named canonical tests","FARM-004","Moved to foreground_vision_bot/tests/test_gui_mapper_controls.py"
"foreground_vision_bot/tests/test_gui_responsive_preview.py","Canonical test module","Covers active runtime, native, input, vision, coordinate mapping, or farming behavior","Keep but refactor","behavior-named canonical test suite","DOC-002","Retained in final refactor tree"
"foreground_vision_bot/tests/test_helpers.py","Canonical test module","Covers active runtime, native, input, vision, coordinate mapping, or farming behavior","Keep but refactor","behavior-named canonical test suite","DOC-002","Retained in final refactor tree"
"foreground_vision_bot/tests/test_human_keyboard.py","Canonical test module","Covers active runtime, native, input, vision, coordinate mapping, or farming behavior","Keep but refactor","behavior-named canonical test suite","DOC-002","Retained in final refactor tree"
"foreground_vision_bot/tests/test_live_contact_consensus_v192.py","Canonical test module","Asserts patch version/install order/source strings or transitional release details","Replace","behavior-named canonical tests","FARM-004","Moved to foreground_vision_bot/tests/test_mapper_live_contact_consensus.py"
"foreground_vision_bot/tests/test_manual_drive_mapper.py","Canonical test module","Covers active runtime, native, input, vision, coordinate mapping, or farming behavior","Keep but refactor","behavior-named canonical test suite","DOC-002","Retained in final refactor tree"
"foreground_vision_bot/tests/test_manual_map_editor.py","Canonical test module","Covers active runtime, native, input, vision, coordinate mapping, or farming behavior","Keep but refactor","behavior-named canonical test suite","DOC-002","Retained in final refactor tree"
"foreground_vision_bot/tests/test_map_catalog_management.py","Canonical test module","Covers active runtime, native, input, vision, coordinate mapping, or farming behavior","Keep but refactor","behavior-named canonical test suite","DOC-002","Retained in final refactor tree"
"foreground_vision_bot/tests/test_map_logger.py","Canonical test module","Covers legacy/adaptive/offline mapping behavior pending Runtime Pass 2","Unknown/requires runtime confirmation","retain until mapped component disposition is final","CLEAN-001","Retained in final refactor tree"
"foreground_vision_bot/tests/test_map_persistence.py","Canonical test module","Covers active runtime, native, input, vision, coordinate mapping, or farming behavior","Keep but refactor","behavior-named canonical test suite","DOC-002","Retained in final refactor tree"
"foreground_vision_bot/tests/test_mapper_decisions.py","Canonical test module","Covers legacy/adaptive/offline mapping behavior pending Runtime Pass 2","Unknown/requires runtime confirmation","retain until mapped component disposition is final","CLEAN-001","Retained in final refactor tree"
"foreground_vision_bot/tests/test_mapper_forward_safety.py","Canonical test module","Covers active runtime, native, input, vision, coordinate mapping, or farming behavior","Keep but refactor","behavior-named canonical test suite","DOC-002","Retained in final refactor tree"
"foreground_vision_bot/tests/test_mapper_lifecycle.py","Canonical test module","Covers active runtime, native, input, vision, coordinate mapping, or farming behavior","Keep but refactor","behavior-named canonical test suite","DOC-002","Retained in final refactor tree"
"foreground_vision_bot/tests/test_mapper_rl_action_masks.py","Canonical test module","Covers legacy/adaptive/offline mapping behavior pending Runtime Pass 2","Unknown/requires runtime confirmation","retain until mapped component disposition is final","CLEAN-001","Retained in final refactor tree"
"foreground_vision_bot/tests/test_mapper_rl_live_observation.py","Canonical test module","Covers legacy/adaptive/offline mapping behavior pending Runtime Pass 2","Unknown/requires runtime confirmation","retain until mapped component disposition is final","CLEAN-001","Retained in final refactor tree"
"foreground_vision_bot/tests/test_mapper_rl_shadow.py","Canonical test module","Covers legacy/adaptive/offline mapping behavior pending Runtime Pass 2","Unknown/requires runtime confirmation","retain until mapped component disposition is final","CLEAN-001","Retained in final refactor tree"
"foreground_vision_bot/tests/test_mapper_rl_simulator.py","Canonical test module","Covers legacy/adaptive/offline mapping behavior pending Runtime Pass 2","Unknown/requires runtime confirmation","retain until mapped component disposition is final","CLEAN-001","Retained in final refactor tree"
"foreground_vision_bot/tests/test_mapping_controller.py","Canonical test module","Covers legacy/adaptive/offline mapping behavior pending Runtime Pass 2","Unknown/requires runtime confirmation","retain until mapped component disposition is final","CLEAN-001","Retained in final refactor tree"
"foreground_vision_bot/tests/test_minimap_heading.py","Canonical test module","Covers active runtime, native, input, vision, coordinate mapping, or farming behavior","Keep but refactor","behavior-named canonical test suite","DOC-002","Retained in final refactor tree"
"foreground_vision_bot/tests/test_motion_tracker.py","Canonical test module","Covers legacy/adaptive/offline mapping behavior pending Runtime Pass 2","Unknown/requires runtime confirmation","retain until mapped component disposition is final","CLEAN-001","Retained in final refactor tree"
"foreground_vision_bot/tests/test_native_course_heading.py","Canonical test module","Covers active runtime, native, input, vision, coordinate mapping, or farming behavior","Keep but refactor","behavior-named canonical test suite","DOC-002","Retained in final refactor tree"
"foreground_vision_bot/tests/test_native_farming_config.py","Canonical test module","Covers active runtime, native, input, vision, coordinate mapping, or farming behavior","Keep but refactor","behavior-named canonical test suite","DOC-002","Deleted after reachability and behavior-parity validation"
"foreground_vision_bot/tests/test_native_farming_env.py","Canonical test module","Covers active runtime, native, input, vision, coordinate mapping, or farming behavior","Keep but refactor","behavior-named canonical test suite","DOC-002","Deleted after reachability and behavior-parity validation"
"foreground_vision_bot/tests/test_native_farming_observation.py","Canonical test module","Covers active runtime, native, input, vision, coordinate mapping, or farming behavior","Keep but refactor","behavior-named canonical test suite","DOC-002","Deleted after reachability and behavior-parity validation"
"foreground_vision_bot/tests/test_native_monster_config.py","Canonical test module","Covers active runtime, native, input, vision, coordinate mapping, or farming behavior","Keep but refactor","behavior-named canonical test suite","DOC-002","Retained in final refactor tree"
"foreground_vision_bot/tests/test_native_monster_map_overlay.py","Canonical test module","Covers active runtime, native, input, vision, coordinate mapping, or farming behavior","Keep but refactor","behavior-named canonical test suite","DOC-002","Retained in final refactor tree"
"foreground_vision_bot/tests/test_native_monster_provider.py","Canonical test module","Covers active runtime, native, input, vision, coordinate mapping, or farming behavior","Keep but refactor","behavior-named canonical test suite","DOC-002","Retained in final refactor tree"
"foreground_vision_bot/tests/test_native_position_provider.py","Canonical test module","Covers active runtime, native, input, vision, coordinate mapping, or farming behavior","Keep but refactor","behavior-named canonical test suite","DOC-002","Retained in final refactor tree"
"foreground_vision_bot/tests/test_navigator_training.py","Canonical test module","Covers legacy/adaptive/offline mapping behavior pending Runtime Pass 2","Unknown/requires runtime confirmation","retain until mapped component disposition is final","CLEAN-001","Deleted after reachability and behavior-parity validation"
"foreground_vision_bot/tests/test_occupancy_grid.py","Canonical test module","Covers active runtime, native, input, vision, coordinate mapping, or farming behavior","Keep but refactor","behavior-named canonical test suite","DOC-002","Retained in final refactor tree"
"foreground_vision_bot/tests/test_offline_mapper_training.py","Canonical test module","Covers legacy/adaptive/offline mapping behavior pending Runtime Pass 2","Unknown/requires runtime confirmation","retain until mapped component disposition is final","CLEAN-001","Retained in final refactor tree"
"foreground_vision_bot/tests/test_position_config.py","Canonical test module","Covers active runtime, native, input, vision, coordinate mapping, or farming behavior","Keep but refactor","behavior-named canonical test suite","DOC-002","Retained in final refactor tree"
"foreground_vision_bot/tests/test_position_factory.py","Canonical test module","Covers active runtime, native, input, vision, coordinate mapping, or farming behavior","Keep but refactor","behavior-named canonical test suite","DOC-002","Retained in final refactor tree"
"foreground_vision_bot/tests/test_preview_service.py","Canonical test module","Covers active runtime, native, input, vision, coordinate mapping, or farming behavior","Keep but refactor","behavior-named canonical test suite","DOC-002","Retained in final refactor tree"
"foreground_vision_bot/tests/test_project_layout_migration.py","Canonical test module","Covers active runtime, native, input, vision, coordinate mapping, or farming behavior","Keep but refactor","behavior-named canonical test suite","DOC-002","Deleted after reachability and behavior-parity validation"
"foreground_vision_bot/tests/test_project_paths.py","Canonical test module","Covers active runtime, native, input, vision, coordinate mapping, or farming behavior","Keep but refactor","behavior-named canonical test suite","DOC-002","Retained in final refactor tree"
"foreground_vision_bot/tests/test_rotation_calibration.py","Canonical test module","Covers legacy/adaptive/offline mapping behavior pending Runtime Pass 2","Unknown/requires runtime confirmation","retain until mapped component disposition is final","CLEAN-001","Retained in final refactor tree"
"foreground_vision_bot/tests/test_rotation_model.py","Canonical test module","Covers legacy/adaptive/offline mapping behavior pending Runtime Pass 2","Unknown/requires runtime confirmation","retain until mapped component disposition is final","CLEAN-001","Retained in final refactor tree"
"foreground_vision_bot/tests/test_runtime_bus_mapper_recovery.py","Canonical test module","Covers active runtime, native, input, vision, coordinate mapping, or farming behavior","Keep but refactor","behavior-named canonical test suite","DOC-002","Retained in final refactor tree"
"foreground_vision_bot/tests/test_runtime_bus.py","Canonical test module","Covers active runtime, native, input, vision, coordinate mapping, or farming behavior","Keep but refactor","behavior-named canonical test suite","DOC-002","Retained in final refactor tree"
"foreground_vision_bot/tests/test_runtime_controller.py","Canonical test module","Covers active runtime, native, input, vision, coordinate mapping, or farming behavior","Keep but refactor","behavior-named canonical test suite","DOC-002","Retained in final refactor tree"
"foreground_vision_bot/tests/test_test_layout_v19.py","Canonical test module","Asserts patch version/install order/source strings or transitional release details","Replace","behavior-named canonical tests","FARM-004","Moved to foreground_vision_bot/tests/test_mapper_package_layout.py"
"foreground_vision_bot/tests/test_turn_control.py","Canonical test module","Covers legacy/adaptive/offline mapping behavior pending Runtime Pass 2","Unknown/requires runtime confirmation","retain until mapped component disposition is final","CLEAN-001","Retained in final refactor tree"
"foreground_vision_bot/tests/test_turn_final_settle_v194.py","Canonical test module","Asserts patch version/install order/source strings or transitional release details","Replace","behavior-named canonical tests","FARM-004","Moved to foreground_vision_bot/tests/test_mapper_turn_final_settle.py"
"foreground_vision_bot/tests/test_v0671_fluid_counter_regressions.py","Canonical test module","Asserts patch version/install order/source strings or transitional release details","Replace","behavior-named canonical tests","FARM-004","Deleted after reachability and behavior-parity validation"
"foreground_vision_bot/tests/test_v0672_live_farming_regressions.py","Canonical test module","Asserts patch version/install order/source strings or transitional release details","Replace","behavior-named canonical tests","FARM-004","Deleted after reachability and behavior-parity validation"
"foreground_vision_bot/tests/test_v0673_eva_movement_regressions.py","Canonical test module","Asserts patch version/install order/source strings or transitional release details","Replace","behavior-named canonical tests","FARM-004","Deleted after reachability and behavior-parity validation"
"foreground_vision_bot/tests/test_v0674_orbit_guard_regressions.py","Canonical test module","Asserts patch version/install order/source strings or transitional release details","Replace","behavior-named canonical tests","FARM-004","Deleted after reachability and behavior-parity validation"
"foreground_vision_bot/tests/test_v0700_unified_farming_regressions.py","Canonical test module","Asserts patch version/install order/source strings or transitional release details","Replace","behavior-named canonical tests","FARM-004","Deleted after reachability and behavior-parity validation"
"foreground_vision_bot/tests/test_v0703_map_context_regressions.py","Canonical test module","Asserts patch version/install order/source strings or transitional release details","Replace","behavior-named canonical tests","FARM-004","Deleted after reachability and behavior-parity validation"
"foreground_vision_bot/tests/test_v0704_exact_map_adapter_regressions.py","Canonical test module","Asserts patch version/install order/source strings or transitional release details","Replace","behavior-named canonical tests","FARM-004","Deleted after reachability and behavior-parity validation"
"foreground_vision_bot/tests/test_v0705_unified_executor_only_regressions.py","Canonical test module","Asserts patch version/install order/source strings or transitional release details","Replace","behavior-named canonical tests","FARM-004","Deleted after reachability and behavior-parity validation"
"foreground_vision_bot/tests/test_v0706_camera_focus_regressions.py","Canonical test module","Asserts patch version/install order/source strings or transitional release details","Replace","behavior-named canonical tests","FARM-004","Deleted after reachability and behavior-parity validation"
"foreground_vision_bot/tests/test_v0707_teleport_session_regressions.py","Canonical test module","Asserts patch version/install order/source strings or transitional release details","Replace","behavior-named canonical tests","FARM-004","Deleted after reachability and behavior-parity validation"
"foreground_vision_bot/tests/test_v0708_pointer_recovery.py","Canonical test module","Asserts patch version/install order/source strings or transitional release details","Replace","behavior-named canonical tests","FARM-004","Moved to foreground_vision_bot/tests/test_pointer_recovery.py"
"foreground_vision_bot/tests/test_wall_inference.py","Canonical test module","Covers active runtime, native, input, vision, coordinate mapping, or farming behavior","Keep but refactor","behavior-named canonical test suite","DOC-002","Retained in final refactor tree"
"foreground_vision_bot/tests/test_win32_process_memory.py","Canonical test module","Covers active runtime, native, input, vision, coordinate mapping, or farming behavior","Keep but refactor","behavior-named canonical test suite","DOC-002","Retained in final refactor tree"
"foreground_vision_bot/tests/test_worker_manager.py","Canonical test module","Covers active runtime, native, input, vision, coordinate mapping, or farming behavior","Keep but refactor","behavior-named canonical test suite","DOC-002","Retained in final refactor tree"
"foreground_vision_bot/tools/apply_v0_4_cleanup.py","One-shot cleanup/pivot migration script","Not imported; tied to superseded release migration","Archive as historical experiment","archive/migrations or delete after checkpoint","CLEAN-001","Deleted after reachability and behavior-parity validation"
"foreground_vision_bot/tools/apply_v0_5_1_cleanup.py","One-shot cleanup/pivot migration script","Not imported; tied to superseded release migration","Archive as historical experiment","archive/migrations or delete after checkpoint","CLEAN-001","Deleted after reachability and behavior-parity validation"
"foreground_vision_bot/tools/apply_v0_5_2_cleanup.py","One-shot cleanup/pivot migration script","Not imported; tied to superseded release migration","Archive as historical experiment","archive/migrations or delete after checkpoint","CLEAN-001","Deleted after reachability and behavior-parity validation"
"foreground_vision_bot/tools/apply_v0_5_3_cleanup.py","One-shot cleanup/pivot migration script","Not imported; tied to superseded release migration","Archive as historical experiment","archive/migrations or delete after checkpoint","CLEAN-001","Deleted after reachability and behavior-parity validation"
"foreground_vision_bot/tools/apply_v0_5_5_cleanup.py","One-shot cleanup/pivot migration script","Not imported; tied to superseded release migration","Archive as historical experiment","archive/migrations or delete after checkpoint","CLEAN-001","Deleted after reachability and behavior-parity validation"
"foreground_vision_bot/tools/apply_v0_5_cleanup.py","One-shot cleanup/pivot migration script","Not imported; tied to superseded release migration","Archive as historical experiment","archive/migrations or delete after checkpoint","CLEAN-001","Deleted after reachability and behavior-parity validation"
"foreground_vision_bot/tools/checkpoint_and_start_adaptive_pivot.ps1","One-shot cleanup/pivot migration script","Not imported; tied to superseded release migration","Archive as historical experiment","archive/migrations or delete after checkpoint","CLEAN-001","Deleted after reachability and behavior-parity validation"
"foreground_vision_bot/tools/cleanup_legacy_mapping.py","One-shot cleanup/pivot migration script","Not imported; tied to superseded release migration","Archive as historical experiment","archive/migrations or delete after checkpoint","CLEAN-001","Deleted after reachability and behavior-parity validation"
"foreground_vision_bot/tools/probe_native_position.py","Native diagnostic CLI","Direct supported diagnostic entry point","Keep but refactor","native diagnostics CLI","PTR-004","Retained in final refactor tree"
"foreground_vision_bot/train_mapper_offline.py","Offline mapper RL trainer","Standalone experimental CLI; no normal GUI dispatch","Archive as historical experiment","archive/mapper_rl_experiment","CLEAN-002","Retained in final refactor tree"
"foreground_vision_bot/train_navigator_offline.py","Removed movement PPO trainer","Standalone CLI; unified runtime does not load movement policy","Archive as historical experiment","archive/removed_movement_policy","CLEAN-002","Deleted after reachability and behavior-parity validation"
"foreground_vision_bot/train.py","Pre-native visual farming trainer","No GUI dispatch; loads legacy Box(125) stack","Archive as historical experiment","archive/legacy_farming","CLEAN-002","Deleted after reachability and behavior-parity validation"
"foreground_vision_bot/training_logs/farming/.gitkeep","Runtime output directory placeholder","Directory convention only; no runtime input","Keep but refactor","runtime-created output location","CLEAN-003","Retained in final refactor tree"
"foreground_vision_bot/training_logs/farming/flyff_ppo_1/events.out.tfevents.1785068772.ridddesktop.107052.0","Generated TensorBoard event","Generated run output; not an application input","Delete as generated/dead code","external/local run storage","CLEAN-003","Deleted after reachability and behavior-parity validation"
"foreground_vision_bot/training_logs/farming/flyff_ppo_1/events.out.tfevents.1785068861.ridddesktop.107052.1","Generated TensorBoard event","Generated run output; not an application input","Delete as generated/dead code","external/local run storage","CLEAN-003","Deleted after reachability and behavior-parity validation"
"foreground_vision_bot/training_logs/farming/flyff_ppo_1/events.out.tfevents.1785069307.ridddesktop.107052.2","Generated TensorBoard event","Generated run output; not an application input","Delete as generated/dead code","external/local run storage","CLEAN-003","Deleted after reachability and behavior-parity validation"
"foreground_vision_bot/training_logs/farming/flyff_ppo_1/events.out.tfevents.1785069361.ridddesktop.107052.3","Generated TensorBoard event","Generated run output; not an application input","Delete as generated/dead code","external/local run storage","CLEAN-003","Deleted after reachability and behavior-parity validation"
"foreground_vision_bot/training_logs/farming/flyff_ppo_1/events.out.tfevents.1785069592.ridddesktop.107052.4","Generated TensorBoard event","Generated run output; not an application input","Delete as generated/dead code","external/local run storage","CLEAN-003","Deleted after reachability and behavior-parity validation"
"foreground_vision_bot/training_logs/farming/flyff_ppo_1/events.out.tfevents.1785069755.ridddesktop.107052.5","Generated TensorBoard event","Generated run output; not an application input","Delete as generated/dead code","external/local run storage","CLEAN-003","Deleted after reachability and behavior-parity validation"
"foreground_vision_bot/training_logs/farming/flyff_ppo_1/events.out.tfevents.1785071296.ridddesktop.107052.6","Generated TensorBoard event","Generated run output; not an application input","Delete as generated/dead code","external/local run storage","CLEAN-003","Deleted after reachability and behavior-parity validation"
"foreground_vision_bot/training_logs/farming/flyff_ppo_1/events.out.tfevents.1785071324.ridddesktop.107052.7","Generated TensorBoard event","Generated run output; not an application input","Delete as generated/dead code","external/local run storage","CLEAN-003","Deleted after reachability and behavior-parity validation"
"foreground_vision_bot/training_logs/farming/flyff_ppo_1/events.out.tfevents.1785071720.ridddesktop.107052.8","Generated TensorBoard event","Generated run output; not an application input","Delete as generated/dead code","external/local run storage","CLEAN-003","Deleted after reachability and behavior-parity validation"
"foreground_vision_bot/training_logs/farming/flyff_ppo_1/events.out.tfevents.1785170770.ridddesktop.10684.0","Generated TensorBoard event","Generated run output; not an application input","Delete as generated/dead code","external/local run storage","CLEAN-003","Deleted after reachability and behavior-parity validation"
"foreground_vision_bot/training_logs/farming/native_sessions/native_session_20260730_212317.json","Generated native session report","Generated run output; not an application input","Delete as generated/dead code","external/local run storage","CLEAN-003","Deleted after reachability and behavior-parity validation"
"foreground_vision_bot/training_logs/farming/native_sessions/native_session_20260730_212425.json","Generated native session report","Generated run output; not an application input","Delete as generated/dead code","external/local run storage","CLEAN-003","Deleted after reachability and behavior-parity validation"
"foreground_vision_bot/training_logs/farming/native_sessions/native_session_20260730_212543.json","Generated native session report","Generated run output; not an application input","Delete as generated/dead code","external/local run storage","CLEAN-003","Deleted after reachability and behavior-parity validation"
"foreground_vision_bot/training_logs/farming/native_strategy/native_strategy_ppo_1/events.out.tfevents.1785442104.ridddesktop.41760.0","Generated TensorBoard event","Generated run output; not an application input","Delete as generated/dead code","external/local run storage","CLEAN-003","Deleted after reachability and behavior-parity validation"
"foreground_vision_bot/training_logs/farming/native_strategy/native_strategy_ppo_2/events.out.tfevents.1785446596.ridddesktop.2756.0","Generated TensorBoard event","Generated run output; not an application input","Delete as generated/dead code","external/local run storage","CLEAN-003","Deleted after reachability and behavior-parity validation"
"foreground_vision_bot/training_logs/farming/native_strategy/native_strategy_ppo_2/events.out.tfevents.1785446665.ridddesktop.2756.1","Generated TensorBoard event","Generated run output; not an application input","Delete as generated/dead code","external/local run storage","CLEAN-003","Deleted after reachability and behavior-parity validation"
"foreground_vision_bot/training_logs/farming/native_strategy/native_strategy_ppo_2/events.out.tfevents.1785446742.ridddesktop.37952.0","Generated TensorBoard event","Generated run output; not an application input","Delete as generated/dead code","external/local run storage","CLEAN-003","Deleted after reachability and behavior-parity validation"
"foreground_vision_bot/training_logs/mapping/.gitkeep","Runtime output directory placeholder","Directory convention only; no runtime input","Keep but refactor","runtime-created output location","CLEAN-003","Retained in final refactor tree"
"foreground_vision_bot/training_logs/mapping/MaskablePPO_1/events.out.tfevents.1785091240.ridddesktop.83676.0","Generated TensorBoard event","Generated run output; not an application input","Delete as generated/dead code","external/local run storage","CLEAN-003","Deleted after reachability and behavior-parity validation"
"foreground_vision_bot/training_logs/mapping/MaskablePPO_2/events.out.tfevents.1785091831.ridddesktop.27600.0","Generated TensorBoard event","Generated run output; not an application input","Delete as generated/dead code","external/local run storage","CLEAN-003","Deleted after reachability and behavior-parity validation"
"foreground_vision_bot/training_logs/mapping/MaskablePPO_3/events.out.tfevents.1785094709.ridddesktop.113932.0","Generated TensorBoard event","Generated run output; not an application input","Delete as generated/dead code","external/local run storage","CLEAN-003","Deleted after reachability and behavior-parity validation"
"foreground_vision_bot/training_logs/mapping/MaskablePPO_4/events.out.tfevents.1785100851.ridddesktop.102572.0","Generated TensorBoard event","Generated run output; not an application input","Delete as generated/dead code","external/local run storage","CLEAN-003","Deleted after reachability and behavior-parity validation"
"foreground_vision_bot/training_logs/mapping/MaskablePPO_5/events.out.tfevents.1785102005.ridddesktop.98184.0","Generated TensorBoard event","Generated run output; not an application input","Delete as generated/dead code","external/local run storage","CLEAN-003","Deleted after reachability and behavior-parity validation"
"foreground_vision_bot/training_logs/mapping/PPO_1/events.out.tfevents.1785086617.ridddesktop.130476.0","Generated TensorBoard event","Generated run output; not an application input","Delete as generated/dead code","external/local run storage","CLEAN-003","Deleted after reachability and behavior-parity validation"
"foreground_vision_bot/training_logs/mapping/PPO_2/events.out.tfevents.1785087657.ridddesktop.88164.0","Generated TensorBoard event","Generated run output; not an application input","Delete as generated/dead code","external/local run storage","CLEAN-003","Deleted after reachability and behavior-parity validation"
"foreground_vision_bot/training_logs/mapping/PPO_3/events.out.tfevents.1785088895.ridddesktop.129660.0","Generated TensorBoard event","Generated run output; not an application input","Delete as generated/dead code","external/local run storage","CLEAN-003","Deleted after reachability and behavior-parity validation"
"foreground_vision_bot/training_logs/movement/offline/MaskablePPO_1/events.out.tfevents.1785267675.ridddesktop.16112.0","Generated TensorBoard event","Generated run output; not an application input","Delete as generated/dead code","external/local run storage","CLEAN-003","Deleted after reachability and behavior-parity validation"
"foreground_vision_bot/training_logs/movement/offline/MaskablePPO_1/events.out.tfevents.1785268281.ridddesktop.22360.0","Generated TensorBoard event","Generated run output; not an application input","Delete as generated/dead code","external/local run storage","CLEAN-003","Deleted after reachability and behavior-parity validation"
"foreground_vision_bot/training_logs/movement/offline/MaskablePPO_1/events.out.tfevents.1785275176.ridddesktop.127512.0","Generated TensorBoard event","Generated run output; not an application input","Delete as generated/dead code","external/local run storage","CLEAN-003","Deleted after reachability and behavior-parity validation"
"foreground_vision_bot/training_logs/movement/offline/MaskablePPO_1/events.out.tfevents.1785278260.ridddesktop.117104.0","Generated TensorBoard event","Generated run output; not an application input","Delete as generated/dead code","external/local run storage","CLEAN-003","Deleted after reachability and behavior-parity validation"
"foreground_vision_bot/training_logs/movement/offline/MaskablePPO_1/events.out.tfevents.1785282728.ridddesktop.2480.0","Generated TensorBoard event","Generated run output; not an application input","Delete as generated/dead code","external/local run storage","CLEAN-003","Deleted after reachability and behavior-parity validation"
"foreground_vision_bot/utils/decorators.py","Unreferenced legacy utility","Whole-tree search found no production/test consumer","Delete as generated/dead code","delete after Runtime Pass 2","CLEAN-002","Deleted after reachability and behavior-parity validation"
"foreground_vision_bot/utils/helpers.py","Active window selection/logo/UI helper","Imported by GUI entry and native diagnostics","Keep but refactor","app/platform helpers","GUI-001","Retained in final refactor tree"
"foreground_vision_bot/utils/SyncedTimer.py","Unreferenced legacy utility","Whole-tree search found no production/test consumer","Delete as generated/dead code","delete after Runtime Pass 2","CLEAN-002","Deleted after reachability and behavior-parity validation"
"foreground_vision_bot/v0706_patch/apply_v0_7_0_6.py","Version-patch installer, payload, or copied test","No product import; canonical payloads exist and duplicate tests break root collection","Delete as generated/dead code","delete after canonical behavior tests pass","CLEAN-003","Deleted after reachability and behavior-parity validation"
"foreground_vision_bot/v0706_patch/files/libs/CameraDiscoverySweep.py","Version-patch installer, payload, or copied test","No product import; canonical payloads exist and duplicate tests break root collection","Delete as generated/dead code","delete after canonical behavior tests pass","CLEAN-003","Deleted after reachability and behavior-parity validation"
"foreground_vision_bot/v0706_patch/files/libs/HumanKeyboard.py","Version-patch installer, payload, or copied test","No product import; canonical payloads exist and duplicate tests break root collection","Delete as generated/dead code","delete after canonical behavior tests pass","CLEAN-003","Deleted after reachability and behavior-parity validation"
"foreground_vision_bot/v0706_patch/files/tests/test_v0706_camera_focus_regressions.py","Version-patch installer, payload, or copied test","No product import; canonical payloads exist and duplicate tests break root collection","Delete as generated/dead code","delete after canonical behavior tests pass","CLEAN-003","Deleted after reachability and behavior-parity validation"
"foreground_vision_bot/v0706_patch/PATCH_V0_7_0_6_INSTRUCTIONS.md","Version-patch installer, payload, or copied test","No product import; canonical payloads exist and duplicate tests break root collection","Delete as generated/dead code","delete after canonical behavior tests pass","CLEAN-003","Deleted after reachability and behavior-parity validation"
"foreground_vision_bot/v0707_patch/apply_v0_7_0_7.py","Version-patch installer, payload, or copied test","No product import; canonical payloads exist and duplicate tests break root collection","Delete as generated/dead code","delete after canonical behavior tests pass","CLEAN-003","Deleted after reachability and behavior-parity validation"
"foreground_vision_bot/v0707_patch/files/libs/V0707TeleportSafety.py","Version-patch installer, payload, or copied test","No product import; canonical payloads exist and duplicate tests break root collection","Delete as generated/dead code","delete after canonical behavior tests pass","CLEAN-003","Deleted after reachability and behavior-parity validation"
"foreground_vision_bot/v0707_patch/files/native_farming.json","Version-patch installer, payload, or copied test","No product import; canonical payloads exist and duplicate tests break root collection","Delete as generated/dead code","delete after canonical behavior tests pass","CLEAN-003","Deleted after reachability and behavior-parity validation"
"foreground_vision_bot/v0707_patch/files/native_farming.py","Version-patch installer, payload, or copied test","No product import; canonical payloads exist and duplicate tests break root collection","Delete as generated/dead code","delete after canonical behavior tests pass","CLEAN-003","Deleted after reachability and behavior-parity validation"
"foreground_vision_bot/v0707_patch/files/tests/test_v0707_teleport_session_regressions.py","Version-patch installer, payload, or copied test","No product import; canonical payloads exist and duplicate tests break root collection","Delete as generated/dead code","delete after canonical behavior tests pass","CLEAN-003","Deleted after reachability and behavior-parity validation"
"foreground_vision_bot/v0707_patch/PATCH_V0_7_0_7_INSTRUCTIONS.md","Version-patch installer, payload, or copied test","No product import; canonical payloads exist and duplicate tests break root collection","Delete as generated/dead code","delete after canonical behavior tests pass","CLEAN-003","Deleted after reachability and behavior-parity validation"
"foreground_vision_bot/v0707_patch/README.txt","Version-patch installer, payload, or copied test","No product import; canonical payloads exist and duplicate tests break root collection","Delete as generated/dead code","delete after canonical behavior tests pass","CLEAN-003","Deleted after reachability and behavior-parity validation"
"foreground_vision_bot/v0708_patch/apply_v0_7_0_8.py","Version-patch installer, payload, or copied test","No product import; canonical payloads exist and duplicate tests break root collection","Delete as generated/dead code","delete after canonical behavior tests pass","CLEAN-003","Deleted after reachability and behavior-parity validation"
"foreground_vision_bot/v0708_patch/PATCH_V0_7_0_8_INSTRUCTIONS.md","Version-patch installer, payload, or copied test","No product import; canonical payloads exist and duplicate tests break root collection","Delete as generated/dead code","delete after canonical behavior tests pass","CLEAN-003","Deleted after reachability and behavior-parity validation"
"foreground_vision_bot/v0708_patch/payload/position/NativePointerRecovery.py","Version-patch installer, payload, or copied test","No product import; canonical payloads exist and duplicate tests break root collection","Delete as generated/dead code","delete after canonical behavior tests pass","CLEAN-003","Deleted after reachability and behavior-parity validation"
"foreground_vision_bot/v0708_patch/payload/tests/test_v0708_pointer_recovery.py","Version-patch installer, payload, or copied test","No product import; canonical payloads exist and duplicate tests break root collection","Delete as generated/dead code","delete after canonical behavior tests pass","CLEAN-003","Deleted after reachability and behavior-parity validation"
"foreground_vision_bot/worker_manager.py","Active runtime service","Constructed by Gui/RuntimeController on normal attach and control paths","Keep but refactor","runtime services","GUI-002","Retained in final refactor tree"
"foreground_vision_farm.json","CWD-dependent GUI settings","Tracked in HEAD but deleted before refactor; duplicate app-local settings exist","Replace","explicit per-user application settings","GUI-001","User-owned pre-existing deletion; excluded from refactor commits"
"LICENSE.md","License","Repository legal metadata","Keep as-is","LICENSE.md","DOC-004","Retain"
"pyproject.toml","Python/tool/dependency declaration","Declared Python and split requirements disagree with the installed baseline","Merge into another module","validated project metadata and dependency set","DOC-001","Retained in final refactor tree"
"README.md","Repository guidance/documentation","Tracked in HEAD but deleted before refactor work began","Unknown/requires runtime confirmation","README.md","AUD1-004","User-owned pre-existing deletion; excluded from refactor commits"
"refactor_logs/audits/config_model_artifact_inventory.md","Mandatory refactor journal/evidence","Required by the user brief and created during this refactor","Keep as-is","refactor_logs/audits/config_model_artifact_inventory.md","DOC-004","Retain in source control"
"refactor_logs/audits/evidence/root_entrypoints.txt","Mandatory refactor journal/evidence","Required by the user brief and created during this refactor","Keep as-is","refactor_logs/audits/evidence/root_entrypoints.txt","DOC-004","Retain in source control"
"refactor_logs/audits/evidence/root_gui_dispatch.txt","Mandatory refactor journal/evidence","Required by the user brief and created during this refactor","Keep as-is","refactor_logs/audits/evidence/root_gui_dispatch.txt","DOC-004","Retain in source control"
"refactor_logs/audits/evidence/root_import_edges.tsv","Mandatory refactor journal/evidence","Required by the user brief and created during this refactor","Keep as-is","refactor_logs/audits/evidence/root_import_edges.tsv","DOC-004","Retain in source control"
"refactor_logs/audits/evidence/root_legacy_candidate_references.txt","Mandatory refactor journal/evidence","Required by the user brief and created during this refactor","Keep as-is","refactor_logs/audits/evidence/root_legacy_candidate_references.txt","DOC-004","Retain in source control"
"refactor_logs/audits/evidence/root_patch_dir_references.txt","Mandatory refactor journal/evidence","Required by the user brief and created during this refactor","Keep as-is","refactor_logs/audits/evidence/root_patch_dir_references.txt","DOC-004","Retain in source control"
"refactor_logs/audits/evidence/root_patch_dynamic_imports.txt","Mandatory refactor journal/evidence","Required by the user brief and created during this refactor","Keep as-is","refactor_logs/audits/evidence/root_patch_dynamic_imports.txt","DOC-004","Retain in source control"
"refactor_logs/audits/evidence/root_python_hotspots.txt","Mandatory refactor journal/evidence","Required by the user brief and created during this refactor","Keep as-is","refactor_logs/audits/evidence/root_python_hotspots.txt","DOC-004","Retain in source control"
"refactor_logs/audits/evidence/root_removed_design_references.txt","Mandatory refactor journal/evidence","Required by the user brief and created during this refactor","Keep as-is","refactor_logs/audits/evidence/root_removed_design_references.txt","DOC-004","Retain in source control"
"refactor_logs/audits/evidence/root_runtime_architecture.txt","Mandatory refactor journal/evidence","Required by the user brief and created during this refactor","Keep as-is","refactor_logs/audits/evidence/root_runtime_architecture.txt","DOC-004","Retain in source control"
"refactor_logs/audits/evidence/root_threads_resources.txt","Mandatory refactor journal/evidence","Required by the user brief and created during this refactor","Keep as-is","refactor_logs/audits/evidence/root_threads_resources.txt","DOC-004","Retain in source control"
"refactor_logs/audits/evidence/root_tracked_artifacts.txt","Mandatory refactor journal/evidence","Required by the user brief and created during this refactor","Keep as-is","refactor_logs/audits/evidence/root_tracked_artifacts.txt","DOC-004","Retain in source control"
"refactor_logs/audits/import_graph.md","Mandatory refactor journal/evidence","Required by the user brief and created during this refactor","Keep as-is","refactor_logs/audits/import_graph.md","DOC-004","Retain in source control"
"refactor_logs/audits/pass_1_static_architecture.md","Mandatory refactor journal/evidence","Required by the user brief and created during this refactor","Keep as-is","refactor_logs/audits/pass_1_static_architecture.md","DOC-004","Retain in source control"
"refactor_logs/audits/pass_2_runtime_lifecycle.md","Mandatory refactor journal/evidence","Required by the user brief and created during this refactor","Keep as-is","refactor_logs/audits/pass_2_runtime_lifecycle.md","DOC-004","Retain in source control"
"refactor_logs/audits/static_app_runtime.md","Mandatory refactor journal/evidence","Required by the user brief and created during this refactor","Keep as-is","refactor_logs/audits/static_app_runtime.md","DOC-004","Retain in source control"
"refactor_logs/audits/static_farming_native.md","Mandatory refactor journal/evidence","Required by the user brief and created during this refactor","Keep as-is","refactor_logs/audits/static_farming_native.md","DOC-004","Retain in source control"
"refactor_logs/audits/static_manifest_candidates.csv","Mandatory refactor journal/evidence","Required by the user brief and created during this refactor","Keep as-is","refactor_logs/audits/static_manifest_candidates.csv","DOC-004","Retain in source control"
"refactor_logs/audits/static_mapping_artifacts.md","Mandatory refactor journal/evidence","Required by the user brief and created during this refactor","Keep as-is","refactor_logs/audits/static_mapping_artifacts.md","DOC-004","Retain in source control"
"refactor_logs/audits/thread_resource_ownership.md","Mandatory refactor journal/evidence","Required by the user brief and created during this refactor","Keep as-is","refactor_logs/audits/thread_resource_ownership.md","DOC-004","Retain in source control"
"refactor_logs/CHANGES.jsonl","Mandatory refactor journal/evidence","Required by the user brief and created during this refactor","Keep as-is","refactor_logs/CHANGES.jsonl","DOC-004","Retain in source control"
"refactor_logs/COMMANDS.jsonl","Mandatory refactor journal/evidence","Required by the user brief and created during this refactor","Keep as-is","refactor_logs/COMMANDS.jsonl","DOC-004","Retain in source control"
"refactor_logs/DECISIONS.md","Mandatory refactor journal/evidence","Required by the user brief and created during this refactor","Keep as-is","refactor_logs/DECISIONS.md","DOC-004","Retain in source control"
"refactor_logs/FILE_MANIFEST.csv","Mandatory refactor journal/evidence","Required by the user brief and created during this refactor","Keep as-is","refactor_logs/FILE_MANIFEST.csv","DOC-004","Retain in source control"
"refactor_logs/HANDOFF.md","Mandatory refactor journal/evidence","Required by the user brief and created during this refactor","Keep as-is","refactor_logs/HANDOFF.md","DOC-004","Retain in source control"
"refactor_logs/PERFORMANCE.md","Mandatory refactor journal/evidence","Required by the user brief and created during this refactor","Keep as-is","refactor_logs/PERFORMANCE.md","DOC-004","Retain in source control"
"refactor_logs/phases/00_baseline_and_reproduction.md","Mandatory refactor journal/evidence","Required by the user brief and created during this refactor","Keep as-is","refactor_logs/phases/00_baseline_and_reproduction.md","DOC-004","Retain in source control"
"refactor_logs/phases/01_stabilization.md","Mandatory refactor journal/evidence","Required by the user brief and created during this refactor","Keep as-is","refactor_logs/phases/01_stabilization.md","DOC-004","Retain in source control"
"refactor_logs/phases/02_runtime_pointer_ownership.md","Mandatory refactor journal/evidence","Required by the user brief and created during this refactor","Keep as-is","refactor_logs/phases/02_runtime_pointer_ownership.md","DOC-004","Retain in source control"
"refactor_logs/phases/03_canonical_farming_environment.md","Mandatory refactor journal/evidence","Required by the user brief and created during this refactor","Keep as-is","refactor_logs/phases/03_canonical_farming_environment.md","DOC-004","Retain in source control"
"refactor_logs/phases/04_input_focus_camera.md","Mandatory refactor journal/evidence","Required by the user brief and created during this refactor","Keep as-is","refactor_logs/phases/04_input_focus_camera.md","DOC-004","Retain in source control"
"refactor_logs/phases/05_gui_lifecycle.md","Mandatory refactor journal/evidence","Required by the user brief and created during this refactor","Keep as-is","refactor_logs/phases/05_gui_lifecycle.md","DOC-004","Retain in source control"
"refactor_logs/phases/06_mapping_native_vision.md","Mandatory refactor journal/evidence","Required by the user brief and created during this refactor","Keep as-is","refactor_logs/phases/06_mapping_native_vision.md","DOC-004","Retain in source control"
"refactor_logs/phases/07_legacy_cleanup.md","Mandatory refactor journal/evidence","Required by the user brief and created during this refactor","Keep as-is","refactor_logs/phases/07_legacy_cleanup.md","DOC-004","Retain in source control"
"refactor_logs/phases/08_final_validation.md","Mandatory refactor journal/evidence","Required by the user brief and created during this refactor","Keep as-is","refactor_logs/phases/08_final_validation.md","DOC-004","Retain in source control"
"refactor_logs/PLAN.md","Mandatory refactor journal/evidence","Required by the user brief and created during this refactor","Keep as-is","refactor_logs/PLAN.md","DOC-004","Retain in source control"
"refactor_logs/README.md","Mandatory refactor journal/evidence","Required by the user brief and created during this refactor","Keep as-is","refactor_logs/README.md","DOC-004","Retain in source control"
"refactor_logs/RISKS_AND_OPEN_QUESTIONS.md","Mandatory refactor journal/evidence","Required by the user brief and created during this refactor","Keep as-is","refactor_logs/RISKS_AND_OPEN_QUESTIONS.md","DOC-004","Retain in source control"
"refactor_logs/snapshots/baseline_config_inventory.txt","Mandatory refactor journal/evidence","Required by the user brief and created during this refactor","Keep as-is","refactor_logs/snapshots/baseline_config_inventory.txt","DOC-004","Retain in source control"
"refactor_logs/snapshots/baseline_git_metadata.txt","Mandatory refactor journal/evidence","Required by the user brief and created during this refactor","Keep as-is","refactor_logs/snapshots/baseline_git_metadata.txt","DOC-004","Retain in source control"
"refactor_logs/snapshots/baseline_models_maps.txt","Mandatory refactor journal/evidence","Required by the user brief and created during this refactor","Keep as-is","refactor_logs/snapshots/baseline_models_maps.txt","DOC-004","Retain in source control"
"refactor_logs/snapshots/baseline_python_dependencies.txt","Mandatory refactor journal/evidence","Required by the user brief and created during this refactor","Keep as-is","refactor_logs/snapshots/baseline_python_dependencies.txt","DOC-004","Retain in source control"
"refactor_logs/snapshots/baseline_root_listing.txt","Mandatory refactor journal/evidence","Required by the user brief and created during this refactor","Keep as-is","refactor_logs/snapshots/baseline_root_listing.txt","DOC-004","Retain in source control"
"refactor_logs/snapshots/initial_config_hashes.tsv","Mandatory refactor journal/evidence","Required by the user brief and created during this refactor","Keep as-is","refactor_logs/snapshots/initial_config_hashes.tsv","DOC-004","Retain in source control"
"refactor_logs/snapshots/initial_configs/foreground_vision_farm.json","Mandatory refactor journal/evidence","Required by the user brief and created during this refactor","Keep as-is","refactor_logs/snapshots/initial_configs/foreground_vision_farm.json","DOC-004","Retain in source control"
"refactor_logs/snapshots/initial_configs/map_profiles.json","Mandatory refactor journal/evidence","Required by the user brief and created during this refactor","Keep as-is","refactor_logs/snapshots/initial_configs/map_profiles.json","DOC-004","Retain in source control"
"refactor_logs/snapshots/initial_configs/minimap_anchor.json","Mandatory refactor journal/evidence","Required by the user brief and created during this refactor","Keep as-is","refactor_logs/snapshots/initial_configs/minimap_anchor.json","DOC-004","Retain in source control"
"refactor_logs/snapshots/initial_configs/native_farming.json","Mandatory refactor journal/evidence","Required by the user brief and created during this refactor","Keep as-is","refactor_logs/snapshots/initial_configs/native_farming.json","DOC-004","Retain in source control"
"refactor_logs/snapshots/initial_configs/native_monsters.json","Mandatory refactor journal/evidence","Required by the user brief and created during this refactor","Keep as-is","refactor_logs/snapshots/initial_configs/native_monsters.json","DOC-004","Retain in source control"
"refactor_logs/snapshots/initial_configs/native_position.json","Mandatory refactor journal/evidence","Required by the user brief and created during this refactor","Keep as-is","refactor_logs/snapshots/initial_configs/native_position.json","DOC-004","Retain in source control"
"refactor_logs/snapshots/initial_configs/tower_aoe_coordinate_frame.json","Mandatory refactor journal/evidence","Required by the user brief and created during this refactor","Keep as-is","refactor_logs/snapshots/initial_configs/tower_aoe_coordinate_frame.json","DOC-004","Retain in source control"
"refactor_logs/snapshots/initial_environment.md","Mandatory refactor journal/evidence","Required by the user brief and created during this refactor","Keep as-is","refactor_logs/snapshots/initial_environment.md","DOC-004","Retain in source control"
"refactor_logs/snapshots/initial_git_status.txt","Mandatory refactor journal/evidence","Required by the user brief and created during this refactor","Keep as-is","refactor_logs/snapshots/initial_git_status.txt","DOC-004","Retain in source control"
"refactor_logs/snapshots/initial_models_and_map.txt","Mandatory refactor journal/evidence","Required by the user brief and created during this refactor","Keep as-is","refactor_logs/snapshots/initial_models_and_map.txt","DOC-004","Retain in source control"
"refactor_logs/snapshots/initial_tree.txt","Mandatory refactor journal/evidence","Required by the user brief and created during this refactor","Keep as-is","refactor_logs/snapshots/initial_tree.txt","DOC-004","Retain in source control"
"refactor_logs/STATE.json","Mandatory refactor journal/evidence","Required by the user brief and created during this refactor","Keep as-is","refactor_logs/STATE.json","DOC-004","Retain in source control"
"refactor_logs/STATUS.md","Mandatory refactor journal/evidence","Required by the user brief and created during this refactor","Keep as-is","refactor_logs/STATUS.md","DOC-004","Retain in source control"
"refactor_logs/TEST_RESULTS.md","Mandatory refactor journal/evidence","Required by the user brief and created during this refactor","Keep as-is","refactor_logs/TEST_RESULTS.md","DOC-004","Retain in source control"
"refactor_logs/test_runs/20260730T223550Z_baseline_basedpyright.log","Mandatory refactor journal/evidence","Required by the user brief and created during this refactor","Keep as-is","refactor_logs/test_runs/20260730T223550Z_baseline_basedpyright.log","DOC-004","Retain in source control"
"refactor_logs/test_runs/20260730T223550Z_baseline_canonical_pytest.log","Mandatory refactor journal/evidence","Required by the user brief and created during this refactor","Keep as-is","refactor_logs/test_runs/20260730T223550Z_baseline_canonical_pytest.log","DOC-004","Retain in source control"
"refactor_logs/test_runs/20260730T223550Z_baseline_compileall.log","Mandatory refactor journal/evidence","Required by the user brief and created during this refactor","Keep as-is","refactor_logs/test_runs/20260730T223550Z_baseline_compileall.log","DOC-004","Retain in source control"
"refactor_logs/test_runs/20260730T223550Z_baseline_pytest.log","Mandatory refactor journal/evidence","Required by the user brief and created during this refactor","Keep as-is","refactor_logs/test_runs/20260730T223550Z_baseline_pytest.log","DOC-004","Retain in source control"
"refactor_logs/test_runs/20260730T223550Z_baseline_ruff_check.log","Mandatory refactor journal/evidence","Required by the user brief and created during this refactor","Keep as-is","refactor_logs/test_runs/20260730T223550Z_baseline_ruff_check.log","DOC-004","Retain in source control"
"refactor_logs/test_runs/20260730T223550Z_baseline_ruff_format.log","Mandatory refactor journal/evidence","Required by the user brief and created during this refactor","Keep as-is","refactor_logs/test_runs/20260730T223550Z_baseline_ruff_format.log","DOC-004","Retain in source control"
"requirements.txt","Python/tool/dependency declaration","Declared Python and split requirements disagree with the installed baseline","Merge into another module","validated project metadata and dependency set","DOC-001","Retained in final refactor tree"
"refactor_logs/audits/deletion_merge_plan.md","Mandatory refactor plan/evidence","Published after both audit passes and controls every cleanup group","Keep as-is","refactor_logs/audits/deletion_merge_plan.md","AUD2-004","Retain in source control"
"refactor_logs/audits/runtime_farming_challenge.md","Runtime Audit Pass 2 evidence","Final-patch fake behavior, model/map timing, and scenarios 4-11/14/16/17","Keep as-is","refactor_logs/audits/runtime_farming_challenge.md","AUD2-001","Retain in source control"
"refactor_logs/audits/runtime_lifecycle_challenge.md","Runtime Audit Pass 2 evidence","Reproduced lifecycle/generation/shutdown/client-loss behavior","Keep as-is","refactor_logs/audits/runtime_lifecycle_challenge.md","AUD2-001","Retain in source control"
"refactor_logs/audits/runtime_native_profile.md","Runtime Audit Pass 2 evidence","Fake-memory pointer/recovery scenario traces and performance budgets","Keep as-is","refactor_logs/audits/runtime_native_profile.md","AUD2-003","Retain in source control"
"refactor_logs/audits/target_architecture_and_refactor_plan.md","Approved pre-implementation architecture and staged plan","Required delivery published after Pass 2 reconciliation","Keep as-is","refactor_logs/audits/target_architecture_and_refactor_plan.md","AUD2-004","Retain in source control"
"refactor_logs/profiles/runtime_farming_pass2_measurements.md","Bounded farming/model/map measurement evidence","Read-only active model/Tower and final-patch fake results","Keep as-is","refactor_logs/profiles/runtime_farming_pass2_measurements.md","AUD2-003","Retain as audit evidence"
"refactor_logs/profiles/runtime_lifecycle_mock.py","Reproducible lifecycle audit harness","Fake-only generation/shutdown/capture/preview reproduction","Keep as-is","refactor_logs/profiles/runtime_lifecycle_mock.py","AUD2-003","Retain as audit evidence"
"refactor_logs/profiles/runtime_lifecycle_mock_results.txt","Lifecycle reproduction output","Captured output from fake-only lifecycle harness","Keep as-is","refactor_logs/profiles/runtime_lifecycle_mock_results.txt","AUD2-003","Retain as audit evidence"
"refactor_logs/profiles/runtime_lifecycle_targeted_tests.txt","Focused baseline test output","11 passing runtime/capture/preview/camera tests show reproduced gaps were untested","Keep as-is","refactor_logs/profiles/runtime_lifecycle_targeted_tests.txt","AUD2-003","Retain as audit evidence"
"refactor_logs/profiles/runtime_native_pointer_harness.py","Reproducible fake-memory audit harness","Cannot attach to a real process; measures production recovery/provider code","Keep as-is","refactor_logs/profiles/runtime_native_pointer_harness.py","AUD2-003","Retain as audit evidence"
"refactor_logs/profiles/runtime_native_pointer_results.json","Native recovery profile output","Captures ~979 ms null read, duplicate scans, cooldown absence, and cancellation overrun","Keep as-is","refactor_logs/profiles/runtime_native_pointer_results.json","AUD2-003","Retain as audit evidence"
"foreground_vision_bot/tests/test_farming_startup_cancellation.py","Behavior regression tests","Exercises preflight-before-input, import purity, and cancellation boundaries","Keep as-is","foreground_vision_bot/tests/test_farming_startup_cancellation.py","STAB-004","Deleted after reachability and behavior-parity validation"
"foreground_vision_bot/tests/test_pointer_recovery_stabilization.py","Behavior and fake-memory regression tests","Exercises cheap ordinary reads, one-flight recovery, deadlines, cooldown, stale pointers, validation, and persistence intent","Keep as-is","foreground_vision_bot/tests/test_pointer_recovery_stabilization.py","STAB-001,STAB-003","Retained in final refactor tree"
"refactor_logs/test_runs/20260731T000729Z_stabilization_combined_01.log","Refactor test evidence","Captured first combined stabilization failure","Keep as-is","refactor_logs/test_runs/","STAB-005","Retain"
"refactor_logs/test_runs/20260731T001145Z_stabilization_combined_02.log","Refactor test evidence","Captured import-order fix validation","Keep as-is","refactor_logs/test_runs/","STAB-005","Retain"
"refactor_logs/test_runs/20260731T002015Z_stabilization_combined_03.log","Refactor test evidence","Captured expanded stabilization validation","Keep as-is","refactor_logs/test_runs/","STAB-005","Retain"
"refactor_logs/test_runs/20260731T002015Z_stabilization_canonical.log","Refactor test evidence","Captured complete canonical suite and baseline comparison","Keep as-is","refactor_logs/test_runs/","STAB-005","Retain"
"refactor_logs/profiles/20260731T002259Z_stabilization_native_timing.txt","Post-stabilization performance evidence","Fake-memory failed-read and zero-deadline measurements","Keep as-is","refactor_logs/profiles/","STAB-005","Retain"
"refactor_logs/test_runs/20260731T002259Z_stabilization_basedpyright.log","Refactor test evidence","Captured stabilization type-gate summary","Keep as-is","refactor_logs/test_runs/","STAB-005","Retain"
"refactor_logs/test_runs/20260731T002259Z_stabilization_compileall.log","Refactor test evidence","Captured stabilization compile gate","Keep as-is","refactor_logs/test_runs/","STAB-005","Retain"
"refactor_logs/test_runs/20260731T002259Z_stabilization_root_pytest.log","Refactor test evidence","Captured root collection blocker","Keep as-is","refactor_logs/test_runs/","STAB-005","Retain"
"refactor_logs/test_runs/20260731T002259Z_stabilization_ruff_check.log","Refactor test evidence","Captured stabilization lint-gate summary","Keep as-is","refactor_logs/test_runs/","STAB-005","Retain"
"refactor_logs/test_runs/20260731T002259Z_stabilization_ruff_format.log","Refactor test evidence","Captured stabilization format-gate summary","Keep as-is","refactor_logs/test_runs/","STAB-005","Retain"
"foreground_vision_bot/position/attachment_factory.py","Shared native attachment composition","Active Bot attach builds both providers over one process service","Keep as-is","native/attachment.py","PTR-001,PTR-002","Retained in final refactor tree"
"foreground_vision_bot/position/native_process_service.py","Shared process/pointer state owner","Active Bot attachment owns one handle, recovery state, typed results, and coherent snapshots","Keep as-is","native/process_service.py","PTR-001,PTR-002","Retained in final refactor tree"
"foreground_vision_bot/tests/test_native_attachment_factory.py","Behavior regression tests","Covers one-handle factory, disabled configs, cleanup, and borrowed provider ownership","Keep as-is","foreground_vision_bot/tests/test_native_attachment_factory.py","PTR-002","Retain"
"foreground_vision_bot/tests/test_native_process_service.py","Behavior and concurrency regression tests","Covers coherent bounded snapshots, typed recovery, shared snapshot reuse, nonblocking recovery, and deferred-safe close","Keep as-is","foreground_vision_bot/tests/test_native_process_service.py","PTR-001,PTR-002","Retain"
"refactor_logs/test_runs/20260731T005002Z_ptr_shared_native_canonical.log","Refactor test evidence","Captured canonical regression result after shared native migration","Keep as-is","refactor_logs/test_runs/","PTR-001,PTR-002","Retain"
"refactor_logs/test_runs/20260731T005002Z_ptr_shared_native_focused.log","Refactor test evidence","Captured focused shared native service result","Keep as-is","refactor_logs/test_runs/","PTR-001,PTR-002","Retain"
"refactor_logs/test_runs/20260731T005002Z_ptr_shared_native_quality.log","Refactor test evidence","Captured compile/lint/type/diff result for shared native migration","Keep as-is","refactor_logs/test_runs/","PTR-001,PTR-002","Retain"
"foreground_vision_bot/position/native_diagnostics.py","Typed native health and explicit-recovery boundary","RuntimeController invokes it only from the managed DIAGNOSTIC worker; health performs a fixed snapshot and cached/read-only facts","Keep as-is","native/diagnostics.py","PTR-004","Retained in final refactor tree"
"foreground_vision_bot/tests/test_pointer_persistence_transaction.py","Behavior and crash-injection regression tests","Covers paired prepare/replace/rollback, interrupted recovery, immutable cancel/deadline paths, custom config paths, and pre-load factory recovery","Keep as-is","foreground_vision_bot/tests/test_pointer_persistence_transaction.py","PTR-003","Retain"
"foreground_vision_bot/tests/test_native_diagnostics.py","Behavior and lifecycle regression tests","Covers scan-free typed health, managed non-daemon recovery, progress/token/deadline, reciprocal control exclusion, reattach safety, and false-join retry","Keep as-is","foreground_vision_bot/tests/test_native_diagnostics.py","PTR-004","Retain"
"refactor_logs/test_runs/20260731T011440Z_ptr_transaction_diagnostics_focused.log","Refactor test evidence","Captured Phase 02 transactional persistence and managed diagnostics integration result","Keep as-is","refactor_logs/test_runs/","PTR-003,PTR-004","Retain"
"refactor_logs/test_runs/20260731T011440Z_ptr_transaction_diagnostics_canonical.log","Refactor test evidence","Captured canonical regression result after Phase 02 completion","Keep as-is","refactor_logs/test_runs/","PTR-003,PTR-004","Retain"
"refactor_logs/test_runs/20260731T011440Z_ptr_transaction_diagnostics_quality.log","Refactor test evidence","Captured compile/lint/type/diff results for Phase 02 completion","Keep as-is","refactor_logs/test_runs/","PTR-003,PTR-004","Retain"
"refactor_logs/profiles/20260731T011440Z_native_health_performance.txt","Refactor performance evidence","Captured 1,000 scan-free native health calls and zero expensive operations","Keep as-is","refactor_logs/profiles/","PTR-004","Retain"
"foreground_vision_bot/farming/__init__.py","Canonical farming public API","Exports dependency-light action, schema, map, reward, session, and model-contract symbols; not yet runtime-integrated","Keep as-is","farming/__init__.py","FARM-001,FARM-002,FARM-003","Retained in final refactor tree"
"foreground_vision_bot/farming/actions.py","Canonical four-action definition","Behavior tests enforce exact IntEnum values 0 through 3","Keep as-is","farming/actions.py","FARM-001","Retain"
"foreground_vision_bot/farming/observation.py","Frozen semantic observation contract and builder","Behavior tests cover exact native-unified-482-v1 field order, lengths, masks, crops, direct actors, and immutability","Keep as-is","farming/observation.py","FARM-002,FARM-003","Retained in final refactor tree"
"foreground_vision_bot/farming/map_features.py","Cached policy map-feature service","Behavior tests cover row-major crops, teleport/wall masks, direct path, exact forbidden distance, and bounded geodesics","Keep as-is","farming/map_features.py","FARM-002","Retained in final refactor tree"
"foreground_vision_bot/farming/reward.py","Named canonical reward calculation","Behavior tests cover native-only kill reward, forbidden penalty, external teleport neutrality, and immutable components","Keep as-is","farming/reward.py","FARM-002","Retained in final refactor tree"
"foreground_vision_bot/farming/session.py","Typed policy/external/cancellation session classification","Behavior tests require sampled trigger proof before policy-caused forbidden termination","Keep as-is","farming/session.py","FARM-002","Retained in final refactor tree"
"foreground_vision_bot/farming/model_contract.py","Semantic 482/4 model compatibility contract","Behavior tests cover embedded metadata and the sole recorded metadata-less active-model SHA exception","Keep as-is","farming/model_contract.py","FARM-003","Retained in final refactor tree"
"foreground_vision_bot/tests/test_farming_actions.py","Behavior-oriented canonical farming test","Covers exact action values, labels, coercion, and legacy-action rejection","Keep as-is","foreground_vision_bot/tests/test_farming_actions.py","FARM-001,FARM-004","Retain"
"foreground_vision_bot/tests/test_farming_observation_contract.py","Behavior-oriented canonical farming test","Covers exact semantic schema, 482-vector construction, actor slots/masks, player fields, map crop, and direct actors","Keep as-is","foreground_vision_bot/tests/test_farming_observation_contract.py","FARM-002,FARM-003,FARM-004","Retain"
"foreground_vision_bot/tests/test_farming_map_features.py","Behavior-oriented canonical farming test","Covers immutable/cached direct path, crop, forbidden distance, and geodesic map features","Keep as-is","foreground_vision_bot/tests/test_farming_map_features.py","FARM-002,FARM-004","Retain"
"foreground_vision_bot/tests/test_farming_reward_and_session.py","Behavior-oriented canonical farming test","Covers named reward components and typed policy/external session outcomes","Keep as-is","foreground_vision_bot/tests/test_farming_reward_and_session.py","FARM-002,FARM-004","Retain"
"foreground_vision_bot/tests/test_farming_model_contract.py","Behavior-oriented canonical farming test","Covers semantic metadata/hash, 482/4 checks, active-model SHA exception, and mismatch errors","Keep as-is","foreground_vision_bot/tests/test_farming_model_contract.py","FARM-003,FARM-004","Retain"
"refactor_logs/test_runs/20260731T012354Z_farming_core_focused.log","Refactor test evidence","Captured isolated canonical farming core behavior result","Keep as-is","refactor_logs/test_runs/","FARM-001,FARM-002,FARM-003","Retain"
"refactor_logs/test_runs/20260731T012354Z_farming_core_canonical.log","Refactor test evidence","Captured canonical suite after collecting isolated farming core tests","Keep as-is","refactor_logs/test_runs/","FARM-001,FARM-002,FARM-003","Retain"
"refactor_logs/test_runs/20260731T012354Z_farming_core_quality.log","Refactor test evidence","Captured formatting/lint/compile/type/diff results for isolated farming core","Keep as-is","refactor_logs/test_runs/","FARM-001,FARM-002,FARM-003","Retain"
"foreground_vision_bot.zip","User-owned recovery archive","Appeared after the prior journal snapshot; user confirmed it is a backup that may be ignored","Keep as-is","outside source-control checkpoint","RESUME-001","Ignored user backup; untouched"
"refactor_logs.zip","User-owned recovery archive","Appeared after the prior journal snapshot; user confirmed it is a backup that may be ignored","Keep as-is","outside source-control checkpoint","RESUME-001","Ignored user backup; untouched"
"refactor_logs/test_runs/20260731T125036Z_resume_phase02_focused.log","Refactor test evidence","Captured exact resumed Phase 02 pre-stage focused gate","Keep as-is","refactor_logs/test_runs/","RESUME-002,PTR-003,PTR-004","Retain"
"foreground_vision_bot/ARCHITECTURE.md","Final architecture documentation","Documents production composition and ownership after canonical cutover","Keep as-is","foreground_vision_bot/ARCHITECTURE.md","DOC-001","Retained in final refactor tree"
"foreground_vision_bot/CONFIGURATION.md","Final configuration reference","Documents all canonical farming/native/map/model settings and migrations","Keep as-is","foreground_vision_bot/CONFIGURATION.md","DOC-001,DOC-003","Retained in final refactor tree"
"foreground_vision_bot/RUNBOOK.md","Final operator runbook","Documents launch diagnostics dry-run train stop and recovery workflows","Keep as-is","foreground_vision_bot/RUNBOOK.md","DOC-001,DOC-003","Retained in final refactor tree"
"foreground_vision_bot/farming/config.py","Canonical farming configuration","Imported by trainer/environment startup; strict read-only validation","Keep as-is","foreground_vision_bot/farming/config.py","FARM-003","Retained in final refactor tree"
"foreground_vision_bot/farming/control.py","Canonical input/focus owner","Trainer composes persistent four-action input and cancellable focus here","Keep as-is","foreground_vision_bot/farming/control.py","INPUT-001,INPUT-002,INPUT-004","Retained in final refactor tree"
"foreground_vision_bot/farming/environment.py","Canonical farming environment","Production trainer constructs visible reset/step behavior here","Keep as-is","foreground_vision_bot/farming/environment.py","FARM-001,FARM-002","Retained in final refactor tree"
"foreground_vision_bot/farming/kills.py","Native kill/OCR validation","Environment uses cast-scoped actor transitions; OCR cannot create reward","Keep as-is","foreground_vision_bot/farming/kills.py","FARM-002","Retained in final refactor tree"
"foreground_vision_bot/farming/map_context.py","Canonical farming map boundary","Loads selected Tower transform safety direct-path and teleport data","Keep as-is","foreground_vision_bot/farming/map_context.py","BOUND-001,BOUND-002","Retained in final refactor tree"
"foreground_vision_bot/farming/map_masks.py","Generic map mask operations","Used by canonical farming map context without mapper-policy imports","Keep as-is","foreground_vision_bot/farming/map_masks.py","BOUND-001,CLEAN-002","Retained in final refactor tree"
"foreground_vision_bot/farming/native_world.py","Coherent native frame reader","Shares one pointer snapshot across pose and actor reads per step","Keep as-is","foreground_vision_bot/farming/native_world.py","PTR-002,FARM-002","Retained in final refactor tree"
"foreground_vision_bot/farming/reporting.py","Atomic artifact publication","Trainer publishes model report and recovery manifest through this boundary","Keep as-is","foreground_vision_bot/farming/reporting.py","FARM-004,GUI-003","Retained in final refactor tree"
"foreground_vision_bot/farming/sb3_adapter.py","Gym/SB3 terminal adapter","Converts policy terminals and withholds external/cancel outcomes from tuple consumers","Keep as-is","foreground_vision_bot/farming/sb3_adapter.py","FARM-004","Retained in final refactor tree"
"foreground_vision_bot/farming/sb3_training.py","Session-aware PPO rollout owner","Trains policy terminal prefixes once and discards external/cancel prefixes","Keep as-is","foreground_vision_bot/farming/sb3_training.py","FARM-004","Retained in final refactor tree"
"foreground_vision_bot/farming/startup.py","Model compatibility preflight","Validates spaces and semantic metadata before enabling input","Keep as-is","foreground_vision_bot/farming/startup.py","FARM-003","Retained in final refactor tree"
"foreground_vision_bot/farming/trainer.py","Production farming composition root","RuntimeController imports dry-run training and agent commands only from here","Keep as-is","foreground_vision_bot/farming/trainer.py","FARM-004,FARM-005","Retained in final refactor tree"
"foreground_vision_bot/tests/test_farming_environment_lifecycle.py","Canonical behavior tests","Covers reset step terminal and key-release lifecycle","Keep as-is","foreground_vision_bot/tests/","FARM-004,INPUT-004","Retained in final refactor tree"
"foreground_vision_bot/tests/test_farming_map_masks.py","Canonical behavior tests","Covers generic map-mask boundary after legacy mapper-policy removal","Keep as-is","foreground_vision_bot/tests/","BOUND-001","Retained in final refactor tree"
"foreground_vision_bot/tests/test_farming_native_kills.py","Canonical behavior tests","Covers native cast transition reward and OCR validation-only behavior","Keep as-is","foreground_vision_bot/tests/","FARM-002","Retained in final refactor tree"
"foreground_vision_bot/tests/test_farming_runtime_foundations.py","Canonical behavior tests","Covers config map native frame direct input focus and EVA contracts","Keep as-is","foreground_vision_bot/tests/","FARM-003,INPUT-002,INPUT-004","Retained in final refactor tree"
"foreground_vision_bot/tests/test_farming_sb3_training.py","Canonical SB3 behavior tests","Uses real SB3 to verify terminal-prefix learning discard and resume","Keep as-is","foreground_vision_bot/tests/","FARM-004","Retained in final refactor tree"
"foreground_vision_bot/tests/test_farming_startup_reporting.py","Canonical startup/report tests","Covers model compatibility and atomic publication","Keep as-is","foreground_vision_bot/tests/","FARM-003,FARM-004","Retained in final refactor tree"
"foreground_vision_bot/tests/test_farming_trainer_preflight.py","Canonical preflight tests","Proves map/native/model checks occur before input enablement","Keep as-is","foreground_vision_bot/tests/","FARM-003,FARM-004","Retained in final refactor tree"
"foreground_vision_bot/tests/test_farming_training_session.py","Fake live-session acceptance","Covers dry-run/stop and external-end training publication plus fatal LKG preservation","Keep as-is","foreground_vision_bot/tests/","GUI-003,BOUND-004","Retained in final refactor tree"
"refactor_logs/audits/final_disposition.md","Final deletion/move manifest","Summarizes exact Git-ledger dispositions and preserved user data","Keep as-is","refactor_logs/audits/","CLEAN-001","Retained in final refactor tree"
"refactor_logs/manual_tests/DOC-003_live_client_acceptance.md","Consolidated human acceptance protocol","Defines the only remaining FlyFF/Tk/Win32 validation with safe cleanup","Keep as-is","refactor_logs/manual_tests/","DOC-003","Retained in final refactor tree"
"refactor_logs/test_runs/20260731T_phase03_canonical.xml","Refactor test evidence","Captured canonical Phase 03 JUnit results","Keep as-is","refactor_logs/test_runs/","RESUME-003,FARM-001,FARM-002,FARM-003","Retain"
"refactor_logs/test_runs/20260731T133337Z_resume_phase03_core_acceptance.log","Refactor test evidence","Captured corrected isolated farming-core acceptance","Keep as-is","refactor_logs/test_runs/","RESUME-003,FARM-001,FARM-002,FARM-003","Retain"
"refactor_logs/test_runs/20260731T151243Z_farming_foundations.log","Refactor test evidence","Captured canonical runtime foundation validation","Keep as-is","refactor_logs/test_runs/","FARM-001,FARM-002,FARM-003,INPUT-001,BOUND-001","Retain"
