old_path	new_path	tracked_status	git_blob_before	sha256_before	size_before	classification	canonical_owner	phase7_action	later_phase_if_deferred	collision_status	notes
flyff_farming_recorder/.pytest-recorder-110/test_packed_stream_round_trip0/stream.msgpack.gz	.pytest-recorder-110/test_packed_stream_round_trip0/stream.msgpack.gz	tracked	a6bc632d9631a483b793128cff64d4f6771c75d3	437d37b699a866adbcefe9b3ba035455780555ece33a32eefe1f14103e2d1557	97	recorder-source	.pytest-recorder-110/test_packed_stream_round_trip0/stream.msgpack.gz	MOVE		none	One-level Alternative-A root collapse; content must remain byte-identical.
flyff_farming_recorder/.pytest-recorder-110/test_packed_stream_round_tripcurrent	.pytest-recorder-110/test_packed_stream_round_tripcurrent	tracked	3070d841c5a58b0833776b50d5647402d1c583a0	8dfce724bf3f3d486582a4c05d37dbb03d79371337bce22616e82d256c0289db	113	test	.pytest-recorder-110/test_packed_stream_round_tripcurrent	MOVE		none	One-level Alternative-A root collapse; content must remain byte-identical.
flyff_farming_recorder/.pytest-recorder-110/test_selected_species_are_sepa0/recorder_config.json	.pytest-recorder-110/test_selected_species_are_sepa0/recorder_config.json	tracked	22114f48718607e74f2ecc1fc2d41c1bbf310331	13314bb2c8fa824690931b2dec1c6683a9a7c8c7098e10bc21f32efc46f5dab1	73	config	.pytest-recorder-110/test_selected_species_are_sepa0/recorder_config.json	MOVE		none	One-level Alternative-A root collapse; content must remain byte-identical.
flyff_farming_recorder/.pytest-recorder-110/test_selected_species_are_sepacurrent	.pytest-recorder-110/test_selected_species_are_sepacurrent	tracked	f8e46aefda9e034c9b61bbdbcea9de7954cd88ec	616238210e0d5245c82b78d398f9c560f973b383899daae04e81aa63a9b5cfab	114	test	.pytest-recorder-110/test_selected_species_are_sepacurrent	MOVE		none	One-level Alternative-A root collapse; content must remain byte-identical.
flyff_farming_recorder/FlyffFarmingRecorder.spec	FlyffFarmingRecorder.spec	tracked	d18f9e1b614e522bc3b0254cbd4ac5fcba4b1f89	24da081125e6a62fb8339708c5ab8ac92cd5183fac493241bb61a2cee43a8fd2	2026	build/packaging	FlyffFarmingRecorder.spec	MOVE		none	One-level Alternative-A root collapse; content must remain byte-identical.
flyff_farming_recorder/FlyffFarmingRecorderInstaller.iss	FlyffFarmingRecorderInstaller.iss	tracked	6d48394df002c66973a57e9c48e9f9564307b508	78e8a39fc9d839145e25d329ad4d41daa83a848c2a5e845c01858e5b6ea1c3f6	1840	recorder-source	FlyffFarmingRecorderInstaller.iss	MOVE		none	One-level Alternative-A root collapse; content must remain byte-identical.
flyff_farming_recorder/README.txt	README.txt	tracked	a7e27425d8777b160f613d60e620097284a72bce	29b96afe4a2b2c498a49a25a1e9057d55da0d8ea8902e538c5775d8752734fcf	1304	recorder-source	README.txt	MOVE		none	One-level Alternative-A root collapse; content must remain byte-identical.
flyff_farming_recorder/RECORDING_FORMAT.md	RECORDING_FORMAT.md	tracked	c474c30c46769e46ff7e5304d8477452f686c463	464acb9bb0a967f3f88ed8a1fa7c4345af1dfe454d6349b676786c7220540cb1	5079	recorder-source	RECORDING_FORMAT.md	MOVE		none	One-level Alternative-A root collapse; content must remain byte-identical.
flyff_farming_recorder/app.py	app.py	tracked	52ed3ddd6368f89d14b3c386fdd6a93a306e1c99	4336e0d43309fa68e49aa69d845fadfb3494bf54c026851b63edfee2d1e2461e	1239	entrypoint	app.py	MOVE		none	One-level Alternative-A root collapse; content must remain byte-identical.
flyff_farming_recorder/build_recorder_exe.ps1	build_recorder_exe.ps1	tracked	588c48b04d3c2cb1686b638d6b39fc8ba4d7c814	1b575527ab1ade27b9bbfa0d2e47f20929ca8075755ec12afeb31bd400c4e5aa	2832	recorder-source	build_recorder_exe.ps1	MOVE		none	One-level Alternative-A root collapse; content must remain byte-identical.
flyff_farming_recorder/build_recorder_installer.ps1	build_recorder_installer.ps1	tracked	46488a3e9e69da47f0c1df8538bb72c302f395c3	186dfabae1b17c936e8627d2f545c9383323bd7c2a553fd7577394dcf39c1fe6	1025	recorder-source	build_recorder_installer.ps1	MOVE		none	One-level Alternative-A root collapse; content must remain byte-identical.
flyff_farming_recorder/calibration_analysis.py	calibration_analysis.py	tracked	3ab7846380daf8570af49ba29683fdb3353ec6e0	8d6db8cb0b872326521fdefa8e0621079140c328680968589e9d3e8514b6746a	11317	development-tool	calibration_analysis.py	MOVE		none	One-level Alternative-A root collapse; content must remain byte-identical.
flyff_farming_recorder/calibration_analysis_output.txt	calibration_analysis_output.txt	tracked	a3f171bb294fbfb8a4a23085936558c32decb7dc	def6bb6632b4082359210c2ac93ee0420db3b179adde43a8365acffb7d1bc469	5264	development-tool	calibration_analysis_output.txt	MOVE		none	One-level Alternative-A root collapse; content must remain byte-identical.
flyff_farming_recorder/calibration_capture.py	calibration_capture.py	tracked	2713286e19ae71154f32c613877770bb021f0dcf	64367d7bb296de72f6899773549803653cb7a869b1cfc7240fbe48a036f270c6	9186	development-tool	calibration_capture.py	MOVE		none	One-level Alternative-A root collapse; content must remain byte-identical.
flyff_farming_recorder/calibration_holdout_ramp_results.csv	calibration_holdout_ramp_results.csv	tracked	ee28fc2df24b23e055fa0bcc6fcd21c820875e8d	1ae5747603bb1656e6ae6715fef7234218c2824d1d004dbea6e38dde9f6e1b16	5470	development-tool	calibration_holdout_ramp_results.csv	MOVE		none	One-level Alternative-A root collapse; content must remain byte-identical.
flyff_farming_recorder/calibration_holdout_step_results.csv	calibration_holdout_step_results.csv	tracked	10ee8e94f977e7048937b3826914c86b0509f568	216fbadf01a53701314090e2280b86b845a544d98e99676f8e6a6d3525e59630	12650	development-tool	calibration_holdout_step_results.csv	MOVE		none	One-level Alternative-A root collapse; content must remain byte-identical.
flyff_farming_recorder/calibration_holdout_validation.py	calibration_holdout_validation.py	tracked	5f812cd25901316fe0769625dc55410db755d0a6	6d2bd1979f3ef483d1d555c16765468cbdac051edcc5252c0d5f2ddb5e8c94c6	10441	development-tool	calibration_holdout_validation.py	MOVE		none	One-level Alternative-A root collapse; content must remain byte-identical.
flyff_farming_recorder/calibration_holdout_validation_output.txt	calibration_holdout_validation_output.txt	tracked	8dd6fca4b64435b454584689a21f58906b1edd07	f53c1dac77e23cb0d7c128f685dc443133b3a16be09b11d390b42abee4df6960	2256	development-tool	calibration_holdout_validation_output.txt	MOVE		none	One-level Alternative-A root collapse; content must remain byte-identical.
flyff_farming_recorder/calibration_local_frame_analysis.py	calibration_local_frame_analysis.py	tracked	65d16dc5c751d34171c3f50bf1d81d371cb65765	4533b4e8a75d0b799c8c53c8fe1be2909e31441905daa230fd4394af8c7a2d61	17745	development-tool	calibration_local_frame_analysis.py	MOVE		none	One-level Alternative-A root collapse; content must remain byte-identical.
flyff_farming_recorder/calibration_local_frame_analysis_output.txt	calibration_local_frame_analysis_output.txt	tracked	755a2886a870fda2dbfff59ae3e3fc6e74e0d850	976fa4847e6bd19394eaaeb9f434408b433510a64d90cd6743ce457abfe5c07f	5460	development-tool	calibration_local_frame_analysis_output.txt	MOVE		none	One-level Alternative-A root collapse; content must remain byte-identical.
flyff_farming_recorder/calibration_steering_analysis.py	calibration_steering_analysis.py	tracked	25e1ac53db9a506809b20c7d6ef89eaf9a26afeb	f3da8bb75805a320a3e0950e2d1e08ec744f698e1de0d2626553c635ee65e63a	8494	development-tool	calibration_steering_analysis.py	MOVE		none	One-level Alternative-A root collapse; content must remain byte-identical.
flyff_farming_recorder/calibration_steering_analysis_output.txt	calibration_steering_analysis_output.txt	tracked	3cacf30d055e5ecf2c9b6fb606e8f0f9f009c9cd	0545395a14ee411000a218eb4004591e0289a8c307d92fb745712aba6e4dcfa6	3838	development-tool	calibration_steering_analysis_output.txt	MOVE		none	One-level Alternative-A root collapse; content must remain byte-identical.
flyff_farming_recorder/calibration_steering_pulses.csv	calibration_steering_pulses.csv	tracked	ccfeac8cf8ecd3ce8967a64a867a13c567209caa	5c137f702326537abebfeb3105153fa2784861ec9e13eb60a6b8c5d9959353b2	19506	development-tool	calibration_steering_pulses.csv	MOVE		none	One-level Alternative-A root collapse; content must remain byte-identical.
flyff_farming_recorder/calibration_tick_extraction.csv	calibration_tick_extraction.csv	tracked	65c6f68cb6e6a5188c5d9323ab6f3bc4210c07b1	769ef30576a334537bc2e8d5c9bf0ca79f44f6184b12dd5ee89d63ef19e60e44	41180	development-tool	calibration_tick_extraction.csv	MOVE		none	One-level Alternative-A root collapse; content must remain byte-identical.
flyff_farming_recorder/calibration_tick_extraction.py	calibration_tick_extraction.py	tracked	bb90986c358c4185e4ab0f4db3a70a139893e6a8	9414dd5e2bc93cd7ad11719303189e8548b3cdc77404e974408fcea4eead3020	13454	development-tool	calibration_tick_extraction.py	MOVE		none	One-level Alternative-A root collapse; content must remain byte-identical.
flyff_farming_recorder/calibration_tick_extraction_output.txt	calibration_tick_extraction_output.txt	tracked	e2ea9e2b84929de6da37ad0b115b99e0f6b7b204	5c6f719f85be8a6d487d4ca79f582e8371d07701be0601646c3acef2a2936f0e	5045	development-tool	calibration_tick_extraction_output.txt	MOVE		none	One-level Alternative-A root collapse; content must remain byte-identical.
flyff_farming_recorder/calibration_tick_extraction_v2.csv	calibration_tick_extraction_v2.csv	tracked	5daeb5fe3034c64d72969db3bd48a7f6aee38ee5	23497fcbdcfa349f0dcfd013c9f5516ccec41f2eebf1a1d6538cdc012caad336	69481	development-tool	calibration_tick_extraction_v2.csv	MOVE		none	One-level Alternative-A root collapse; content must remain byte-identical.
flyff_farming_recorder/calibration_tick_extraction_v2.py	calibration_tick_extraction_v2.py	tracked	cb9332c6d546b366b0220160551244465f17ffd9	cd9b18d3b123be9b7e1ef4c6f9b624e1712ac4fccf589393e42555b8fdc7bd82	21452	development-tool	calibration_tick_extraction_v2.py	MOVE		none	One-level Alternative-A root collapse; content must remain byte-identical.
flyff_farming_recorder/calibration_tick_extraction_v2_output.txt	calibration_tick_extraction_v2_output.txt	tracked	9c44066dc348238068ade06e49a8dad262b0a52e	9a7357c6bbb99da2d3ad1391006457c3b22dd5894a23d15db93d0b8b1be8a3a2	4771	development-tool	calibration_tick_extraction_v2_output.txt	MOVE		none	One-level Alternative-A root collapse; content must remain byte-identical.
flyff_farming_recorder/calibration_trials.csv	calibration_trials.csv	tracked	a9e17ff13c6a9bbe6aa37d33c47dc296b75fbf60	e656320a66a4bea8c212bb00472ecf30d93f13cf913b48e699a1dbb199d62c88	23121	development-tool	calibration_trials.csv	MOVE		none	One-level Alternative-A root collapse; content must remain byte-identical.
flyff_farming_recorder/movement_calibration.csv	movement_calibration.csv	tracked	47f32e90fd10a063e97bf7aa422d0ff22e5c19fc	545d3871b49d4b6a903e3088eb26645cd5730e3b4e65266a33fcc0bc52456e24	998788	development-tool	movement_calibration.csv	MOVE		none	One-level Alternative-A root collapse; content must remain byte-identical.
flyff_farming_recorder/movement_calibration_steering.csv	movement_calibration_steering.csv	tracked	ed96f765cc20a556aa077c062b1191767d34e5ce	1742ab3e7e592d29b2b8917f71573ff57b33bab6970637fff915c9adbe10ad12	553025	development-tool	movement_calibration_steering.csv	MOVE		none	One-level Alternative-A root collapse; content must remain byte-identical.
flyff_farming_recorder/position/AggregateMonsterRootScan.py	flyff_farming_recorder/position/AggregateMonsterRootScan.py	tracked	63671bc021c705f1275feb5169fc2073bf10db9c	5e0689ff95af72ecbd838eff928faf5b0411ae348cd2d3337bc40ec71318506f	919	compatibility-shim	position/AggregateMonsterRootScan.py	RETAIN-COMPAT	PHASE_12	retained-collision	Behavior-free B2 compatibility surface remains physically present; path magic is removed in P7-WIRE.
flyff_farming_recorder/position/AnchoredPointerDiscovery.py	flyff_farming_recorder/position/AnchoredPointerDiscovery.py	tracked	4e0954c1517198ba0c9519110a8043c4dbe46fb7	b9b9b3ecdde2aa3f5f2b879d9c105a40772d6d2cc8b59c8fd66569acda08725a	1232	compatibility-shim	position/AnchoredPointerDiscovery.py	RETAIN-COMPAT	PHASE_12	retained-collision	Behavior-free B2 compatibility surface remains physically present; path magic is removed in P7-WIRE.
flyff_farming_recorder/position/AuthoritativeActorDiscovery.py	flyff_farming_recorder/position/AuthoritativeActorDiscovery.py	tracked	4a71c71b2b980eff82e3768117f502f0ffaa09d9	98093f8e143642c22d6e2e248cfd8e9fd2ed8a6276592152367f776f8d8b746d	1024	compatibility-shim	position/AuthoritativeActorDiscovery.py	RETAIN-COMPAT	PHASE_12	retained-collision	Behavior-free B2 compatibility surface remains physically present; path magic is removed in P7-WIRE.
flyff_farming_recorder/position/AutonomousPointerSelection.py	flyff_farming_recorder/position/AutonomousPointerSelection.py	tracked	df4c6ddf4259fe4183544f4c02237ea202975918	a1fdb2b6fbdaf8a4b21a4d5b5c6b352788b5b9b4f21ad64758a757183c8f75a1	626	compatibility-shim	position/AutonomousPointerSelection.py	RETAIN-COMPAT	PHASE_12	retained-collision	Behavior-free B2 compatibility surface remains physically present; path magic is removed in P7-WIRE.
flyff_farming_recorder/position/IndependentMonsterRediscovery.py	flyff_farming_recorder/position/IndependentMonsterRediscovery.py	tracked	174d94aac2c5c7063b6d57d6f89192512a1cf316	a21f6bff77bdef669c9502a9a0bc995c1b9703660e2f749367346333e2d1940c	547	compatibility-shim	position/IndependentMonsterRediscovery.py	RETAIN-COMPAT	PHASE_12	retained-collision	Behavior-free B2 compatibility surface remains physically present; path magic is removed in P7-WIRE.
flyff_farming_recorder/position/IndependentNativeReader.py	flyff_farming_recorder/position/IndependentNativeReader.py	tracked	d3453b798bcb512390a90e5cc14b26243755af7a	c5fa289a7d03fa3c1474de083f054a17fbc1f3858d8d9ec6ea0dfc38f38ce0e7	1007	compatibility-shim	position/IndependentNativeReader.py	RETAIN-COMPAT	PHASE_12	retained-collision	Behavior-free B2 compatibility surface remains physically present; path magic is removed in P7-WIRE.
flyff_farming_recorder/position/MonsterConfig.py	flyff_farming_recorder/position/MonsterConfig.py	tracked	3c5d333a2ab23e90f272ff28f678deb575d155ce	6fd6d84076143c798b3e2a6bf95120a09d620c940c21855785624d396bf504b4	406	compatibility-shim	position/MonsterConfig.py	RETAIN-COMPAT	PHASE_12	retained-collision	Behavior-free B2 compatibility surface remains physically present; path magic is removed in P7-WIRE.
flyff_farming_recorder/position/NativeAccessTracer.py	flyff_farming_recorder/position/NativeAccessTracer.py	tracked	a100e530d6ac00e671b59e93d4cd4d85b0332c77	92a9a88fb6e4fe7396e46b86a15987e028ab874f335c69ed13fb022eb4883001	1900	compatibility-shim	position/NativeAccessTracer.py	RETAIN-COMPAT	PHASE_12	retained-collision	Behavior-free B2 compatibility surface remains physically present; path magic is removed in P7-WIRE.
flyff_farming_recorder/position/NativeFlyffMonsterProvider.py	flyff_farming_recorder/position/NativeFlyffMonsterProvider.py	tracked	ceb5b7f034c5446451c0f67832eb82a40426bfef	497694126f2b29fa4c48e3afcbc50f4950315496e4013db8ce6a5a96651fe876	811	compatibility-shim	position/NativeFlyffMonsterProvider.py	RETAIN-COMPAT	PHASE_12	retained-collision	Behavior-free B2 compatibility surface remains physically present; path magic is removed in P7-WIRE.
flyff_farming_recorder/position/NativeFlyffPositionProvider.py	flyff_farming_recorder/position/NativeFlyffPositionProvider.py	tracked	4450899856249f9a4f8dde90fda236dbb6ec0e52	af0fc7aad9908fd1e7260207663ade61b6556ed55ac0dbfc810ac2f6a976c932	628	compatibility-shim	position/NativeFlyffPositionProvider.py	RETAIN-COMPAT	PHASE_12	retained-collision	Behavior-free B2 compatibility surface remains physically present; path magic is removed in P7-WIRE.
flyff_farming_recorder/position/NativePointerRecovery.py	flyff_farming_recorder/position/NativePointerRecovery.py	tracked	72b27e86ca936225884f91b161d7c7668eddb9de	5804c6850af84c7a2c826b38b82048f3829e311a8296de835e1be0e67b0b0a3a	2435	compatibility-shim	position/NativePointerRecovery.py	RETAIN-COMPAT	PHASE_12	retained-collision	Behavior-free B2 compatibility surface remains physically present; path magic is removed in P7-WIRE.
flyff_farming_recorder/position/NativeTraceTargets.py	flyff_farming_recorder/position/NativeTraceTargets.py	tracked	6df7e792e7e4ed61b6e9adcfa904f0f3b74f274e	1624f32c44d46ac7fff6fbab4b0378651b48493e96ca3b16250fea201dc9764b	779	compatibility-shim	position/NativeTraceTargets.py	RETAIN-COMPAT	PHASE_12	retained-collision	Behavior-free B2 compatibility surface remains physically present; path magic is removed in P7-WIRE.
flyff_farming_recorder/position/PointerScanWorkflow.py	flyff_farming_recorder/position/PointerScanWorkflow.py	tracked	8488850d2d2f51ed7d1a922c37bb2c9cb525edfa	0db5ca26f28eb002ff2076c2021052ce5b5eefb83d014ab41c8242f419672f0e	795	compatibility-shim	position/PointerScanWorkflow.py	RETAIN-COMPAT	PHASE_12	retained-collision	Behavior-free B2 compatibility surface remains physically present; path magic is removed in P7-WIRE.
flyff_farming_recorder/position/PositionConfig.py	flyff_farming_recorder/position/PositionConfig.py	tracked	c43e5b4cea33200fb5223e5063c15a79ca80a10d	c5dbeca7740386a4e23aaeba0d8aa4202e736e77e7d31a08c28692f82169d074	493	compatibility-shim	position/PositionConfig.py	RETAIN-COMPAT	PHASE_12	retained-collision	Behavior-free B2 compatibility surface remains physically present; path magic is removed in P7-WIRE.
flyff_farming_recorder/position/PositionProvider.py	flyff_farming_recorder/position/PositionProvider.py	tracked	8810f8a73b896769d39d6ef791d29d3331fb1c60	017b24d2562afbee2e3771c9c18cefdb15eccb90511532a403cd1804e54ef4a4	269	compatibility-shim	position/PositionProvider.py	RETAIN-COMPAT	PHASE_12	retained-collision	Behavior-free B2 compatibility surface remains physically present; path magic is removed in P7-WIRE.
flyff_farming_recorder/position/RecoveredNativeProfile.py	flyff_farming_recorder/position/RecoveredNativeProfile.py	tracked	e0370b0128895909d3647397a860e3bc7af67ac8	d8e74a3f9caf8362d5cae3a5783677e111281465f8864b2237aad1855ac54eca	1017	compatibility-shim	position/RecoveredNativeProfile.py	RETAIN-COMPAT	PHASE_12	retained-collision	Behavior-free B2 compatibility surface remains physically present; path magic is removed in P7-WIRE.
flyff_farming_recorder/position/Win32ProcessMemory.py	flyff_farming_recorder/position/Win32ProcessMemory.py	tracked	822a45668535f53bd36b72a1a7d9a28ea8de47f3	7d683a22c6b3be75c5c7375ea7c1c864bee91aba9456a3f460590759c3ec968f	826	compatibility-shim	position/Win32ProcessMemory.py	RETAIN-COMPAT	PHASE_12	retained-collision	Behavior-free B2 compatibility surface remains physically present; path magic is removed in P7-WIRE.
flyff_farming_recorder/position/__init__.py	flyff_farming_recorder/position/__init__.py	tracked	a5a392ff3aeb0f5eda2bc3480c886988ae83c243	d771bc08a30964d922e79e4f18c5574c30b0796d5dbba55b110ffe80cf0a29ae	2343	compatibility-shim	position/__init__.py	RETAIN-COMPAT	PHASE_12	retained-collision	Behavior-free B2 compatibility surface remains physically present; path magic is removed in P7-WIRE.
flyff_farming_recorder/position/attachment_factory.py	flyff_farming_recorder/position/attachment_factory.py	tracked	8325a27cbba26a9ca98b0444993a90aa11d5c991	0848128a50ba56fd96fe2907f4c96f7e3b05f19b97cda63bf1d15d98d1f70de6	580	compatibility-shim	position/attachment_factory.py	RETAIN-COMPAT	PHASE_12	retained-collision	Behavior-free B2 compatibility surface remains physically present; path magic is removed in P7-WIRE.
flyff_farming_recorder/position/factory.py	flyff_farming_recorder/position/factory.py	tracked	c13624dd4967d82e37fe5ca41dcbd21feb47af1a	6cfc66befe7e0119826fb593247811643490f09a27b2d90432db8eb293181c6e	447	compatibility-shim	position/factory.py	RETAIN-COMPAT	PHASE_12	retained-collision	Behavior-free B2 compatibility surface remains physically present; path magic is removed in P7-WIRE.
flyff_farming_recorder/position/monster_factory.py	flyff_farming_recorder/position/monster_factory.py	tracked	60726ae280ad79e7dad7d27a00cde5c812f50b82	ec805ff5d6b378d174821efd2d0d8758f400df10afb070d0513ccbf0d9a222bb	504	compatibility-shim	position/monster_factory.py	RETAIN-COMPAT	PHASE_12	retained-collision	Behavior-free B2 compatibility surface remains physically present; path magic is removed in P7-WIRE.
flyff_farming_recorder/position/native_diagnostics.py	flyff_farming_recorder/position/native_diagnostics.py	tracked	4f8e32d74e1236257388aecdc47179d924121fe9	c2947555d2c36f842dd3a81eb4003d7c753aa4366dcf0ae5e82eb6f74cb77519	879	compatibility-shim	position/native_diagnostics.py	RETAIN-COMPAT	PHASE_12	retained-collision	Behavior-free B2 compatibility surface remains physically present; path magic is removed in P7-WIRE.
flyff_farming_recorder/position/native_monsters.json	flyff_farming_recorder/position/native_monsters.json	tracked	83edd382eddf4b8c720dfcf7aea51e1691f40b36	2b0e58d642702da7c917ebad202a9e7281a27b4ba05de37c1178a3a58da40e4e	702	compatibility-shim	position/native_monsters.json	RETAIN-COMPAT	PHASE_12	retained-collision	Behavior-free B2 compatibility surface remains physically present; path magic is removed in P7-WIRE.
flyff_farming_recorder/position/native_position.json	flyff_farming_recorder/position/native_position.json	tracked	68623a11327a540a764992ada8bd1b66bfd7d3b2	6f073278103a2ec04276767b59642a80c3f4328b2a353d2095f42cd8c2a73242	381	compatibility-shim	position/native_position.json	RETAIN-COMPAT	PHASE_12	retained-collision	Behavior-free B2 compatibility surface remains physically present; path magic is removed in P7-WIRE.
flyff_farming_recorder/position/native_process_service.py	flyff_farming_recorder/position/native_process_service.py	tracked	158870717d9a37be1c200aca78f32376307322fa	ced029505fac4f6725d32017124d7d6c3442b987b7cb655910d822d684061cbc	1028	compatibility-shim	position/native_process_service.py	RETAIN-COMPAT	PHASE_12	retained-collision	Behavior-free B2 compatibility surface remains physically present; path magic is removed in P7-WIRE.
flyff_farming_recorder/recorder/__init__.py	recorder/__init__.py	tracked	951f762bfe762e4b993c24576af1121ebf94b666	cab41051d7e9dffaabed78f4eaf3a4c5fcd67373523e2c250c270c9d27726438	47	recorder-source	recorder/__init__.py	MOVE		none	One-level Alternative-A root collapse; content must remain byte-identical.
flyff_farming_recorder/recorder/active_field_profiler.py	recorder/active_field_profiler.py	tracked	9e176f6f7238ef2beb0f20cb196b9930fd411ecd	5687fc88a389930c55001468e5ebe10fe6a629a9707070e2c4dcf2958e805b28	214	recorder-source	recorder/active_field_profiler.py	MOVE		none	One-level Alternative-A root collapse; content must remain byte-identical.
flyff_farming_recorder/recorder/config.py	recorder/config.py	tracked	3b8670bc24142c55518407a047ea6475b18f775e	aa6dd33b605d9f5f57c7c66880d56c7843d8e099706f663943db73ab6630c346	7716	recorder-source	recorder/config.py	MOVE		none	One-level Alternative-A root collapse; content must remain byte-identical.
flyff_farming_recorder/recorder/format.py	recorder/format.py	tracked	34cf969d450a7f4a045ac5bc297fd21ad74be1d3	fcbb80b9bff8d26149db9abb5476e959ee505638b4974215d49cbd258ca98e9b	2527	recorder-source	recorder/format.py	MOVE		none	One-level Alternative-A root collapse; content must remain byte-identical.
flyff_farming_recorder/recorder/gui.py	recorder/gui.py	tracked	8a2e3165dfb7a9eddb8d94404d6d50c2f2b8cece	24ddf1de83c1f602da24ac44631580002dba2bbe06fef609a5b7d389f358ac7e	15488	recorder-source	recorder/gui.py	MOVE		none	One-level Alternative-A root collapse; content must remain byte-identical.
flyff_farming_recorder/recorder/keyboard.py	recorder/keyboard.py	tracked	96bb98d88002d8eeaa64296d77ee9939be7cb13d	51713e01832e051ce7ea39dc1c2123a87c5739f215f62fc2c80766d9535a0d4d	3531	recorder-source	recorder/keyboard.py	MOVE		none	One-level Alternative-A root collapse; content must remain byte-identical.
flyff_farming_recorder/recorder/lifecycle.py	recorder/lifecycle.py	tracked	3689049136cc6261cddd100f78fababac1d5d73d	67cdeb56488053f1f7fd6259f930eddb096f6a79278b18f0fb16739fd6eb74c2	5677	recorder-source	recorder/lifecycle.py	MOVE		none	One-level Alternative-A root collapse; content must remain byte-identical.
flyff_farming_recorder/recorder/movement_classification.py	recorder/movement_classification.py	tracked	4dd202f188fe73a1f1a80dede73b45a407623b42	dff5ca5dcbe3e533a91f8ce5d880c548b93b8ba08d0334196747d11a82cdaec9	5809	recorder-source	recorder/movement_classification.py	MOVE		none	One-level Alternative-A root collapse; content must remain byte-identical.
flyff_farming_recorder/recorder/native_capture.py	recorder/native_capture.py	tracked	069a54ed5a1e417fb3fb2effc2b38b5cf215ff6f	aca8656d42f1c06ae55c090168fdd5c46ea2739b6a7971796f7548daf85b34ca	12650	recorder-source	recorder/native_capture.py	MOVE		none	One-level Alternative-A root collapse; content must remain byte-identical.
flyff_farming_recorder/recorder/session.py	recorder/session.py	tracked	05659cae9e18a7869f9f92c54bdec064cb9664df	802c7da27bbefc079f804051fd50f7aec243da7786eafb3523a805c97b4e453d	53475	recorder-source	recorder/session.py	MOVE		none	One-level Alternative-A root collapse; content must remain byte-identical.
flyff_farming_recorder/recorder/windows.py	recorder/windows.py	tracked	8a25414db9f24e9e85b7c45979d0eff614161717	ccd949058086d677ef734a7209d481f42b5142ffee7f06b7e703d74876a90938	1174	recorder-source	recorder/windows.py	MOVE		none	One-level Alternative-A root collapse; content must remain byte-identical.
flyff_farming_recorder/recorder_config.json	recorder_config.json	tracked	136297d21364b268e401fcbcb13afdefa30fb528	953edb77da6361cbefbe6c6145b929756b5495eb09811d52aa95ee83bf99714b	1381	config	recorder_config.json	MOVE		none	One-level Alternative-A root collapse; content must remain byte-identical.
flyff_farming_recorder/requirements-dev.txt	requirements-dev.txt	tracked	a19f9d3fef8c63853b90a2da15e92873fccf7fb8	fc19b597e3a3efcc403f960c9b7e62a279a313478e80c241424d83761dceeb32	49	recorder-source	requirements-dev.txt	MOVE		none	One-level Alternative-A root collapse; content must remain byte-identical.
flyff_farming_recorder/requirements.txt	flyff_farming_recorder/requirements.txt	tracked	eabc332d1bbb9752c3ebb8f5b268c7efb55a6c7f	567d5315c918cd17e9b2d43e65f41f6dcdeb8e9da71ab7d881ce08c3743f9d9a	56	build/packaging	flyff_farming_recorder/requirements.txt	DEFER	PHASE_11	deferred-collision	Distinct build input collides at repository root; standalone live build ownership is Phase 11.
flyff_farming_recorder/tests/conftest.py	tests/conftest.py	tracked	b00ce6e36fccdf63286836dc4938ddba971ccd89	0032a4ba0a7d9e4664a175d3f605e5b4547308e46c3d4991f159dbd3bb43745e	1128	test	tests/conftest.py	MERGE		merge	Merged into the root test configuration during P7-WIRE; no test contract is retired.
flyff_farming_recorder/tests/test_dynamic_presence_recovery.py	tests/test_dynamic_presence_recovery.py	tracked	4b046270ae47f9636046d64e17947d677ddabfa8	5371b7f2593a46f41bf8a0b9697ec37b845e06702db9ad1feab2679c5f033f76	7068	test	tests/test_dynamic_presence_recovery.py	MOVE		none	One-level Alternative-A root collapse; content must remain byte-identical.
flyff_farming_recorder/tests/test_position_policy_bridge.py	tests/test_position_policy_bridge.py	tracked	379df8306cfec39ffb6e27795efe212ef083613a	9711ee5fe39553647259ed3c0b7f09ae15ee979dba3279bf48e14ea83460a8c9	2114	test	tests/test_position_policy_bridge.py	MOVE		none	One-level Alternative-A root collapse; content must remain byte-identical.
flyff_farming_recorder/tests/test_recorder_core.py	tests/test_recorder_core.py	tracked	3767f7bfcfaa953d2cbba0ecf2e38f6bb8ed293c	9c6c161d21ce69671ca791ed26896eea87dcb868a7cc7bd40ece75a0896cd1c9	28018	test	tests/test_recorder_core.py	MOVE		none	One-level Alternative-A root collapse; content must remain byte-identical.
flyff_farming_recorder/uninstall_recorder.ps1	uninstall_recorder.ps1	tracked	43049033ef66e3224d1f4bf999199026c60484d9	a2cbf4df3fdd23a7303f2900aa868be945bb8e4b7191fed74f9f703ad4f2f392	459	recorder-source	uninstall_recorder.ps1	MOVE		none	One-level Alternative-A root collapse; content must remain byte-identical.
flyff_farming_simulator/.pytest-temp-v16/test_behavior_clone_rejects_wr0/wrong_contract.npz	.pytest-temp-v16/test_behavior_clone_rejects_wr0/wrong_contract.npz	tracked	f810471f1e2f8f5c358c6bef11c5409cc56b3c0a	f0f630a4d52b49679cef54cd09b8d22de6067faefb353020bdaebbe001eb27b2	921	simulator-source	.pytest-temp-v16/test_behavior_clone_rejects_wr0/wrong_contract.npz	MOVE		none	One-level Alternative-A root collapse; content must remain byte-identical.
flyff_farming_simulator/.pytest-temp-v16/test_behavior_clone_rejects_wrcurrent	.pytest-temp-v16/test_behavior_clone_rejects_wrcurrent	tracked	deeb1159a8a3de4575ddf3c7679f24e661afdceb	0d7598654c64a4a70a62a98175ce2257c7521e0ab2c32e47aeb797de090ebcc3	111	test	.pytest-temp-v16/test_behavior_clone_rejects_wrcurrent	MOVE		none	One-level Alternative-A root collapse; content must remain byte-identical.
flyff_farming_simulator/.pytest-temp-v16/test_checkpoint_spec_parsercurrent	.pytest-temp-v16/test_checkpoint_spec_parsercurrent	tracked	45922c05907f6ec516ffffdebcff705416f05410	17f69e470563fcfa2c97725d63388a42903d5639c3960635b2c992992bc280fb	108	test	.pytest-temp-v16/test_checkpoint_spec_parsercurrent	MOVE		none	One-level Alternative-A root collapse; content must remain byte-identical.
flyff_farming_simulator/.pytest-temp-v16/test_duplicate_recordings_are_0/session/events.msgpack.gz	.pytest-temp-v16/test_duplicate_recordings_are_0/session/events.msgpack.gz	tracked	9a5e3cc3b5f954b29cd2c47d680b00803d3d56b6	fda3dfcbff1ca6022295554a126345638e53838ba68e56066773f42894d2a27a	151	simulator-source	.pytest-temp-v16/test_duplicate_recordings_are_0/session/events.msgpack.gz	MOVE		none	One-level Alternative-A root collapse; content must remain byte-identical.
flyff_farming_simulator/.pytest-temp-v16/test_duplicate_recordings_are_0/session/frames.msgpack.gz	.pytest-temp-v16/test_duplicate_recordings_are_0/session/frames.msgpack.gz	tracked	9f0008b0392404f7d82ef503b5eeff6039a61552	c46b869a84b33be8e2c6cf83d982f2b4b07823b1a090dd0c170ed28a864037b8	137	simulator-source	.pytest-temp-v16/test_duplicate_recordings_are_0/session/frames.msgpack.gz	MOVE		none	One-level Alternative-A root collapse; content must remain byte-identical.
flyff_farming_simulator/.pytest-temp-v16/test_duplicate_recordings_are_0/session/inputs.msgpack.gz	.pytest-temp-v16/test_duplicate_recordings_are_0/session/inputs.msgpack.gz	tracked	c95fe4d90ad7ac9b3e29fed029f92157481aef27	8c7cf8c7653e345198aa7dcad4e6197d8deb5d449c7c8d67a9516bf0d3aca99c	59	simulator-source	.pytest-temp-v16/test_duplicate_recordings_are_0/session/inputs.msgpack.gz	MOVE		none	One-level Alternative-A root collapse; content must remain byte-identical.
flyff_farming_simulator/.pytest-temp-v16/test_duplicate_recordings_are_0/session/manifest.json	.pytest-temp-v16/test_duplicate_recordings_are_0/session/manifest.json	tracked	912e4db7434d94ab3621a72395e2e2657cbe20fb	1768e2c410070e9f6095eece2938623bc95412726cd0b121224422dc069c5cbf	222	config	.pytest-temp-v16/test_duplicate_recordings_are_0/session/manifest.json	MOVE		none	One-level Alternative-A root collapse; content must remain byte-identical.
flyff_farming_simulator/.pytest-temp-v16/test_duplicate_recordings_are_current	.pytest-temp-v16/test_duplicate_recordings_are_current	tracked	fa004bdde0183f925082d681aed9115589a9d47b	426d586e5270549b937223b5e2e86bd15d9c55877cea5534c251f8ca7f17eb46	111	test	.pytest-temp-v16/test_duplicate_recordings_are_current	MOVE		none	One-level Alternative-A root collapse; content must remain byte-identical.
flyff_farming_simulator/.pytest-temp-v16/test_recording_fit_and_demo_ex0/demos.npz	.pytest-temp-v16/test_recording_fit_and_demo_ex0/demos.npz	tracked	3fe59a266edc48bdce2c97d1880062e3c7190834	44f4e8a283aebd220f5167c7524c7e0d347b5530a4c53240c4da64de8f1d513f	2558	simulator-source	.pytest-temp-v16/test_recording_fit_and_demo_ex0/demos.npz	MOVE		none	One-level Alternative-A root collapse; content must remain byte-identical.
flyff_farming_simulator/.pytest-temp-v16/test_recording_fit_and_demo_ex0/session/events.msgpack.gz	.pytest-temp-v16/test_recording_fit_and_demo_ex0/session/events.msgpack.gz	tracked	34045dff88fbf2c59246e82f0748fe0c7508d3f1	444b5667d2295161b48c9c7edeea8a6cb20ad77510603dc7ed5213cc2d4d5928	151	simulator-source	.pytest-temp-v16/test_recording_fit_and_demo_ex0/session/events.msgpack.gz	MOVE		none	One-level Alternative-A root collapse; content must remain byte-identical.
flyff_farming_simulator/.pytest-temp-v16/test_recording_fit_and_demo_ex0/session/frames.msgpack.gz	.pytest-temp-v16/test_recording_fit_and_demo_ex0/session/frames.msgpack.gz	tracked	89f63178c13fd9befcc18350d7deaf744373da04	744cb7b209414cde8bd36db8665729efa69468f05acc68a22ae1ed60fd02ae5b	137	simulator-source	.pytest-temp-v16/test_recording_fit_and_demo_ex0/session/frames.msgpack.gz	MOVE		none	One-level Alternative-A root collapse; content must remain byte-identical.
flyff_farming_simulator/.pytest-temp-v16/test_recording_fit_and_demo_ex0/session/inputs.msgpack.gz	.pytest-temp-v16/test_recording_fit_and_demo_ex0/session/inputs.msgpack.gz	tracked	15beaebfcb7eec1acaca7c73a9622007f5507b96	bf306ab6a7f48b31913a1a87e0c5a4d010c5de7a5203f339c9f49c65b6bf23c1	59	simulator-source	.pytest-temp-v16/test_recording_fit_and_demo_ex0/session/inputs.msgpack.gz	MOVE		none	One-level Alternative-A root collapse; content must remain byte-identical.
flyff_farming_simulator/.pytest-temp-v16/test_recording_fit_and_demo_ex0/session/manifest.json	.pytest-temp-v16/test_recording_fit_and_demo_ex0/session/manifest.json	tracked	912e4db7434d94ab3621a72395e2e2657cbe20fb	1768e2c410070e9f6095eece2938623bc95412726cd0b121224422dc069c5cbf	222	config	.pytest-temp-v16/test_recording_fit_and_demo_ex0/session/manifest.json	MOVE		none	One-level Alternative-A root collapse; content must remain byte-identical.
flyff_farming_simulator/.pytest-temp-v16/test_recording_fit_and_demo_excurrent	.pytest-temp-v16/test_recording_fit_and_demo_excurrent	tracked	c9ee79205ba5eeef118e009feb68ff0c399bd7f8	e67dcc0e8523d5c99532cb152b3b9b68dae6cddb1cbae4f8f3363449091558e7	111	test	.pytest-temp-v16/test_recording_fit_and_demo_excurrent	MOVE		none	One-level Alternative-A root collapse; content must remain byte-identical.
flyff_farming_simulator/.pytest-temp-v16/test_synthetic_curriculum_gene0/curriculum/curriculum.json	.pytest-temp-v16/test_synthetic_curriculum_gene0/curriculum/curriculum.json	tracked	0cfdef16473f073549abe6c44d7765a62ccefe12	d318be82112b34966f3b43dd4be9302ede21dfdcb5f88259bd9f21bf67251149	2082	config	.pytest-temp-v16/test_synthetic_curriculum_gene0/curriculum/curriculum.json	MOVE		none	One-level Alternative-A root collapse; content must remain byte-identical.
flyff_farming_simulator/.pytest-temp-v16/test_synthetic_curriculum_gene0/curriculum/variants/01_early_open_field_typical_fast/map_assets/coordinate_frame.json	.pytest-temp-v16/test_synthetic_curriculum_gene0/curriculum/variants/01_early_open_field_typical_fast/map_assets/coordinate_frame.json	tracked	64529ba558428ad753e34e011b72712de2a47460	597d0050861ff15776667fd86ea79a190bb7da3e4a324f609dd24d1697c3bee7	87	scientific-artifact	.pytest-temp-v16/test_synthetic_curriculum_gene0/curriculum/variants/01_early_open_field_typical_fast/map_assets/coordinate_frame.json	MOVE		none	One-level Alternative-A root collapse; content must remain byte-identical.
flyff_farming_simulator/.pytest-temp-v16/test_synthetic_curriculum_gene0/curriculum/variants/01_early_open_field_typical_fast/map_assets/map.json	.pytest-temp-v16/test_synthetic_curriculum_gene0/curriculum/variants/01_early_open_field_typical_fast/map_assets/map.json	tracked	90a1eb3985cdc885d219448a64766fd671ab1566	30d1b3ea7a526e985ce819d53f5d7e6e1c46c560d850412842df27d1661dce67	470	scientific-artifact	.pytest-temp-v16/test_synthetic_curriculum_gene0/curriculum/variants/01_early_open_field_typical_fast/map_assets/map.json	MOVE		none	One-level Alternative-A root collapse; content must remain byte-identical.
flyff_farming_simulator/.pytest-temp-v16/test_synthetic_curriculum_gene0/curriculum/variants/01_early_open_field_typical_fast/map_assets/occupancy.npy	.pytest-temp-v16/test_synthetic_curriculum_gene0/curriculum/variants/01_early_open_field_typical_fast/map_assets/occupancy.npy	tracked	87fc64a05b05cb038a70ee2da857582d99751cc8	7dadb337e5f5d07bf67ce9e885afcff99299eb8e87a4f3e13b94d0797a1bac9c	39729	scientific-artifact	.pytest-temp-v16/test_synthetic_curriculum_gene0/curriculum/variants/01_early_open_field_typical_fast/map_assets/occupancy.npy	MOVE		none	One-level Alternative-A root collapse; content must remain byte-identical.
flyff_farming_simulator/.pytest-temp-v16/test_synthetic_curriculum_gene0/curriculum/variants/01_early_open_field_typical_fast/world.json.gz	.pytest-temp-v16/test_synthetic_curriculum_gene0/curriculum/variants/01_early_open_field_typical_fast/world.json.gz	tracked	639287dd1a3f85b63a4d9c9e0c9b2fc715ad8774	c2d93e44775af5b227188e87a50ecd9d5edd355308a3a234b1f3312f843f9178	28464	simulator-source	.pytest-temp-v16/test_synthetic_curriculum_gene0/curriculum/variants/01_early_open_field_typical_fast/world.json.gz	MOVE		none	One-level Alternative-A root collapse; content must remain byte-identical.
flyff_farming_simulator/.pytest-temp-v16/test_synthetic_curriculum_gene0/curriculum/variants/02_intermediate_irregular_plain_uneven_typical/map_assets/coordinate_frame.json	.pytest-temp-v16/test_synthetic_curriculum_gene0/curriculum/variants/02_intermediate_irregular_plain_uneven_typical/map_assets/coordinate_frame.json	tracked	64529ba558428ad753e34e011b72712de2a47460	597d0050861ff15776667fd86ea79a190bb7da3e4a324f609dd24d1697c3bee7	87	scientific-artifact	.pytest-temp-v16/test_synthetic_curriculum_gene0/curriculum/variants/02_intermediate_irregular_plain_uneven_typical/map_assets/coordinate_frame.json	MOVE		none	One-level Alternative-A root collapse; content must remain byte-identical.
flyff_farming_simulator/.pytest-temp-v16/test_synthetic_curriculum_gene0/curriculum/variants/02_intermediate_irregular_plain_uneven_typical/map_assets/map.json	.pytest-temp-v16/test_synthetic_curriculum_gene0/curriculum/variants/02_intermediate_irregular_plain_uneven_typical/map_assets/map.json	tracked	196d07b2fed5987b1542c0fe93841480bcb09a35	33ddd640f2b1dec271c043784f4419f97c8732cb3ed2f12a9a5402d31cc100ab	500	scientific-artifact	.pytest-temp-v16/test_synthetic_curriculum_gene0/curriculum/variants/02_intermediate_irregular_plain_uneven_typical/map_assets/map.json	MOVE		none	One-level Alternative-A root collapse; content must remain byte-identical.
flyff_farming_simulator/.pytest-temp-v16/test_synthetic_curriculum_gene0/curriculum/variants/02_intermediate_irregular_plain_uneven_typical/map_assets/occupancy.npy	.pytest-temp-v16/test_synthetic_curriculum_gene0/curriculum/variants/02_intermediate_irregular_plain_uneven_typical/map_assets/occupancy.npy	tracked	82af78585a5d15f9a8c03e23cd25fd18f07c93e5	3f6d3ab616a88a741bdecf5416e305956951dc11113df1534b3facc6dc516e81	50304	scientific-artifact	.pytest-temp-v16/test_synthetic_curriculum_gene0/curriculum/variants/02_intermediate_irregular_plain_uneven_typical/map_assets/occupancy.npy	MOVE		none	One-level Alternative-A root collapse; content must remain byte-identical.
flyff_farming_simulator/.pytest-temp-v16/test_synthetic_curriculum_gene0/curriculum/variants/02_intermediate_irregular_plain_uneven_typical/world.json.gz	.pytest-temp-v16/test_synthetic_curriculum_gene0/curriculum/variants/02_intermediate_irregular_plain_uneven_typical/world.json.gz	tracked	6fb29e7e1b31f420c0ca2a7e508d122cf9b95790	eed4d0ff1e5e40ba87ab3ead978db7e1f716026907575a654c97de8e279e3164	28789	simulator-source	.pytest-temp-v16/test_synthetic_curriculum_gene0/curriculum/variants/02_intermediate_irregular_plain_uneven_typical/world.json.gz	MOVE		none	One-level Alternative-A root collapse; content must remain byte-identical.
flyff_farming_simulator/.pytest-temp-v16/test_synthetic_curriculum_gene0/curriculum/variants/03_advanced_broad_lobes_shifting_variable/map_assets/coordinate_frame.json	.pytest-temp-v16/test_synthetic_curriculum_gene0/curriculum/variants/03_advanced_broad_lobes_shifting_variable/map_assets/coordinate_frame.json	tracked	64529ba558428ad753e34e011b72712de2a47460	597d0050861ff15776667fd86ea79a190bb7da3e4a324f609dd24d1697c3bee7	87	scientific-artifact	.pytest-temp-v16/test_synthetic_curriculum_gene0/curriculum/variants/03_advanced_broad_lobes_shifting_variable/map_assets/coordinate_frame.json	MOVE		none	One-level Alternative-A root collapse; content must remain byte-identical.
flyff_farming_simulator/.pytest-temp-v16/test_synthetic_curriculum_gene0/curriculum/variants/03_advanced_broad_lobes_shifting_variable/map_assets/map.json	.pytest-temp-v16/test_synthetic_curriculum_gene0/curriculum/variants/03_advanced_broad_lobes_shifting_variable/map_assets/map.json	tracked	b705b92a45d088f849601a07ba675b89d34a0c81	5a7fbe7000a1d815d572630ac1757131719c70fa73b8465c0f343a552dfce811	490	scientific-artifact	.pytest-temp-v16/test_synthetic_curriculum_gene0/curriculum/variants/03_advanced_broad_lobes_shifting_variable/map_assets/map.json	MOVE		none	One-level Alternative-A root collapse; content must remain byte-identical.
flyff_farming_simulator/.pytest-temp-v16/test_synthetic_curriculum_gene0/curriculum/variants/03_advanced_broad_lobes_shifting_variable/map_assets/occupancy.npy	.pytest-temp-v16/test_synthetic_curriculum_gene0/curriculum/variants/03_advanced_broad_lobes_shifting_variable/map_assets/occupancy.npy	tracked	61df769884e9261f9e61ef5af6ec39b1ecda3902	23fe28e396756a83485f5f87e1ee07a17edb97c48a70a79a0d43d9e1a7762633	35472	scientific-artifact	.pytest-temp-v16/test_synthetic_curriculum_gene0/curriculum/variants/03_advanced_broad_lobes_shifting_variable/map_assets/occupancy.npy	MOVE		none	One-level Alternative-A root collapse; content must remain byte-identical.
flyff_farming_simulator/.pytest-temp-v16/test_synthetic_curriculum_gene0/curriculum/variants/03_advanced_broad_lobes_shifting_variable/world.json.gz	.pytest-temp-v16/test_synthetic_curriculum_gene0/curriculum/variants/03_advanced_broad_lobes_shifting_variable/world.json.gz	tracked	370684148cb22c2530d5b0054741e09cf1dfa3e4	83110d8d0ff93ac7a7ae0f5179c269ebd6b87fe7c9eabdc6e78b54f57acac900	32583	simulator-source	.pytest-temp-v16/test_synthetic_curriculum_gene0/curriculum/variants/03_advanced_broad_lobes_shifting_variable/world.json.gz	MOVE		none	One-level Alternative-A root collapse; content must remain byte-identical.
flyff_farming_simulator/.pytest-temp-v16/test_synthetic_curriculum_genecurrent	.pytest-temp-v16/test_synthetic_curriculum_genecurrent	tracked	cd804215866d432e509ea12379fa46cfa42c3f59	01c8c62e3bd05e37f0d46712fef4b589e1b4ae814ceb6ba4dfd5695f59157ab2	111	test	.pytest-temp-v16/test_synthetic_curriculum_genecurrent	MOVE		none	One-level Alternative-A root collapse; content must remain byte-identical.
flyff_farming_simulator/.pytest-temp-v16/test_variant_filter_and_fixed_0/curriculum/curriculum.json	.pytest-temp-v16/test_variant_filter_and_fixed_0/curriculum/curriculum.json	tracked	0cfdef16473f073549abe6c44d7765a62ccefe12	d318be82112b34966f3b43dd4be9302ede21dfdcb5f88259bd9f21bf67251149	2082	config	.pytest-temp-v16/test_variant_filter_and_fixed_0/curriculum/curriculum.json	MOVE		none	One-level Alternative-A root collapse; content must remain byte-identical.
flyff_farming_simulator/.pytest-temp-v16/test_variant_filter_and_fixed_0/curriculum/variants/01_early_open_field_typical_fast/map_assets/coordinate_frame.json	.pytest-temp-v16/test_variant_filter_and_fixed_0/curriculum/variants/01_early_open_field_typical_fast/map_assets/coordinate_frame.json	tracked	64529ba558428ad753e34e011b72712de2a47460	597d0050861ff15776667fd86ea79a190bb7da3e4a324f609dd24d1697c3bee7	87	scientific-artifact	.pytest-temp-v16/test_variant_filter_and_fixed_0/curriculum/variants/01_early_open_field_typical_fast/map_assets/coordinate_frame.json	MOVE		none	One-level Alternative-A root collapse; content must remain byte-identical.
flyff_farming_simulator/.pytest-temp-v16/test_variant_filter_and_fixed_0/curriculum/variants/01_early_open_field_typical_fast/map_assets/map.json	.pytest-temp-v16/test_variant_filter_and_fixed_0/curriculum/variants/01_early_open_field_typical_fast/map_assets/map.json	tracked	90a1eb3985cdc885d219448a64766fd671ab1566	30d1b3ea7a526e985ce819d53f5d7e6e1c46c560d850412842df27d1661dce67	470	scientific-artifact	.pytest-temp-v16/test_variant_filter_and_fixed_0/curriculum/variants/01_early_open_field_typical_fast/map_assets/map.json	MOVE		none	One-level Alternative-A root collapse; content must remain byte-identical.
flyff_farming_simulator/.pytest-temp-v16/test_variant_filter_and_fixed_0/curriculum/variants/01_early_open_field_typical_fast/map_assets/occupancy.npy	.pytest-temp-v16/test_variant_filter_and_fixed_0/curriculum/variants/01_early_open_field_typical_fast/map_assets/occupancy.npy	tracked	87fc64a05b05cb038a70ee2da857582d99751cc8	7dadb337e5f5d07bf67ce9e885afcff99299eb8e87a4f3e13b94d0797a1bac9c	39729	scientific-artifact	.pytest-temp-v16/test_variant_filter_and_fixed_0/curriculum/variants/01_early_open_field_typical_fast/map_assets/occupancy.npy	MOVE		none	One-level Alternative-A root collapse; content must remain byte-identical.
flyff_farming_simulator/.pytest-temp-v16/test_variant_filter_and_fixed_0/curriculum/variants/01_early_open_field_typical_fast/world.json.gz	.pytest-temp-v16/test_variant_filter_and_fixed_0/curriculum/variants/01_early_open_field_typical_fast/world.json.gz	tracked	cde3d5311ef76e36fdcf8f917f60a196be0275b8	00413ef5e6e4879e009f76b2188fdfaffef4c70c2e0b4fe6eb6a9138628ddda6	28443	simulator-source	.pytest-temp-v16/test_variant_filter_and_fixed_0/curriculum/variants/01_early_open_field_typical_fast/world.json.gz	MOVE		none	One-level Alternative-A root collapse; content must remain byte-identical.
flyff_farming_simulator/.pytest-temp-v16/test_variant_filter_and_fixed_0/curriculum/variants/02_intermediate_irregular_plain_uneven_typical/map_assets/coordinate_frame.json	.pytest-temp-v16/test_variant_filter_and_fixed_0/curriculum/variants/02_intermediate_irregular_plain_uneven_typical/map_assets/coordinate_frame.json	tracked	64529ba558428ad753e34e011b72712de2a47460	597d0050861ff15776667fd86ea79a190bb7da3e4a324f609dd24d1697c3bee7	87	scientific-artifact	.pytest-temp-v16/test_variant_filter_and_fixed_0/curriculum/variants/02_intermediate_irregular_plain_uneven_typical/map_assets/coordinate_frame.json	MOVE		none	One-level Alternative-A root collapse; content must remain byte-identical.
flyff_farming_simulator/.pytest-temp-v16/test_variant_filter_and_fixed_0/curriculum/variants/02_intermediate_irregular_plain_uneven_typical/map_assets/map.json	.pytest-temp-v16/test_variant_filter_and_fixed_0/curriculum/variants/02_intermediate_irregular_plain_uneven_typical/map_assets/map.json	tracked	196d07b2fed5987b1542c0fe93841480bcb09a35	33ddd640f2b1dec271c043784f4419f97c8732cb3ed2f12a9a5402d31cc100ab	500	scientific-artifact	.pytest-temp-v16/test_variant_filter_and_fixed_0/curriculum/variants/02_intermediate_irregular_plain_uneven_typical/map_assets/map.json	MOVE		none	One-level Alternative-A root collapse; content must remain byte-identical.
flyff_farming_simulator/.pytest-temp-v16/test_variant_filter_and_fixed_0/curriculum/variants/02_intermediate_irregular_plain_uneven_typical/map_assets/occupancy.npy	.pytest-temp-v16/test_variant_filter_and_fixed_0/curriculum/variants/02_intermediate_irregular_plain_uneven_typical/map_assets/occupancy.npy	tracked	82af78585a5d15f9a8c03e23cd25fd18f07c93e5	3f6d3ab616a88a741bdecf5416e305956951dc11113df1534b3facc6dc516e81	50304	scientific-artifact	.pytest-temp-v16/test_variant_filter_and_fixed_0/curriculum/variants/02_intermediate_irregular_plain_uneven_typical/map_assets/occupancy.npy	MOVE		none	One-level Alternative-A root collapse; content must remain byte-identical.
flyff_farming_simulator/.pytest-temp-v16/test_variant_filter_and_fixed_0/curriculum/variants/02_intermediate_irregular_plain_uneven_typical/world.json.gz	.pytest-temp-v16/test_variant_filter_and_fixed_0/curriculum/variants/02_intermediate_irregular_plain_uneven_typical/world.json.gz	tracked	acfe51ccf3854b7c1358094191ae5dc9ffd4b0f5	e89cec8939d0df5fa9ae7d8d250427fd949110d11520999cc1e638ecda49fdd9	28767	simulator-source	.pytest-temp-v16/test_variant_filter_and_fixed_0/curriculum/variants/02_intermediate_irregular_plain_uneven_typical/world.json.gz	MOVE		none	One-level Alternative-A root collapse; content must remain byte-identical.
flyff_farming_simulator/.pytest-temp-v16/test_variant_filter_and_fixed_0/curriculum/variants/03_advanced_broad_lobes_shifting_variable/map_assets/coordinate_frame.json	.pytest-temp-v16/test_variant_filter_and_fixed_0/curriculum/variants/03_advanced_broad_lobes_shifting_variable/map_assets/coordinate_frame.json	tracked	64529ba558428ad753e34e011b72712de2a47460	597d0050861ff15776667fd86ea79a190bb7da3e4a324f609dd24d1697c3bee7	87	scientific-artifact	.pytest-temp-v16/test_variant_filter_and_fixed_0/curriculum/variants/03_advanced_broad_lobes_shifting_variable/map_assets/coordinate_frame.json	MOVE		none	One-level Alternative-A root collapse; content must remain byte-identical.
flyff_farming_simulator/.pytest-temp-v16/test_variant_filter_and_fixed_0/curriculum/variants/03_advanced_broad_lobes_shifting_variable/map_assets/map.json	.pytest-temp-v16/test_variant_filter_and_fixed_0/curriculum/variants/03_advanced_broad_lobes_shifting_variable/map_assets/map.json	tracked	b705b92a45d088f849601a07ba675b89d34a0c81	5a7fbe7000a1d815d572630ac1757131719c70fa73b8465c0f343a552dfce811	490	scientific-artifact	.pytest-temp-v16/test_variant_filter_and_fixed_0/curriculum/variants/03_advanced_broad_lobes_shifting_variable/map_assets/map.json	MOVE		none	One-level Alternative-A root collapse; content must remain byte-identical.
flyff_farming_simulator/.pytest-temp-v16/test_variant_filter_and_fixed_0/curriculum/variants/03_advanced_broad_lobes_shifting_variable/map_assets/occupancy.npy	.pytest-temp-v16/test_variant_filter_and_fixed_0/curriculum/variants/03_advanced_broad_lobes_shifting_variable/map_assets/occupancy.npy	tracked	61df769884e9261f9e61ef5af6ec39b1ecda3902	23fe28e396756a83485f5f87e1ee07a17edb97c48a70a79a0d43d9e1a7762633	35472	scientific-artifact	.pytest-temp-v16/test_variant_filter_and_fixed_0/curriculum/variants/03_advanced_broad_lobes_shifting_variable/map_assets/occupancy.npy	MOVE		none	One-level Alternative-A root collapse; content must remain byte-identical.
flyff_farming_simulator/.pytest-temp-v16/test_variant_filter_and_fixed_0/curriculum/variants/03_advanced_broad_lobes_shifting_variable/world.json.gz	.pytest-temp-v16/test_variant_filter_and_fixed_0/curriculum/variants/03_advanced_broad_lobes_shifting_variable/world.json.gz	tracked	d727bf5c96cbf39fb540b543812d70cfe75873e7	9f433e4c246d6c7ccb39fec7550125e89d4d6a7edae6daa50d6f3e875d1f339b	32560	simulator-source	.pytest-temp-v16/test_variant_filter_and_fixed_0/curriculum/variants/03_advanced_broad_lobes_shifting_variable/world.json.gz	MOVE		none	One-level Alternative-A root collapse; content must remain byte-identical.
flyff_farming_simulator/.pytest-temp-v16/test_variant_filter_and_fixed_current	.pytest-temp-v16/test_variant_filter_and_fixed_current	tracked	5bcdde781b7b4c9678fc1f39066c861b3c83682e	a5d2b032e71e659665e38c3e4204180d706cb771f99093bdca8b8d57e34cc290	111	test	.pytest-temp-v16/test_variant_filter_and_fixed_current	MOVE		none	One-level Alternative-A root collapse; content must remain byte-identical.
flyff_farming_simulator/.pytest-temp-v16/test_world_model_round_trip0/world.json.gz	.pytest-temp-v16/test_world_model_round_trip0/world.json.gz	tracked	a381b271dd075d3942ca82c96717f4ff0791a59a	c47b2b4471660e1e60269d8fdc675a74785822c08b502d3243864629309b2eb9	845	simulator-source	.pytest-temp-v16/test_world_model_round_trip0/world.json.gz	MOVE		none	One-level Alternative-A root collapse; content must remain byte-identical.
flyff_farming_simulator/.pytest-temp-v16/test_world_model_round_tripcurrent	.pytest-temp-v16/test_world_model_round_tripcurrent	tracked	ba6c021f75dd0a93459a201c6576ccfa5ffd8771	6726b7330bec0403141f8c7f13a5552df355d855223e0123c6c74158086ec92a	108	test	.pytest-temp-v16/test_world_model_round_tripcurrent	MOVE		none	One-level Alternative-A root collapse; content must remain byte-identical.
flyff_farming_simulator/.pytest-temp-v17/test_atomic_policy_save_leavescurrent	.pytest-temp-v17/test_atomic_policy_save_leavescurrent	tracked	a7bb64c433c4c020b7c367e986f63098fbaa1013	48f0d5e6bb5fea17ee452166c3d645f25eb5c3e38e6a338058bc0831973023b4	111	test	.pytest-temp-v17/test_atomic_policy_save_leavescurrent	MOVE		none	One-level Alternative-A root collapse; content must remain byte-identical.
flyff_farming_simulator/.pytest-temp-v17/test_behavior_clone_rejects_on0/one_session.npz	.pytest-temp-v17/test_behavior_clone_rejects_on0/one_session.npz	tracked	2dfe172956f574dfe1138ecd0180d16a9a181b36	b61e93fd4a3aa2b503da0780ac3d5086632ec0d70957c117fc1815de633bbe58	1328	simulator-source	.pytest-temp-v17/test_behavior_clone_rejects_on0/one_session.npz	MOVE		none	One-level Alternative-A root collapse; content must remain byte-identical.
flyff_farming_simulator/.pytest-temp-v17/test_behavior_clone_rejects_oncurrent	.pytest-temp-v17/test_behavior_clone_rejects_oncurrent	tracked	869d06055066fc627b2d697d2d7de15a6edc6f63	01c033f3b6004974b2423c0a37ef50bd35f0be7f55c5512b137e8f702529874b	111	test	.pytest-temp-v17/test_behavior_clone_rejects_oncurrent	MOVE		none	One-level Alternative-A root collapse; content must remain byte-identical.
flyff_farming_simulator/.pytest-temp-v17/test_behavior_clone_rejects_wr0/wrong_contract.npz	.pytest-temp-v17/test_behavior_clone_rejects_wr0/wrong_contract.npz	tracked	f810471f1e2f8f5c358c6bef11c5409cc56b3c0a	f0f630a4d52b49679cef54cd09b8d22de6067faefb353020bdaebbe001eb27b2	921	simulator-source	.pytest-temp-v17/test_behavior_clone_rejects_wr0/wrong_contract.npz	MOVE		none	One-level Alternative-A root collapse; content must remain byte-identical.
flyff_farming_simulator/.pytest-temp-v17/test_behavior_clone_rejects_wrcurrent	.pytest-temp-v17/test_behavior_clone_rejects_wrcurrent	tracked	c79c6bae175e0b2666a48156ab2ed67d44db0068	6c55714865b0f00c73b5e6c6667ccc6c6ce30b4357c149f4f710cbe8ca0930c0	111	test	.pytest-temp-v17/test_behavior_clone_rejects_wrcurrent	MOVE		none	One-level Alternative-A root collapse; content must remain byte-identical.
flyff_farming_simulator/.pytest-temp-v17/test_checkpoint_spec_parsercurrent	.pytest-temp-v17/test_checkpoint_spec_parsercurrent	tracked	6d4732df66d854323d40edd09175f758c24b7441	73a2195f805d3dd8a4664794d33b944ab98807932284e0352447fe4e6c2303b0	108	test	.pytest-temp-v17/test_checkpoint_spec_parsercurrent	MOVE		none	One-level Alternative-A root collapse; content must remain byte-identical.
flyff_farming_simulator/.pytest-temp-v17/test_duplicate_recordings_are_0/session/events.msgpack.gz	.pytest-temp-v17/test_duplicate_recordings_are_0/session/events.msgpack.gz	tracked	a7b9a67bf0d22113cfbb4a6a143ad06afe23477b	f3251c40659855ce3869c934370d7204cf14b26d1f58d5bf80b94e28bdfc3ef3	151	simulator-source	.pytest-temp-v17/test_duplicate_recordings_are_0/session/events.msgpack.gz	MOVE		none	One-level Alternative-A root collapse; content must remain byte-identical.
flyff_farming_simulator/.pytest-temp-v17/test_duplicate_recordings_are_0/session/frames.msgpack.gz	.pytest-temp-v17/test_duplicate_recordings_are_0/session/frames.msgpack.gz	tracked	75d84f899db4e74328a82cfa3e13b1de756a6449	d82756f264eda999abe0283e79124cc3bdfd7ed9e348a2482eb2d74621148579	153	simulator-source	.pytest-temp-v17/test_duplicate_recordings_are_0/session/frames.msgpack.gz	MOVE		none	One-level Alternative-A root collapse; content must remain byte-identical.
flyff_farming_simulator/.pytest-temp-v17/test_duplicate_recordings_are_0/session/inputs.msgpack.gz	.pytest-temp-v17/test_duplicate_recordings_are_0/session/inputs.msgpack.gz	tracked	f66b441a69d868f48fa85985754a9574e227ebd7	8688a5e520a1051425f7fdb4dd0d7bd8ba3e044c590e97bf91d79a57ff1c3244	59	simulator-source	.pytest-temp-v17/test_duplicate_recordings_are_0/session/inputs.msgpack.gz	MOVE		none	One-level Alternative-A root collapse; content must remain byte-identical.
flyff_farming_simulator/.pytest-temp-v17/test_duplicate_recordings_are_0/session/manifest.json	.pytest-temp-v17/test_duplicate_recordings_are_0/session/manifest.json	tracked	c2cae0b6f94845e4f41132d8e9f6d9b8186b398d	3e2a8d5553f5563c428ef632adc82a41b72702990220741bae522e91ee52809b	452	config	.pytest-temp-v17/test_duplicate_recordings_are_0/session/manifest.json	MOVE		none	One-level Alternative-A root collapse; content must remain byte-identical.
flyff_farming_simulator/.pytest-temp-v17/test_duplicate_recordings_are_current	.pytest-temp-v17/test_duplicate_recordings_are_current	tracked	7b15a10e940a9eae56fa3b673fe3b9eb02236e7f	aecf85a9565db9bf7e9462fa765c28d5ed124ec2bc0b84a4fd26020be4dc7891	111	test	.pytest-temp-v17/test_duplicate_recordings_are_current	MOVE		none	One-level Alternative-A root collapse; content must remain byte-identical.
flyff_farming_simulator/.pytest-temp-v17/test_recording_fit_and_demo_ex0/demos.npz	.pytest-temp-v17/test_recording_fit_and_demo_ex0/demos.npz	tracked	17087261730d1bec137203f7c24f94384de3073b	5dce117726282deac3045982b482168f75c2c7068cab1375dbbd9f318cea3fa2	3092	simulator-source	.pytest-temp-v17/test_recording_fit_and_demo_ex0/demos.npz	MOVE		none	One-level Alternative-A root collapse; content must remain byte-identical.
flyff_farming_simulator/.pytest-temp-v17/test_recording_fit_and_demo_ex0/eva_only.npz	.pytest-temp-v17/test_recording_fit_and_demo_ex0/eva_only.npz	tracked	531cbe137c437ee5f7809cc06fd5fc9b1e8516bb	6a93c7c5a1d40a6f9c7719253d2e322b0c27f7f441f9b39486fcf9d3915eb9d0	2800	simulator-source	.pytest-temp-v17/test_recording_fit_and_demo_ex0/eva_only.npz	MOVE		none	One-level Alternative-A root collapse; content must remain byte-identical.
flyff_farming_simulator/.pytest-temp-v17/test_recording_fit_and_demo_ex0/session/events.msgpack.gz	.pytest-temp-v17/test_recording_fit_and_demo_ex0/session/events.msgpack.gz	tracked	c88442631ccaa20b9b5949f135b97429098470bf	2ec6028fa7152d9fb7b1b95026208d52a525579d73f2812272b0288713bdbdd4	151	simulator-source	.pytest-temp-v17/test_recording_fit_and_demo_ex0/session/events.msgpack.gz	MOVE		none	One-level Alternative-A root collapse; content must remain byte-identical.
flyff_farming_simulator/.pytest-temp-v17/test_recording_fit_and_demo_ex0/session/frames.msgpack.gz	.pytest-temp-v17/test_recording_fit_and_demo_ex0/session/frames.msgpack.gz	tracked	39b3fac3b76fd6abe337e97096dad2283711c171	f7e9248d836242220f72b69584a361133697c4f2daccc649297119fd78fc04f1	153	simulator-source	.pytest-temp-v17/test_recording_fit_and_demo_ex0/session/frames.msgpack.gz	MOVE		none	One-level Alternative-A root collapse; content must remain byte-identical.
flyff_farming_simulator/.pytest-temp-v17/test_recording_fit_and_demo_ex0/session/inputs.msgpack.gz	.pytest-temp-v17/test_recording_fit_and_demo_ex0/session/inputs.msgpack.gz	tracked	6268ddeae2bf8a567c8e8d8f4aaeaa783ca6f9ea	27ef9e0ccccb862021ccd52d4223b169033107ab690eef85cd11afd267476129	59	simulator-source	.pytest-temp-v17/test_recording_fit_and_demo_ex0/session/inputs.msgpack.gz	MOVE		none	One-level Alternative-A root collapse; content must remain byte-identical.
flyff_farming_simulator/.pytest-temp-v17/test_recording_fit_and_demo_ex0/session/manifest.json	.pytest-temp-v17/test_recording_fit_and_demo_ex0/session/manifest.json	tracked	c2cae0b6f94845e4f41132d8e9f6d9b8186b398d	3e2a8d5553f5563c428ef632adc82a41b72702990220741bae522e91ee52809b	452	config	.pytest-temp-v17/test_recording_fit_and_demo_ex0/session/manifest.json	MOVE		none	One-level Alternative-A root collapse; content must remain byte-identical.
flyff_farming_simulator/.pytest-temp-v17/test_recording_fit_and_demo_excurrent	.pytest-temp-v17/test_recording_fit_and_demo_excurrent	tracked	8064d98bf6155dfd399c98206578b141fba98fcf	d7385726d762da37e6fea561f09cb18e9bae59562ca61e7872522da8a86977c9	111	test	.pytest-temp-v17/test_recording_fit_and_demo_excurrent	MOVE		none	One-level Alternative-A root collapse; content must remain byte-identical.
flyff_farming_simulator/.pytest-temp-v17/test_synthetic_curriculum_gene0/curriculum/curriculum.json	.pytest-temp-v17/test_synthetic_curriculum_gene0/curriculum/curriculum.json	tracked	0cfdef16473f073549abe6c44d7765a62ccefe12	d318be82112b34966f3b43dd4be9302ede21dfdcb5f88259bd9f21bf67251149	2082	config	.pytest-temp-v17/test_synthetic_curriculum_gene0/curriculum/curriculum.json	MOVE		none	One-level Alternative-A root collapse; content must remain byte-identical.
flyff_farming_simulator/.pytest-temp-v17/test_synthetic_curriculum_gene0/curriculum/variants/01_early_open_field_typical_fast/map_assets/coordinate_frame.json	.pytest-temp-v17/test_synthetic_curriculum_gene0/curriculum/variants/01_early_open_field_typical_fast/map_assets/coordinate_frame.json	tracked	64529ba558428ad753e34e011b72712de2a47460	597d0050861ff15776667fd86ea79a190bb7da3e4a324f609dd24d1697c3bee7	87	scientific-artifact	.pytest-temp-v17/test_synthetic_curriculum_gene0/curriculum/variants/01_early_open_field_typical_fast/map_assets/coordinate_frame.json	MOVE		none	One-level Alternative-A root collapse; content must remain byte-identical.
flyff_farming_simulator/.pytest-temp-v17/test_synthetic_curriculum_gene0/curriculum/variants/01_early_open_field_typical_fast/map_assets/map.json	.pytest-temp-v17/test_synthetic_curriculum_gene0/curriculum/variants/01_early_open_field_typical_fast/map_assets/map.json	tracked	90a1eb3985cdc885d219448a64766fd671ab1566	30d1b3ea7a526e985ce819d53f5d7e6e1c46c560d850412842df27d1661dce67	470	scientific-artifact	.pytest-temp-v17/test_synthetic_curriculum_gene0/curriculum/variants/01_early_open_field_typical_fast/map_assets/map.json	MOVE		none	One-level Alternative-A root collapse; content must remain byte-identical.
flyff_farming_simulator/.pytest-temp-v17/test_synthetic_curriculum_gene0/curriculum/variants/01_early_open_field_typical_fast/map_assets/occupancy.npy	.pytest-temp-v17/test_synthetic_curriculum_gene0/curriculum/variants/01_early_open_field_typical_fast/map_assets/occupancy.npy	tracked	87fc64a05b05cb038a70ee2da857582d99751cc8	7dadb337e5f5d07bf67ce9e885afcff99299eb8e87a4f3e13b94d0797a1bac9c	39729	scientific-artifact	.pytest-temp-v17/test_synthetic_curriculum_gene0/curriculum/variants/01_early_open_field_typical_fast/map_assets/occupancy.npy	MOVE		none	One-level Alternative-A root collapse; content must remain byte-identical.
flyff_farming_simulator/.pytest-temp-v17/test_synthetic_curriculum_gene0/curriculum/variants/01_early_open_field_typical_fast/world.json.gz	.pytest-temp-v17/test_synthetic_curriculum_gene0/curriculum/variants/01_early_open_field_typical_fast/world.json.gz	tracked	e5c2e00c1badae3a63314bc0f0332ef50f2c7f22	4e608917a51ff2a73466313aa677e2d43c541e20e0985a9745b42747403d6f0e	28464	simulator-source	.pytest-temp-v17/test_synthetic_curriculum_gene0/curriculum/variants/01_early_open_field_typical_fast/world.json.gz	MOVE		none	One-level Alternative-A root collapse; content must remain byte-identical.
flyff_farming_simulator/.pytest-temp-v17/test_synthetic_curriculum_gene0/curriculum/variants/02_intermediate_irregular_plain_uneven_typical/map_assets/coordinate_frame.json	.pytest-temp-v17/test_synthetic_curriculum_gene0/curriculum/variants/02_intermediate_irregular_plain_uneven_typical/map_assets/coordinate_frame.json	tracked	64529ba558428ad753e34e011b72712de2a47460	597d0050861ff15776667fd86ea79a190bb7da3e4a324f609dd24d1697c3bee7	87	scientific-artifact	.pytest-temp-v17/test_synthetic_curriculum_gene0/curriculum/variants/02_intermediate_irregular_plain_uneven_typical/map_assets/coordinate_frame.json	MOVE		none	One-level Alternative-A root collapse; content must remain byte-identical.
flyff_farming_simulator/.pytest-temp-v17/test_synthetic_curriculum_gene0/curriculum/variants/02_intermediate_irregular_plain_uneven_typical/map_assets/map.json	.pytest-temp-v17/test_synthetic_curriculum_gene0/curriculum/variants/02_intermediate_irregular_plain_uneven_typical/map_assets/map.json	tracked	196d07b2fed5987b1542c0fe93841480bcb09a35	33ddd640f2b1dec271c043784f4419f97c8732cb3ed2f12a9a5402d31cc100ab	500	scientific-artifact	.pytest-temp-v17/test_synthetic_curriculum_gene0/curriculum/variants/02_intermediate_irregular_plain_uneven_typical/map_assets/map.json	MOVE		none	One-level Alternative-A root collapse; content must remain byte-identical.
flyff_farming_simulator/.pytest-temp-v17/test_synthetic_curriculum_gene0/curriculum/variants/02_intermediate_irregular_plain_uneven_typical/map_assets/occupancy.npy	.pytest-temp-v17/test_synthetic_curriculum_gene0/curriculum/variants/02_intermediate_irregular_plain_uneven_typical/map_assets/occupancy.npy	tracked	82af78585a5d15f9a8c03e23cd25fd18f07c93e5	3f6d3ab616a88a741bdecf5416e305956951dc11113df1534b3facc6dc516e81	50304	scientific-artifact	.pytest-temp-v17/test_synthetic_curriculum_gene0/curriculum/variants/02_intermediate_irregular_plain_uneven_typical/map_assets/occupancy.npy	MOVE		none	One-level Alternative-A root collapse; content must remain byte-identical.
flyff_farming_simulator/.pytest-temp-v17/test_synthetic_curriculum_gene0/curriculum/variants/02_intermediate_irregular_plain_uneven_typical/world.json.gz	.pytest-temp-v17/test_synthetic_curriculum_gene0/curriculum/variants/02_intermediate_irregular_plain_uneven_typical/world.json.gz	tracked	5f1c9ca02f59686a3a30ace90a3e6c7b4be22abf	30e156d3296b9da17526ec409019213f93b7aba300c51f7e294589d33d02cc58	28789	simulator-source	.pytest-temp-v17/test_synthetic_curriculum_gene0/curriculum/variants/02_intermediate_irregular_plain_uneven_typical/world.json.gz	MOVE		none	One-level Alternative-A root collapse; content must remain byte-identical.
flyff_farming_simulator/.pytest-temp-v17/test_synthetic_curriculum_gene0/curriculum/variants/03_advanced_broad_lobes_shifting_variable/map_assets/coordinate_frame.json	.pytest-temp-v17/test_synthetic_curriculum_gene0/curriculum/variants/03_advanced_broad_lobes_shifting_variable/map_assets/coordinate_frame.json	tracked	64529ba558428ad753e34e011b72712de2a47460	597d0050861ff15776667fd86ea79a190bb7da3e4a324f609dd24d1697c3bee7	87	scientific-artifact	.pytest-temp-v17/test_synthetic_curriculum_gene0/curriculum/variants/03_advanced_broad_lobes_shifting_variable/map_assets/coordinate_frame.json	MOVE		none	One-level Alternative-A root collapse; content must remain byte-identical.
flyff_farming_simulator/.pytest-temp-v17/test_synthetic_curriculum_gene0/curriculum/variants/03_advanced_broad_lobes_shifting_variable/map_assets/map.json	.pytest-temp-v17/test_synthetic_curriculum_gene0/curriculum/variants/03_advanced_broad_lobes_shifting_variable/map_assets/map.json	tracked	b705b92a45d088f849601a07ba675b89d34a0c81	5a7fbe7000a1d815d572630ac1757131719c70fa73b8465c0f343a552dfce811	490	scientific-artifact	.pytest-temp-v17/test_synthetic_curriculum_gene0/curriculum/variants/03_advanced_broad_lobes_shifting_variable/map_assets/map.json	MOVE		none	One-level Alternative-A root collapse; content must remain byte-identical.
flyff_farming_simulator/.pytest-temp-v17/test_synthetic_curriculum_gene0/curriculum/variants/03_advanced_broad_lobes_shifting_variable/map_assets/occupancy.npy	.pytest-temp-v17/test_synthetic_curriculum_gene0/curriculum/variants/03_advanced_broad_lobes_shifting_variable/map_assets/occupancy.npy	tracked	61df769884e9261f9e61ef5af6ec39b1ecda3902	23fe28e396756a83485f5f87e1ee07a17edb97c48a70a79a0d43d9e1a7762633	35472	scientific-artifact	.pytest-temp-v17/test_synthetic_curriculum_gene0/curriculum/variants/03_advanced_broad_lobes_shifting_variable/map_assets/occupancy.npy	MOVE		none	One-level Alternative-A root collapse; content must remain byte-identical.
flyff_farming_simulator/.pytest-temp-v17/test_synthetic_curriculum_gene0/curriculum/variants/03_advanced_broad_lobes_shifting_variable/world.json.gz	.pytest-temp-v17/test_synthetic_curriculum_gene0/curriculum/variants/03_advanced_broad_lobes_shifting_variable/world.json.gz	tracked	c579089643c841cc00dfb39d67938548cf7aa6a3	939a49663486a8ecf48e485e88183bbc899f50ec8fcd7512b5cb81ae3b8a0079	32583	simulator-source	.pytest-temp-v17/test_synthetic_curriculum_gene0/curriculum/variants/03_advanced_broad_lobes_shifting_variable/world.json.gz	MOVE		none	One-level Alternative-A root collapse; content must remain byte-identical.
flyff_farming_simulator/.pytest-temp-v17/test_synthetic_curriculum_genecurrent	.pytest-temp-v17/test_synthetic_curriculum_genecurrent	tracked	a6cfe891c813af1c983d1b31ad56673b8267b695	7c8369ec85e3640ad49d8c8300d909358329932bc82e312e8c1dfdbfaa3c1474	111	test	.pytest-temp-v17/test_synthetic_curriculum_genecurrent	MOVE		none	One-level Alternative-A root collapse; content must remain byte-identical.
flyff_farming_simulator/.pytest-temp-v17/test_unproven_presence_and_mis0/legacy.npz	.pytest-temp-v17/test_unproven_presence_and_mis0/legacy.npz	tracked	09c896acf49411553571c9b1836673739d0f7df3	f65825ab0be09466e6d5abd5ad49e45f20d9390f05fb3ddb316b8010aaadb9e9	3167	simulator-source	.pytest-temp-v17/test_unproven_presence_and_mis0/legacy.npz	MOVE		none	One-level Alternative-A root collapse; content must remain byte-identical.
flyff_farming_simulator/.pytest-temp-v17/test_unproven_presence_and_mis0/session/events.msgpack.gz	.pytest-temp-v17/test_unproven_presence_and_mis0/session/events.msgpack.gz	tracked	a7b9a67bf0d22113cfbb4a6a143ad06afe23477b	f3251c40659855ce3869c934370d7204cf14b26d1f58d5bf80b94e28bdfc3ef3	151	simulator-source	.pytest-temp-v17/test_unproven_presence_and_mis0/session/events.msgpack.gz	MOVE		none	One-level Alternative-A root collapse; content must remain byte-identical.
flyff_farming_simulator/.pytest-temp-v17/test_unproven_presence_and_mis0/session/frames.msgpack.gz	.pytest-temp-v17/test_unproven_presence_and_mis0/session/frames.msgpack.gz	tracked	75d84f899db4e74328a82cfa3e13b1de756a6449	d82756f264eda999abe0283e79124cc3bdfd7ed9e348a2482eb2d74621148579	153	simulator-source	.pytest-temp-v17/test_unproven_presence_and_mis0/session/frames.msgpack.gz	MOVE		none	One-level Alternative-A root collapse; content must remain byte-identical.
flyff_farming_simulator/.pytest-temp-v17/test_unproven_presence_and_mis0/session/inputs.msgpack.gz	.pytest-temp-v17/test_unproven_presence_and_mis0/session/inputs.msgpack.gz	tracked	f66b441a69d868f48fa85985754a9574e227ebd7	8688a5e520a1051425f7fdb4dd0d7bd8ba3e044c590e97bf91d79a57ff1c3244	59	simulator-source	.pytest-temp-v17/test_unproven_presence_and_mis0/session/inputs.msgpack.gz	MOVE		none	One-level Alternative-A root collapse; content must remain byte-identical.
flyff_farming_simulator/.pytest-temp-v17/test_unproven_presence_and_mis0/session/manifest.json	.pytest-temp-v17/test_unproven_presence_and_mis0/session/manifest.json	tracked	c2cae0b6f94845e4f41132d8e9f6d9b8186b398d	3e2a8d5553f5563c428ef632adc82a41b72702990220741bae522e91ee52809b	452	config	.pytest-temp-v17/test_unproven_presence_and_mis0/session/manifest.json	MOVE		none	One-level Alternative-A root collapse; content must remain byte-identical.
flyff_farming_simulator/.pytest-temp-v17/test_unproven_presence_and_mis0/unproven/events.msgpack.gz	.pytest-temp-v17/test_unproven_presence_and_mis0/unproven/events.msgpack.gz	tracked	a7b9a67bf0d22113cfbb4a6a143ad06afe23477b	f3251c40659855ce3869c934370d7204cf14b26d1f58d5bf80b94e28bdfc3ef3	151	simulator-source	.pytest-temp-v17/test_unproven_presence_and_mis0/unproven/events.msgpack.gz	MOVE		none	One-level Alternative-A root collapse; content must remain byte-identical.
flyff_farming_simulator/.pytest-temp-v17/test_unproven_presence_and_mis0/unproven/frames.msgpack.gz	.pytest-temp-v17/test_unproven_presence_and_mis0/unproven/frames.msgpack.gz	tracked	75d84f899db4e74328a82cfa3e13b1de756a6449	d82756f264eda999abe0283e79124cc3bdfd7ed9e348a2482eb2d74621148579	153	simulator-source	.pytest-temp-v17/test_unproven_presence_and_mis0/unproven/frames.msgpack.gz	MOVE		none	One-level Alternative-A root collapse; content must remain byte-identical.
flyff_farming_simulator/.pytest-temp-v17/test_unproven_presence_and_mis0/unproven/inputs.msgpack.gz	.pytest-temp-v17/test_unproven_presence_and_mis0/unproven/inputs.msgpack.gz	tracked	f66b441a69d868f48fa85985754a9574e227ebd7	8688a5e520a1051425f7fdb4dd0d7bd8ba3e044c590e97bf91d79a57ff1c3244	59	simulator-source	.pytest-temp-v17/test_unproven_presence_and_mis0/unproven/inputs.msgpack.gz	MOVE		none	One-level Alternative-A root collapse; content must remain byte-identical.
flyff_farming_simulator/.pytest-temp-v17/test_unproven_presence_and_mis0/unproven/manifest.json	.pytest-temp-v17/test_unproven_presence_and_mis0/unproven/manifest.json	tracked	2f27638842e3c655ea3cac29d65377b2ffe62254	d753ab7fe78b62c50d19555f6951da7d2f293a6c574ddb34f8107f24d197ee61	292	config	.pytest-temp-v17/test_unproven_presence_and_mis0/unproven/manifest.json	MOVE		none	One-level Alternative-A root collapse; content must remain byte-identical.
flyff_farming_simulator/.pytest-temp-v17/test_unproven_presence_and_miscurrent	.pytest-temp-v17/test_unproven_presence_and_miscurrent	tracked	6691bbc22b4ced7c15757c870216cc867c10739a	bbc6ba3057db9b80ae7c57cbe53d745e24363387ea834272a5aea446a0234587	111	test	.pytest-temp-v17/test_unproven_presence_and_miscurrent	MOVE		none	One-level Alternative-A root collapse; content must remain byte-identical.
flyff_farming_simulator/.pytest-temp-v17/test_variant_filter_and_fixed_0/curriculum/curriculum.json	.pytest-temp-v17/test_variant_filter_and_fixed_0/curriculum/curriculum.json	tracked	0cfdef16473f073549abe6c44d7765a62ccefe12	d318be82112b34966f3b43dd4be9302ede21dfdcb5f88259bd9f21bf67251149	2082	config	.pytest-temp-v17/test_variant_filter_and_fixed_0/curriculum/curriculum.json	MOVE		none	One-level Alternative-A root collapse; content must remain byte-identical.
flyff_farming_simulator/.pytest-temp-v17/test_variant_filter_and_fixed_0/curriculum/variants/01_early_open_field_typical_fast/map_assets/coordinate_frame.json	.pytest-temp-v17/test_variant_filter_and_fixed_0/curriculum/variants/01_early_open_field_typical_fast/map_assets/coordinate_frame.json	tracked	64529ba558428ad753e34e011b72712de2a47460	597d0050861ff15776667fd86ea79a190bb7da3e4a324f609dd24d1697c3bee7	87	scientific-artifact	.pytest-temp-v17/test_variant_filter_and_fixed_0/curriculum/variants/01_early_open_field_typical_fast/map_assets/coordinate_frame.json	MOVE		none	One-level Alternative-A root collapse; content must remain byte-identical.
flyff_farming_simulator/.pytest-temp-v17/test_variant_filter_and_fixed_0/curriculum/variants/01_early_open_field_typical_fast/map_assets/map.json	.pytest-temp-v17/test_variant_filter_and_fixed_0/curriculum/variants/01_early_open_field_typical_fast/map_assets/map.json	tracked	90a1eb3985cdc885d219448a64766fd671ab1566	30d1b3ea7a526e985ce819d53f5d7e6e1c46c560d850412842df27d1661dce67	470	scientific-artifact	.pytest-temp-v17/test_variant_filter_and_fixed_0/curriculum/variants/01_early_open_field_typical_fast/map_assets/map.json	MOVE		none	One-level Alternative-A root collapse; content must remain byte-identical.
flyff_farming_simulator/.pytest-temp-v17/test_variant_filter_and_fixed_0/curriculum/variants/01_early_open_field_typical_fast/map_assets/occupancy.npy	.pytest-temp-v17/test_variant_filter_and_fixed_0/curriculum/variants/01_early_open_field_typical_fast/map_assets/occupancy.npy	tracked	87fc64a05b05cb038a70ee2da857582d99751cc8	7dadb337e5f5d07bf67ce9e885afcff99299eb8e87a4f3e13b94d0797a1bac9c	39729	scientific-artifact	.pytest-temp-v17/test_variant_filter_and_fixed_0/curriculum/variants/01_early_open_field_typical_fast/map_assets/occupancy.npy	MOVE		none	One-level Alternative-A root collapse; content must remain byte-identical.
flyff_farming_simulator/.pytest-temp-v17/test_variant_filter_and_fixed_0/curriculum/variants/01_early_open_field_typical_fast/world.json.gz	.pytest-temp-v17/test_variant_filter_and_fixed_0/curriculum/variants/01_early_open_field_typical_fast/world.json.gz	tracked	7f1aed8017a77ff851f05407a25b23d18a9a860d	30bb6320c59638b9fc13f522987735b3983310c658d78ac106d53a6d7eeed2fc	28443	simulator-source	.pytest-temp-v17/test_variant_filter_and_fixed_0/curriculum/variants/01_early_open_field_typical_fast/world.json.gz	MOVE		none	One-level Alternative-A root collapse; content must remain byte-identical.
flyff_farming_simulator/.pytest-temp-v17/test_variant_filter_and_fixed_0/curriculum/variants/02_intermediate_irregular_plain_uneven_typical/map_assets/coordinate_frame.json	.pytest-temp-v17/test_variant_filter_and_fixed_0/curriculum/variants/02_intermediate_irregular_plain_uneven_typical/map_assets/coordinate_frame.json	tracked	64529ba558428ad753e34e011b72712de2a47460	597d0050861ff15776667fd86ea79a190bb7da3e4a324f609dd24d1697c3bee7	87	scientific-artifact	.pytest-temp-v17/test_variant_filter_and_fixed_0/curriculum/variants/02_intermediate_irregular_plain_uneven_typical/map_assets/coordinate_frame.json	MOVE		none	One-level Alternative-A root collapse; content must remain byte-identical.
flyff_farming_simulator/.pytest-temp-v17/test_variant_filter_and_fixed_0/curriculum/variants/02_intermediate_irregular_plain_uneven_typical/map_assets/map.json	.pytest-temp-v17/test_variant_filter_and_fixed_0/curriculum/variants/02_intermediate_irregular_plain_uneven_typical/map_assets/map.json	tracked	196d07b2fed5987b1542c0fe93841480bcb09a35	33ddd640f2b1dec271c043784f4419f97c8732cb3ed2f12a9a5402d31cc100ab	500	scientific-artifact	.pytest-temp-v17/test_variant_filter_and_fixed_0/curriculum/variants/02_intermediate_irregular_plain_uneven_typical/map_assets/map.json	MOVE		none	One-level Alternative-A root collapse; content must remain byte-identical.
flyff_farming_simulator/.pytest-temp-v17/test_variant_filter_and_fixed_0/curriculum/variants/02_intermediate_irregular_plain_uneven_typical/map_assets/occupancy.npy	.pytest-temp-v17/test_variant_filter_and_fixed_0/curriculum/variants/02_intermediate_irregular_plain_uneven_typical/map_assets/occupancy.npy	tracked	82af78585a5d15f9a8c03e23cd25fd18f07c93e5	3f6d3ab616a88a741bdecf5416e305956951dc11113df1534b3facc6dc516e81	50304	scientific-artifact	.pytest-temp-v17/test_variant_filter_and_fixed_0/curriculum/variants/02_intermediate_irregular_plain_uneven_typical/map_assets/occupancy.npy	MOVE		none	One-level Alternative-A root collapse; content must remain byte-identical.
flyff_farming_simulator/.pytest-temp-v17/test_variant_filter_and_fixed_0/curriculum/variants/02_intermediate_irregular_plain_uneven_typical/world.json.gz	.pytest-temp-v17/test_variant_filter_and_fixed_0/curriculum/variants/02_intermediate_irregular_plain_uneven_typical/world.json.gz	tracked	ea5e5083fee685e6bb087f6a8690f9265db83082	b3c5090748bc102713f8d79bebcbc46d812d59d9d8df94129c37db1edfd64cc7	28767	simulator-source	.pytest-temp-v17/test_variant_filter_and_fixed_0/curriculum/variants/02_intermediate_irregular_plain_uneven_typical/world.json.gz	MOVE		none	One-level Alternative-A root collapse; content must remain byte-identical.
flyff_farming_simulator/.pytest-temp-v17/test_variant_filter_and_fixed_0/curriculum/variants/03_advanced_broad_lobes_shifting_variable/map_assets/coordinate_frame.json	.pytest-temp-v17/test_variant_filter_and_fixed_0/curriculum/variants/03_advanced_broad_lobes_shifting_variable/map_assets/coordinate_frame.json	tracked	64529ba558428ad753e34e011b72712de2a47460	597d0050861ff15776667fd86ea79a190bb7da3e4a324f609dd24d1697c3bee7	87	scientific-artifact	.pytest-temp-v17/test_variant_filter_and_fixed_0/curriculum/variants/03_advanced_broad_lobes_shifting_variable/map_assets/coordinate_frame.json	MOVE		none	One-level Alternative-A root collapse; content must remain byte-identical.
flyff_farming_simulator/.pytest-temp-v17/test_variant_filter_and_fixed_0/curriculum/variants/03_advanced_broad_lobes_shifting_variable/map_assets/map.json	.pytest-temp-v17/test_variant_filter_and_fixed_0/curriculum/variants/03_advanced_broad_lobes_shifting_variable/map_assets/map.json	tracked	b705b92a45d088f849601a07ba675b89d34a0c81	5a7fbe7000a1d815d572630ac1757131719c70fa73b8465c0f343a552dfce811	490	scientific-artifact	.pytest-temp-v17/test_variant_filter_and_fixed_0/curriculum/variants/03_advanced_broad_lobes_shifting_variable/map_assets/map.json	MOVE		none	One-level Alternative-A root collapse; content must remain byte-identical.
flyff_farming_simulator/.pytest-temp-v17/test_variant_filter_and_fixed_0/curriculum/variants/03_advanced_broad_lobes_shifting_variable/map_assets/occupancy.npy	.pytest-temp-v17/test_variant_filter_and_fixed_0/curriculum/variants/03_advanced_broad_lobes_shifting_variable/map_assets/occupancy.npy	tracked	61df769884e9261f9e61ef5af6ec39b1ecda3902	23fe28e396756a83485f5f87e1ee07a17edb97c48a70a79a0d43d9e1a7762633	35472	scientific-artifact	.pytest-temp-v17/test_variant_filter_and_fixed_0/curriculum/variants/03_advanced_broad_lobes_shifting_variable/map_assets/occupancy.npy	MOVE		none	One-level Alternative-A root collapse; content must remain byte-identical.
flyff_farming_simulator/.pytest-temp-v17/test_variant_filter_and_fixed_0/curriculum/variants/03_advanced_broad_lobes_shifting_variable/world.json.gz	.pytest-temp-v17/test_variant_filter_and_fixed_0/curriculum/variants/03_advanced_broad_lobes_shifting_variable/world.json.gz	tracked	c5257998cf9fa4904200c0b1b9216db39717da6c	7fa09bd7500baec8b7982f369a3e850624413415689a44e525a8d2ff873ae1ed	32560	simulator-source	.pytest-temp-v17/test_variant_filter_and_fixed_0/curriculum/variants/03_advanced_broad_lobes_shifting_variable/world.json.gz	MOVE		none	One-level Alternative-A root collapse; content must remain byte-identical.
flyff_farming_simulator/.pytest-temp-v17/test_variant_filter_and_fixed_1/curriculum/curriculum.json	.pytest-temp-v17/test_variant_filter_and_fixed_1/curriculum/curriculum.json	tracked	0cfdef16473f073549abe6c44d7765a62ccefe12	d318be82112b34966f3b43dd4be9302ede21dfdcb5f88259bd9f21bf67251149	2082	config	.pytest-temp-v17/test_variant_filter_and_fixed_1/curriculum/curriculum.json	MOVE		none	One-level Alternative-A root collapse; content must remain byte-identical.
flyff_farming_simulator/.pytest-temp-v17/test_variant_filter_and_fixed_1/curriculum/variants/01_early_open_field_typical_fast/map_assets/coordinate_frame.json	.pytest-temp-v17/test_variant_filter_and_fixed_1/curriculum/variants/01_early_open_field_typical_fast/map_assets/coordinate_frame.json	tracked	64529ba558428ad753e34e011b72712de2a47460	597d0050861ff15776667fd86ea79a190bb7da3e4a324f609dd24d1697c3bee7	87	scientific-artifact	.pytest-temp-v17/test_variant_filter_and_fixed_1/curriculum/variants/01_early_open_field_typical_fast/map_assets/coordinate_frame.json	MOVE		none	One-level Alternative-A root collapse; content must remain byte-identical.
flyff_farming_simulator/.pytest-temp-v17/test_variant_filter_and_fixed_1/curriculum/variants/01_early_open_field_typical_fast/map_assets/map.json	.pytest-temp-v17/test_variant_filter_and_fixed_1/curriculum/variants/01_early_open_field_typical_fast/map_assets/map.json	tracked	90a1eb3985cdc885d219448a64766fd671ab1566	30d1b3ea7a526e985ce819d53f5d7e6e1c46c560d850412842df27d1661dce67	470	scientific-artifact	.pytest-temp-v17/test_variant_filter_and_fixed_1/curriculum/variants/01_early_open_field_typical_fast/map_assets/map.json	MOVE		none	One-level Alternative-A root collapse; content must remain byte-identical.
flyff_farming_simulator/.pytest-temp-v17/test_variant_filter_and_fixed_1/curriculum/variants/01_early_open_field_typical_fast/map_assets/occupancy.npy	.pytest-temp-v17/test_variant_filter_and_fixed_1/curriculum/variants/01_early_open_field_typical_fast/map_assets/occupancy.npy	tracked	87fc64a05b05cb038a70ee2da857582d99751cc8	7dadb337e5f5d07bf67ce9e885afcff99299eb8e87a4f3e13b94d0797a1bac9c	39729	scientific-artifact	.pytest-temp-v17/test_variant_filter_and_fixed_1/curriculum/variants/01_early_open_field_typical_fast/map_assets/occupancy.npy	MOVE		none	One-level Alternative-A root collapse; content must remain byte-identical.
flyff_farming_simulator/.pytest-temp-v17/test_variant_filter_and_fixed_1/curriculum/variants/01_early_open_field_typical_fast/world.json.gz	.pytest-temp-v17/test_variant_filter_and_fixed_1/curriculum/variants/01_early_open_field_typical_fast/world.json.gz	tracked	ab8afc8430bf6a3f0c9d452ef61b0b50dc6c852d	fc24d66f0e29e436ae701a9de1b73c7f2f5d7cf0cdae04fe805d8375c3076e56	28443	simulator-source	.pytest-temp-v17/test_variant_filter_and_fixed_1/curriculum/variants/01_early_open_field_typical_fast/world.json.gz	MOVE		none	One-level Alternative-A root collapse; content must remain byte-identical.
flyff_farming_simulator/.pytest-temp-v17/test_variant_filter_and_fixed_1/curriculum/variants/02_intermediate_irregular_plain_uneven_typical/map_assets/coordinate_frame.json	.pytest-temp-v17/test_variant_filter_and_fixed_1/curriculum/variants/02_intermediate_irregular_plain_uneven_typical/map_assets/coordinate_frame.json	tracked	64529ba558428ad753e34e011b72712de2a47460	597d0050861ff15776667fd86ea79a190bb7da3e4a324f609dd24d1697c3bee7	87	scientific-artifact	.pytest-temp-v17/test_variant_filter_and_fixed_1/curriculum/variants/02_intermediate_irregular_plain_uneven_typical/map_assets/coordinate_frame.json	MOVE		none	One-level Alternative-A root collapse; content must remain byte-identical.
flyff_farming_simulator/.pytest-temp-v17/test_variant_filter_and_fixed_1/curriculum/variants/02_intermediate_irregular_plain_uneven_typical/map_assets/map.json	.pytest-temp-v17/test_variant_filter_and_fixed_1/curriculum/variants/02_intermediate_irregular_plain_uneven_typical/map_assets/map.json	tracked	196d07b2fed5987b1542c0fe93841480bcb09a35	33ddd640f2b1dec271c043784f4419f97c8732cb3ed2f12a9a5402d31cc100ab	500	scientific-artifact	.pytest-temp-v17/test_variant_filter_and_fixed_1/curriculum/variants/02_intermediate_irregular_plain_uneven_typical/map_assets/map.json	MOVE		none	One-level Alternative-A root collapse; content must remain byte-identical.
flyff_farming_simulator/.pytest-temp-v17/test_variant_filter_and_fixed_1/curriculum/variants/02_intermediate_irregular_plain_uneven_typical/map_assets/occupancy.npy	.pytest-temp-v17/test_variant_filter_and_fixed_1/curriculum/variants/02_intermediate_irregular_plain_uneven_typical/map_assets/occupancy.npy	tracked	82af78585a5d15f9a8c03e23cd25fd18f07c93e5	3f6d3ab616a88a741bdecf5416e305956951dc11113df1534b3facc6dc516e81	50304	scientific-artifact	.pytest-temp-v17/test_variant_filter_and_fixed_1/curriculum/variants/02_intermediate_irregular_plain_uneven_typical/map_assets/occupancy.npy	MOVE		none	One-level Alternative-A root collapse; content must remain byte-identical.
flyff_farming_simulator/.pytest-temp-v17/test_variant_filter_and_fixed_1/curriculum/variants/02_intermediate_irregular_plain_uneven_typical/world.json.gz	.pytest-temp-v17/test_variant_filter_and_fixed_1/curriculum/variants/02_intermediate_irregular_plain_uneven_typical/world.json.gz	tracked	aba9e3bd019b45b3b8837669fa2acafb3323fbf1	7c0ade4aaeac3c6d2b162707c0c0b1b2789fdd338052f160fa23d58f943b40c4	28767	simulator-source	.pytest-temp-v17/test_variant_filter_and_fixed_1/curriculum/variants/02_intermediate_irregular_plain_uneven_typical/world.json.gz	MOVE		none	One-level Alternative-A root collapse; content must remain byte-identical.
flyff_farming_simulator/.pytest-temp-v17/test_variant_filter_and_fixed_1/curriculum/variants/03_advanced_broad_lobes_shifting_variable/map_assets/coordinate_frame.json	.pytest-temp-v17/test_variant_filter_and_fixed_1/curriculum/variants/03_advanced_broad_lobes_shifting_variable/map_assets/coordinate_frame.json	tracked	64529ba558428ad753e34e011b72712de2a47460	597d0050861ff15776667fd86ea79a190bb7da3e4a324f609dd24d1697c3bee7	87	scientific-artifact	.pytest-temp-v17/test_variant_filter_and_fixed_1/curriculum/variants/03_advanced_broad_lobes_shifting_variable/map_assets/coordinate_frame.json	MOVE		none	One-level Alternative-A root collapse; content must remain byte-identical.
flyff_farming_simulator/.pytest-temp-v17/test_variant_filter_and_fixed_1/curriculum/variants/03_advanced_broad_lobes_shifting_variable/map_assets/map.json	.pytest-temp-v17/test_variant_filter_and_fixed_1/curriculum/variants/03_advanced_broad_lobes_shifting_variable/map_assets/map.json	tracked	b705b92a45d088f849601a07ba675b89d34a0c81	5a7fbe7000a1d815d572630ac1757131719c70fa73b8465c0f343a552dfce811	490	scientific-artifact	.pytest-temp-v17/test_variant_filter_and_fixed_1/curriculum/variants/03_advanced_broad_lobes_shifting_variable/map_assets/map.json	MOVE		none	One-level Alternative-A root collapse; content must remain byte-identical.
flyff_farming_simulator/.pytest-temp-v17/test_variant_filter_and_fixed_1/curriculum/variants/03_advanced_broad_lobes_shifting_variable/map_assets/occupancy.npy	.pytest-temp-v17/test_variant_filter_and_fixed_1/curriculum/variants/03_advanced_broad_lobes_shifting_variable/map_assets/occupancy.npy	tracked	61df769884e9261f9e61ef5af6ec39b1ecda3902	23fe28e396756a83485f5f87e1ee07a17edb97c48a70a79a0d43d9e1a7762633	35472	scientific-artifact	.pytest-temp-v17/test_variant_filter_and_fixed_1/curriculum/variants/03_advanced_broad_lobes_shifting_variable/map_assets/occupancy.npy	MOVE		none	One-level Alternative-A root collapse; content must remain byte-identical.
flyff_farming_simulator/.pytest-temp-v17/test_variant_filter_and_fixed_1/curriculum/variants/03_advanced_broad_lobes_shifting_variable/world.json.gz	.pytest-temp-v17/test_variant_filter_and_fixed_1/curriculum/variants/03_advanced_broad_lobes_shifting_variable/world.json.gz	tracked	d370840487d030db935fb2d93394a5d23fa78fdf	39e9337efca156e05ae6b359feaf3b3346972029c4c1272c146e677353c3cd3c	32560	simulator-source	.pytest-temp-v17/test_variant_filter_and_fixed_1/curriculum/variants/03_advanced_broad_lobes_shifting_variable/world.json.gz	MOVE		none	One-level Alternative-A root collapse; content must remain byte-identical.
flyff_farming_simulator/.pytest-temp-v17/test_variant_filter_and_fixed_current	.pytest-temp-v17/test_variant_filter_and_fixed_current	tracked	a97b34c5656d31bb098536bc9d5a157bc1788836	e2caec5b16902ec75a6ea2045c7fae934722d6cb7e4d4d81f6697a316be5622a	111	test	.pytest-temp-v17/test_variant_filter_and_fixed_current	MOVE		none	One-level Alternative-A root collapse; content must remain byte-identical.
flyff_farming_simulator/.pytest-temp-v17/test_world_model_round_trip0/world.json.gz	.pytest-temp-v17/test_world_model_round_trip0/world.json.gz	tracked	a449e11af52d1d8b1d76aa4f8fae95440619d699	c96881aab9964900c9b05aa535379fd7fdd1e4a33f30294ba7507e1b2da52df0	845	simulator-source	.pytest-temp-v17/test_world_model_round_trip0/world.json.gz	MOVE		none	One-level Alternative-A root collapse; content must remain byte-identical.
flyff_farming_simulator/.pytest-temp-v17/test_world_model_round_tripcurrent	.pytest-temp-v17/test_world_model_round_tripcurrent	tracked	395e7ed6d34a69784366c458f7c1e5918d4f0aeb	0a8787feb831b88e1533ba4ddbf3630a64b973ff082b2796803d9ecc4d870347	108	test	.pytest-temp-v17/test_world_model_round_tripcurrent	MOVE		none	One-level Alternative-A root collapse; content must remain byte-identical.
flyff_farming_simulator/BASELINE_RESULTS.md	BASELINE_RESULTS.md	tracked	d21354dfe876eddd8b97c20feeffa72c8f47f43b	3ff8d5c690f91f6a818ce09384e852cfaae643ab1ea22bc8126771c5b37746ec	1911	simulator-source	BASELINE_RESULTS.md	MOVE		none	One-level Alternative-A root collapse; content must remain byte-identical.
flyff_farming_simulator/CLAUDE.md	CLAUDE.md	tracked	f2641f3e1d8e515ad8f725055e76c439b4131401	d0804d4b6c926c8931182fec07cb4dffd9504c4e0e0378089c1591806d548133	1135	simulator-source	CLAUDE.md	MOVE		none	One-level Alternative-A root collapse; content must remain byte-identical.
flyff_farming_simulator/EVALUATE_GENERIC_BASE.ps1	EVALUATE_GENERIC_BASE.ps1	tracked	d40aec99ff33a8d783df15e43096766985f3c095	cd4cb7036bb02104b26169b25eef785063d9020093badd2d3732d65cbb2f96f8	1234	simulator-source	EVALUATE_GENERIC_BASE.ps1	MOVE		none	One-level Alternative-A root collapse; content must remain byte-identical.
flyff_farming_simulator/FAIR_TIME_UPDATE_README.md	FAIR_TIME_UPDATE_README.md	tracked	bb2d08a4746ceec2812cee9ab74a4fef77a2af32	7bfe48f56256897c2af8007ee4ba3b57cd71499586721ebacf90d2a54351f9a9	1696	simulator-source	FAIR_TIME_UPDATE_README.md	MOVE		none	One-level Alternative-A root collapse; content must remain byte-identical.
flyff_farming_simulator/GENERATE_SYNTHETIC_CURRICULUM.ps1	GENERATE_SYNTHETIC_CURRICULUM.ps1	tracked	82789016ea2bb6801fe218ed446b59551b1d30dd	4a130d4feaf8b2c6dc48d169173a76587bc577b7f98851c665edcf06ca6d8850	1068	simulator-source	GENERATE_SYNTHETIC_CURRICULUM.ps1	MOVE		none	One-level Alternative-A root collapse; content must remain byte-identical.
flyff_farming_simulator/PILOT_GENERIC_BASE.ps1	PILOT_GENERIC_BASE.ps1	tracked	16010989c252f3f2c2f5529c38a5aef33a40de11	ac9fd442d20f7943c418f6dc9f3ea2e85e43971247527ae12b7a87d7c9da5b6b	4298	simulator-source	PILOT_GENERIC_BASE.ps1	MOVE		none	One-level Alternative-A root collapse; content must remain byte-identical.
flyff_farming_simulator/README.md	flyff_farming_simulator/README.md	tracked	f47b02840388f609f9abd2f1a0e04b8c7aae498e	46615d80eb7eff6d08708e448f834d6cb02d3f99ecd4a4925981aaa72ef3d335	8834	simulator-source	flyff_farming_simulator/README.md	DEFER	PHASE_13	deferred-collision	Distinct documentation collides with the repository README; cleanup/restructure is Phase 13.
flyff_farming_simulator/REFIT_WORLD_MODEL.ps1	REFIT_WORLD_MODEL.ps1	tracked	7ceb9e26419f0fe550cea0b5b894442d3e7a85b2	df50e923c70798baa05fa83da66f12b872fcadd158d7f2609e3c2d06547bd0e4	3128	simulator-source	REFIT_WORLD_MODEL.ps1	MOVE		none	One-level Alternative-A root collapse; content must remain byte-identical.
flyff_farming_simulator/RUN_CANONICAL_ADVANCED.py	RUN_CANONICAL_ADVANCED.py	tracked	932631ddc12ee42ae45ea56b895f421fc5a4c2f1	e1d7085cde49bee2ee3fb16c305b004e846cbb3660dfa66bbb46d5aa2cce89be	24627	simulator-source	RUN_CANONICAL_ADVANCED.py	MOVE		none	One-level Alternative-A root collapse; content must remain byte-identical.
flyff_farming_simulator/RUN_CANONICAL_BASIC.py	RUN_CANONICAL_BASIC.py	tracked	cabe70805019b1df1f1d4bc6ffe1685486bb35fe	7c43d04bbc5406c7d8835555330c8138d101e6359ad75dc5f8961444a1b0a8d0	25290	simulator-source	RUN_CANONICAL_BASIC.py	MOVE		none	One-level Alternative-A root collapse; content must remain byte-identical.
flyff_farming_simulator/RUN_CANONICAL_BEGINNER.py	RUN_CANONICAL_BEGINNER.py	tracked	270b0a8b62166798b296bc372ffc9ef479a989b2	94b3474fb374a5475e4f5dcc00f2d8dd1a9a9470e3b348d59aa7cb6a37024e1d	28150	simulator-source	RUN_CANONICAL_BEGINNER.py	MOVE		none	One-level Alternative-A root collapse; content must remain byte-identical.
flyff_farming_simulator/RUN_CANONICAL_INTERMEDIATE.py	RUN_CANONICAL_INTERMEDIATE.py	tracked	ee1f8e599b68aa161bc9161bd49f128aeda03a2e	a80b120300f8536c596790db3c0d667b99615ca7eb5439757a4f54f03ba73e19	21442	simulator-source	RUN_CANONICAL_INTERMEDIATE.py	MOVE		none	One-level Alternative-A root collapse; content must remain byte-identical.
flyff_farming_simulator/SMOKE_TEST_FACTORIZED.ps1	SMOKE_TEST_FACTORIZED.ps1	tracked	b4172737304c80fd53d76150e6854442d6ac8cc9	ac45b301273a82cc241fc0c70756b6b39bec4488c3fe7f84f4d4355a911b111e	1344	simulator-source	SMOKE_TEST_FACTORIZED.ps1	MOVE		none	One-level Alternative-A root collapse; content must remain byte-identical.
flyff_farming_simulator/SYNTHETIC_CURRICULUM_README.md	SYNTHETIC_CURRICULUM_README.md	tracked	c9d1eea102c62a6a69737bb2e410bc191ff44c75	15a0d01113aeb902031bdeb9ebf9ef300964c915d21a68dcecfc293abf56c192	3636	simulator-source	SYNTHETIC_CURRICULUM_README.md	MOVE		none	One-level Alternative-A root collapse; content must remain byte-identical.
flyff_farming_simulator/VALIDATE_NEW_RECORDINGS.ps1	VALIDATE_NEW_RECORDINGS.ps1	tracked	710c4b63656b271da3f5d0946b8029a2553804ad	bd6d31a66f2f109f40b3c08c8350f6163f952c69a8e18a289242c5a5077ce856	2634	simulator-source	VALIDATE_NEW_RECORDINGS.ps1	MOVE		none	One-level Alternative-A root collapse; content must remain byte-identical.
flyff_farming_simulator/_basic_round_eval_worker.py	_basic_round_eval_worker.py	tracked	7a2c8cbd3944f734e765c9fb32e2c549623e0804	fa5927e70861184aae543c6bbc20b0f447df7ba7c908107c223268e6bffe2492	4811	simulator-source	_basic_round_eval_worker.py	MOVE		none	One-level Alternative-A root collapse; content must remain byte-identical.
flyff_farming_simulator/benchmark_real_baseline.json	benchmark_real_baseline.json	tracked	f5f464efa95d851e78527c8e608199b59c9c2cbe	dae05413a874845463042582d379a0e4e2bf46596769539f82370f92c40b8111	1259	config	benchmark_real_baseline.json	MOVE		none	One-level Alternative-A root collapse; content must remain byte-identical.
flyff_farming_simulator/datasets/factorized_human_demonstrations.npz	datasets/factorized_human_demonstrations.npz	tracked	927cfe05d25a2c4b951436547425fa0a9fea04cc	edbddc62c961982f055298542110cf6488619c40ff1728ff41c40ee8664a7fde	2230970	scientific-artifact	datasets/factorized_human_demonstrations.npz	MOVE		none	One-level Alternative-A root collapse; content must remain byte-identical.
flyff_farming_simulator/datasets/factorized_teacher.npz	datasets/factorized_teacher.npz	tracked	d8083433af8b09e85956c6b23ea1b3ba75f24cd7	6fc7de3c8dddb333f993c76aab9d35f9eed8a76aa309f67c12538ec0c6644815	7815379	scientific-artifact	datasets/factorized_teacher.npz	MOVE		none	One-level Alternative-A root collapse; content must remain byte-identical.
flyff_farming_simulator/datasets/factorized_v192_teacher.npz	datasets/factorized_v192_teacher.npz	tracked	61e2ed5c7e566e8fe4ff63e10fe8c76e10837480	ab18e33637236b267332dfa06957ece78122cf2ef5b00a06ce9b349276c9df46	3417989	scientific-artifact	datasets/factorized_v192_teacher.npz	MOVE		none	One-level Alternative-A root collapse; content must remain byte-identical.
flyff_farming_simulator/datasets/factorized_v193_dagger_round.npz	datasets/factorized_v193_dagger_round.npz	tracked	64dcd7881436b3fc0b8eee17a3fa8f363e1a5660	4f714d40ec06e998debfe7bee2b4a90b80555af08c6e1ff7d180fcbb72260ed4	1440708	scientific-artifact	datasets/factorized_v193_dagger_round.npz	MOVE		none	One-level Alternative-A root collapse; content must remain byte-identical.
flyff_farming_simulator/datasets/factorized_v193_teacher.npz	datasets/factorized_v193_teacher.npz	tracked	9ab51a96db951df28603977811eb1633c589c869	da1acf31cc8202136ac0111b0b5c52c196a063272b07448021f9f29b88e7a1be	7655608	scientific-artifact	datasets/factorized_v193_teacher.npz	MOVE		none	One-level Alternative-A root collapse; content must remain byte-identical.
flyff_farming_simulator/datasets/real_farming_baseline_demos.npz	datasets/real_farming_baseline_demos.npz	tracked	ee5dedad4229c4dfe2f3ec16cfc71b183dac52b1	3a5dec08a986949fdd6f3f998ef2763679ac8503d63ea1d9e97cf1570c9fd546	841189	scientific-artifact	datasets/real_farming_baseline_demos.npz	MOVE		none	One-level Alternative-A root collapse; content must remain byte-identical.
flyff_farming_simulator/datasets/split_branch_dagger_round.npz	datasets/split_branch_dagger_round.npz	tracked	98d728c2ed4a4a829ae234291ed306ff1ffe2d04	3cb6a0f246a362183229619bc73f3a9f0e49157916cded4d13ed9a669be64d49	1247045	scientific-artifact	datasets/split_branch_dagger_round.npz	MOVE		none	One-level Alternative-A root collapse; content must remain byte-identical.
flyff_farming_simulator/datasets/split_branch_human.npz	datasets/split_branch_human.npz	tracked	927cfe05d25a2c4b951436547425fa0a9fea04cc	edbddc62c961982f055298542110cf6488619c40ff1728ff41c40ee8664a7fde	2230970	scientific-artifact	datasets/split_branch_human.npz	MOVE		none	One-level Alternative-A root collapse; content must remain byte-identical.
flyff_farming_simulator/datasets/split_branch_teacher.npz	datasets/split_branch_teacher.npz	tracked	d8083433af8b09e85956c6b23ea1b3ba75f24cd7	6fc7de3c8dddb333f993c76aab9d35f9eed8a76aa309f67c12538ec0c6644815	7815379	scientific-artifact	datasets/split_branch_teacher.npz	MOVE		none	One-level Alternative-A root collapse; content must remain byte-identical.
flyff_farming_simulator/evaluations/_audit_intermediate_dagger.npz	evaluations/_audit_intermediate_dagger.npz	tracked	f7ec00eace3b7855b7a26fb5603e64a9cc8cf211	94768050d0d06cfea3c6398f1abd4fe8955f847574e4be444f9d6de688682a56	226934	scientific-artifact	evaluations/_audit_intermediate_dagger.npz	MOVE		none	One-level Alternative-A root collapse; content must remain byte-identical.
flyff_farming_simulator/evaluations/adversarial_clearance_validation.json	evaluations/adversarial_clearance_validation.json	tracked	341c75f5a0414fbd219b1486f46bbdf2871bec70	1d53bd8c094904a8879fd69c696d14e435c85a56a1aae3f3ab0ac8624091cfb8	1584	scientific-artifact	evaluations/adversarial_clearance_validation.json	MOVE		none	One-level Alternative-A root collapse; content must remain byte-identical.
flyff_farming_simulator/evaluations/audit_final_target_lock_transitions.json	evaluations/audit_final_target_lock_transitions.json	tracked	100f0284d05f2329e94e904925484dd35ba1022e	cce100c9ff3b9440a54eb9dec1735f189b44af12d221845fdd67e43c1746c6df	123843	scientific-artifact	evaluations/audit_final_target_lock_transitions.json	MOVE		none	One-level Alternative-A root collapse; content must remain byte-identical.
flyff_farming_simulator/evaluations/audit_selector_fallback.json	evaluations/audit_selector_fallback.json	tracked	a558797425fd7ea4614deb2197f89203f18b2d0f	b857183fcc9d1b2eb735c1a354fd3d4081ea6bb6e3b451ef41961b1b5c667ff3	390798	scientific-artifact	evaluations/audit_selector_fallback.json	MOVE		none	One-level Alternative-A root collapse; content must remain byte-identical.
flyff_farming_simulator/evaluations/audit_selector_fallback_pre_selector_patch.json	evaluations/audit_selector_fallback_pre_selector_patch.json	tracked	d4d58ebbcc8058ed5af718f6817a7ea0cc42e401	69d37e078327032c697437e9b163621f7604b9404c216db3efe795a355d8adc2	245350	scientific-artifact	evaluations/audit_selector_fallback_pre_selector_patch.json	MOVE		none	One-level Alternative-A root collapse; content must remain byte-identical.
flyff_farming_simulator/evaluations/beginner_routing_randomized_walls_eval.json	evaluations/beginner_routing_randomized_walls_eval.json	tracked	c234da3ef88cfba9474e4da89f556b503713e45b	32cfdddef77b0a353448a75c40f33a0b6b627936d392822276f4e9841ef34621	131303	scientific-artifact	evaluations/beginner_routing_randomized_walls_eval.json	MOVE		none	One-level Alternative-A root collapse; content must remain byte-identical.
flyff_farming_simulator/evaluations/beginner_routing_two_wall_s_route_eval.json	evaluations/beginner_routing_two_wall_s_route_eval.json	tracked	a7bb8485e4c3ccc1e97cabfea651dbc947800826	902c45171ba60aee9e8dc87516e413dddf274e77805ba58a7b783253892076a5	27656	scientific-artifact	evaluations/beginner_routing_two_wall_s_route_eval.json	MOVE		none	One-level Alternative-A root collapse; content must remain byte-identical.
flyff_farming_simulator/evaluations/beginner_routing_two_wall_s_route_eval_corrected_previous_steering.json	evaluations/beginner_routing_two_wall_s_route_eval_corrected_previous_steering.json	tracked	9643f7d7d03f0a2c6235cd2a34cabb8f978cc954	c6c3b298bb1339f2e8d549aa12b6b06fbcdf6ac2ff303fde73f769308567aca2	29990	scientific-artifact	evaluations/beginner_routing_two_wall_s_route_eval_corrected_previous_steering.json	MOVE		none	One-level Alternative-A root collapse; content must remain byte-identical.
flyff_farming_simulator/evaluations/canonical_advanced_run_summary.json	evaluations/canonical_advanced_run_summary.json	tracked	ef14a276fb5a40b63382e012cb7c456a25fae61c	8b11214d8eb19c404b6a0a8e118ee9feef76fb2b7360ec485ab77e9678aa88a8	23903	scientific-artifact	evaluations/canonical_advanced_run_summary.json	MOVE		none	One-level Alternative-A root collapse; content must remain byte-identical.
flyff_farming_simulator/evaluations/canonical_advanced_zero_shot_diagnostic.json	evaluations/canonical_advanced_zero_shot_diagnostic.json	tracked	53ef4dbd114a432e94f90fce6d6f8c43c6c72488	06ef04e94f0026bb35282b2312f861b82e23df1825e9641ba3fbedb2b10e7e5a	47717	scientific-artifact	evaluations/canonical_advanced_zero_shot_diagnostic.json	MOVE		none	One-level Alternative-A root collapse; content must remain byte-identical.
flyff_farming_simulator/evaluations/canonical_basic_bootstrap_dataset.npz	evaluations/canonical_basic_bootstrap_dataset.npz	tracked	b6596074ebdc28d2aba0a62f1313221354875a36	2f56efe6eabfe42565f1094ee1b81bbe5c4ddd9e0b8c1538f2f3b2488a3e7906	2198356	scientific-artifact	evaluations/canonical_basic_bootstrap_dataset.npz	MOVE		none	One-level Alternative-A root collapse; content must remain byte-identical.
flyff_farming_simulator/evaluations/canonical_basic_human_demos.npz	evaluations/canonical_basic_human_demos.npz	tracked	93b6efde159e2ea3d8011464b91f77bff76d7c1d	8c62650e80fa5c527b4f32df54542d93775d65eb5a029b8157452914217cf003	2216011	scientific-artifact	evaluations/canonical_basic_human_demos.npz	MOVE		none	One-level Alternative-A root collapse; content must remain byte-identical.
flyff_farming_simulator/evaluations/canonical_basic_run_summary.json	evaluations/canonical_basic_run_summary.json	tracked	08d04e3f5c4729d4ed35603a4b82137dbe28c0a0	36b96dfa8a6ef507a5758ca6083fc475ef9bef76e6de44a33e61ae52a0bf9a1c	5252	scientific-artifact	evaluations/canonical_basic_run_summary.json	MOVE		none	One-level Alternative-A root collapse; content must remain byte-identical.
flyff_farming_simulator/evaluations/canonical_basic_teacher_dataset.npz	evaluations/canonical_basic_teacher_dataset.npz	tracked	3bc59351e6b4ab288d7a2f0c8f817096601efb5a	02cb4d9ee6c5acd7d25a05b9bfef7b28590b6b826a7fb2a0bf71dc72c5ff2e9a	4044176	scientific-artifact	evaluations/canonical_basic_teacher_dataset.npz	MOVE		none	One-level Alternative-A root collapse; content must remain byte-identical.
flyff_farming_simulator/evaluations/canonical_beginner_run_summary.json	evaluations/canonical_beginner_run_summary.json	tracked	56b649125921f793bbd72173076bf0381dacff46	3b52aa351c2cfeca3a4aff5ed2e76d5f9ed4520ae0d8c7f1fc86b2349e5c7bdb	6812	scientific-artifact	evaluations/canonical_beginner_run_summary.json	MOVE		none	One-level Alternative-A root collapse; content must remain byte-identical.
flyff_farming_simulator/evaluations/canonical_beginner_zero_shot_diagnostic.json	evaluations/canonical_beginner_zero_shot_diagnostic.json	tracked	5620a79e7632b65d96d5b4b3b69ddc4398496ccb	94aeea010465d7d3d833f1f0b0886b4ab06d8c28af8e60abe8ea9dcd95b5eaca	1663	scientific-artifact	evaluations/canonical_beginner_zero_shot_diagnostic.json	MOVE		none	One-level Alternative-A root collapse; content must remain byte-identical.
flyff_farming_simulator/evaluations/canonical_intermediate_run_summary.json	evaluations/canonical_intermediate_run_summary.json	tracked	86253eb221fc679c3025c3d1cf705d4e3b9897d6	03cceec8cb531c476a3ce369d9a6db34bf915fe2948a8539fd1590b84ebcd5c3	1713	scientific-artifact	evaluations/canonical_intermediate_run_summary.json	MOVE		none	One-level Alternative-A root collapse; content must remain byte-identical.
flyff_farming_simulator/evaluations/canonical_intermediate_zero_shot_diagnostic.json	evaluations/canonical_intermediate_zero_shot_diagnostic.json	tracked	9364621aad89f6a6e6d672bad46a1ff499b15f51	0a4211534b6294ec6983649647a6fa5a1e1b5ec5dd0338e187e9e6ced431e83b	24092	scientific-artifact	evaluations/canonical_intermediate_zero_shot_diagnostic.json	MOVE		none	One-level Alternative-A root collapse; content must remain byte-identical.
flyff_farming_simulator/evaluations/checkpoint_selection_result.json	evaluations/checkpoint_selection_result.json	tracked	9989b5b2235755586f7054b25cd2f092c087ec87	016d0b6ebace64d58b55736d5dbdaa14dc9e03a6061333a13ea3e694b2993d61	3805	scientific-artifact	evaluations/checkpoint_selection_result.json	MOVE		none	One-level Alternative-A root collapse; content must remain byte-identical.
flyff_farming_simulator/evaluations/clearance_confusion_matrix.json	evaluations/clearance_confusion_matrix.json	tracked	c420840971a40a00163f63d159900288bf143738	7d298ca20a0f512dcba7ee15dd613afd9cd2f62a2e8339c7407e0953db55cfd6	6733	scientific-artifact	evaluations/clearance_confusion_matrix.json	MOVE		none	One-level Alternative-A root collapse; content must remain byte-identical.
flyff_farming_simulator/evaluations/coarse_route_proof_of_mechanism.json	evaluations/coarse_route_proof_of_mechanism.json	tracked	d823f281749787a05e9abe78fef910c351a353e9	e726ef4c3de54b22256ec7742f89d8b69e358a9f34e51b616d2843b540577bb8	982	scientific-artifact	evaluations/coarse_route_proof_of_mechanism.json	MOVE		none	One-level Alternative-A root collapse; content must remain byte-identical.
flyff_farming_simulator/evaluations/coarse_route_proof_of_mechanism_v2.json	evaluations/coarse_route_proof_of_mechanism_v2.json	tracked	4ac861278e82f17a4a673ef6353124831507568d	edea11f3c4ec1850182e833309c88f989a7fb9242a05444ae554f827d7345189	1170	scientific-artifact	evaluations/coarse_route_proof_of_mechanism_v2.json	MOVE		none	One-level Alternative-A root collapse; content must remain byte-identical.
flyff_farming_simulator/evaluations/coarse_route_rollout_verification.json	evaluations/coarse_route_rollout_verification.json	tracked	cdefed21e7c1fa2bae92c2639ff9f34c6e27b160	bb0cd7727edc87a1e3d7736e3eec521954a469891197dcd8a973215f7baf3f47	480	scientific-artifact	evaluations/coarse_route_rollout_verification.json	MOVE		none	One-level Alternative-A root collapse; content must remain byte-identical.
flyff_farming_simulator/evaluations/current_baseline_comparison.json	evaluations/current_baseline_comparison.json	tracked	ce47621996207c6d679ec0e81c80dd6c6caab627	ef74ed366c6b36b13623d8b219f120bac9603356459840b713ee1cbd15e10cff	5040	scientific-artifact	evaluations/current_baseline_comparison.json	MOVE		none	One-level Alternative-A root collapse; content must remain byte-identical.
flyff_farming_simulator/evaluations/deep_review_reward_audit.json	evaluations/deep_review_reward_audit.json	tracked	e9aa172bd701a4f60835f716b19cfb73ac5a49d9	9b7f0761aa550814dedc3c81108dc70b0c0ee7b8cd4f87e3cbcf8b883df15f7e	523369	scientific-artifact	evaluations/deep_review_reward_audit.json	MOVE		none	One-level Alternative-A root collapse; content must remain byte-identical.
flyff_farming_simulator/evaluations/diagnose_fallback_ranking_candidates.json	evaluations/diagnose_fallback_ranking_candidates.json	tracked	1c012fdfeb3f30182e2822e72f22ada4af1a8766	079856979b79c7c5ceeca43d466ff18ac6304019aec8b61bbd698e95aa6cab36	20592	scientific-artifact	evaluations/diagnose_fallback_ranking_candidates.json	MOVE		none	One-level Alternative-A root collapse; content must remain byte-identical.
flyff_farming_simulator/evaluations/diagnose_ltr_rtl_contrastive.json	evaluations/diagnose_ltr_rtl_contrastive.json	tracked	a758c09a53ed5acc167aa90b44921b73f6730751	78a27e5a43da3c658b5b515ff1fe5f6ba3f5243b2a5250e1287499963175f2ef	53150	scientific-artifact	evaluations/diagnose_ltr_rtl_contrastive.json	MOVE		none	One-level Alternative-A root collapse; content must remain byte-identical.
flyff_farming_simulator/evaluations/diagnose_ltr_rtl_contrastive_pre_selector_patch.json	evaluations/diagnose_ltr_rtl_contrastive_pre_selector_patch.json	tracked	a758c09a53ed5acc167aa90b44921b73f6730751	78a27e5a43da3c658b5b515ff1fe5f6ba3f5243b2a5250e1287499963175f2ef	53150	scientific-artifact	evaluations/diagnose_ltr_rtl_contrastive_pre_selector_patch.json	MOVE		none	One-level Alternative-A root collapse; content must remain byte-identical.
flyff_farming_simulator/evaluations/diagnose_obstacle_approach_3_causal.json	evaluations/diagnose_obstacle_approach_3_causal.json	tracked	502b450caa846675bc3b74f7beccdd610a0e7315	c4f41eac8fba7e3419873b2540717205a5c045058483bc5be775c31dea1fb07e	6916	scientific-artifact	evaluations/diagnose_obstacle_approach_3_causal.json	MOVE		none	One-level Alternative-A root collapse; content must remain byte-identical.
flyff_farming_simulator/evaluations/diagnose_single_wall_right_1_regression.json	evaluations/diagnose_single_wall_right_1_regression.json	tracked	573794009beeeb8c07ed7c06ce3ee663d082871a	cf00ac7c7c6ed9b53a778411cb72f73f31a1a94b27d75387bb3dfa32e379f0b9	28290	scientific-artifact	evaluations/diagnose_single_wall_right_1_regression.json	MOVE		none	One-level Alternative-A root collapse; content must remain byte-identical.
flyff_farming_simulator/evaluations/diagnose_swr1_final_lock_suppressed.json	evaluations/diagnose_swr1_final_lock_suppressed.json	tracked	cfb05ba69e1eaff494022c66b7e62d5808f23890	fabf442b3b900f562a3d0d190ba768b75135b5ac9e8654a3aa39a37c19dc034a	7633	scientific-artifact	evaluations/diagnose_swr1_final_lock_suppressed.json	MOVE		none	One-level Alternative-A root collapse; content must remain byte-identical.
flyff_farming_simulator/evaluations/diagnose_two_wall_rtl_67_regression.json	evaluations/diagnose_two_wall_rtl_67_regression.json	tracked	c8cb56df8c2dd2bd1ab98ec5c75f6b1730e50741	a3131e924a356e08a9f8b3209566ca08477856c5fd5d1bf7faa3d1757ba55f02	22132	scientific-artifact	evaluations/diagnose_two_wall_rtl_67_regression.json	MOVE		none	One-level Alternative-A root collapse; content must remain byte-identical.
flyff_farming_simulator/evaluations/diagnose_two_wall_rtl_67_regression_pre_selector_patch.json	evaluations/diagnose_two_wall_rtl_67_regression_pre_selector_patch.json	tracked	d6c4a7edd7b85e2433d4bfe82d0e869162605274	fcc403137d701d1cb39d8c314a8916b5c2b6b7ae57b1042c05f1d7647b67eac8	17093	scientific-artifact	evaluations/diagnose_two_wall_rtl_67_regression_pre_selector_patch.json	MOVE		none	One-level Alternative-A root collapse; content must remain byte-identical.
flyff_farming_simulator/evaluations/evaluation_harness_checksums_20260815.json	evaluations/evaluation_harness_checksums_20260815.json	tracked	2d54dcfb4c4320f2e3a65992eedbe435ccfedad2	f37472d60df38f3264e9591eed4a4d412bce35eba34aefc2760dddf1290828a6	1088	scientific-artifact	evaluations/evaluation_harness_checksums_20260815.json	MOVE		none	One-level Alternative-A root collapse; content must remain byte-identical.
flyff_farming_simulator/evaluations/factorial_probe.json	evaluations/factorial_probe.json	tracked	b0d9a86969decb70c139442292d2063773b4eba1	47f9f0028561712d198e3389556847c36949f5d94ed47069b68fdf272fb38295	20427	scientific-artifact	evaluations/factorial_probe.json	MOVE		none	One-level Alternative-A root collapse; content must remain byte-identical.
flyff_farming_simulator/evaluations/factorized_v193_dagger_diagnostic.json	evaluations/factorized_v193_dagger_diagnostic.json	tracked	b6b512ccfbadf93baf1f915ffd8502b8296cbdcf	e770bbbf698d6f01ff018ffc2dc4b24a654f9994bd15675d78669231acecd640	4234	scientific-artifact	evaluations/factorized_v193_dagger_diagnostic.json	MOVE		none	One-level Alternative-A root collapse; content must remain byte-identical.
flyff_farming_simulator/evaluations/factorized_v193_human_dataset.json	evaluations/factorized_v193_human_dataset.json	tracked	e187df511d6b89ad2ea42adafa563ea26a8495f8	022ab8fe133406cef2f50ac3023b30e63e9eb66903efaffb350b609081c04802	1020	scientific-artifact	evaluations/factorized_v193_human_dataset.json	MOVE		none	One-level Alternative-A root collapse; content must remain byte-identical.
flyff_farming_simulator/evaluations/factorized_v193_resume_10000_gate.json	evaluations/factorized_v193_resume_10000_gate.json	tracked	dbf4162512361a1172930b0b68d83be091df95a9	2980e89d78b71c1123cfbfbeae5d6ce89dcca5461abb7678d9f667154d18fd34	23282	scientific-artifact	evaluations/factorized_v193_resume_10000_gate.json	MOVE		none	One-level Alternative-A root collapse; content must remain byte-identical.
flyff_farming_simulator/evaluations/factorized_v193_resume_10000_rehearsal.json	evaluations/factorized_v193_resume_10000_rehearsal.json	tracked	3a49966063f590708fc213b4c9a58ec6fb43e53f	01333cc4136ba1a8aadf0623dca15d33fbe256d46292fbee19c13cf9873e9f4b	8323	scientific-artifact	evaluations/factorized_v193_resume_10000_rehearsal.json	MOVE		none	One-level Alternative-A root collapse; content must remain byte-identical.
flyff_farming_simulator/evaluations/factorized_v193_resume_15000_gate.json	evaluations/factorized_v193_resume_15000_gate.json	tracked	1629481977755059999691f0da9c10e135939c84	1fefa281ea45df49654661ddabbf935f0b974f575860045db582491e990ec1e5	29451	scientific-artifact	evaluations/factorized_v193_resume_15000_gate.json	MOVE		none	One-level Alternative-A root collapse; content must remain byte-identical.
flyff_farming_simulator/evaluations/factorized_v193_resume_15000_rehearsal.json	evaluations/factorized_v193_resume_15000_rehearsal.json	tracked	c618c5a01fc9fd45535128a76bf223cf5e66ab8e	d612c0a8b15d9c54bf8cff809ac48847efda88be14ce9d8ab8116c9b672e60b3	8323	scientific-artifact	evaluations/factorized_v193_resume_15000_rehearsal.json	MOVE		none	One-level Alternative-A root collapse; content must remain byte-identical.
flyff_farming_simulator/evaluations/factorized_v193_resume_5000_gate.json	evaluations/factorized_v193_resume_5000_gate.json	tracked	3c38885b3f9c4be3fe95298f04dfd421fa71fe8a	e477dc2ee2bccdf50b607ed2bf76d4df5cd8091d8cd678b41853cc90b674f59f	23231	scientific-artifact	evaluations/factorized_v193_resume_5000_gate.json	MOVE		none	One-level Alternative-A root collapse; content must remain byte-identical.
flyff_farming_simulator/evaluations/factorized_v193_resume_5000_rehearsal.json	evaluations/factorized_v193_resume_5000_rehearsal.json	tracked	48e0a25a87706358c9de9ed68d7dc1473bcf7ea9	d77535ebacb50b44b3828e04c03882ebaa9ea0f6fb8b9cda9b3f2ce7d29ff0f2	8317	scientific-artifact	evaluations/factorized_v193_resume_5000_rehearsal.json	MOVE		none	One-level Alternative-A root collapse; content must remain byte-identical.
flyff_farming_simulator/evaluations/factorized_v193_teacher_clone_gate.json	evaluations/factorized_v193_teacher_clone_gate.json	tracked	8a68d257ec7ba85fa979e3b46c29be901f33610c	f5a763f9e75de7bb538a05bfa6210a2e257a2a11d774dfcae8ff404f44e78677	132268	scientific-artifact	evaluations/factorized_v193_teacher_clone_gate.json	MOVE		none	One-level Alternative-A root collapse; content must remain byte-identical.
flyff_farming_simulator/evaluations/factorized_v193_teacher_dataset.json	evaluations/factorized_v193_teacher_dataset.json	tracked	1ee340d052f95d47954ad9b3d03bb585eaa35bca	0f127d44593a7484e961822b5630499933bbb7ab89bbdf5fa11b3c3b2f0e8901	831	scientific-artifact	evaluations/factorized_v193_teacher_dataset.json	MOVE		none	One-level Alternative-A root collapse; content must remain byte-identical.
flyff_farming_simulator/evaluations/factorized_v193_teacher_gate.json	evaluations/factorized_v193_teacher_gate.json	tracked	6d8d8f859ee4286ee305fa4f719394caadefee2e	a92380b24ed2b1b00d791614f8d70bcd31214b1e143d75d829982c0e911f0cc6	23307	scientific-artifact	evaluations/factorized_v193_teacher_gate.json	MOVE		none	One-level Alternative-A root collapse; content must remain byte-identical.
flyff_farming_simulator/evaluations/final_confirmation_eval.json	evaluations/final_confirmation_eval.json	tracked	7e5875d2e13630115345b705283e9136dc6eb7c2	dbf6699f88a389110bf4604139b47a5c3b8116dfe3da1db46ed780acc5c65513	3048	scientific-artifact	evaluations/final_confirmation_eval.json	MOVE		none	One-level Alternative-A root collapse; content must remain byte-identical.
flyff_farming_simulator/evaluations/general_router_bridge_check_corrected_previous_steering.json	evaluations/general_router_bridge_check_corrected_previous_steering.json	tracked	a73a3358cec66b2362c842902c2715fcb2a2b0e0	9f99e553613d91a1182c94848a1d3518640a16ca9cc530b01cccea9e26238961	43669	scientific-artifact	evaluations/general_router_bridge_check_corrected_previous_steering.json	MOVE		none	One-level Alternative-A root collapse; content must remain byte-identical.
flyff_farming_simulator/evaluations/generic_farming_v17_early_fast.json	evaluations/generic_farming_v17_early_fast.json	tracked	8d0c2e1ad48c65f37c052f445cb58319c9ee2848	42b1fbf7f791c0b86570bbd2dd3adf50a1a386e3b16f8ae94f52a27637955ade	26727	scientific-artifact	evaluations/generic_farming_v17_early_fast.json	MOVE		none	One-level Alternative-A root collapse; content must remain byte-identical.
flyff_farming_simulator/evaluations/grace_period_sweep.json	evaluations/grace_period_sweep.json	tracked	e2e44b69f02ea36ce8f4a646f18f54604198786f	c5fa534d1dc5120bc8b89782f92f3f783c69b8b625e7ad7933d18afeb34eb700	16544	scientific-artifact	evaluations/grace_period_sweep.json	MOVE		none	One-level Alternative-A root collapse; content must remain byte-identical.
flyff_farming_simulator/evaluations/harmful_case_trigger_timing.json	evaluations/harmful_case_trigger_timing.json	tracked	60867c75225bb6aada618e9601d2012358a45c9d	4e0bd91e37919d71c2e6de84ec92d787d2d12f053a3efe7e974b837cc0514601	505682	scientific-artifact	evaluations/harmful_case_trigger_timing.json	MOVE		none	One-level Alternative-A root collapse; content must remain byte-identical.
flyff_farming_simulator/evaluations/known_stagnation_onset_clearance_check.json	evaluations/known_stagnation_onset_clearance_check.json	tracked	56770fda20ff7401885ab0cc31796b5839e4849b	e52627d2f32863f4f8195c3aa270e684678202585afecbd38bc562f437d2fe56	1133	scientific-artifact	evaluations/known_stagnation_onset_clearance_check.json	MOVE		none	One-level Alternative-A root collapse; content must remain byte-identical.
flyff_farming_simulator/evaluations/layout03_multiseed_investigation.json	evaluations/layout03_multiseed_investigation.json	tracked	32a57573a3d9ac03fa3a7d86f524c6e7759e3702	65c2929e3befb7111cc3b3b3133e239dc17f242d8965be5332d0708e636fc875	9346	scientific-artifact	evaluations/layout03_multiseed_investigation.json	MOVE		none	One-level Alternative-A root collapse; content must remain byte-identical.
flyff_farming_simulator/evaluations/manifests/advanced_heldout.json	evaluations/manifests/advanced_heldout.json	tracked	b7c2fb2ff00c9970bdfd6fc45c9a7510b39c71f3	3ccc8fdfa422102d822115cabb0ec02089fde3ac3abce59fdf4afa91d8042537	1048	scientific-artifact	evaluations/manifests/advanced_heldout.json	MOVE		none	One-level Alternative-A root collapse; content must remain byte-identical.
flyff_farming_simulator/evaluations/manifests/early_challenge.json	evaluations/manifests/early_challenge.json	tracked	addd5fa67eabbf76e886d6564538a67096f30aca	b6ad8dce342b2f7aef1d5fce653956516237e5f8eaad55b044e005f007f3ed8e	2659	scientific-artifact	evaluations/manifests/early_challenge.json	MOVE		none	One-level Alternative-A root collapse; content must remain byte-identical.
flyff_farming_simulator/evaluations/manifests/early_generator_validation.json	evaluations/manifests/early_generator_validation.json	tracked	93e9ee63e5135b44f5865b64102d3354c7ceb73b	9e35448d2279640ae304796c0bfdc2752cedd41d561f689398b2cf410d772b88	435	scientific-artifact	evaluations/manifests/early_generator_validation.json	MOVE		none	One-level Alternative-A root collapse; content must remain byte-identical.
flyff_farming_simulator/evaluations/manifests/early_heldout.json	evaluations/manifests/early_heldout.json	tracked	8112a19fd952f4be426cd5bc4c43c62790d8f86d	13ac241e0874e48f8f6167f595fe7d218de2763e59bcdf811e9bae4c0c068360	880	scientific-artifact	evaluations/manifests/early_heldout.json	MOVE		none	One-level Alternative-A root collapse; content must remain byte-identical.
flyff_farming_simulator/evaluations/manifests/early_heldout_unseen_templates.json	evaluations/manifests/early_heldout_unseen_templates.json	tracked	e4d7df99d439dbbf7e483b46fdf8eeb1872293ad	d9f93dbef2feceeca8878fe5bef8c593a525dba2278070e5cc62cf79fb4ad881	712	scientific-artifact	evaluations/manifests/early_heldout_unseen_templates.json	MOVE		none	One-level Alternative-A root collapse; content must remain byte-identical.
flyff_farming_simulator/evaluations/manifests/early_navigation_calibration.json	evaluations/manifests/early_navigation_calibration.json	tracked	ac242ef13ba0c7eb7f534e2cace9dfe4d059b66f	2f19dd978e3997fca6a3e4355e2edb7aedffb59eae9589d4ca28c629df65d2a4	1301	scientific-artifact	evaluations/manifests/early_navigation_calibration.json	MOVE		none	One-level Alternative-A root collapse; content must remain byte-identical.
flyff_farming_simulator/evaluations/manifests/early_phase2_dagger_siblings.json	evaluations/manifests/early_phase2_dagger_siblings.json	tracked	78dee2c7296014264ba55868e56e1b61a1f746fd	25af23d01946d60b08e7f2883d530989726242cd0694a44b3488ab8ba7d94aab	899	scientific-artifact	evaluations/manifests/early_phase2_dagger_siblings.json	MOVE		none	One-level Alternative-A root collapse; content must remain byte-identical.
flyff_farming_simulator/evaluations/manifests/early_phase2_dagger_siblings_v2.json	evaluations/manifests/early_phase2_dagger_siblings_v2.json	tracked	098bc3ba4fb5dffe2872b4dfc5a04da3af29d90c	f854e2c46bd0638d8212ce8e2f44834c74a8b90edcb2983eeff1cb956603d79e	969	scientific-artifact	evaluations/manifests/early_phase2_dagger_siblings_v2.json	MOVE		none	One-level Alternative-A root collapse; content must remain byte-identical.
flyff_farming_simulator/evaluations/manifests/intermediate_heldout.json	evaluations/manifests/intermediate_heldout.json	tracked	7016685407806604999044af896846214c234cbc	8c7005deaf145df2d1a6b2928dabf97ac1986cadb0889dfca0fc9494df2db1b2	673	scientific-artifact	evaluations/manifests/intermediate_heldout.json	MOVE		none	One-level Alternative-A root collapse; content must remain byte-identical.
flyff_farming_simulator/evaluations/manifests/oracle_fresh_confirmation.json	evaluations/manifests/oracle_fresh_confirmation.json	tracked	2684076d62a30ac0d02d108bdba489d95fd2a0dc	d5f92708cc04d49968738c283e89c32c753be70663794ce4b9fcc8ab283bbee8	1601	scientific-artifact	evaluations/manifests/oracle_fresh_confirmation.json	MOVE		none	One-level Alternative-A root collapse; content must remain byte-identical.
flyff_farming_simulator/evaluations/matched_10k_vs_15k.json	evaluations/matched_10k_vs_15k.json	tracked	6a33cf21c2f1290f65843bdeaf6ef1ada7c66edb	ea2b102ea288818d1952efc0983a400b14aaf06cd7ea95ffe25674660314e26b	12616	scientific-artifact	evaluations/matched_10k_vs_15k.json	MOVE		none	One-level Alternative-A root collapse; content must remain byte-identical.
flyff_farming_simulator/evaluations/matched_eval_UNCONDITIONAL_hysteresis_PRESERVED.json	evaluations/matched_eval_UNCONDITIONAL_hysteresis_PRESERVED.json	tracked	b86237616643d00f4e4361d6ffc679c3ba0baa24	c98a78eb2e507a0c4a5acfc343520dd08b381ce4a5627d7b6593fa348b9360aa	7456	scientific-artifact	evaluations/matched_eval_UNCONDITIONAL_hysteresis_PRESERVED.json	MOVE		none	One-level Alternative-A root collapse; content must remain byte-identical.
flyff_farming_simulator/evaluations/matched_eval_target_hysteresis.json	evaluations/matched_eval_target_hysteresis.json	tracked	8bbfa7c53a55560a04c2f350d7c04eb6d33d4b18	3d9e93c07ba1f638a1a65ca45dece791dd00c928c82f874438e359cd8a90d39f	7438	scientific-artifact	evaluations/matched_eval_target_hysteresis.json	MOVE		none	One-level Alternative-A root collapse; content must remain byte-identical.
flyff_farming_simulator/evaluations/matched_recovery_15k_assisted.json	evaluations/matched_recovery_15k_assisted.json	tracked	93fdd70f138349dd305a8a766890601a451d66f8	258e0fba7573a926a0afb27b2a9cb6afb93a82c99feb44b60c575d79bff5daab	157731	scientific-artifact	evaluations/matched_recovery_15k_assisted.json	MOVE		none	One-level Alternative-A root collapse; content must remain byte-identical.
flyff_farming_simulator/evaluations/matched_recovery_15k_raw.json	evaluations/matched_recovery_15k_raw.json	tracked	3c28a81f2c8c68387ffecab89add8eb1bed2cbf6	a79bc35cda060077df84d8cfa4bae2b2ba41f87ba2a73aec3f188d6d98235fcf	142804	scientific-artifact	evaluations/matched_recovery_15k_raw.json	MOVE		none	One-level Alternative-A root collapse; content must remain byte-identical.
flyff_farming_simulator/evaluations/matched_recovery_comparison.json	evaluations/matched_recovery_comparison.json	tracked	42d33baf3bcf66c669225521e1770f45d4afd42c	fba4e13d564a0eaf569524837303e7b246fd8dab096ce19b0b31080af1dfc546	637147	scientific-artifact	evaluations/matched_recovery_comparison.json	MOVE		none	One-level Alternative-A root collapse; content must remain byte-identical.
flyff_farming_simulator/evaluations/milestone_15k_raw_vs_recovery.json	evaluations/milestone_15k_raw_vs_recovery.json	tracked	c3ba5ac7d24dfab33c9c2d76bda9a40da5b1fc36	ce76aff3a42a29c4a27860c06af9d47125f5850697f071557efbca6d506d07d5	314903	scientific-artifact	evaluations/milestone_15k_raw_vs_recovery.json	MOVE		none	One-level Alternative-A root collapse; content must remain byte-identical.
flyff_farming_simulator/evaluations/milestone_dry_run_10k.json	evaluations/milestone_dry_run_10k.json	tracked	f4926ce5a6bf3206ce6a4a8182e5e94ba149f772	603719a59d37d7af653bda5bda918efa61aa67d7c475ef4a339a33b28a5dfdc1	141986	scientific-artifact	evaluations/milestone_dry_run_10k.json	MOVE		none	One-level Alternative-A root collapse; content must remain byte-identical.
flyff_farming_simulator/evaluations/milestone_dry_run_15k.json	evaluations/milestone_dry_run_15k.json	tracked	9f52c5e2e9a177ce92eb8c98d03f619ef67f77e0	ad1b20cd7c330750983305ad4330e727ab8bfe49784208ce633372096ef3ff76	141825	scientific-artifact	evaluations/milestone_dry_run_15k.json	MOVE		none	One-level Alternative-A root collapse; content must remain byte-identical.
flyff_farming_simulator/evaluations/monster_approach_baseline_850000000_result.json	evaluations/monster_approach_baseline_850000000_result.json	tracked	aa63ee4159d749aa77470a80cf26f5894d7903ad	787dc653ec3ea9bfa2c87d0e4828b27ad30f3855cbdeccfa7f914430ee0ce07f	12317	scientific-artifact	evaluations/monster_approach_baseline_850000000_result.json	MOVE		none	One-level Alternative-A root collapse; content must remain byte-identical.
flyff_farming_simulator/evaluations/monster_approach_baseline_850000000_result_corrected.json	evaluations/monster_approach_baseline_850000000_result_corrected.json	tracked	de709cf49e7fb34df16725b1f32561126a56c696	72d93463441fd826e5ec56ed15c985c118be8a5c463e66f73e3f857a2099dd0b	102431	scientific-artifact	evaluations/monster_approach_baseline_850000000_result_corrected.json	MOVE		none	One-level Alternative-A root collapse; content must remain byte-identical.
flyff_farming_simulator/evaluations/monster_approach_baseline_pool_850000000_manifest.json	evaluations/monster_approach_baseline_pool_850000000_manifest.json	tracked	03feef1b11c552d3411af250a6086c0ea6416f18	1e3e02a8944c85a5b6320c0c903e7d04cf785f426a27eef5f1a81fd17e2f3035	51262	scientific-artifact	evaluations/monster_approach_baseline_pool_850000000_manifest.json	MOVE		none	One-level Alternative-A root collapse; content must remain byte-identical.
flyff_farming_simulator/evaluations/monster_approach_obstacle_geometry_audit.json	evaluations/monster_approach_obstacle_geometry_audit.json	tracked	4e1137ceb19a23ea6ce96d68f83704f785449ad5	3f602c04d3aa22f3eba9c95b28ac37c0f0f943138b4bd3cf53877042fd9223b6	10152	scientific-artifact	evaluations/monster_approach_obstacle_geometry_audit.json	MOVE		none	One-level Alternative-A root collapse; content must remain byte-identical.
flyff_farming_simulator/evaluations/monster_approach_smoke_eval_result.json	evaluations/monster_approach_smoke_eval_result.json	tracked	2ab1790411020e54ebc528d968bebe0e3a68ad7b	8cb8a7a2cf6184851781ba279051fb8093298abe64c502c91f1f68b48cadcfa0	7511	scientific-artifact	evaluations/monster_approach_smoke_eval_result.json	MOVE		none	One-level Alternative-A root collapse; content must remain byte-identical.
flyff_farming_simulator/evaluations/monster_approach_smoke_pool_850100000_manifest.json	evaluations/monster_approach_smoke_pool_850100000_manifest.json	tracked	d127683761175c5e394a1ae03e889d7945083855	c88503a330c6f98358bce19dced19200e72113ed19d3f170f90c59117d6f10a1	7483	scientific-artifact	evaluations/monster_approach_smoke_pool_850100000_manifest.json	MOVE		none	One-level Alternative-A root collapse; content must remain byte-identical.
flyff_farming_simulator/evaluations/navigation_calibration_results.json	evaluations/navigation_calibration_results.json	tracked	ccbcc288857d193609e937380237ca8aba5ff3b7	ce8567aa68587c1e2a5f896ace27072679e422997853a789f057ba9d2afd6656	1207	scientific-artifact	evaluations/navigation_calibration_results.json	MOVE		none	One-level Alternative-A root collapse; content must remain byte-identical.
flyff_farming_simulator/evaluations/oracle_fresh_confirmation_onset_diagnosis.json	evaluations/oracle_fresh_confirmation_onset_diagnosis.json	tracked	d54bdba9d113f29ec341530283b00b9ef1aa9cec	58a72915bb996bdde0282f2db9be887a1a75fe4e3f51796ec226ac5c5c572aaf	3306	scientific-artifact	evaluations/oracle_fresh_confirmation_onset_diagnosis.json	MOVE		none	One-level Alternative-A root collapse; content must remain byte-identical.
flyff_farming_simulator/evaluations/oracle_fresh_confirmation_qualification.json	evaluations/oracle_fresh_confirmation_qualification.json	tracked	ae81a6f43476fe72cfe3cd568c70ffa916ef9f5f	a562fce39df61073271ba83530c1224edba12f1847f463c83f8d8059146b83cc	14301	scientific-artifact	evaluations/oracle_fresh_confirmation_qualification.json	MOVE		none	One-level Alternative-A root collapse; content must remain byte-identical.
flyff_farming_simulator/evaluations/oracle_robust_origin_at_onset_diagnosis.json	evaluations/oracle_robust_origin_at_onset_diagnosis.json	tracked	b6d58202eb4ae4a6d9ab9801075e6d14b4dd3828	66fc94b678a44a470eb8f5e0e2f536ba4b15ff5878578375c62058ec85c7b2fc	18191	scientific-artifact	evaluations/oracle_robust_origin_at_onset_diagnosis.json	MOVE		none	One-level Alternative-A root collapse; content must remain byte-identical.
flyff_farming_simulator/evaluations/oracle_v3_terminal_gate_onset_diagnosis.json	evaluations/oracle_v3_terminal_gate_onset_diagnosis.json	tracked	4fd323d93fd463561aeefc0986fcded22fe48af9	8c1b1baacdd88a7984646ca075e11c21bd9f4de896d61eef26b7879aa8354004	100081	scientific-artifact	evaluations/oracle_v3_terminal_gate_onset_diagnosis.json	MOVE		none	One-level Alternative-A root collapse; content must remain byte-identical.
flyff_farming_simulator/evaluations/paired_ab_selector_test.json	evaluations/paired_ab_selector_test.json	tracked	2f6147db53ff2018a18278eebb58f45fdec94bec	af065954602394b6b5f4982b7ac0091efaf8ac4fa3d2d5a6f9b2251b8ffb99ef	219483	scientific-artifact	evaluations/paired_ab_selector_test.json	MOVE		none	One-level Alternative-A root collapse; content must remain byte-identical.
flyff_farming_simulator/evaluations/per_intervention_counterfactual_audit.json	evaluations/per_intervention_counterfactual_audit.json	tracked	f6633efdbba7d50d1133050e70a2d02780d35ebe	eb4b7ee4a9f8cafd41ba589101b2718e33a31566c5959e63364314a89d1c2871	6473	scientific-artifact	evaluations/per_intervention_counterfactual_audit.json	MOVE		none	One-level Alternative-A root collapse; content must remain byte-identical.
flyff_farming_simulator/evaluations/phase2_dagger_dataset.npz	evaluations/phase2_dagger_dataset.npz	tracked	a480a2444b4718ec702751115978e5050b9519d3	bc1d77b9f95614433c515c47db41731c0ca68d7f49cf574060fb3439bd3456d4	93356	scientific-artifact	evaluations/phase2_dagger_dataset.npz	MOVE		none	One-level Alternative-A root collapse; content must remain byte-identical.
flyff_farming_simulator/evaluations/phase2_dagger_dataset_summary.json	evaluations/phase2_dagger_dataset_summary.json	tracked	bbf7fbcb15f88e09b5c7812704c202b8590cdac6	6e468baefe91a046ecb812bb6fd7e138e1dbffd759d8217ba345de285fc73990	532	scientific-artifact	evaluations/phase2_dagger_dataset_summary.json	MOVE		none	One-level Alternative-A root collapse; content must remain byte-identical.
flyff_farming_simulator/evaluations/phase2_dagger_dataset_v2.npz	evaluations/phase2_dagger_dataset_v2.npz	tracked	aa879338c094293bcaf3064e23b0e997ca537381	3fb0b054bdac283a7f8f22399b8023e9e05b450bcd68f2fdb26adcc5de8a04dc	151424	scientific-artifact	evaluations/phase2_dagger_dataset_v2.npz	MOVE		none	One-level Alternative-A root collapse; content must remain byte-identical.
flyff_farming_simulator/evaluations/phase2_dagger_dataset_v2_summary.json	evaluations/phase2_dagger_dataset_v2_summary.json	tracked	50642edd4dd551a67d87a2d2bf8bad3575b4adc8	0cdac33198d33afc36dc1b1daf2a8f6d1cc313675cab1175fef12a88ea18010d	732	scientific-artifact	evaluations/phase2_dagger_dataset_v2_summary.json	MOVE		none	One-level Alternative-A root collapse; content must remain byte-identical.
flyff_farming_simulator/evaluations/phase2_dagger_dataset_v3.npz	evaluations/phase2_dagger_dataset_v3.npz	tracked	9b0216171aa7b542f3ce5f83ebcf69ad35144476	fb7263436b2f7fbaebbccef1220ad5d490274b61404ca7a1817aa2532e1504cb	271805	scientific-artifact	evaluations/phase2_dagger_dataset_v3.npz	MOVE		none	One-level Alternative-A root collapse; content must remain byte-identical.
flyff_farming_simulator/evaluations/phase2_dagger_dataset_v3_summary.json	evaluations/phase2_dagger_dataset_v3_summary.json	tracked	f5385ecacaaa8f050c6e8f61c25c1c9ccf75c430	6a2cd95fdff542fd967c17adf90f9ec7945e5af8c7aa8235d61fdcb4f122eebf	819	scientific-artifact	evaluations/phase2_dagger_dataset_v3_summary.json	MOVE		none	One-level Alternative-A root collapse; content must remain byte-identical.
flyff_farming_simulator/evaluations/phase2_finetune_result.json	evaluations/phase2_finetune_result.json	tracked	2b82c44e7dd65e8c9e5dddb5d3eecbe3b6521b4d	eb6adb7ec2e3eb9ac93d39ab861d8185cd73b7bd3311e281f358fe49d42b281a	8519	scientific-artifact	evaluations/phase2_finetune_result.json	MOVE		none	One-level Alternative-A root collapse; content must remain byte-identical.
flyff_farming_simulator/evaluations/phase2_finetune_result_v2.json	evaluations/phase2_finetune_result_v2.json	tracked	4c7a4211a3b9e7a0866cb76124f67ff68cd9c06e	eab1bbd84d80864703fe10f0f3afd06b40fdf66256b18f2f8a2bbd25f8e68c3d	8356	scientific-artifact	evaluations/phase2_finetune_result_v2.json	MOVE		none	One-level Alternative-A root collapse; content must remain byte-identical.
flyff_farming_simulator/evaluations/phase2_finetune_result_v3.json	evaluations/phase2_finetune_result_v3.json	tracked	36aade2b2570858ff1f47b44d4d687d98189cc34	e40e660d15e5adc22a6e144cc8879101f7d58542cbeee5f7c7137096d1a4f13d	8372	scientific-artifact	evaluations/phase2_finetune_result_v3.json	MOVE		none	One-level Alternative-A root collapse; content must remain byte-identical.
flyff_farming_simulator/evaluations/phase2_ppo_chunk_10k_v2_quickscreen.json	evaluations/phase2_ppo_chunk_10k_v2_quickscreen.json	tracked	7c4da3de62357d0a2afebd63e86a324aeb6dd333	fc60f76a15799efcbeadfc26aa6a00f33fa1aeddbddac85f48c5a1430b7c9b29	11233	scientific-artifact	evaluations/phase2_ppo_chunk_10k_v2_quickscreen.json	MOVE		none	One-level Alternative-A root collapse; content must remain byte-identical.
flyff_farming_simulator/evaluations/phase2_ppo_chunk_30k_quickscreen.json	evaluations/phase2_ppo_chunk_30k_quickscreen.json	tracked	ac4574fd5281b3223a899ffacee5c9809db6f83c	1b66474585fdaebf4109ca45fac8755ce5c9cb25de990fd372fef37db515f0c5	11202	scientific-artifact	evaluations/phase2_ppo_chunk_30k_quickscreen.json	MOVE		none	One-level Alternative-A root collapse; content must remain byte-identical.
flyff_farming_simulator/evaluations/phase2_raw_evaluation.json	evaluations/phase2_raw_evaluation.json	tracked	3cefcec51feccf7a4292f0a342402f7301c283e5	6a868cc7b779d57bad0a1104fe04ebadf9a36a899f706bf48e506cdbaed7f5ab	46405	scientific-artifact	evaluations/phase2_raw_evaluation.json	MOVE		none	One-level Alternative-A root collapse; content must remain byte-identical.
flyff_farming_simulator/evaluations/phase2_raw_evaluation_v2.json	evaluations/phase2_raw_evaluation_v2.json	tracked	02418f1be161d03040b7173bcfc043b60640c111	4c428ed6d8d077ef2550f940c951288877e044fe7e397a3db60314d8c4e40bec	46508	scientific-artifact	evaluations/phase2_raw_evaluation_v2.json	MOVE		none	One-level Alternative-A root collapse; content must remain byte-identical.
flyff_farming_simulator/evaluations/phase2_raw_evaluation_v3.json	evaluations/phase2_raw_evaluation_v3.json	tracked	3c2342a7d850cd51e24bd319874786f1bccd8a34	07908a64ef21523941e654ca0f51b107171afdf47ea9cfeecaab00d7e2bbb8d7	46372	scientific-artifact	evaluations/phase2_raw_evaluation_v3.json	MOVE		none	One-level Alternative-A root collapse; content must remain byte-identical.
flyff_farming_simulator/evaluations/phase2_v2_vs_15k_on_dagger_siblings.json	evaluations/phase2_v2_vs_15k_on_dagger_siblings.json	tracked	1e6032be7c7f88d1aba32596f85c387da5f1f689	ae34c49e159dbbc387a666148a134ee5ce417d4827e4f49a5943cbac5c1ef39e	1432	scientific-artifact	evaluations/phase2_v2_vs_15k_on_dagger_siblings.json	MOVE		none	One-level Alternative-A root collapse; content must remain byte-identical.
flyff_farming_simulator/evaluations/phase2_v3_quickscreen.json	evaluations/phase2_v3_quickscreen.json	tracked	04861b5d1bf35083e1a04af1023f2d395ac3648d	cf5a3ed7b1bff3ee9f35fad930af050041da852e1f497f779108e663823d0dd7	11178	scientific-artifact	evaluations/phase2_v3_quickscreen.json	MOVE		none	One-level Alternative-A root collapse; content must remain byte-identical.
flyff_farming_simulator/evaluations/phase2_vs_15k_on_training_maps.json	evaluations/phase2_vs_15k_on_training_maps.json	tracked	95561ad61c80f18567e8bafde45ea8adf2224876	bb4a3c83af5651e859bee5de64bc94e23d99ed3de0881b34bf42321d8b560cd0	1450	scientific-artifact	evaluations/phase2_vs_15k_on_training_maps.json	MOVE		none	One-level Alternative-A root collapse; content must remain byte-identical.
flyff_farming_simulator/evaluations/post_promotion_checksums_20260815.json	evaluations/post_promotion_checksums_20260815.json	tracked	4c7f6d78219a9e52ce6943b49e22af7d42cc5631	2afa20ab45b795f18c2a5bd8b887d64b5a0a199acba26f787765059461bf7811	713	scientific-artifact	evaluations/post_promotion_checksums_20260815.json	MOVE		none	One-level Alternative-A root collapse; content must remain byte-identical.
flyff_farming_simulator/evaluations/real_map_tower_aoe_comparison.json	evaluations/real_map_tower_aoe_comparison.json	tracked	56354efce14ee1570d738163315872e2d006e7ff	479980f2b41192fcbf40bbe4d24e60ef35a3683405175f87dd0863213aa1afd1	2220	scientific-artifact	evaluations/real_map_tower_aoe_comparison.json	MOVE		none	One-level Alternative-A root collapse; content must remain byte-identical.
flyff_farming_simulator/evaluations/recording_inventory.json	evaluations/recording_inventory.json	tracked	d441b7f43ce879678a2fba7cac90c983d4315e8b	4222954eca9172dc6a08cb9e05cecde272e18fed1455e2642298adbf45c2b34b	12717	scientific-artifact	evaluations/recording_inventory.json	MOVE		none	One-level Alternative-A root collapse; content must remain byte-identical.
flyff_farming_simulator/evaluations/recording_validation/recording_inventory_20260805_205740.json	evaluations/recording_validation/recording_inventory_20260805_205740.json	tracked	7fe61e41470454f3450e260f7e5bd3b803a7dcac	2f10ac6674d795c8d0ae4b6ad536f9e51b55b14d986e8ca3c47ecca24565afe8	1773	scientific-artifact	evaluations/recording_validation/recording_inventory_20260805_205740.json	MOVE		none	One-level Alternative-A root collapse; content must remain byte-identical.
flyff_farming_simulator/evaluations/recording_validation/recording_validation_20260805_205740.txt	evaluations/recording_validation/recording_validation_20260805_205740.txt	tracked	e989a3108d681a968e5ffdea36dd72d924d93665	ad87c9c351df5ea5197f189efddd96cc0eff2ae0107defdd8b746a72900069e0	1916	scientific-artifact	evaluations/recording_validation/recording_validation_20260805_205740.txt	MOVE		none	One-level Alternative-A root collapse; content must remain byte-identical.
flyff_farming_simulator/evaluations/reward_audit_v17_early.json	evaluations/reward_audit_v17_early.json	tracked	a005f47dcee6ea8a0e52986c1fb9ac97e4f9722e	2a7bfcb5b040831e2cbd11dc94b21a36df73261268cdbedb1b5c4812e4fb344b	180104	scientific-artifact	evaluations/reward_audit_v17_early.json	MOVE		none	One-level Alternative-A root collapse; content must remain byte-identical.
flyff_farming_simulator/evaluations/router_mix_checkpoint_selection_result.json	evaluations/router_mix_checkpoint_selection_result.json	tracked	3f262c747b1af3fc61d4171e5717ca5c0a60d8d1	0833d1799fd184a5e50009d5cf70d5c76c828ebdd778e685032253f39e2ff686	9862	scientific-artifact	evaluations/router_mix_checkpoint_selection_result.json	MOVE		none	One-level Alternative-A root collapse; content must remain byte-identical.
flyff_farming_simulator/evaluations/router_mix_dev_pool_812000000_manifest.json	evaluations/router_mix_dev_pool_812000000_manifest.json	tracked	0b49d2e266658c662482b33337f28c956024ee6f	5ac6bf2fb2da03f35f675befe2bc73c2bb401d689ce1c719741595139cfa6edc	47555	scientific-artifact	evaluations/router_mix_dev_pool_812000000_manifest.json	MOVE		none	One-level Alternative-A root collapse; content must remain byte-identical.
flyff_farming_simulator/evaluations/router_mix_dev_pool_baseline_eval.json	evaluations/router_mix_dev_pool_baseline_eval.json	tracked	86dd1c48f649c56fd7c6c664cff9b9c9b53f3a91	1d14c8e45b3e3c82c576c57918045caa95c023a940518091b626bed480c193d3	3180	scientific-artifact	evaluations/router_mix_dev_pool_baseline_eval.json	MOVE		none	One-level Alternative-A root collapse; content must remain byte-identical.
flyff_farming_simulator/evaluations/router_mix_dev_pool_baseline_eval_pre_selector_patch.json	evaluations/router_mix_dev_pool_baseline_eval_pre_selector_patch.json	tracked	5554908bec38b9a2ebac85cc8bb66d5ca3a43161	26c911150bd66f8f6a094066451c7961126e5815cbc119ea559541e7f415244b	3709	scientific-artifact	evaluations/router_mix_dev_pool_baseline_eval_pre_selector_patch.json	MOVE		none	One-level Alternative-A root collapse; content must remain byte-identical.
flyff_farming_simulator/evaluations/router_mix_final_pool_820000000_manifest.json	evaluations/router_mix_final_pool_820000000_manifest.json	tracked	ee0f70e9d9d8339b8104d23773da62b6b0d2914e	da8138b0873993d6283bdbab54365a7fa1f41165d71456682e39728a39c8b42d	42058	scientific-artifact	evaluations/router_mix_final_pool_820000000_manifest.json	MOVE		none	One-level Alternative-A root collapse; content must remain byte-identical.
flyff_farming_simulator/evaluations/router_mix_qualification_pool_830000000_manifest.json	evaluations/router_mix_qualification_pool_830000000_manifest.json	tracked	146e05747beaf97e32dfcf57f44a60f03bf525f6	bf1b7f4435a74fba1f49b5731965e7984e33c8fcbccee6cb364a1c93df3e9ad6	94335	scientific-artifact	evaluations/router_mix_qualification_pool_830000000_manifest.json	MOVE		none	One-level Alternative-A root collapse; content must remain byte-identical.
flyff_farming_simulator/evaluations/router_mix_qualification_pool_840000000_checksums.json	evaluations/router_mix_qualification_pool_840000000_checksums.json	tracked	8bb5579ed03afc69f554e34f3de5de22f1b33354	e32c268e559e5848ed6799608614ad35855abc74d4325fec2c4d81d704276747	472	scientific-artifact	evaluations/router_mix_qualification_pool_840000000_checksums.json	MOVE		none	One-level Alternative-A root collapse; content must remain byte-identical.
flyff_farming_simulator/evaluations/router_mix_qualification_pool_840000000_manifest.json	evaluations/router_mix_qualification_pool_840000000_manifest.json	tracked	4091d00a0ad81d95631b90b304053aeb5db28b39	fcb1d03e24ba159470e3ef7e5ab7a46383b40d51e58404d390ac523169455ede	97471	scientific-artifact	evaluations/router_mix_qualification_pool_840000000_manifest.json	MOVE		none	One-level Alternative-A root collapse; content must remain byte-identical.
flyff_farming_simulator/evaluations/router_mix_seed100_56320_dev_pool_eval_patched_router.json	evaluations/router_mix_seed100_56320_dev_pool_eval_patched_router.json	tracked	bdc435e3ebf1dba904542e65de3bef37a8f53f30	f391a9d87d304f08f8f8f49c8224116a356ab2120c281a0681671fc3e4d0daa3	3206	scientific-artifact	evaluations/router_mix_seed100_56320_dev_pool_eval_patched_router.json	MOVE		none	One-level Alternative-A root collapse; content must remain byte-identical.
flyff_farming_simulator/evaluations/router_patch_qualification_compare_result.json	evaluations/router_patch_qualification_compare_result.json	tracked	be43883582c7eb05405eee0bcae3ab0d29df4656	8b4e826ed3729d556b14a7d92989aa4e2b724dedad6bc7519f837fe549e98045	15218	scientific-artifact	evaluations/router_patch_qualification_compare_result.json	MOVE		none	One-level Alternative-A root collapse; content must remain byte-identical.
flyff_farming_simulator/evaluations/router_v2_final_confirmation_820000000_result.json	evaluations/router_v2_final_confirmation_820000000_result.json	tracked	367503ab9574ec020c6fe0c4d66b9c7c67202567	f884ad60c40357846b54bf47c30ee75bfadbf5af1eb331c2749932aa0220900e	9942	scientific-artifact	evaluations/router_v2_final_confirmation_820000000_result.json	MOVE		none	One-level Alternative-A root collapse; content must remain byte-identical.
flyff_farming_simulator/evaluations/router_v2_guarded_development_validation.json	evaluations/router_v2_guarded_development_validation.json	tracked	0d1722268747e76d636af0b6560ef5c32d366a62	a5d406db64af9a1a2f0d5dfbb886ada328403080c372e23eb293177850412be0	111948	scientific-artifact	evaluations/router_v2_guarded_development_validation.json	MOVE		none	One-level Alternative-A root collapse; content must remain byte-identical.
flyff_farming_simulator/evaluations/router_v2_historical_reproduction_snapshot_20260815.json	evaluations/router_v2_historical_reproduction_snapshot_20260815.json	tracked	346ae07c66676359f35f472fe71ddf8463bca9a2	c57b092d1ca4000fe850abdcff6787f993e8db1e092408718694b635239878c8	1224	scientific-artifact	evaluations/router_v2_historical_reproduction_snapshot_20260815.json	MOVE		none	One-level Alternative-A root collapse; content must remain byte-identical.
flyff_farming_simulator/evaluations/router_v2_qualification_840000000_obstacle_with_timeout_keys.json	evaluations/router_v2_qualification_840000000_obstacle_with_timeout_keys.json	tracked	eb3d725eecc8f9c0cc3faa5c76d214c1b0a842a2	5ef40fe75160e85e9243eb8889287042a844eb30f3623e83753b3a7cf6a7945b	8691	scientific-artifact	evaluations/router_v2_qualification_840000000_obstacle_with_timeout_keys.json	MOVE		none	One-level Alternative-A root collapse; content must remain byte-identical.
flyff_farming_simulator/evaluations/router_v2_qualification_840000000_result.json	evaluations/router_v2_qualification_840000000_result.json	tracked	f5ae14384f990375b0af342978b4ae5e68285490	efed97562ff112f6c54950ddf32fe2f9d95d8e14c2a74e61db2232968a0d8602	10658	scientific-artifact	evaluations/router_v2_qualification_840000000_result.json	MOVE		none	One-level Alternative-A root collapse; content must remain byte-identical.
flyff_farming_simulator/evaluations/routing_regression_fixtures_result.json	evaluations/routing_regression_fixtures_result.json	tracked	7e4b138638181fd4cd6445f2a6861cab26764341	5066436e11729d2af146816a2b027354a7dfc3e68979ed1d1881ceac26130105	8052	scientific-artifact	evaluations/routing_regression_fixtures_result.json	MOVE		none	One-level Alternative-A root collapse; content must remain byte-identical.
flyff_farming_simulator/evaluations/routing_regression_fixtures_result_postpatch.json	evaluations/routing_regression_fixtures_result_postpatch.json	tracked	e6dd33f97b4e5aeabf30dcc7a1ea027328a694d8	3957d38535077a84db7d9a40082a266eeec99147a5783b5032be841e51a34096	8024	scientific-artifact	evaluations/routing_regression_fixtures_result_postpatch.json	MOVE		none	One-level Alternative-A root collapse; content must remain byte-identical.
flyff_farming_simulator/evaluations/routing_regression_fixtures_result_pre_selector_patch.json	evaluations/routing_regression_fixtures_result_pre_selector_patch.json	tracked	7e4b138638181fd4cd6445f2a6861cab26764341	5066436e11729d2af146816a2b027354a7dfc3e68979ed1d1881ceac26130105	8052	scientific-artifact	evaluations/routing_regression_fixtures_result_pre_selector_patch.json	MOVE		none	One-level Alternative-A root collapse; content must remain byte-identical.
flyff_farming_simulator/evaluations/single_obstacle_calibrated_arc_transfer_eval.json	evaluations/single_obstacle_calibrated_arc_transfer_eval.json	tracked	605c75774e4f1b6b0fce08a09d06665c93ac90b7	51adceebb0d9b65f03427281012c0be1c328d90e796b0f6ce3f42b048daec445	114907	scientific-artifact	evaluations/single_obstacle_calibrated_arc_transfer_eval.json	MOVE		none	One-level Alternative-A root collapse; content must remain byte-identical.
flyff_farming_simulator/evaluations/single_obstacle_qualified_checkpoint_transfer_eval.json	evaluations/single_obstacle_qualified_checkpoint_transfer_eval.json	tracked	134b36962e0ac4fcb3ed798c405c486193913022	d07685ee5452b450431fea0dc38c18a10a99e2c859932dce9cc5988d767fd0c3	36803	scientific-artifact	evaluations/single_obstacle_qualified_checkpoint_transfer_eval.json	MOVE		none	One-level Alternative-A root collapse; content must remain byte-identical.
flyff_farming_simulator/evaluations/split_branch_dagger_diagnostic.json	evaluations/split_branch_dagger_diagnostic.json	tracked	db1205e637f13de5555ab453065af23fce81a5c8	12e5ae1b45966d10ea2bf5d4e7edbe0d6be87bd3ec0367b69b4f6836322b2e16	13010	scientific-artifact	evaluations/split_branch_dagger_diagnostic.json	MOVE		none	One-level Alternative-A root collapse; content must remain byte-identical.
flyff_farming_simulator/evaluations/split_branch_steering_geometry_diagnostic.json	evaluations/split_branch_steering_geometry_diagnostic.json	tracked	f663c7f5d8fecee7b77250dd278bbbb74372dc53	73ddb3065a3771fcbb6760255295226966a92f5a6a1100e075162a1a1b365103	1686	scientific-artifact	evaluations/split_branch_steering_geometry_diagnostic.json	MOVE		none	One-level Alternative-A root collapse; content must remain byte-identical.
flyff_farming_simulator/evaluations/steering_oracle_qualification.json	evaluations/steering_oracle_qualification.json	tracked	3f3dc2e1813fb9dfa42e94d0b05c86f91ffcd1cd	763c58c3bed74190842b64d67381adb1386fb3b938b7d356f2730ac192577339	13005	scientific-artifact	evaluations/steering_oracle_qualification.json	MOVE		none	One-level Alternative-A root collapse; content must remain byte-identical.
flyff_farming_simulator/evaluations/steering_oracle_v3_TERMINAL_GATE_qualification_sigma1.5.json	evaluations/steering_oracle_v3_TERMINAL_GATE_qualification_sigma1.5.json	tracked	ecb24c624ab5018ec14229bc5cc41475ada5835b	4b75d9c5d79cb20a5ef932175dca2ce76741b1ce9109e3e6679c47fddbd9814e	14617	scientific-artifact	evaluations/steering_oracle_v3_TERMINAL_GATE_qualification_sigma1.5.json	MOVE		none	One-level Alternative-A root collapse; content must remain byte-identical.
flyff_farming_simulator/evaluations/steering_oracle_v3_qualification_sigma1.0.json	evaluations/steering_oracle_v3_qualification_sigma1.0.json	tracked	6e6033cd70298339e5543e3c1ae17fcd4b2894a6	fd7d79eb2bd2959c2e846b3b3617d7fac56a5e57d00cae068fcc0c6769d6a01e	14640	scientific-artifact	evaluations/steering_oracle_v3_qualification_sigma1.0.json	MOVE		none	One-level Alternative-A root collapse; content must remain byte-identical.
flyff_farming_simulator/evaluations/steering_oracle_v3_qualification_sigma1.5.json	evaluations/steering_oracle_v3_qualification_sigma1.5.json	tracked	ebd0b8c2a555522c768d98da19387f885fbc8650	2c4e67bd5f807dac7a5f489b877c29c83eecf740bf059b57ba476a4c4cdf6491	14608	scientific-artifact	evaluations/steering_oracle_v3_qualification_sigma1.5.json	MOVE		none	One-level Alternative-A root collapse; content must remain byte-identical.
flyff_farming_simulator/evaluations/steering_oracle_v3_qualification_sigma2.0.json	evaluations/steering_oracle_v3_qualification_sigma2.0.json	tracked	3c7cd9792d881ec474d34bb74719d90738689033	cd3a7587988e463ba6f2f59b6cd4c1fd252e1692cf0ff463344adc29fdf30ee3	14624	scientific-artifact	evaluations/steering_oracle_v3_qualification_sigma2.0.json	MOVE		none	One-level Alternative-A root collapse; content must remain byte-identical.
flyff_farming_simulator/evaluations/steering_oracle_v3_terminal_gate_matched.json	evaluations/steering_oracle_v3_terminal_gate_matched.json	tracked	119972e4b907a6ca84e53b9382793d42447b1d3c	6a3f4f2712a3194ad1ca0810586a994b60efc2b4dee0caf3d1b82ecd1b549701	8605	scientific-artifact	evaluations/steering_oracle_v3_terminal_gate_matched.json	MOVE		none	One-level Alternative-A root collapse; content must remain byte-identical.
flyff_farming_simulator/evaluations/target_thrashing_aggregate_report.json	evaluations/target_thrashing_aggregate_report.json	tracked	3b202352b90842884710883f5df5b5cc0aae2957	26f610391375949314c736438c710f827ba89ba1f2aa4b54df3f97c5fa91ebcc	35105	scientific-artifact	evaluations/target_thrashing_aggregate_report.json	MOVE		none	One-level Alternative-A root collapse; content must remain byte-identical.
flyff_farming_simulator/evaluations/target_thrashing_measurement_shard_missing.json	evaluations/target_thrashing_measurement_shard_missing.json	tracked	25669f89ba4af1e7c9a05ffc748ba361e46e3730	f3082b150edab3f474c6621918e1b3ce91ea7f03bf978657f4c7151b819076ad	3258	scientific-artifact	evaluations/target_thrashing_measurement_shard_missing.json	MOVE		none	One-level Alternative-A root collapse; content must remain byte-identical.
flyff_farming_simulator/evaluations/trigger_quality_audit_10k.json	evaluations/trigger_quality_audit_10k.json	tracked	176ec89b116c8bf6b29a30f633faac1669c26934	cc9128aa56179ba227af3a8b7f3bbb63fc86523991a9b291d1d3f9d568deb1c3	7413	scientific-artifact	evaluations/trigger_quality_audit_10k.json	MOVE		none	One-level Alternative-A root collapse; content must remain byte-identical.
flyff_farming_simulator/evaluations/unseen_template_test.json	evaluations/unseen_template_test.json	tracked	8dfb940c5d099b866025e3cc340323d93c5948ab	1abee06611c4753a4c54582b44f430ebf6b65d9b656f20626b0d3d473eae5c7d	26943	scientific-artifact	evaluations/unseen_template_test.json	MOVE		none	One-level Alternative-A root collapse; content must remain byte-identical.
flyff_farming_simulator/farming/__init__.py	farming/__init__.py	tracked	31e0fa01c68d5a340e661217aed603fa837fd765	9521f46781761586e766f045f6eeed30019f53fb0aa55e625f8c9c680f5742cc	3055	shared-source	farming/__init__.py	MOVE		canonical-winner	Phase-4 canonical farming owner.
flyff_farming_simulator/farming/actions.py	farming/actions.py	tracked	8522c0c30e46c0b31af028b5fd5e22d26a4f2ca7	9a5b822a6274cf6f4327353371e4b07e2d595e4da57e66613a435f2662b94298	6663	shared-source	farming/actions.py	MOVE		canonical-winner	Phase-4 canonical farming owner.
flyff_farming_simulator/farming/map_features.py	farming/map_features.py	tracked	5100dd5115299a890a5672eb934787ac3b84cf7e	581f2f13400a46df466c6bf847d12431376717aeb0995048826443c72fbdd236	27369	shared-source	farming/map_features.py	MOVE		canonical-winner	Phase-4 canonical farming owner.
flyff_farming_simulator/farming/map_masks.py	farming/map_masks.py	tracked	ff3f5eb96820ce80fb2eb8a94e3f5735dc0cfbe9	c91ccd8bd0156b12447b16cc26ea64a70794b9ac4a1a1a91bb1240fdeaf21b4e	2578	shared-source	farming/map_masks.py	MOVE		canonical-winner	Phase-4 canonical farming owner.
flyff_farming_simulator/farming/map_profile.py	farming/map_profile.py	tracked	df8e6f5ec0e4d5e9d06236589e251286df5dcb07	202b0b8894db57f6478b388d9eeb608fd7acf3697134913d3dd52fd95eee11d4	624	shared-source	farming/map_profile.py	MOVE		canonical-winner	Phase-4 canonical farming owner.
flyff_farming_simulator/farming/model_contract.py	farming/model_contract.py	tracked	3e1672c70b5c9d52c6454821c9c8bdbe2cac453f	81b3cb719845d79ad2bb5bdafe6f0553c6844b43bb753311a623d90c5151bec8	13290	shared-source	farming/model_contract.py	MOVE		canonical-winner	Phase-4 canonical farming owner.
flyff_farming_simulator/farming/observation.py	farming/observation.py	tracked	9d3d66e6254ba1e414d0e79434df46dc34641f71	b1206549dd0c32339405dcafa3e858ea77164a8f9045a4f91562a095c58f9fb4	30020	shared-source	farming/observation.py	MOVE		canonical-winner	Phase-4 canonical farming owner.
flyff_farming_simulator/farming/observation_contract.py	farming/observation_contract.py	tracked	d562be35eed61b7739eff844e2a2b51cb8129359	288f82a081330b01135cc266abb417fa8fb16eb9868bcc7dd949ce7cf975c837	334	shared-source	farming/observation_contract.py	MOVE		none	One-level Alternative-A root collapse; content must remain byte-identical.
flyff_farming_simulator/farming/reward.py	farming/reward.py	tracked	ef82d91f21d45d999f3c1782476524441fd6ada6	bc523c9baafae78256a5044d53668403dad7b70043a12655ba51fc3a8ff91aab	9831	shared-source	farming/reward.py	MOVE		canonical-winner	Phase-4 canonical farming owner.
flyff_farming_simulator/farming/session.py	farming/session.py	tracked	6fe4ff82a03cdb37982a69c6bfb82a56635cd604	2dcd4de0067a0fc61dfece951fb27dea8a2c5327308645ac9d7762cf9c97bb9f	9069	shared-source	farming/session.py	MOVE		canonical-winner	Phase-4 canonical farming owner.
flyff_farming_simulator/map_assets/coordinate_frame.json	map_assets/coordinate_frame.json	tracked	8ebec6e2b17b2635a779393621be63787561be6b	40339f6c397d38fe01d5b3a5300e5b9b6d499f06292f436b1f91ea34523a0414	106	scientific-artifact	map_assets/coordinate_frame.json	MOVE		none	One-level Alternative-A root collapse; content must remain byte-identical.
flyff_farming_simulator/map_assets/map.json	map_assets/map.json	tracked	8469dc6480a4052ed12c82aa821e63e2755303e7	faaf8633457bc1bcdb61c781c8ca62c6f2e008174ed5b284c3d6c08df92fe815	4868	scientific-artifact	map_assets/map.json	MOVE		none	One-level Alternative-A root collapse; content must remain byte-identical.
flyff_farming_simulator/map_assets/map_overview.png	map_assets/map_overview.png	tracked	50229641f57177e2b5b7c9f7d54331eceda34dda	f913789595d8d1fb45d4d123e441968dac0e19f2e3afe194b6a5727baf07684c	51598	scientific-artifact	map_assets/map_overview.png	MOVE		none	One-level Alternative-A root collapse; content must remain byte-identical.
flyff_farming_simulator/map_assets/occupancy.npy	map_assets/occupancy.npy	tracked	d1f351b31a3223fc8a58aaaae77e1ab3d6867e42	62fa3c9ec3aed0b3b134b82577292c0a8a67b0acc4111fde3a36e3d2684d789b	1002129	scientific-artifact	map_assets/occupancy.npy	MOVE		none	One-level Alternative-A root collapse; content must remain byte-identical.
flyff_farming_simulator/models/generalized_waypoint_both_seed2_0051200.zip	models/generalized_waypoint_both_seed2_0051200.zip	tracked	7a1fc2096d05bdfd07b3efbf7068e6150c87c84f	87bd8d3e0be88b7f243ad6c9b35ff6d3f8bde1f37b35334febf936ec115cda50	1594813	scientific-artifact	models/generalized_waypoint_both_seed2_0051200.zip	MOVE		none	One-level Alternative-A root collapse; content must remain byte-identical.
flyff_farming_simulator/recording_provenance.json	recording_provenance.json	tracked	294d54f4a593172246ca952c3071e702bad89102	660ed4439ee8e23d6b0df5ad1848858cf141592e620e19f6e9c9c084864db973	1176	config	recording_provenance.json	MOVE		none	One-level Alternative-A root collapse; content must remain byte-identical.
flyff_farming_simulator/recordings/INDEX.json	recordings/INDEX.json	tracked	0a3db30a227e0ba6a194f627d10e42faa7334bf2	05e82b328f38e394f4e9308f1f33046a48b655cb66f20c506a2e83a4312a22bf	13653	scientific-artifact	recordings/INDEX.json	MOVE		none	One-level Alternative-A root collapse; content must remain byte-identical.
flyff_farming_simulator/recordings/INDEX.md	recordings/INDEX.md	tracked	2eb2a99bf349ab93c88bf4cec2a8aaa11706101c	f686b640e50d866bff8e0a1a3389977dc4ffe06ee02e7a14285532a473ca1af8	1793	scientific-artifact	recordings/INDEX.md	MOVE		none	One-level Alternative-A root collapse; content must remain byte-identical.
flyff_farming_simulator/requirements-training.txt	requirements-training.txt	tracked	fc3b8e09cf2e506ce86fdb0a1f1736ac38936c38	c785b74d8b33f504aca041f0d544824f6f01aef92246dda3d1a84ca298e2e00e	98	simulator-source	requirements-training.txt	MOVE		none	One-level Alternative-A root collapse; content must remain byte-identical.
flyff_farming_simulator/requirements.txt	flyff_farming_simulator/requirements.txt	tracked	e8c62a8c77f35e74f4be1ce49b7b7a5535f16120	926b6c44fd5ae3f3c16ffa4c2dc6c697a2966484a946e588ec1fca0962b77570	24	build/packaging	flyff_farming_simulator/requirements.txt	DEFER	PHASE_11	deferred-collision	Distinct build input collides at repository root; standalone live build ownership is Phase 11.
flyff_farming_simulator/run_fair_time_simulator.py	run_fair_time_simulator.py	tracked	542257172820e87e7f4fee8bea23cfaae953444c	5457808ec22d1c142298b201d20174b4878207b0ef76cd4677ae0c143344f2fd	99	research	run_fair_time_simulator.py	MOVE		none	One-level Alternative-A root collapse; content must remain byte-identical.
flyff_farming_simulator/run_logs/MOVEMENT_CALIBRATION_PROTOCOL_2026-08-12.md	run_logs/MOVEMENT_CALIBRATION_PROTOCOL_2026-08-12.md	tracked	2f843d1443cba431627152e4cbd35878aa32ba2d	5d45794520a5fc2382e8984db9c5ca2bc46e5bd4612537344e9b299c15037abe	14984	development-tool	run_logs/MOVEMENT_CALIBRATION_PROTOCOL_2026-08-12.md	MOVE		none	One-level Alternative-A root collapse; content must remain byte-identical.
flyff_farming_simulator/run_logs/OVERNIGHT_20260813_OBSTACLE_TRANSFER_REQUALIFICATION.md	run_logs/OVERNIGHT_20260813_OBSTACLE_TRANSFER_REQUALIFICATION.md	tracked	ff2e0b30983838fd024448382e78d53b4f3b80be	5172dff1c2d25a55654d66fe8acb81cb40343da971a990db266fa3a6012aecba	53970	simulator-source	run_logs/OVERNIGHT_20260813_OBSTACLE_TRANSFER_REQUALIFICATION.md	MOVE		none	One-level Alternative-A root collapse; content must remain byte-identical.
flyff_farming_simulator/run_logs/OVERNIGHT_20260814_ROUTER_MIXED_TRAINING.md	run_logs/OVERNIGHT_20260814_ROUTER_MIXED_TRAINING.md	tracked	aff4f31844ec827166021b0ae1a39e5b6983f5bd	95060e467ad0c5d8b9605cfa927d8b492693c917120462c557259ed8fdb9a0a5	45571	simulator-source	run_logs/OVERNIGHT_20260814_ROUTER_MIXED_TRAINING.md	MOVE		none	One-level Alternative-A root collapse; content must remain byte-identical.
flyff_farming_simulator/run_logs/OVERNIGHT_20260815_MONSTER_APPROACH_BASELINE.md	run_logs/OVERNIGHT_20260815_MONSTER_APPROACH_BASELINE.md	tracked	955e1f46d9509aa8ff520e27afb780548e885929	925bd9206d326f133f5403c09fdb15a75b79085a6de3f16f3fc41b8256579a6c	9215	simulator-source	run_logs/OVERNIGHT_20260815_MONSTER_APPROACH_BASELINE.md	MOVE		none	One-level Alternative-A root collapse; content must remain byte-identical.
flyff_farming_simulator/run_logs/REPLACEMENT_MOVEMENT_MODEL_SPEC_2026-08-13.md	run_logs/REPLACEMENT_MOVEMENT_MODEL_SPEC_2026-08-13.md	tracked	79236aff9784cfb180acb3ea18aa7492214635bc	fc9f014373822f837eef874fc823a5e48136dfb0d8181e551454909fb937b3fc	21259	simulator-source	run_logs/REPLACEMENT_MOVEMENT_MODEL_SPEC_2026-08-13.md	MOVE		none	One-level Alternative-A root collapse; content must remain byte-identical.
flyff_farming_simulator/run_logs/archive/OVERNIGHT_20260809_PIPELINE.md	run_logs/archive/OVERNIGHT_20260809_PIPELINE.md	tracked	9a70ba339dca83f0e0cdd2bd7a325004ecc64cc1	493df9b39a5e5b138b6f8f9daee49abd320c40cddc4417404e8117bc473533d3	86116	simulator-source	run_logs/archive/OVERNIGHT_20260809_PIPELINE.md	MOVE		none	One-level Alternative-A root collapse; content must remain byte-identical.
flyff_farming_simulator/run_reward_audited_simulator.py	run_reward_audited_simulator.py	tracked	542257172820e87e7f4fee8bea23cfaae953444c	5457808ec22d1c142298b201d20174b4878207b0ef76cd4677ae0c143344f2fd	99	research	run_reward_audited_simulator.py	MOVE		none	One-level Alternative-A root collapse; content must remain byte-identical.
flyff_farming_simulator/run_simulator.py	run_simulator.py	tracked	4b824455d30afdfec53c472d72a49d4a89c9e2f2	c2f8e283bb3928b12198cf72013cb03288aad8db0eecd8173780846e577b181f	89	research	run_simulator.py	MOVE		none	One-level Alternative-A root collapse; content must remain byte-identical.
flyff_farming_simulator/scratchpad_aggregate_target_thrashing.py	scratchpad_aggregate_target_thrashing.py	tracked	421beda12fda4059e130a5003b5241d426931d68	f00e1f3bef2147f48b6d6fa05f5522a37219de504498c2c566ae7397f8b0e2c9	4992	research	scratchpad_aggregate_target_thrashing.py	MOVE		none	One-level Alternative-A root collapse; content must remain byte-identical.
flyff_farming_simulator/scratchpad_audit_final_target_lock_transitions.py	scratchpad_audit_final_target_lock_transitions.py	tracked	1197de7393d59ea49d69fa075da3294ec5131422	e83057dd5153d87cb5ff75ac54fa1dbedc0cd48683cf646194d21525e1d6a3bb	11462	research	scratchpad_audit_final_target_lock_transitions.py	MOVE		none	One-level Alternative-A root collapse; content must remain byte-identical.
flyff_farming_simulator/scratchpad_audit_selector_fallback.py	scratchpad_audit_selector_fallback.py	tracked	10c910b871ce297536c0624834914c94e379bc43	5c5dc70ba22c8f56a7e5d32e9e32ea5e31091b490a38262f122ed836de5754e7	15010	research	scratchpad_audit_selector_fallback.py	MOVE		none	One-level Alternative-A root collapse; content must remain byte-identical.
flyff_farming_simulator/scratchpad_beginner_navigation_mix_checkpoint_selection.py	scratchpad_beginner_navigation_mix_checkpoint_selection.py	tracked	4ba3ec5d06cb1e0e73d09be61cbd2f38a4c89461	5a02ed6e0a4e715d9e8d99e02c481f164d012dbe7b653dfae9ea3c4d0d43a418	7517	research	scratchpad_beginner_navigation_mix_checkpoint_selection.py	MOVE		none	One-level Alternative-A root collapse; content must remain byte-identical.
flyff_farming_simulator/scratchpad_beginner_navigation_mix_pools.py	scratchpad_beginner_navigation_mix_pools.py	tracked	1a97311d362893e0ca2ecc8fd1feebe862024ec8	dd9a4630c30059ce809ed8320c24b095eb9b3e4fe99b76a4e271a2404be84156	15406	research	scratchpad_beginner_navigation_mix_pools.py	MOVE		none	One-level Alternative-A root collapse; content must remain byte-identical.
flyff_farming_simulator/scratchpad_beginner_navigation_mix_train.py	scratchpad_beginner_navigation_mix_train.py	tracked	de0c59ff461bba1977d88b463233c5b3aa79a799	d4f2ed89902644f9e2d703ab830dd21a605c414b595f9fe8342c8f55b5e8a40b	16495	research	scratchpad_beginner_navigation_mix_train.py	MOVE		none	One-level Alternative-A root collapse; content must remain byte-identical.
flyff_farming_simulator/scratchpad_beginner_routing_randomized_walls.py	scratchpad_beginner_routing_randomized_walls.py	tracked	d8bb481c4b27b7267026a6765a518b828b1af289	8de44d91eb61e736046eb08922d01981678f4178adc62536078bdbac6f446ea8	14687	research	scratchpad_beginner_routing_randomized_walls.py	MOVE		none	One-level Alternative-A root collapse; content must remain byte-identical.
flyff_farming_simulator/scratchpad_beginner_routing_two_wall_s_route.py	scratchpad_beginner_routing_two_wall_s_route.py	tracked	daf8e72868f424db732e239883bd5e8423dc71ec	8bef73a411efbff25138f69e62e51ca300865ec43f4d846aad48d34c63e5a4ad	9382	research	scratchpad_beginner_routing_two_wall_s_route.py	MOVE		none	One-level Alternative-A root collapse; content must remain byte-identical.
flyff_farming_simulator/scratchpad_build_oracle_fresh_confirmation.py	scratchpad_build_oracle_fresh_confirmation.py	tracked	cc7217ca2693c013841d5dc50a83d9870597979f	8a0c5860c2be66a40dca152ca13c60a6928c907c8f103fea522a8757c1d43a03	3890	research	scratchpad_build_oracle_fresh_confirmation.py	MOVE		none	One-level Alternative-A root collapse; content must remain byte-identical.
flyff_farming_simulator/scratchpad_catastrophic_case_coarse_route_check.py	scratchpad_catastrophic_case_coarse_route_check.py	tracked	944a85958f5d2644ce43921ac8389c11e1af51e7	b91cab60e8597d543b6c4cff7d1f32f485ac47bd6ba8da5112c4acb7f65d073b	3515	research	scratchpad_catastrophic_case_coarse_route_check.py	MOVE		none	One-level Alternative-A root collapse; content must remain byte-identical.
flyff_farming_simulator/scratchpad_coarse_route_proof_of_mechanism.py	scratchpad_coarse_route_proof_of_mechanism.py	tracked	9a65a428d453923e736bd41a81a9ca8d43cf3a4b	89449468deee0bb94e58b21d43710f5fc7c7847b64f61291382302de90f4a30e	8962	research	scratchpad_coarse_route_proof_of_mechanism.py	MOVE		none	One-level Alternative-A root collapse; content must remain byte-identical.
flyff_farming_simulator/scratchpad_coarse_route_proof_of_mechanism_v2.py	scratchpad_coarse_route_proof_of_mechanism_v2.py	tracked	bfc379c556c9732d5a1f522ba11683924b2cc4c7	74fcf0cdb75a86915d749a2d62a116a404a108f963e2fa19b0a757caa318080b	6735	research	scratchpad_coarse_route_proof_of_mechanism_v2.py	MOVE		none	One-level Alternative-A root collapse; content must remain byte-identical.
flyff_farming_simulator/scratchpad_coarse_route_rollout_verification.py	scratchpad_coarse_route_rollout_verification.py	tracked	431c0069b0fc2e239fd4992495ed91f73ef549d0	08f686f4496cf6c6b72d46bf88a56a02ff21f0cd36a257a8199436595a7e37c6	7162	research	scratchpad_coarse_route_rollout_verification.py	MOVE		none	One-level Alternative-A root collapse; content must remain byte-identical.
flyff_farming_simulator/scratchpad_debug_waypoint_no_effect.py	scratchpad_debug_waypoint_no_effect.py	tracked	d9574a0ddddf2c7528b9a7575d62393cd33f17e2	7020f1a94fda20956de05118558c198925bc771bf61e4f6668a3d9f0a82913a7	4219	research	scratchpad_debug_waypoint_no_effect.py	MOVE		none	One-level Alternative-A root collapse; content must remain byte-identical.
flyff_farming_simulator/scratchpad_diagnose_fallback_ranking_candidates.py	scratchpad_diagnose_fallback_ranking_candidates.py	tracked	4d5ba27ba7bbf4836896fd2339773be49b8873da	e94dfdb6a46d6004b2db8099b154dec3af7accf480e1ab802a119b0421f2379b	12052	research	scratchpad_diagnose_fallback_ranking_candidates.py	MOVE		none	One-level Alternative-A root collapse; content must remain byte-identical.
flyff_farming_simulator/scratchpad_diagnose_fresh_confirmation_onsets.py	scratchpad_diagnose_fresh_confirmation_onsets.py	tracked	ffcfde1cda63da9ef9fe5a3304c7f26a2b074ead	725fcc6f0ff2db77396dabcaaa9709c73569042842f7d79c6fdb5e4084a9f54d	3358	research	scratchpad_diagnose_fresh_confirmation_onsets.py	MOVE		none	One-level Alternative-A root collapse; content must remain byte-identical.
flyff_farming_simulator/scratchpad_diagnose_ltr_rtl_contrastive.py	scratchpad_diagnose_ltr_rtl_contrastive.py	tracked	1a44f8c18e6ad547bd7d8ffaa453ddbb6c497652	b12e7c87cca17786505e39b1053bef1e286f7ed18ef2f8fffedb0106a0928649	8835	research	scratchpad_diagnose_ltr_rtl_contrastive.py	MOVE		none	One-level Alternative-A root collapse; content must remain byte-identical.
flyff_farming_simulator/scratchpad_diagnose_obstacle_approach_3_causal.py	scratchpad_diagnose_obstacle_approach_3_causal.py	tracked	e38c085b917313cdaf35e2c298a1d7828cb68cea	c166be00af6143ef78512ff05e1beaeb6122b01881bf3fdc47cc28f686c43fe8	6649	research	scratchpad_diagnose_obstacle_approach_3_causal.py	MOVE		none	One-level Alternative-A root collapse; content must remain byte-identical.
flyff_farming_simulator/scratchpad_diagnose_robust_origin_at_onset.py	scratchpad_diagnose_robust_origin_at_onset.py	tracked	e8747cdf866aeb0a1d5b858fe8af4087ef8666db	c8b22dce2533cb00bc34ee4c11939fe87cb82284260f501e9c5221ae69105742	3279	research	scratchpad_diagnose_robust_origin_at_onset.py	MOVE		none	One-level Alternative-A root collapse; content must remain byte-identical.
flyff_farming_simulator/scratchpad_diagnose_single_wall_right_1_regression.py	scratchpad_diagnose_single_wall_right_1_regression.py	tracked	7904577a4fac18c3a6a2aaa75708ca534318a504	ecbf3f99311aab93d4e7d1cb5c428a3208fa7eac40d39e4028690513aa3776cf	15178	research	scratchpad_diagnose_single_wall_right_1_regression.py	MOVE		none	One-level Alternative-A root collapse; content must remain byte-identical.
flyff_farming_simulator/scratchpad_diagnose_swr1_final_lock_suppressed.py	scratchpad_diagnose_swr1_final_lock_suppressed.py	tracked	b14d79cb7487feb8ae4640f8bcf6c8cf932adb12	990d4eb1721ae857f9c45ef4f003d57f59be54f7667c32c0c3ef6fed853b554a	10148	research	scratchpad_diagnose_swr1_final_lock_suppressed.py	MOVE		none	One-level Alternative-A root collapse; content must remain byte-identical.
flyff_farming_simulator/scratchpad_diagnose_two_wall_rtl_67_regression.py	scratchpad_diagnose_two_wall_rtl_67_regression.py	tracked	e07040bdd89ee5b9b82f501d62f8edfafc035c0c	9616ff367f005ee787b971909cb2a87241941f4690ebbec34407a369f26baba4	9507	research	scratchpad_diagnose_two_wall_rtl_67_regression.py	MOVE		none	One-level Alternative-A root collapse; content must remain byte-identical.
flyff_farming_simulator/scratchpad_diagnose_v3_terminal_gate_onsets.py	scratchpad_diagnose_v3_terminal_gate_onsets.py	tracked	e61d5fda444e14647fe8c30f7cb2b196320b9b74	1a9e5f88d1aa0d03d353877022e702fa554d5982f8600ceced443256e675e764	17084	research	scratchpad_diagnose_v3_terminal_gate_onsets.py	MOVE		none	One-level Alternative-A root collapse; content must remain byte-identical.
flyff_farming_simulator/scratchpad_general_router_episode.py	scratchpad_general_router_episode.py	tracked	bbd0fb1f1bb1610465f2b6036a55c825d5a60142	dc7ce7ff6940c1f4e98fad5b66fecb7f58c1616b3d0693935db2d7b3f4576f39	17014	research	scratchpad_general_router_episode.py	MOVE		none	One-level Alternative-A root collapse; content must remain byte-identical.
flyff_farming_simulator/scratchpad_historical_reproduction_guard.py	scratchpad_historical_reproduction_guard.py	tracked	144b438b7cfb6ae118b3f856a4d91cc05b4274f9	cd337ad451eedbcb9716568677b25f0f5576622b2663c4b0f2fc42292d8cbf2b	4363	historical/reproduction	scratchpad_historical_reproduction_guard.py	MOVE		none	One-level Alternative-A root collapse; content must remain byte-identical.
flyff_farming_simulator/scratchpad_legacy_qualified_selector.py	scratchpad_legacy_qualified_selector.py	tracked	a8fac25330a9d23bd53ae58a62b4c0284355362e	cfbb384c098be1ea26e798599c7b6b32882f326648a0f1568e1b4ab5e828f6be	5033	research	scratchpad_legacy_qualified_selector.py	MOVE		none	One-level Alternative-A root collapse; content must remain byte-identical.
flyff_farming_simulator/scratchpad_matched_eval_target_hysteresis.py	scratchpad_matched_eval_target_hysteresis.py	tracked	af54ba9fcb901c018234119239639ec41d6668a7	b225ee01ef10267e3cbc10660a65bf330151b9c4b5bbeb8b5543ce0ad9165b48	7474	research	scratchpad_matched_eval_target_hysteresis.py	MOVE		none	One-level Alternative-A root collapse; content must remain byte-identical.
flyff_farming_simulator/scratchpad_measure_target_thrashing.py	scratchpad_measure_target_thrashing.py	tracked	6a870f7e200e3fb513e7dbb373d05166bab47a59	337415d868efac2c62dac026e6afa49b424d5c143f3f24a6685cca099ead81f4	8987	research	scratchpad_measure_target_thrashing.py	MOVE		none	One-level Alternative-A root collapse; content must remain byte-identical.
flyff_farming_simulator/scratchpad_measure_target_thrashing_missing.py	scratchpad_measure_target_thrashing_missing.py	tracked	746f8b817433378b9ada52f0abae840455cefd10	9c5c3bc1065e5ac5efae073edf3aa348a0956cc317446ce73219804c3752a500	1406	research	scratchpad_measure_target_thrashing_missing.py	MOVE		none	One-level Alternative-A root collapse; content must remain byte-identical.
flyff_farming_simulator/scratchpad_monster_approach_baseline_eval.py	scratchpad_monster_approach_baseline_eval.py	tracked	ffd3bd6a58c786ec61f0fd4e822793804de33c7d	11cc87e4310280640ec1c20b7890276c19b55bee3cbe7a460e34ce64b74b0401	18829	research	scratchpad_monster_approach_baseline_eval.py	MOVE		none	One-level Alternative-A root collapse; content must remain byte-identical.
flyff_farming_simulator/scratchpad_monster_approach_baseline_pool.py	scratchpad_monster_approach_baseline_pool.py	tracked	a1a90fcca2ad1884dc127aaa116c2811ea1713b8	573c61bdb01a21f80aaf2725aea0100e75a6d9e6927109f0f61d00a2621c5fac	17227	research	scratchpad_monster_approach_baseline_pool.py	MOVE		none	One-level Alternative-A root collapse; content must remain byte-identical.
flyff_farming_simulator/scratchpad_monster_approach_baseline_run.py	scratchpad_monster_approach_baseline_run.py	tracked	7b0d48ec473377f86c1799123bac540c810db5d4	4a7caa5ac3d2f2ce31c69b075ee282aaabebc9e336ac5c94365a15c5e5266a62	13523	research	scratchpad_monster_approach_baseline_run.py	MOVE		none	One-level Alternative-A root collapse; content must remain byte-identical.
flyff_farming_simulator/scratchpad_monster_approach_obstacle_geometry_audit.py	scratchpad_monster_approach_obstacle_geometry_audit.py	tracked	6816be7a6afe1c88415d3bcd50fb75183a613648	d2bd1fd56b0a687bf32570e52e9ec0a23365417aa6641cfd33d86e832b0b7faa	7903	research	scratchpad_monster_approach_obstacle_geometry_audit.py	MOVE		none	One-level Alternative-A root collapse; content must remain byte-identical.
flyff_farming_simulator/scratchpad_ppo_pure_navigation.py	scratchpad_ppo_pure_navigation.py	tracked	0aa9cc6b0984f516b02851a2b5638dca1d83b9e6	0a5ee7410d6e509a1f6979e08998338ca3a6d7d692d635d13eaf9add14229a97	4521	research	scratchpad_ppo_pure_navigation.py	MOVE		none	One-level Alternative-A root collapse; content must remain byte-identical.
flyff_farming_simulator/scratchpad_ppo_pure_navigation_v2.py	scratchpad_ppo_pure_navigation_v2.py	tracked	b2bf834cb4079ab2b197d2061a3f50b1e31dcc43	3ef1f0c9c922f88b15023fdf2389a2b71844123d736e6ddf73d5fe67189db0e9	10084	research	scratchpad_ppo_pure_navigation_v2.py	MOVE		none	One-level Alternative-A root collapse; content must remain byte-identical.
flyff_farming_simulator/scratchpad_promotion_equivalence_check.py	scratchpad_promotion_equivalence_check.py	tracked	8b99a31135c5a131b1f86c8d86fcbd15d9acf3c0	657ceea50e811f07e7504523279fa570b8ed958340d0b9b4cac034d6b68c1d6c	8649	research	scratchpad_promotion_equivalence_check.py	MOVE		none	One-level Alternative-A root collapse; content must remain byte-identical.
flyff_farming_simulator/scratchpad_qualify_oracle_fresh_confirmation.py	scratchpad_qualify_oracle_fresh_confirmation.py	tracked	a2c0be84276084e332e67ed998f4f28303294783	95b7d5995aae1efbc5f03c6cbf20d94900a22ac30428194c66cf91e873255b22	5482	research	scratchpad_qualify_oracle_fresh_confirmation.py	MOVE		none	One-level Alternative-A root collapse; content must remain byte-identical.
flyff_farming_simulator/scratchpad_router_patch_qualification_compare.py	scratchpad_router_patch_qualification_compare.py	tracked	17b6148e3a6266300f9acdf7d56b9b2880993edf	be806ba102fc76a901a275e9a37a529d56d9255822555c2c7e502c7df2c5e740	13610	research	scratchpad_router_patch_qualification_compare.py	MOVE		none	One-level Alternative-A root collapse; content must remain byte-identical.
flyff_farming_simulator/scratchpad_router_patch_qualification_pool.py	scratchpad_router_patch_qualification_pool.py	tracked	cbe95e063ca4fc03efb7003c300d87b46f2f47b8	a3af449a4666aadfe0318b32aed3fecf4dc2cfeabc7c4d987921a6b57f59de81	2129	research	scratchpad_router_patch_qualification_pool.py	MOVE		none	One-level Alternative-A root collapse; content must remain byte-identical.
flyff_farming_simulator/scratchpad_router_v2_final_confirmation_820M.py	scratchpad_router_v2_final_confirmation_820M.py	tracked	36158b9f7aee0796482adb91992138807ed11446	0b30ddd60ebace8fd98f9439d7449c133f6f8966c723aa144405d9f29d997824	9755	research	scratchpad_router_v2_final_confirmation_820M.py	MOVE		none	One-level Alternative-A root collapse; content must remain byte-identical.
flyff_farming_simulator/scratchpad_router_v2_guarded_development_validation.py	scratchpad_router_v2_guarded_development_validation.py	tracked	289bb25cfc1f87c888714cf73eb8ab22df896d84	c6200fc2e286c919d891f231aa72cce1547df9dceb99dc4ac1658fb8fcf9fd8a	23612	research	scratchpad_router_v2_guarded_development_validation.py	MOVE		none	One-level Alternative-A root collapse; content must remain byte-identical.
flyff_farming_simulator/scratchpad_router_v2_qualification_840M.py	scratchpad_router_v2_qualification_840M.py	tracked	2e2b269b7a99fec126d99d781b53cd53a5c0fa03	dfa6feece8fcf5942fcab9fe7de2d9460c0307bb16b92e613e50f2fd57530665	9425	research	scratchpad_router_v2_qualification_840M.py	MOVE		none	One-level Alternative-A root collapse; content must remain byte-identical.
flyff_farming_simulator/scratchpad_router_v2_qualification_pool.py	scratchpad_router_v2_qualification_pool.py	tracked	07834509f24bfa52da67003c565f4003b7d3a56c	a3d595c68e38fc7b369651dc090cb1d4f56e588f9e432a81706fc641e46a275c	3187	research	scratchpad_router_v2_qualification_pool.py	MOVE		none	One-level Alternative-A root collapse; content must remain byte-identical.
flyff_farming_simulator/scratchpad_router_v2_quick_checks.py	scratchpad_router_v2_quick_checks.py	tracked	ac639968e4d5ca20029ff6db98c38dab6aa51ac0	71ab7578a99221bbd9cc11567c841ab5a590c3a2607a1abc6c6b2186dbd9c12b	5374	research	scratchpad_router_v2_quick_checks.py	MOVE		none	One-level Alternative-A root collapse; content must remain byte-identical.
flyff_farming_simulator/scratchpad_router_v2_recompute_gate_from_artifact.py	scratchpad_router_v2_recompute_gate_from_artifact.py	tracked	44e7c35fc6d04a6860166fbf6c2a5a759ee3ffd8	ec9e4be7ee22a44a028cf6209490c9730ce9e25aa5b80ecf3900ac7a81fc5f7b	2539	research	scratchpad_router_v2_recompute_gate_from_artifact.py	MOVE		none	One-level Alternative-A root collapse; content must remain byte-identical.
flyff_farming_simulator/scratchpad_routing_regression_fixtures.py	scratchpad_routing_regression_fixtures.py	tracked	bfba6f837addb90c954588286479294cd329db33	79275e2701dc918861e2b018d45829bb02115841f348c043f9d12c1d6d19b6eb	12750	research	scratchpad_routing_regression_fixtures.py	MOVE		none	One-level Alternative-A root collapse; content must remain byte-identical.
flyff_farming_simulator/scratchpad_single_obstacle_transfer_eval_calibrated_arc.py	scratchpad_single_obstacle_transfer_eval_calibrated_arc.py	tracked	e1faab6681f8b81d796807599d3420108923ff82	c965d50768413e26c3cad8110edfb451cc002a7a7d36ea6fa3441c061022b5ce	12263	research	scratchpad_single_obstacle_transfer_eval_calibrated_arc.py	MOVE		none	One-level Alternative-A root collapse; content must remain byte-identical.
flyff_farming_simulator/simulator/__init__.py	simulator/__init__.py	tracked	3d61215fbc9dc72f7e5db3388653bc1aaafd5a27	8751a50984bbd91a739a10d1825c7ee41d05d8a4b48d5947d72b246ff3434545	54	simulator-source	simulator/__init__.py	MOVE		none	One-level Alternative-A root collapse; content must remain byte-identical.
flyff_farming_simulator/simulator/basic_environment.py	simulator/basic_environment.py	tracked	a261437c69e35d1ac3b3ac655b1453008f2cc2af	4a53dbf9333868526af0e60cd440fe705b82c6dabc68ebc74fe05d9d7c67cc8e	18848	simulator-source	simulator/basic_environment.py	MOVE		none	One-level Alternative-A root collapse; content must remain byte-identical.
flyff_farming_simulator/simulator/basic_milestone_evaluator.py	simulator/basic_milestone_evaluator.py	tracked	23b3b36988b26b6f91764ddecf37ec65b1438194	befe7c24e5fcbcad311f9442e4b659400f1338c4cd77753a3a4b707d6a5a3531	10847	simulator-source	simulator/basic_milestone_evaluator.py	MOVE		none	One-level Alternative-A root collapse; content must remain byte-identical.
flyff_farming_simulator/simulator/basic_training.py	simulator/basic_training.py	tracked	205ca15fcc655a1d051f3fa9a471f92a864a06a5	0c31eda9355a548a61c1e9c37c8ccf1da402f32971d8523f4642103e61e7ad10	64556	simulator-source	simulator/basic_training.py	MOVE		none	One-level Alternative-A root collapse; content must remain byte-identical.
flyff_farming_simulator/simulator/beginner_transition.py	simulator/beginner_transition.py	tracked	c7d4c5927956732ff88066033d86db7585399065	f97d8f3819d1f3cb07195ec9db01f81067a8b6e61798e8d0bd28e7088b9a3c78	33572	simulator-source	simulator/beginner_transition.py	MOVE		none	One-level Alternative-A root collapse; content must remain byte-identical.
flyff_farming_simulator/simulator/cli.py	simulator/cli.py	tracked	c4a592af6005e5367a67b1a5bf32f0abb494ba80	d7d434b7b47b8ea6cb428fec1f2122f043dd64aab991e8085a3e58a433393d28	57679	simulator-source	simulator/cli.py	MOVE		none	One-level Alternative-A root collapse; content must remain byte-identical.
flyff_farming_simulator/simulator/curriculum_manifests.py	simulator/curriculum_manifests.py	tracked	0f0f84247b0489f41bbc5d4e073b2cafadfa9111	f43eef3975ea845eda235cd0338e07ad5b2e9ed2c32eb2da69cd96d696183c50	7702	simulator-source	simulator/curriculum_manifests.py	MOVE		none	One-level Alternative-A root collapse; content must remain byte-identical.
flyff_farming_simulator/simulator/curriculum_stages.py	simulator/curriculum_stages.py	tracked	4d6e1eded8e46d0e047b9da148ba8131d942ba9e	90bf0c7f883a194d02ade906bcd4f157be18b8291679b3baacdc0d3b927fed7d	4389	simulator-source	simulator/curriculum_stages.py	MOVE		none	One-level Alternative-A root collapse; content must remain byte-identical.
flyff_farming_simulator/simulator/dagger_v193.py	simulator/dagger_v193.py	tracked	0cd26c135b7d0daa6cc52bae6e0e65cefd16fd7b	6abced7c99382d25a12c413d729528c740d3bcddd51ce6724b438a51d442a22c	24370	simulator-source	simulator/dagger_v193.py	MOVE		none	One-level Alternative-A root collapse; content must remain byte-identical.
flyff_farming_simulator/simulator/demonstrations.py	simulator/demonstrations.py	tracked	1b1c68183b4571930d4c377bafc9b1e31d3095ff	dd941b05de1eab89ef725238d3809f346d4f1aeb40546f3683ae478bf5dbf623	15055	simulator-source	simulator/demonstrations.py	MOVE		none	One-level Alternative-A root collapse; content must remain byte-identical.
flyff_farming_simulator/simulator/environment.py	simulator/environment.py	tracked	102f81527fc6edc6821257ae070c52f7bf7d0878	4d4870508c50e0d8f82961cdd9c493f27c04e207cb015f5634cf1c7a405cd014	42913	simulator-source	simulator/environment.py	MOVE		none	One-level Alternative-A root collapse; content must remain byte-identical.
flyff_farming_simulator/simulator/factorized_cli.py	simulator/factorized_cli.py	tracked	0aa46ca7f4d02c6d86fa14cff959ac09de559f69	96911e1c47023b2d1b70a0f6805406c818bb62623595b5aa4ecdc0dee055202a	24328	simulator-source	simulator/factorized_cli.py	MOVE		none	One-level Alternative-A root collapse; content must remain byte-identical.
flyff_farming_simulator/simulator/factorized_training.py	simulator/factorized_training.py	tracked	59dfa23f5648dd2bc7f1230092d7023004e5923b	6969ca220b5c3bc78effa73678c4ca29332dd85ab83a30af20ccb4b1f3058121	38879	simulator-source	simulator/factorized_training.py	MOVE		none	One-level Alternative-A root collapse; content must remain byte-identical.
flyff_farming_simulator/simulator/factorized_v193_cli.py	simulator/factorized_v193_cli.py	tracked	4cb6a745768861408857cd69da06e29737b02024	c4091ff462231a85f2e96e0827c0327d340056c9f97b030893a1fd7d3c682a16	32533	simulator-source	simulator/factorized_v193_cli.py	MOVE		none	One-level Alternative-A root collapse; content must remain byte-identical.
flyff_farming_simulator/simulator/factorized_v193_training.py	simulator/factorized_v193_training.py	tracked	18c4a925c20a9cb00846766f7b88551084c4a88a	6148a928322f0411b92713e1bb3bad73bbe70bdf263848b22d4b9e3a8229b3e9	59842	simulator-source	simulator/factorized_v193_training.py	MOVE		none	One-level Alternative-A root collapse; content must remain byte-identical.
flyff_farming_simulator/simulator/fair_time_cli.py	simulator/fair_time_cli.py	tracked	c94e5eaac8fd36aeda3fd79d31069800e4b20195	469e8be51e547cca6d4fd1c407aa0103683a46f493cc9a9e705e2f1e20f485c3	47659	simulator-source	simulator/fair_time_cli.py	MOVE		none	One-level Alternative-A root collapse; content must remain byte-identical.
flyff_farming_simulator/simulator/geometry_features.py	simulator/geometry_features.py	tracked	77c08a0458d2ba2d3a08b984f0c35596f26a39c2	1d8a571342d71c777e508655579e0e4401c6ce83f39c2d870c0cb13b8b01ecee	5290	simulator-source	simulator/geometry_features.py	MOVE		none	One-level Alternative-A root collapse; content must remain byte-identical.
flyff_farming_simulator/simulator/kinodynamic_route_planner.py	simulator/kinodynamic_route_planner.py	tracked	0f6ce918567a3d4316c05d8edda72a4c09fd56e1	1d8fd845873e12a8d27c6e2c84db1a16a018e890fed4c74390b69695b7d671dc	59625	simulator-source	simulator/kinodynamic_route_planner.py	MOVE		none	One-level Alternative-A root collapse; content must remain byte-identical.
flyff_farming_simulator/simulator/local_clearance.py	simulator/local_clearance.py	tracked	86451b111e5948cddf29f9d4a6204ff5b1fe74c2	edcf4eb677b248c5046fa9677648164f3dace72d77239021f2d2600aa02836ad	3061	simulator-source	simulator/local_clearance.py	MOVE		none	One-level Alternative-A root collapse; content must remain byte-identical.
flyff_farming_simulator/simulator/local_navigation_features.py	simulator/local_navigation_features.py	tracked	36e37f8f950a4dadf65faa933b98adc9e3b48876	f7287bc7d16b2ae4202ecc11577522f98f543d22f1d4f8db878c395384cb34c3	7085	simulator-source	simulator/local_navigation_features.py	MOVE		none	One-level Alternative-A root collapse; content must remain byte-identical.
flyff_farming_simulator/simulator/map_model.py	simulator/map_model.py	tracked	7a84e40807c523ab645f877097a0e688d8fa24d0	c832d7e365c2449613ad55a80894855722c7b28e2ef071ef9d228b372320b96a	8805	simulator-source	simulator/map_model.py	MOVE		none	One-level Alternative-A root collapse; content must remain byte-identical.
flyff_farming_simulator/simulator/milestone_evaluator.py	simulator/milestone_evaluator.py	tracked	45c00c7de077e45dd16ea6f20f75edfaf22b44a2	cbf8f38ffb2f68c9a9eb92052a4beab84c0d94492b4a45a50f1680006d6c1259	31783	simulator-source	simulator/milestone_evaluator.py	MOVE		none	One-level Alternative-A root collapse; content must remain byte-identical.
flyff_farming_simulator/simulator/movement_classification.py	simulator/movement_classification.py	tracked	f4530c56e0c152910278d496afc1291e12418d1c	cb5c9c83b5fdb0b670822f7760bd55a44aab6a1cdac0aedcb4c79b204f36501a	3420	simulator-source	simulator/movement_classification.py	MOVE		none	One-level Alternative-A root collapse; content must remain byte-identical.
flyff_farming_simulator/simulator/movement_kernel.py	simulator/movement_kernel.py	tracked	c09ce8254c79a0a9ee74229c20753f0ad52278cc	0b1774ba5ed29262f8d72bdb3549b0fc8b4b684ba915e457d6cc5d42fdbcfb47	10279	simulator-source	simulator/movement_kernel.py	MOVE		none	One-level Alternative-A root collapse; content must remain byte-identical.
flyff_farming_simulator/simulator/movement_kinematics.py	simulator/movement_kinematics.py	tracked	e868049db896e85180ac41d9bd12fee0f1faa470	ab27fe295ee2731cbea2c9dbfc1644a56f07bceae9f6a36598e7f31463aa042d	2552	simulator-source	simulator/movement_kinematics.py	MOVE		none	One-level Alternative-A root collapse; content must remain byte-identical.
flyff_farming_simulator/simulator/navigation_dataset.py	simulator/navigation_dataset.py	tracked	c42e1069e430f41cdbea1b7d7183e380b0f360c1	4151515616b2dc2876bb68a473aeb3a1fd56e18d0e6ea689286581afb0ab2dcb	13044	simulator-source	simulator/navigation_dataset.py	MOVE		none	One-level Alternative-A root collapse; content must remain byte-identical.
flyff_farming_simulator/simulator/navigation_history.py	simulator/navigation_history.py	tracked	3f4238093513eed7b44b299c32d317df0bfb050d	d654a26c0f3aa23ff1168b927b572f7f30882a7612424e16929dda4eab8c59c0	10943	simulator-source	simulator/navigation_history.py	MOVE		none	One-level Alternative-A root collapse; content must remain byte-identical.
flyff_farming_simulator/simulator/navigation_ppo.py	simulator/navigation_ppo.py	tracked	387027c5b8e560bacd7feb3747caab9306177038	367c8ff7d8397a73febe1978983091c2397bbf8732fdfab584d771b24e0fffe1	6813	simulator-source	simulator/navigation_ppo.py	MOVE		none	One-level Alternative-A root collapse; content must remain byte-identical.
flyff_farming_simulator/simulator/progress_reporting.py	simulator/progress_reporting.py	tracked	9ff3fd8fc4a5fc56295e0c477365657f6676e19c	9b539b34598b4f47c728b4413f4b981d9173a52a1150df418b0f5ac989787006	5795	simulator-source	simulator/progress_reporting.py	MOVE		none	One-level Alternative-A root collapse; content must remain byte-identical.
flyff_farming_simulator/simulator/pure_navigation_env.py	simulator/pure_navigation_env.py	tracked	238bcf2ce9e17833bac90ba1bd541ff081002600	10288f574ae147cbff9315c64b55fcab65e415a523cc4f9b03a0d80e02e77692	15660	simulator-source	simulator/pure_navigation_env.py	MOVE		none	One-level Alternative-A root collapse; content must remain byte-identical.
flyff_farming_simulator/simulator/real_map_ppo.py	simulator/real_map_ppo.py	tracked	4b1de41a509cbd5c5f70d8f8d1bc8bbd4e81c6ae	e9bf64863ae142fbe9437eca263dc138f60d480e98c66f348d08f910e0c8f51b	3528	simulator-source	simulator/real_map_ppo.py	MOVE		none	One-level Alternative-A root collapse; content must remain byte-identical.
flyff_farming_simulator/simulator/recording_discovery.py	simulator/recording_discovery.py	tracked	0896226ad71d5b0bc6f456a1e448c2bbec20d9ad	751efa92904e1f652edb2ec530add9f18774e0ce2a7315b25d35c4df4e30a9df	3721	simulator-source	simulator/recording_discovery.py	MOVE		none	One-level Alternative-A root collapse; content must remain byte-identical.
flyff_farming_simulator/simulator/recovery_controller.py	simulator/recovery_controller.py	tracked	b924a77e1b1924a9df03a169ec80f773cd95aad1	1e86b030eb5fd80e851cd9f3781d287a8483062b68d9888cd1fdd7eb5e3d4170	8755	simulator-source	simulator/recovery_controller.py	MOVE		none	One-level Alternative-A root collapse; content must remain byte-identical.
flyff_farming_simulator/simulator/reward_model.py	simulator/reward_model.py	tracked	9215972e47fcd112a38ac2ac1125c9f280838cc3	c20e39dc07b69bf8d4e9737a0fbbd1563a2d433be50408ebf875196ce38589d0	11323	simulator-source	simulator/reward_model.py	MOVE		none	One-level Alternative-A root collapse; content must remain byte-identical.
flyff_farming_simulator/simulator/route_waypoint_generator.py	simulator/route_waypoint_generator.py	tracked	ba39ceb776f20e4d69877dfbac2a466e2e31bbc7	f369626427f5ca25704633138da033488a72334cc8471f3db40a541539a552f6	10040	simulator-source	simulator/route_waypoint_generator.py	MOVE		none	One-level Alternative-A root collapse; content must remain byte-identical.
flyff_farming_simulator/simulator/router_waypoint_env.py	simulator/router_waypoint_env.py	tracked	8e4081e5ce72714284847b4740f2582cd7c97b0b	5cb44e7a3fa28b5e35182bb88912e3fbeec924a87f3f9c080f6200c6913e8f6d	12372	simulator-source	simulator/router_waypoint_env.py	MOVE		none	One-level Alternative-A root collapse; content must remain byte-identical.
flyff_farming_simulator/simulator/run_provenance.py	simulator/run_provenance.py	tracked	9445ca06c14d5be0d1a019d73fa1098bfdd889c0	89c7496bbe5f7e978b4b9bacce150ea8be56c24b5a53c2a44e254ccf44ed624f	5195	research	simulator/run_provenance.py	MOVE		none	One-level Alternative-A root collapse; content must remain byte-identical.
flyff_farming_simulator/simulator/schema.py	simulator/schema.py	tracked	6e96ab901ac66ced60e24508093d5ec2da15060b	979ad5ff47f0b37fcf8eb0555f6b82502d5bb964d8b25370f80609ebd179768f	13804	simulator-source	simulator/schema.py	MOVE		none	One-level Alternative-A root collapse; content must remain byte-identical.
flyff_farming_simulator/simulator/scripted_policies.py	simulator/scripted_policies.py	tracked	9d31a6aae741f64277013208d6674e6d3291d891	919917472f995eb8f243f813d4cec7ccec08c3744f95375aa461ab063041f9a7	5785	simulator-source	simulator/scripted_policies.py	MOVE		none	One-level Alternative-A root collapse; content must remain byte-identical.
flyff_farming_simulator/simulator/single_obstacle_env.py	simulator/single_obstacle_env.py	tracked	4ff9ea620424d8ea966c858722f682184976f523	254a52ee4587e9b5bfebeff66c2fc8741840820edee1a743a41f348adc86e353	13942	simulator-source	simulator/single_obstacle_env.py	MOVE		none	One-level Alternative-A root collapse; content must remain byte-identical.
flyff_farming_simulator/simulator/split_branch_policy.py	simulator/split_branch_policy.py	tracked	3a73ec18d3fdf12f10f749f346670d5c0ebac424	85244a82df645e303cc4edde4e89fd02b6b5b071017467a6a39e63cb93275e26	14609	simulator-source	simulator/split_branch_policy.py	MOVE		none	One-level Alternative-A root collapse; content must remain byte-identical.
flyff_farming_simulator/simulator/stagnation_diagnostics.py	simulator/stagnation_diagnostics.py	tracked	9ac165f71a80594454df177c09aa1c9d63fefa0b	7a2225e0678e1a71ed73cf914a2dd8e5e58ce4b4cca4ab1964129b936fed8530	8037	simulator-source	simulator/stagnation_diagnostics.py	MOVE		none	One-level Alternative-A root collapse; content must remain byte-identical.
flyff_farming_simulator/simulator/static_waypoint_env.py	simulator/static_waypoint_env.py	tracked	918a3f0a2f186b6340f7e39902ddcc97ad2ec40b	be7a4161a4a2d1d052f787161178bf5e29fdf764c3a04151dc676566082058a2	14314	simulator-source	simulator/static_waypoint_env.py	MOVE		none	One-level Alternative-A root collapse; content must remain byte-identical.
flyff_farming_simulator/simulator/steering_oracle.py	simulator/steering_oracle.py	tracked	6ed7b14bb0c2717aec75be51dcd480c29c36f322	abff9b6ec9a3eb5b5370fbadf317cb2b2eb02c691387caa6a20ab06d0d6d5436	36276	simulator-source	simulator/steering_oracle.py	MOVE		none	One-level Alternative-A root collapse; content must remain byte-identical.
flyff_farming_simulator/simulator/synthetic.py	simulator/synthetic.py	tracked	becb9fe72d4dea9e0b1dee749e93a63f405d6b32	75910027d43cc0b272ffee31e2c0d6f88bded48768b72b6e49655058358eef47	43978	simulator-source	simulator/synthetic.py	MOVE		none	One-level Alternative-A root collapse; content must remain byte-identical.
flyff_farming_simulator/simulator/training.py	simulator/training.py	tracked	eac593595fdab79005f160e6c47dbd0c5a3c4404	ed288552a1495efcc1bebcc526b9363ea4a87d9f51b512dba78a61ef1963d0a5	21112	simulator-source	simulator/training.py	MOVE		none	One-level Alternative-A root collapse; content must remain byte-identical.
flyff_farming_simulator/simulator/world_model.py	simulator/world_model.py	tracked	8435e5b09fe5e2b89f7df2789762ba3af13af41c	8fd8626766b375ada3a33ec820b988a531eacb09b686d3d2139f3657b2517c35	21470	simulator-source	simulator/world_model.py	MOVE		none	One-level Alternative-A root collapse; content must remain byte-identical.
flyff_farming_simulator/synthetic_curriculum/curriculum.json	synthetic_curriculum/curriculum.json	tracked	7649568cc0d0d844d0acdc3f05898913be8c13fc	c30c79e69a21e51f4a72358985331ebeb2e7e183dff20bbc5f0bc3cf1039e81a	6796	config	synthetic_curriculum/curriculum.json	MOVE		none	One-level Alternative-A root collapse; content must remain byte-identical.
flyff_farming_simulator/synthetic_curriculum/variants/01_early_open_field_typical_fast/map_assets/coordinate_frame.json	synthetic_curriculum/variants/01_early_open_field_typical_fast/map_assets/coordinate_frame.json	tracked	64529ba558428ad753e34e011b72712de2a47460	597d0050861ff15776667fd86ea79a190bb7da3e4a324f609dd24d1697c3bee7	87	scientific-artifact	synthetic_curriculum/variants/01_early_open_field_typical_fast/map_assets/coordinate_frame.json	MOVE		none	One-level Alternative-A root collapse; content must remain byte-identical.
flyff_farming_simulator/synthetic_curriculum/variants/01_early_open_field_typical_fast/map_assets/map.json	synthetic_curriculum/variants/01_early_open_field_typical_fast/map_assets/map.json	tracked	38b48c0b2cf53ae8ad1a442c428b546bbe3c5f0c	5d6f2d3ab0178c388b61a1be1745e5b5c2d1200c80c2aed01838b40d3fc786d0	579	scientific-artifact	synthetic_curriculum/variants/01_early_open_field_typical_fast/map_assets/map.json	MOVE		none	One-level Alternative-A root collapse; content must remain byte-identical.
flyff_farming_simulator/synthetic_curriculum/variants/01_early_open_field_typical_fast/map_assets/occupancy.npy	synthetic_curriculum/variants/01_early_open_field_typical_fast/map_assets/occupancy.npy	tracked	e9261c965dd8b876340977ac0bbeadd254cd8581	51937052c04b000b0c250cd121edef81650bbf389dfc82d6b520821907a3a0df	35472	scientific-artifact	synthetic_curriculum/variants/01_early_open_field_typical_fast/map_assets/occupancy.npy	MOVE		none	One-level Alternative-A root collapse; content must remain byte-identical.
flyff_farming_simulator/synthetic_curriculum/variants/01_early_open_field_typical_fast/world.json.gz	synthetic_curriculum/variants/01_early_open_field_typical_fast/world.json.gz	tracked	33aa498000ed0bc941883f123a61ed99734dc129	540087b128eed1935ff49d44b1cddc186ff2c60a278a081627ac1b05bc2504f3	30339	simulator-source	synthetic_curriculum/variants/01_early_open_field_typical_fast/world.json.gz	MOVE		none	One-level Alternative-A root collapse; content must remain byte-identical.
flyff_farming_simulator/synthetic_curriculum/variants/02_early_wide_neck_high_typical/map_assets/coordinate_frame.json	synthetic_curriculum/variants/02_early_wide_neck_high_typical/map_assets/coordinate_frame.json	tracked	64529ba558428ad753e34e011b72712de2a47460	597d0050861ff15776667fd86ea79a190bb7da3e4a324f609dd24d1697c3bee7	87	scientific-artifact	synthetic_curriculum/variants/02_early_wide_neck_high_typical/map_assets/coordinate_frame.json	MOVE		none	One-level Alternative-A root collapse; content must remain byte-identical.
flyff_farming_simulator/synthetic_curriculum/variants/02_early_wide_neck_high_typical/map_assets/map.json	synthetic_curriculum/variants/02_early_wide_neck_high_typical/map_assets/map.json	tracked	67c4175c8aeb8787dcaaa4c0690f9b5b44fd1784	9ebc87f6cf221aab1a0f411994ba51f51ad224f9f12a80bd054a002ad80a33ba	576	scientific-artifact	synthetic_curriculum/variants/02_early_wide_neck_high_typical/map_assets/map.json	MOVE		none	One-level Alternative-A root collapse; content must remain byte-identical.
flyff_farming_simulator/synthetic_curriculum/variants/02_early_wide_neck_high_typical/map_assets/occupancy.npy	synthetic_curriculum/variants/02_early_wide_neck_high_typical/map_assets/occupancy.npy	tracked	68cc08c2c467916e08c46851837bf7d40d3b4c05	cc42a65afb6fed543022957016cad5b210b4d3046e67a7bad2db557f6a6d1d3e	39729	scientific-artifact	synthetic_curriculum/variants/02_early_wide_neck_high_typical/map_assets/occupancy.npy	MOVE		none	One-level Alternative-A root collapse; content must remain byte-identical.
flyff_farming_simulator/synthetic_curriculum/variants/02_early_wide_neck_high_typical/world.json.gz	synthetic_curriculum/variants/02_early_wide_neck_high_typical/world.json.gz	tracked	c4a532fe24a4e478ec6fb6a687bbc2c865ff1278	59d8cd6163f6d7e0fe18695ba278d264d7c30208ba8941a4dbb1779dabcd0ef4	37498	simulator-source	synthetic_curriculum/variants/02_early_wide_neck_high_typical/world.json.gz	MOVE		none	One-level Alternative-A root collapse; content must remain byte-identical.
flyff_farming_simulator/synthetic_curriculum/variants/03_early_open_field_low_fast/map_assets/coordinate_frame.json	synthetic_curriculum/variants/03_early_open_field_low_fast/map_assets/coordinate_frame.json	tracked	64529ba558428ad753e34e011b72712de2a47460	597d0050861ff15776667fd86ea79a190bb7da3e4a324f609dd24d1697c3bee7	87	scientific-artifact	synthetic_curriculum/variants/03_early_open_field_low_fast/map_assets/coordinate_frame.json	MOVE		none	One-level Alternative-A root collapse; content must remain byte-identical.
flyff_farming_simulator/synthetic_curriculum/variants/03_early_open_field_low_fast/map_assets/map.json	synthetic_curriculum/variants/03_early_open_field_low_fast/map_assets/map.json	tracked	fbfc731e90534540a33ed3dc740e2ac30c92151f	c353902b5eea2b2dfedac4a5b625bebb72dc75a2ccfb154250497a4d3676f112	571	scientific-artifact	synthetic_curriculum/variants/03_early_open_field_low_fast/map_assets/map.json	MOVE		none	One-level Alternative-A root collapse; content must remain byte-identical.
flyff_farming_simulator/synthetic_curriculum/variants/03_early_open_field_low_fast/map_assets/occupancy.npy	synthetic_curriculum/variants/03_early_open_field_low_fast/map_assets/occupancy.npy	tracked	8d8ca7775ca9b1f0ec6855b591e32c6e989ffc4d	4ddd457bf1d6f43f7d0be3047b9d6ac0a03b55847174512578a4669eecca9df3	42977	scientific-artifact	synthetic_curriculum/variants/03_early_open_field_low_fast/map_assets/occupancy.npy	MOVE		none	One-level Alternative-A root collapse; content must remain byte-identical.
flyff_farming_simulator/synthetic_curriculum/variants/03_early_open_field_low_fast/world.json.gz	synthetic_curriculum/variants/03_early_open_field_low_fast/world.json.gz	tracked	9d8fd512d60d4ccb2988318e148067997d80f27e	1c8e496c28887e5c936af2df77a85f42d1fbcd45485789eb5fc62727a3bbb90c	26901	simulator-source	synthetic_curriculum/variants/03_early_open_field_low_fast/world.json.gz	MOVE		none	One-level Alternative-A root collapse; content must remain byte-identical.
flyff_farming_simulator/synthetic_curriculum/variants/04_early_wide_neck_typical_bursty/map_assets/coordinate_frame.json	synthetic_curriculum/variants/04_early_wide_neck_typical_bursty/map_assets/coordinate_frame.json	tracked	64529ba558428ad753e34e011b72712de2a47460	597d0050861ff15776667fd86ea79a190bb7da3e4a324f609dd24d1697c3bee7	87	scientific-artifact	synthetic_curriculum/variants/04_early_wide_neck_typical_bursty/map_assets/coordinate_frame.json	MOVE		none	One-level Alternative-A root collapse; content must remain byte-identical.
flyff_farming_simulator/synthetic_curriculum/variants/04_early_wide_neck_typical_bursty/map_assets/map.json	synthetic_curriculum/variants/04_early_wide_neck_typical_bursty/map_assets/map.json	tracked	07ccd58c2b2cababcf09831c5ceeded72c8f59b3	07dc28642cba422559cbb9adce1c72e2deef60d6cad4d6b3b63d14bb547048aa	581	scientific-artifact	synthetic_curriculum/variants/04_early_wide_neck_typical_bursty/map_assets/map.json	MOVE		none	One-level Alternative-A root collapse; content must remain byte-identical.
flyff_farming_simulator/synthetic_curriculum/variants/04_early_wide_neck_typical_bursty/map_assets/occupancy.npy	synthetic_curriculum/variants/04_early_wide_neck_typical_bursty/map_assets/occupancy.npy	tracked	8ed6251c3886cc822e8a01306e5e8e051a4f4805	70046ef2e9ca8ec2603b46c8bdbf9efda4a80afc193a3bddfad9ba3d2c0cf35f	47217	scientific-artifact	synthetic_curriculum/variants/04_early_wide_neck_typical_bursty/map_assets/occupancy.npy	MOVE		none	One-level Alternative-A root collapse; content must remain byte-identical.
flyff_farming_simulator/synthetic_curriculum/variants/04_early_wide_neck_typical_bursty/world.json.gz	synthetic_curriculum/variants/04_early_wide_neck_typical_bursty/world.json.gz	tracked	e27f29746b332386870a158e69a90a7b92a1cd7e	c08413bd02d232ff2450a30baa716f50d6d46aa6eb146bacbf9bad888b3605f7	29007	simulator-source	synthetic_curriculum/variants/04_early_wide_neck_typical_bursty/world.json.gz	MOVE		none	One-level Alternative-A root collapse; content must remain byte-identical.
flyff_farming_simulator/synthetic_curriculum/variants/05_intermediate_irregular_plain_uneven_typical/map_assets/coordinate_frame.json	synthetic_curriculum/variants/05_intermediate_irregular_plain_uneven_typical/map_assets/coordinate_frame.json	tracked	64529ba558428ad753e34e011b72712de2a47460	597d0050861ff15776667fd86ea79a190bb7da3e4a324f609dd24d1697c3bee7	87	scientific-artifact	synthetic_curriculum/variants/05_intermediate_irregular_plain_uneven_typical/map_assets/coordinate_frame.json	MOVE		none	One-level Alternative-A root collapse; content must remain byte-identical.
flyff_farming_simulator/synthetic_curriculum/variants/05_intermediate_irregular_plain_uneven_typical/map_assets/map.json	synthetic_curriculum/variants/05_intermediate_irregular_plain_uneven_typical/map_assets/map.json	tracked	cc5aaf0844599ce12ca4ca916b6161c506e06641	3887a15b523cb3e4b69bfe4fc5be7f47bd0e4f0d2bd5fe154a6a6de3dcc45f09	609	scientific-artifact	synthetic_curriculum/variants/05_intermediate_irregular_plain_uneven_typical/map_assets/map.json	MOVE		none	One-level Alternative-A root collapse; content must remain byte-identical.
flyff_farming_simulator/synthetic_curriculum/variants/05_intermediate_irregular_plain_uneven_typical/map_assets/occupancy.npy	synthetic_curriculum/variants/05_intermediate_irregular_plain_uneven_typical/map_assets/occupancy.npy	tracked	24de2f9f78f0898dd45f65a7360801e40de74f4c	48e7b934ad4e9db66537a2927abe606f184f7718d3ccafe16bfb4ea8cb069c85	42977	scientific-artifact	synthetic_curriculum/variants/05_intermediate_irregular_plain_uneven_typical/map_assets/occupancy.npy	MOVE		none	One-level Alternative-A root collapse; content must remain byte-identical.
flyff_farming_simulator/synthetic_curriculum/variants/05_intermediate_irregular_plain_uneven_typical/world.json.gz	synthetic_curriculum/variants/05_intermediate_irregular_plain_uneven_typical/world.json.gz	tracked	b4da54169f995d9399fa1d07b564951cef35d0c1	732dc962a122fd57f6e83dd429d987430da4137651d84e459cd579e4448731f1	28518	simulator-source	synthetic_curriculum/variants/05_intermediate_irregular_plain_uneven_typical/world.json.gz	MOVE		none	One-level Alternative-A root collapse; content must remain byte-identical.
flyff_farming_simulator/synthetic_curriculum/variants/06_intermediate_split_field_typical_variable/map_assets/coordinate_frame.json	synthetic_curriculum/variants/06_intermediate_split_field_typical_variable/map_assets/coordinate_frame.json	tracked	64529ba558428ad753e34e011b72712de2a47460	597d0050861ff15776667fd86ea79a190bb7da3e4a324f609dd24d1697c3bee7	87	scientific-artifact	synthetic_curriculum/variants/06_intermediate_split_field_typical_variable/map_assets/coordinate_frame.json	MOVE		none	One-level Alternative-A root collapse; content must remain byte-identical.
flyff_farming_simulator/synthetic_curriculum/variants/06_intermediate_split_field_typical_variable/map_assets/map.json	synthetic_curriculum/variants/06_intermediate_split_field_typical_variable/map_assets/map.json	tracked	3d31d0268a4e42d5fcbd17cbea96e474ed8e1d2f	2736c3fdff25d0d1687b17a6ddb6f63ac3bb4d859a27a2bb67adf82e582b185e	605	scientific-artifact	synthetic_curriculum/variants/06_intermediate_split_field_typical_variable/map_assets/map.json	MOVE		none	One-level Alternative-A root collapse; content must remain byte-identical.
flyff_farming_simulator/synthetic_curriculum/variants/06_intermediate_split_field_typical_variable/map_assets/occupancy.npy	synthetic_curriculum/variants/06_intermediate_split_field_typical_variable/map_assets/occupancy.npy	tracked	a4d972ac694a740c875c413a80f23f63ab1b7254	d80122de09be1274a7f209864d9bf2724b95b91bd342011945745b32de205217	53028	scientific-artifact	synthetic_curriculum/variants/06_intermediate_split_field_typical_variable/map_assets/occupancy.npy	MOVE		none	One-level Alternative-A root collapse; content must remain byte-identical.
flyff_farming_simulator/synthetic_curriculum/variants/06_intermediate_split_field_typical_variable/world.json.gz	synthetic_curriculum/variants/06_intermediate_split_field_typical_variable/world.json.gz	tracked	b2cabdec12621cc76dad40856971e55cf6176594	eb32982d85cbc35964bbf2b4082029ad8f96a5445644d2a3861d5faf7cdf6c52	33013	simulator-source	synthetic_curriculum/variants/06_intermediate_split_field_typical_variable/world.json.gz	MOVE		none	One-level Alternative-A root collapse; content must remain byte-identical.
flyff_farming_simulator/synthetic_curriculum/variants/07_intermediate_irregular_plain_high_bursty/map_assets/coordinate_frame.json	synthetic_curriculum/variants/07_intermediate_irregular_plain_high_bursty/map_assets/coordinate_frame.json	tracked	64529ba558428ad753e34e011b72712de2a47460	597d0050861ff15776667fd86ea79a190bb7da3e4a324f609dd24d1697c3bee7	87	scientific-artifact	synthetic_curriculum/variants/07_intermediate_irregular_plain_high_bursty/map_assets/coordinate_frame.json	MOVE		none	One-level Alternative-A root collapse; content must remain byte-identical.
flyff_farming_simulator/synthetic_curriculum/variants/07_intermediate_irregular_plain_high_bursty/map_assets/map.json	synthetic_curriculum/variants/07_intermediate_irregular_plain_high_bursty/map_assets/map.json	tracked	f590f3ac5e21017080a238c7825309ca94db804b	a6f841789c98f3e8e4197cef1ef341e18ef49f629495d3c244c1e9f2f7835e2b	602	scientific-artifact	synthetic_curriculum/variants/07_intermediate_irregular_plain_high_bursty/map_assets/map.json	MOVE		none	One-level Alternative-A root collapse; content must remain byte-identical.
flyff_farming_simulator/synthetic_curriculum/variants/07_intermediate_irregular_plain_high_bursty/map_assets/occupancy.npy	synthetic_curriculum/variants/07_intermediate_irregular_plain_high_bursty/map_assets/occupancy.npy	tracked	897e89f639b09279450bde76f541200658448215	0e44afee90054fa044da4f7fa84a010fa4308ae24eb70d5cad590c3fdabdb3ad	57728	scientific-artifact	synthetic_curriculum/variants/07_intermediate_irregular_plain_high_bursty/map_assets/occupancy.npy	MOVE		none	One-level Alternative-A root collapse; content must remain byte-identical.
flyff_farming_simulator/synthetic_curriculum/variants/07_intermediate_irregular_plain_high_bursty/world.json.gz	synthetic_curriculum/variants/07_intermediate_irregular_plain_high_bursty/world.json.gz	tracked	39f7899951d767cf06b02962dc2fa50acc6e3b1e	32772e7e8be61c59a461dcd69da8a3ba2d39659a92bde365ab70b464670f4427	37628	simulator-source	synthetic_curriculum/variants/07_intermediate_irregular_plain_high_bursty/world.json.gz	MOVE		none	One-level Alternative-A root collapse; content must remain byte-identical.
flyff_farming_simulator/synthetic_curriculum/variants/08_intermediate_split_field_shifting_typical/map_assets/coordinate_frame.json	synthetic_curriculum/variants/08_intermediate_split_field_shifting_typical/map_assets/coordinate_frame.json	tracked	64529ba558428ad753e34e011b72712de2a47460	597d0050861ff15776667fd86ea79a190bb7da3e4a324f609dd24d1697c3bee7	87	scientific-artifact	synthetic_curriculum/variants/08_intermediate_split_field_shifting_typical/map_assets/coordinate_frame.json	MOVE		none	One-level Alternative-A root collapse; content must remain byte-identical.
flyff_farming_simulator/synthetic_curriculum/variants/08_intermediate_split_field_shifting_typical/map_assets/map.json	synthetic_curriculum/variants/08_intermediate_split_field_shifting_typical/map_assets/map.json	tracked	a0cb2e1e28d6d267de7b49ec2e1b4cb7d8d9b43c	ade59cd29208087361e4e6056d0af17d43fbcab98ae1c6311254a8c9a8b4c170	605	scientific-artifact	synthetic_curriculum/variants/08_intermediate_split_field_shifting_typical/map_assets/map.json	MOVE		none	One-level Alternative-A root collapse; content must remain byte-identical.
flyff_farming_simulator/synthetic_curriculum/variants/08_intermediate_split_field_shifting_typical/map_assets/occupancy.npy	synthetic_curriculum/variants/08_intermediate_split_field_shifting_typical/map_assets/occupancy.npy	tracked	fdfec12d714cf9ab73bd5920ef4318c3c3c64b30	7ad2a83fc8d57c68b56d4c3d6acb7e89308865d4a0526063dc47614fa767714a	52569	scientific-artifact	synthetic_curriculum/variants/08_intermediate_split_field_shifting_typical/map_assets/occupancy.npy	MOVE		none	One-level Alternative-A root collapse; content must remain byte-identical.
flyff_farming_simulator/synthetic_curriculum/variants/08_intermediate_split_field_shifting_typical/world.json.gz	synthetic_curriculum/variants/08_intermediate_split_field_shifting_typical/world.json.gz	tracked	8dcc22a041fb4680d5ba40f3172afa9e3a58c883	416ba22d924676433de6c4d0665617f7e133341d6ece92a611c20596941f07d0	32084	simulator-source	synthetic_curriculum/variants/08_intermediate_split_field_shifting_typical/world.json.gz	MOVE		none	One-level Alternative-A root collapse; content must remain byte-identical.
flyff_farming_simulator/synthetic_curriculum/variants/09_advanced_broad_lobes_shifting_variable/map_assets/coordinate_frame.json	synthetic_curriculum/variants/09_advanced_broad_lobes_shifting_variable/map_assets/coordinate_frame.json	tracked	64529ba558428ad753e34e011b72712de2a47460	597d0050861ff15776667fd86ea79a190bb7da3e4a324f609dd24d1697c3bee7	87	scientific-artifact	synthetic_curriculum/variants/09_advanced_broad_lobes_shifting_variable/map_assets/coordinate_frame.json	MOVE		none	One-level Alternative-A root collapse; content must remain byte-identical.
flyff_farming_simulator/synthetic_curriculum/variants/09_advanced_broad_lobes_shifting_variable/map_assets/map.json	synthetic_curriculum/variants/09_advanced_broad_lobes_shifting_variable/map_assets/map.json	tracked	941b993a5e513a987ba3a9ac0cb891120e921cf3	41e9be00ec45ed0b977fddfd888b4c951bf9a05659742f9e448f553334097cf2	599	scientific-artifact	synthetic_curriculum/variants/09_advanced_broad_lobes_shifting_variable/map_assets/map.json	MOVE		none	One-level Alternative-A root collapse; content must remain byte-identical.
flyff_farming_simulator/synthetic_curriculum/variants/09_advanced_broad_lobes_shifting_variable/map_assets/occupancy.npy	synthetic_curriculum/variants/09_advanced_broad_lobes_shifting_variable/map_assets/occupancy.npy	tracked	e5eae87bea1a6deb2145b1a558557e19d91e1d27	0c4dddb33c813c120c548e9cec2b409484406645907fc5885f50b0a74de39799	49412	scientific-artifact	synthetic_curriculum/variants/09_advanced_broad_lobes_shifting_variable/map_assets/occupancy.npy	MOVE		none	One-level Alternative-A root collapse; content must remain byte-identical.
flyff_farming_simulator/synthetic_curriculum/variants/09_advanced_broad_lobes_shifting_variable/world.json.gz	synthetic_curriculum/variants/09_advanced_broad_lobes_shifting_variable/world.json.gz	tracked	d81340a2e886c0162d65bf28aa62fce4bc8c436b	26f13bb7e8d0a55f5cd5bfd69a5e600ba8d485d630832dd0e6555c1a1f396bf2	30468	simulator-source	synthetic_curriculum/variants/09_advanced_broad_lobes_shifting_variable/world.json.gz	MOVE		none	One-level Alternative-A root collapse; content must remain byte-identical.
flyff_farming_simulator/synthetic_curriculum/variants/10_advanced_open_center_uneven_slow/map_assets/coordinate_frame.json	synthetic_curriculum/variants/10_advanced_open_center_uneven_slow/map_assets/coordinate_frame.json	tracked	64529ba558428ad753e34e011b72712de2a47460	597d0050861ff15776667fd86ea79a190bb7da3e4a324f609dd24d1697c3bee7	87	scientific-artifact	synthetic_curriculum/variants/10_advanced_open_center_uneven_slow/map_assets/coordinate_frame.json	MOVE		none	One-level Alternative-A root collapse; content must remain byte-identical.
flyff_farming_simulator/synthetic_curriculum/variants/10_advanced_open_center_uneven_slow/map_assets/map.json	synthetic_curriculum/variants/10_advanced_open_center_uneven_slow/map_assets/map.json	tracked	e68533647f2d06c79048c46c9c609ef77f173147	3f2b5d3baaf84601a18944d8e0dae17e3cbd56f2e1cf980752a1c3ed5febe693	584	scientific-artifact	synthetic_curriculum/variants/10_advanced_open_center_uneven_slow/map_assets/map.json	MOVE		none	One-level Alternative-A root collapse; content must remain byte-identical.
flyff_farming_simulator/synthetic_curriculum/variants/10_advanced_open_center_uneven_slow/map_assets/occupancy.npy	synthetic_curriculum/variants/10_advanced_open_center_uneven_slow/map_assets/occupancy.npy	tracked	c75e0df73276d63e20bcf065ad34a63b780488e5	76168bd414080061eff06ba3408d705d55fb33e2eaa255e3147f5744c379dbc4	38937	scientific-artifact	synthetic_curriculum/variants/10_advanced_open_center_uneven_slow/map_assets/occupancy.npy	MOVE		none	One-level Alternative-A root collapse; content must remain byte-identical.
flyff_farming_simulator/synthetic_curriculum/variants/10_advanced_open_center_uneven_slow/world.json.gz	synthetic_curriculum/variants/10_advanced_open_center_uneven_slow/world.json.gz	tracked	357fb75c73b1683749133ba773e05e43d01f46be	ba0fef4b47e6056d2f022496a3ec4997d4693e7b7a4fde984ca2bd06707b04e6	32304	simulator-source	synthetic_curriculum/variants/10_advanced_open_center_uneven_slow/world.json.gz	MOVE		none	One-level Alternative-A root collapse; content must remain byte-identical.
flyff_farming_simulator/synthetic_curriculum/variants/11_advanced_broad_lobes_low_variable/map_assets/coordinate_frame.json	synthetic_curriculum/variants/11_advanced_broad_lobes_low_variable/map_assets/coordinate_frame.json	tracked	64529ba558428ad753e34e011b72712de2a47460	597d0050861ff15776667fd86ea79a190bb7da3e4a324f609dd24d1697c3bee7	87	scientific-artifact	synthetic_curriculum/variants/11_advanced_broad_lobes_low_variable/map_assets/coordinate_frame.json	MOVE		none	One-level Alternative-A root collapse; content must remain byte-identical.
flyff_farming_simulator/synthetic_curriculum/variants/11_advanced_broad_lobes_low_variable/map_assets/map.json	synthetic_curriculum/variants/11_advanced_broad_lobes_low_variable/map_assets/map.json	tracked	4660485b5e071d2b9c3e93b9fa2c2a142b595934	da4516b0cfdc6859841d92f7de28c5396a4299d2fce68c2fd1e39d1e23ff99d3	588	scientific-artifact	synthetic_curriculum/variants/11_advanced_broad_lobes_low_variable/map_assets/map.json	MOVE		none	One-level Alternative-A root collapse; content must remain byte-identical.
flyff_farming_simulator/synthetic_curriculum/variants/11_advanced_broad_lobes_low_variable/map_assets/occupancy.npy	synthetic_curriculum/variants/11_advanced_broad_lobes_low_variable/map_assets/occupancy.npy	tracked	870efb1850d2ef3a1bc4e7efd1d5cae3c9858130	f792870032197487e931bc48bf785080504b478af6d66b593472636db7755f4c	50304	scientific-artifact	synthetic_curriculum/variants/11_advanced_broad_lobes_low_variable/map_assets/occupancy.npy	MOVE		none	One-level Alternative-A root collapse; content must remain byte-identical.
flyff_farming_simulator/synthetic_curriculum/variants/11_advanced_broad_lobes_low_variable/world.json.gz	synthetic_curriculum/variants/11_advanced_broad_lobes_low_variable/world.json.gz	tracked	8f1edd24259373ed8a1dc42ce26f1164ba96a07b	ef5c7e54561d0214509c5ba20d23e2d9c503ccf8a532548b385e19e31a2f4293	26467	simulator-source	synthetic_curriculum/variants/11_advanced_broad_lobes_low_variable/world.json.gz	MOVE		none	One-level Alternative-A root collapse; content must remain byte-identical.
flyff_farming_simulator/synthetic_curriculum/variants/12_advanced_open_center_high_slow/map_assets/coordinate_frame.json	synthetic_curriculum/variants/12_advanced_open_center_high_slow/map_assets/coordinate_frame.json	tracked	64529ba558428ad753e34e011b72712de2a47460	597d0050861ff15776667fd86ea79a190bb7da3e4a324f609dd24d1697c3bee7	87	scientific-artifact	synthetic_curriculum/variants/12_advanced_open_center_high_slow/map_assets/coordinate_frame.json	MOVE		none	One-level Alternative-A root collapse; content must remain byte-identical.
flyff_farming_simulator/synthetic_curriculum/variants/12_advanced_open_center_high_slow/map_assets/map.json	synthetic_curriculum/variants/12_advanced_open_center_high_slow/map_assets/map.json	tracked	77772b67f51a213401beb4558d21f7a9cbf3d368	04908dc98a9eafcdb2dbfe6d0b23d72ceb1b0bcc00e5a3bca1fc47337058084a	582	scientific-artifact	synthetic_curriculum/variants/12_advanced_open_center_high_slow/map_assets/map.json	MOVE		none	One-level Alternative-A root collapse; content must remain byte-identical.
flyff_farming_simulator/synthetic_curriculum/variants/12_advanced_open_center_high_slow/map_assets/occupancy.npy	synthetic_curriculum/variants/12_advanced_open_center_high_slow/map_assets/occupancy.npy	tracked	9751d4b19fe0c51eeae7a7159f7c4a41c603aefa	4d2b2c38a9a56427f1c66d7b999587bfe9fd2294d351a06b9527ac222dc14de7	51204	scientific-artifact	synthetic_curriculum/variants/12_advanced_open_center_high_slow/map_assets/occupancy.npy	MOVE		none	One-level Alternative-A root collapse; content must remain byte-identical.
flyff_farming_simulator/synthetic_curriculum/variants/12_advanced_open_center_high_slow/world.json.gz	synthetic_curriculum/variants/12_advanced_open_center_high_slow/world.json.gz	tracked	466fcde226e806a49ab139c15f6dc988e4faf272	7208d5c9059ea2bba10230de9503d1ebdb837bc744561d31848dd00282ae2832	35797	simulator-source	synthetic_curriculum/variants/12_advanced_open_center_high_slow/world.json.gz	MOVE		none	One-level Alternative-A root collapse; content must remain byte-identical.
flyff_farming_simulator/synthetic_curriculum_advanced_challenge/curriculum.json	synthetic_curriculum_advanced_challenge/curriculum.json	tracked	256ea7a389c4d2b172cfcd32c20b498a16e7e0b0	dfad9af5add7023ae11f76c1b22ed80456e5683a826805da849c58460f236262	3858	config	synthetic_curriculum_advanced_challenge/curriculum.json	MOVE		none	One-level Alternative-A root collapse; content must remain byte-identical.
flyff_farming_simulator/synthetic_curriculum_advanced_challenge/variants/01_advanced_wide_neck_high_bursty/map_assets/coordinate_frame.json	synthetic_curriculum_advanced_challenge/variants/01_advanced_wide_neck_high_bursty/map_assets/coordinate_frame.json	tracked	64529ba558428ad753e34e011b72712de2a47460	597d0050861ff15776667fd86ea79a190bb7da3e4a324f609dd24d1697c3bee7	87	scientific-artifact	synthetic_curriculum_advanced_challenge/variants/01_advanced_wide_neck_high_bursty/map_assets/coordinate_frame.json	MOVE		none	One-level Alternative-A root collapse; content must remain byte-identical.
flyff_farming_simulator/synthetic_curriculum_advanced_challenge/variants/01_advanced_wide_neck_high_bursty/map_assets/map.json	synthetic_curriculum_advanced_challenge/variants/01_advanced_wide_neck_high_bursty/map_assets/map.json	tracked	15e62f901ea1507e9852a6660e23cf3b674e5914	baa6dd65839c11690fce820388c7c9bcd7ced880bde78738b4cd6eb9405eb46f	566	scientific-artifact	synthetic_curriculum_advanced_challenge/variants/01_advanced_wide_neck_high_bursty/map_assets/map.json	MOVE		none	One-level Alternative-A root collapse; content must remain byte-identical.
flyff_farming_simulator/synthetic_curriculum_advanced_challenge/variants/01_advanced_wide_neck_high_bursty/map_assets/occupancy.npy	synthetic_curriculum_advanced_challenge/variants/01_advanced_wide_neck_high_bursty/map_assets/occupancy.npy	tracked	0b7af7281b906f5e2166516b6cbc5b4fc29f160b	7c35b4c72073a6eef37a9bffe42233f200d52bb425bd7b54cf4c52f558a32d1e	39729	scientific-artifact	synthetic_curriculum_advanced_challenge/variants/01_advanced_wide_neck_high_bursty/map_assets/occupancy.npy	MOVE		none	One-level Alternative-A root collapse; content must remain byte-identical.
flyff_farming_simulator/synthetic_curriculum_advanced_challenge/variants/01_advanced_wide_neck_high_bursty/world.json.gz	synthetic_curriculum_advanced_challenge/variants/01_advanced_wide_neck_high_bursty/world.json.gz	tracked	beeda81032d46cc7bd191ea0ddbb23651076c7ee	fe91f45a9b06156e6e6f1ae89984ebee3b724f95c45d132c4029e2b2cbfc4b15	37084	simulator-source	synthetic_curriculum_advanced_challenge/variants/01_advanced_wide_neck_high_bursty/world.json.gz	MOVE		none	One-level Alternative-A root collapse; content must remain byte-identical.
flyff_farming_simulator/synthetic_curriculum_advanced_challenge/variants/02_advanced_wide_neck_shifting_typical/map_assets/coordinate_frame.json	synthetic_curriculum_advanced_challenge/variants/02_advanced_wide_neck_shifting_typical/map_assets/coordinate_frame.json	tracked	64529ba558428ad753e34e011b72712de2a47460	597d0050861ff15776667fd86ea79a190bb7da3e4a324f609dd24d1697c3bee7	87	scientific-artifact	synthetic_curriculum_advanced_challenge/variants/02_advanced_wide_neck_shifting_typical/map_assets/coordinate_frame.json	MOVE		none	One-level Alternative-A root collapse; content must remain byte-identical.
flyff_farming_simulator/synthetic_curriculum_advanced_challenge/variants/02_advanced_wide_neck_shifting_typical/map_assets/map.json	synthetic_curriculum_advanced_challenge/variants/02_advanced_wide_neck_shifting_typical/map_assets/map.json	tracked	a8808b154ec4608baaf3d2d4db70ae08ba40c432	b01adbaf46fcb87a13d0237539d3f3942fbb3c5be3065049400b6d91c289245f	577	scientific-artifact	synthetic_curriculum_advanced_challenge/variants/02_advanced_wide_neck_shifting_typical/map_assets/map.json	MOVE		none	One-level Alternative-A root collapse; content must remain byte-identical.
flyff_farming_simulator/synthetic_curriculum_advanced_challenge/variants/02_advanced_wide_neck_shifting_typical/map_assets/occupancy.npy	synthetic_curriculum_advanced_challenge/variants/02_advanced_wide_neck_shifting_typical/map_assets/occupancy.npy	tracked	91ea943c868a1a62ee2926a002a4e71ea52f2718	db8a70e85b7b410a53a88a0f9b450528e7f894bd6ac76db30fc2bd2fe7804d87	49857	scientific-artifact	synthetic_curriculum_advanced_challenge/variants/02_advanced_wide_neck_shifting_typical/map_assets/occupancy.npy	MOVE		none	One-level Alternative-A root collapse; content must remain byte-identical.
flyff_farming_simulator/synthetic_curriculum_advanced_challenge/variants/02_advanced_wide_neck_shifting_typical/world.json.gz	synthetic_curriculum_advanced_challenge/variants/02_advanced_wide_neck_shifting_typical/world.json.gz	tracked	cfc2f61de012cd1fac79f24e3cf82a5c8030e092	95ffeca8835ba608ac48b10fa7192a131b8e5043508a4953d07d5b6984c402d5	33763	simulator-source	synthetic_curriculum_advanced_challenge/variants/02_advanced_wide_neck_shifting_typical/world.json.gz	MOVE		none	One-level Alternative-A root collapse; content must remain byte-identical.
flyff_farming_simulator/synthetic_curriculum_advanced_challenge/variants/03_advanced_split_field_high_bursty/map_assets/coordinate_frame.json	synthetic_curriculum_advanced_challenge/variants/03_advanced_split_field_high_bursty/map_assets/coordinate_frame.json	tracked	64529ba558428ad753e34e011b72712de2a47460	597d0050861ff15776667fd86ea79a190bb7da3e4a324f609dd24d1697c3bee7	87	scientific-artifact	synthetic_curriculum_advanced_challenge/variants/03_advanced_split_field_high_bursty/map_assets/coordinate_frame.json	MOVE		none	One-level Alternative-A root collapse; content must remain byte-identical.
flyff_farming_simulator/synthetic_curriculum_advanced_challenge/variants/03_advanced_split_field_high_bursty/map_assets/map.json	synthetic_curriculum_advanced_challenge/variants/03_advanced_split_field_high_bursty/map_assets/map.json	tracked	d339d2ef885fd0a3f73f0f32ef685ff41481510b	a964f82b1e1b3307ff5f662e9bb312866e5774f3ef88f9a84e19ab71622c56a3	571	scientific-artifact	synthetic_curriculum_advanced_challenge/variants/03_advanced_split_field_high_bursty/map_assets/map.json	MOVE		none	One-level Alternative-A root collapse; content must remain byte-identical.
flyff_farming_simulator/synthetic_curriculum_advanced_challenge/variants/03_advanced_split_field_high_bursty/map_assets/occupancy.npy	synthetic_curriculum_advanced_challenge/variants/03_advanced_split_field_high_bursty/map_assets/occupancy.npy	tracked	45ec0cb0d54ec434d5a377781696adb7ebfa605b	8cebc2c5a0e7cdbd5b73bfb0358b511392933f07bc2a3000a0199f2bd1acbb3e	48089	scientific-artifact	synthetic_curriculum_advanced_challenge/variants/03_advanced_split_field_high_bursty/map_assets/occupancy.npy	MOVE		none	One-level Alternative-A root collapse; content must remain byte-identical.
flyff_farming_simulator/synthetic_curriculum_advanced_challenge/variants/03_advanced_split_field_high_bursty/world.json.gz	synthetic_curriculum_advanced_challenge/variants/03_advanced_split_field_high_bursty/world.json.gz	tracked	3c956aee78bf6d1739b6a52cefef0728001ff475	41143796b148f1316cdd16f3b12affbf8b9c7f6f74b95d69854c23feb11584f5	36276	simulator-source	synthetic_curriculum_advanced_challenge/variants/03_advanced_split_field_high_bursty/world.json.gz	MOVE		none	One-level Alternative-A root collapse; content must remain byte-identical.
flyff_farming_simulator/synthetic_curriculum_advanced_challenge/variants/04_advanced_split_field_shifting_typical/map_assets/coordinate_frame.json	synthetic_curriculum_advanced_challenge/variants/04_advanced_split_field_shifting_typical/map_assets/coordinate_frame.json	tracked	64529ba558428ad753e34e011b72712de2a47460	597d0050861ff15776667fd86ea79a190bb7da3e4a324f609dd24d1697c3bee7	87	scientific-artifact	synthetic_curriculum_advanced_challenge/variants/04_advanced_split_field_shifting_typical/map_assets/coordinate_frame.json	MOVE		none	One-level Alternative-A root collapse; content must remain byte-identical.
flyff_farming_simulator/synthetic_curriculum_advanced_challenge/variants/04_advanced_split_field_shifting_typical/map_assets/map.json	synthetic_curriculum_advanced_challenge/variants/04_advanced_split_field_shifting_typical/map_assets/map.json	tracked	9e932548bcefe002a5b149039ffdcede9384c97c	3fc33c8735ab172127f36f29f4cb4b90767a11123c9aa7ddea2383b42e59de6b	581	scientific-artifact	synthetic_curriculum_advanced_challenge/variants/04_advanced_split_field_shifting_typical/map_assets/map.json	MOVE		none	One-level Alternative-A root collapse; content must remain byte-identical.
flyff_farming_simulator/synthetic_curriculum_advanced_challenge/variants/04_advanced_split_field_shifting_typical/map_assets/occupancy.npy	synthetic_curriculum_advanced_challenge/variants/04_advanced_split_field_shifting_typical/map_assets/occupancy.npy	tracked	a89021897a255cf0736742f841a97e84d25723cd	a31e9aada13123a186796275a47bc1a0e9f27a3ecc5113eb96b852ca3f8a7beb	36228	scientific-artifact	synthetic_curriculum_advanced_challenge/variants/04_advanced_split_field_shifting_typical/map_assets/occupancy.npy	MOVE		none	One-level Alternative-A root collapse; content must remain byte-identical.
flyff_farming_simulator/synthetic_curriculum_advanced_challenge/variants/04_advanced_split_field_shifting_typical/world.json.gz	synthetic_curriculum_advanced_challenge/variants/04_advanced_split_field_shifting_typical/world.json.gz	tracked	362d61158731f25f19306416f35be56ea819ec6a	5627bf50417b205e9910280e5bb4fe3db5d10d541f43089cf0f0a19c97e24f48	31282	simulator-source	synthetic_curriculum_advanced_challenge/variants/04_advanced_split_field_shifting_typical/world.json.gz	MOVE		none	One-level Alternative-A root collapse; content must remain byte-identical.
flyff_farming_simulator/synthetic_curriculum_advanced_challenge/variants/05_advanced_broad_lobes_high_bursty/map_assets/coordinate_frame.json	synthetic_curriculum_advanced_challenge/variants/05_advanced_broad_lobes_high_bursty/map_assets/coordinate_frame.json	tracked	64529ba558428ad753e34e011b72712de2a47460	597d0050861ff15776667fd86ea79a190bb7da3e4a324f609dd24d1697c3bee7	87	scientific-artifact	synthetic_curriculum_advanced_challenge/variants/05_advanced_broad_lobes_high_bursty/map_assets/coordinate_frame.json	MOVE		none	One-level Alternative-A root collapse; content must remain byte-identical.
flyff_farming_simulator/synthetic_curriculum_advanced_challenge/variants/05_advanced_broad_lobes_high_bursty/map_assets/map.json	synthetic_curriculum_advanced_challenge/variants/05_advanced_broad_lobes_high_bursty/map_assets/map.json	tracked	91dc3d608f78d0137377fd97ed605378c09cebfb	ba1c45ce8e03481539818d532a1fbfcecf333204a27439fce4afef5f6c295078	571	scientific-artifact	synthetic_curriculum_advanced_challenge/variants/05_advanced_broad_lobes_high_bursty/map_assets/map.json	MOVE		none	One-level Alternative-A root collapse; content must remain byte-identical.
flyff_farming_simulator/synthetic_curriculum_advanced_challenge/variants/05_advanced_broad_lobes_high_bursty/map_assets/occupancy.npy	synthetic_curriculum_advanced_challenge/variants/05_advanced_broad_lobes_high_bursty/map_assets/occupancy.npy	tracked	60af63f91495923ca66058a9de4dc4103e83edd4	e594889f13cff2ff942c26fa68c185f3c32ab16fc4d6410dc82a89818aadd245	41744	scientific-artifact	synthetic_curriculum_advanced_challenge/variants/05_advanced_broad_lobes_high_bursty/map_assets/occupancy.npy	MOVE		none	One-level Alternative-A root collapse; content must remain byte-identical.
flyff_farming_simulator/synthetic_curriculum_advanced_challenge/variants/05_advanced_broad_lobes_high_bursty/world.json.gz	synthetic_curriculum_advanced_challenge/variants/05_advanced_broad_lobes_high_bursty/world.json.gz	tracked	2dfd068cda04c1fb24db374d8786f12f3422efe5	a5080241b75dc1fb472e9c6617d62f80c178d7db77f4017027d0795ded0eb474	35347	simulator-source	synthetic_curriculum_advanced_challenge/variants/05_advanced_broad_lobes_high_bursty/world.json.gz	MOVE		none	One-level Alternative-A root collapse; content must remain byte-identical.
flyff_farming_simulator/synthetic_curriculum_advanced_challenge/variants/06_advanced_open_field_shifting_typical/map_assets/coordinate_frame.json	synthetic_curriculum_advanced_challenge/variants/06_advanced_open_field_shifting_typical/map_assets/coordinate_frame.json	tracked	64529ba558428ad753e34e011b72712de2a47460	597d0050861ff15776667fd86ea79a190bb7da3e4a324f609dd24d1697c3bee7	87	scientific-artifact	synthetic_curriculum_advanced_challenge/variants/06_advanced_open_field_shifting_typical/map_assets/coordinate_frame.json	MOVE		none	One-level Alternative-A root collapse; content must remain byte-identical.
flyff_farming_simulator/synthetic_curriculum_advanced_challenge/variants/06_advanced_open_field_shifting_typical/map_assets/map.json	synthetic_curriculum_advanced_challenge/variants/06_advanced_open_field_shifting_typical/map_assets/map.json	tracked	b413b854858b8a756acc283999c09fb08a71a043	20a52cf877ee18691392b84e9225e80885118517ffba4d5b03e7ddce4a2dfa23	579	scientific-artifact	synthetic_curriculum_advanced_challenge/variants/06_advanced_open_field_shifting_typical/map_assets/map.json	MOVE		none	One-level Alternative-A root collapse; content must remain byte-identical.
flyff_farming_simulator/synthetic_curriculum_advanced_challenge/variants/06_advanced_open_field_shifting_typical/map_assets/occupancy.npy	synthetic_curriculum_advanced_challenge/variants/06_advanced_open_field_shifting_typical/map_assets/occupancy.npy	tracked	ea25380e27a771300d7dcf1f13876c3656900d0a	2848a6e1660c9695dc9ed9356bee3263e6c5a696b7cf6d4b18a604c603fc5cc0	42564	scientific-artifact	synthetic_curriculum_advanced_challenge/variants/06_advanced_open_field_shifting_typical/map_assets/occupancy.npy	MOVE		none	One-level Alternative-A root collapse; content must remain byte-identical.
flyff_farming_simulator/synthetic_curriculum_advanced_challenge/variants/06_advanced_open_field_shifting_typical/world.json.gz	synthetic_curriculum_advanced_challenge/variants/06_advanced_open_field_shifting_typical/world.json.gz	tracked	4449e549e3aa108bba095206666a4052e8b5975a	421211a01bbc74aad3d61b13d347cc94fe7531fa180c2180805f09a3884b9266	31282	simulator-source	synthetic_curriculum_advanced_challenge/variants/06_advanced_open_field_shifting_typical/world.json.gz	MOVE		none	One-level Alternative-A root collapse; content must remain byte-identical.
flyff_farming_simulator/synthetic_curriculum_advanced_heldout/curriculum.json	synthetic_curriculum_advanced_heldout/curriculum.json	tracked	2c79a84335c89ba13e8e07d1b1a546b6b3d4499e	e25b19f476b86f4844d909e43c02e353f93e34cdb8794db7a7bc6b78c257363a	6663	config	synthetic_curriculum_advanced_heldout/curriculum.json	MOVE		none	One-level Alternative-A root collapse; content must remain byte-identical.
flyff_farming_simulator/synthetic_curriculum_advanced_heldout/variants/01_advanced_open_field_low_variable/map_assets/coordinate_frame.json	synthetic_curriculum_advanced_heldout/variants/01_advanced_open_field_low_variable/map_assets/coordinate_frame.json	tracked	64529ba558428ad753e34e011b72712de2a47460	597d0050861ff15776667fd86ea79a190bb7da3e4a324f609dd24d1697c3bee7	87	scientific-artifact	synthetic_curriculum_advanced_heldout/variants/01_advanced_open_field_low_variable/map_assets/coordinate_frame.json	MOVE		none	One-level Alternative-A root collapse; content must remain byte-identical.
flyff_farming_simulator/synthetic_curriculum_advanced_heldout/variants/01_advanced_open_field_low_variable/map_assets/map.json	synthetic_curriculum_advanced_heldout/variants/01_advanced_open_field_low_variable/map_assets/map.json	tracked	2d6dba8474752241bf716aa0a27f27af37dda4cf	c92a86d9f9a4085e6eef7d23dfa102fce6656a518ec753faa07697c8e201cd8f	571	scientific-artifact	synthetic_curriculum_advanced_heldout/variants/01_advanced_open_field_low_variable/map_assets/map.json	MOVE		none	One-level Alternative-A root collapse; content must remain byte-identical.
flyff_farming_simulator/synthetic_curriculum_advanced_heldout/variants/01_advanced_open_field_low_variable/map_assets/occupancy.npy	synthetic_curriculum_advanced_heldout/variants/01_advanced_open_field_low_variable/map_assets/occupancy.npy	tracked	2cde47ddf040ce3a30795bcc243494bddab24855	581a252055d64f31c60472499a6bf68d5020ee590d6ffd57eaa1631b687e9769	42977	scientific-artifact	synthetic_curriculum_advanced_heldout/variants/01_advanced_open_field_low_variable/map_assets/occupancy.npy	MOVE		none	One-level Alternative-A root collapse; content must remain byte-identical.
flyff_farming_simulator/synthetic_curriculum_advanced_heldout/variants/01_advanced_open_field_low_variable/world.json.gz	synthetic_curriculum_advanced_heldout/variants/01_advanced_open_field_low_variable/world.json.gz	tracked	52cef08319867122ab6e89bd3a349db22813497a	3c259ff405d3dd5a016507c424beea31e0f9d5b141bc49e7ba113c220d0c2fff	26359	simulator-source	synthetic_curriculum_advanced_heldout/variants/01_advanced_open_field_low_variable/world.json.gz	MOVE		none	One-level Alternative-A root collapse; content must remain byte-identical.
flyff_farming_simulator/synthetic_curriculum_advanced_heldout/variants/02_advanced_open_field_high_slow/map_assets/coordinate_frame.json	synthetic_curriculum_advanced_heldout/variants/02_advanced_open_field_high_slow/map_assets/coordinate_frame.json	tracked	64529ba558428ad753e34e011b72712de2a47460	597d0050861ff15776667fd86ea79a190bb7da3e4a324f609dd24d1697c3bee7	87	scientific-artifact	synthetic_curriculum_advanced_heldout/variants/02_advanced_open_field_high_slow/map_assets/coordinate_frame.json	MOVE		none	One-level Alternative-A root collapse; content must remain byte-identical.
flyff_farming_simulator/synthetic_curriculum_advanced_heldout/variants/02_advanced_open_field_high_slow/map_assets/map.json	synthetic_curriculum_advanced_heldout/variants/02_advanced_open_field_high_slow/map_assets/map.json	tracked	374d68fa53d6f739e1272bdc8b92a2ffa4c799ed	f614aa1c35c5b29ca7a43d0addcd80eb18d3c1eb39cfcfd2f61707bf966e752f	565	scientific-artifact	synthetic_curriculum_advanced_heldout/variants/02_advanced_open_field_high_slow/map_assets/map.json	MOVE		none	One-level Alternative-A root collapse; content must remain byte-identical.
flyff_farming_simulator/synthetic_curriculum_advanced_heldout/variants/02_advanced_open_field_high_slow/map_assets/occupancy.npy	synthetic_curriculum_advanced_heldout/variants/02_advanced_open_field_high_slow/map_assets/occupancy.npy	tracked	390894d74aa20586f5c15d39bafdb112df616a32	2e138d424ac6e71a4c7c52dae283ac5e487df96323dc3b37f5404a5ab97ca7bb	55824	scientific-artifact	synthetic_curriculum_advanced_heldout/variants/02_advanced_open_field_high_slow/map_assets/occupancy.npy	MOVE		none	One-level Alternative-A root collapse; content must remain byte-identical.
flyff_farming_simulator/synthetic_curriculum_advanced_heldout/variants/02_advanced_open_field_high_slow/world.json.gz	synthetic_curriculum_advanced_heldout/variants/02_advanced_open_field_high_slow/world.json.gz	tracked	3b319c535804d3c9add7f2bbdc01e7e31705019e	f39d8ba8cdd5c7001ee11aff41e2665537bda3f693404fdc21b9f49833b4d791	38400	simulator-source	synthetic_curriculum_advanced_heldout/variants/02_advanced_open_field_high_slow/world.json.gz	MOVE		none	One-level Alternative-A root collapse; content must remain byte-identical.
flyff_farming_simulator/synthetic_curriculum_advanced_heldout/variants/03_advanced_irregular_plain_low_variable/map_assets/coordinate_frame.json	synthetic_curriculum_advanced_heldout/variants/03_advanced_irregular_plain_low_variable/map_assets/coordinate_frame.json	tracked	64529ba558428ad753e34e011b72712de2a47460	597d0050861ff15776667fd86ea79a190bb7da3e4a324f609dd24d1697c3bee7	87	scientific-artifact	synthetic_curriculum_advanced_heldout/variants/03_advanced_irregular_plain_low_variable/map_assets/coordinate_frame.json	MOVE		none	One-level Alternative-A root collapse; content must remain byte-identical.
flyff_farming_simulator/synthetic_curriculum_advanced_heldout/variants/03_advanced_irregular_plain_low_variable/map_assets/map.json	synthetic_curriculum_advanced_heldout/variants/03_advanced_irregular_plain_low_variable/map_assets/map.json	tracked	9f9f8766dc5220f924579e1ae0d328c8b5d13f51	f2725146e1ee094e8a67a03a06d3368b27722b212930face531d32d8c2518c43	582	scientific-artifact	synthetic_curriculum_advanced_heldout/variants/03_advanced_irregular_plain_low_variable/map_assets/map.json	MOVE		none	One-level Alternative-A root collapse; content must remain byte-identical.
flyff_farming_simulator/synthetic_curriculum_advanced_heldout/variants/03_advanced_irregular_plain_low_variable/map_assets/occupancy.npy	synthetic_curriculum_advanced_heldout/variants/03_advanced_irregular_plain_low_variable/map_assets/occupancy.npy	tracked	340293c371cd164f62c028af0b908700710e1753	83f95a43b9de3bfa952d2a9af39bf284b048327a7d107462d23ab9d1dd30dd09	50304	scientific-artifact	synthetic_curriculum_advanced_heldout/variants/03_advanced_irregular_plain_low_variable/map_assets/occupancy.npy	MOVE		none	One-level Alternative-A root collapse; content must remain byte-identical.
flyff_farming_simulator/synthetic_curriculum_advanced_heldout/variants/03_advanced_irregular_plain_low_variable/world.json.gz	synthetic_curriculum_advanced_heldout/variants/03_advanced_irregular_plain_low_variable/world.json.gz	tracked	2d6fa736132629d1ce830d4ae503676dc663413d	b17590dcf3616cc53da6cddeb7b599fd21c21258fe82b85e828d9027ed35b66c	26399	simulator-source	synthetic_curriculum_advanced_heldout/variants/03_advanced_irregular_plain_low_variable/world.json.gz	MOVE		none	One-level Alternative-A root collapse; content must remain byte-identical.
flyff_farming_simulator/synthetic_curriculum_advanced_heldout/variants/04_advanced_irregular_plain_high_slow/map_assets/coordinate_frame.json	synthetic_curriculum_advanced_heldout/variants/04_advanced_irregular_plain_high_slow/map_assets/coordinate_frame.json	tracked	64529ba558428ad753e34e011b72712de2a47460	597d0050861ff15776667fd86ea79a190bb7da3e4a324f609dd24d1697c3bee7	87	scientific-artifact	synthetic_curriculum_advanced_heldout/variants/04_advanced_irregular_plain_high_slow/map_assets/coordinate_frame.json	MOVE		none	One-level Alternative-A root collapse; content must remain byte-identical.
flyff_farming_simulator/synthetic_curriculum_advanced_heldout/variants/04_advanced_irregular_plain_high_slow/map_assets/map.json	synthetic_curriculum_advanced_heldout/variants/04_advanced_irregular_plain_high_slow/map_assets/map.json	tracked	921ac82711a6f9487cd95d527a8aa10ad38b24a1	be0154a7b6563c84c08e410400a43ac599d3bbf9c4e58bb9563a31209556b401	576	scientific-artifact	synthetic_curriculum_advanced_heldout/variants/04_advanced_irregular_plain_high_slow/map_assets/map.json	MOVE		none	One-level Alternative-A root collapse; content must remain byte-identical.
flyff_farming_simulator/synthetic_curriculum_advanced_heldout/variants/04_advanced_irregular_plain_high_slow/map_assets/occupancy.npy	synthetic_curriculum_advanced_heldout/variants/04_advanced_irregular_plain_high_slow/map_assets/occupancy.npy	tracked	3cbffbae669f819437eeed542384cce52489947e	a5bc7757898deec961234d68f948a154c7f49f6692bc21af380435fbae64c29e	40529	scientific-artifact	synthetic_curriculum_advanced_heldout/variants/04_advanced_irregular_plain_high_slow/map_assets/occupancy.npy	MOVE		none	One-level Alternative-A root collapse; content must remain byte-identical.
flyff_farming_simulator/synthetic_curriculum_advanced_heldout/variants/04_advanced_irregular_plain_high_slow/world.json.gz	synthetic_curriculum_advanced_heldout/variants/04_advanced_irregular_plain_high_slow/world.json.gz	tracked	14bc2cf5fe34deec7efe238e9bbc5c2f73d5272d	9700ee55ad89b6ed96f78a0f8d53ed74884ec5f9705b2842eef87c1d891fd1d1	34237	simulator-source	synthetic_curriculum_advanced_heldout/variants/04_advanced_irregular_plain_high_slow/world.json.gz	MOVE		none	One-level Alternative-A root collapse; content must remain byte-identical.
flyff_farming_simulator/synthetic_curriculum_advanced_heldout/variants/05_advanced_broad_lobes_low_variable/map_assets/coordinate_frame.json	synthetic_curriculum_advanced_heldout/variants/05_advanced_broad_lobes_low_variable/map_assets/coordinate_frame.json	tracked	64529ba558428ad753e34e011b72712de2a47460	597d0050861ff15776667fd86ea79a190bb7da3e4a324f609dd24d1697c3bee7	87	scientific-artifact	synthetic_curriculum_advanced_heldout/variants/05_advanced_broad_lobes_low_variable/map_assets/coordinate_frame.json	MOVE		none	One-level Alternative-A root collapse; content must remain byte-identical.
flyff_farming_simulator/synthetic_curriculum_advanced_heldout/variants/05_advanced_broad_lobes_low_variable/map_assets/map.json	synthetic_curriculum_advanced_heldout/variants/05_advanced_broad_lobes_low_variable/map_assets/map.json	tracked	4df66452d93301b7c7d41a3ac88d2e7045ef32c2	82e48d7c1391a5eacb990dbb9a53b36f5854856196599e3b8e06c3360aed9399	573	scientific-artifact	synthetic_curriculum_advanced_heldout/variants/05_advanced_broad_lobes_low_variable/map_assets/map.json	MOVE		none	One-level Alternative-A root collapse; content must remain byte-identical.
flyff_farming_simulator/synthetic_curriculum_advanced_heldout/variants/05_advanced_broad_lobes_low_variable/map_assets/occupancy.npy	synthetic_curriculum_advanced_heldout/variants/05_advanced_broad_lobes_low_variable/map_assets/occupancy.npy	tracked	63e2fbabb05cb6049261d6dc5f0e29d2087d5a3e	01aaad9a575c97f329930a6fc6cb44288dca3c3e0734e7b5cdc15f1911141d03	43392	scientific-artifact	synthetic_curriculum_advanced_heldout/variants/05_advanced_broad_lobes_low_variable/map_assets/occupancy.npy	MOVE		none	One-level Alternative-A root collapse; content must remain byte-identical.
flyff_farming_simulator/synthetic_curriculum_advanced_heldout/variants/05_advanced_broad_lobes_low_variable/world.json.gz	synthetic_curriculum_advanced_heldout/variants/05_advanced_broad_lobes_low_variable/world.json.gz	tracked	15e7bff72f7fe8e61168cb1da98882487ee07a27	11c9fb033408745366a43a431d9b9adfcb29f424f80d8c996e46cff8fc69c677	25317	simulator-source	synthetic_curriculum_advanced_heldout/variants/05_advanced_broad_lobes_low_variable/world.json.gz	MOVE		none	One-level Alternative-A root collapse; content must remain byte-identical.
flyff_farming_simulator/synthetic_curriculum_advanced_heldout/variants/06_advanced_broad_lobes_high_slow/map_assets/coordinate_frame.json	synthetic_curriculum_advanced_heldout/variants/06_advanced_broad_lobes_high_slow/map_assets/coordinate_frame.json	tracked	64529ba558428ad753e34e011b72712de2a47460	597d0050861ff15776667fd86ea79a190bb7da3e4a324f609dd24d1697c3bee7	87	scientific-artifact	synthetic_curriculum_advanced_heldout/variants/06_advanced_broad_lobes_high_slow/map_assets/coordinate_frame.json	MOVE		none	One-level Alternative-A root collapse; content must remain byte-identical.
flyff_farming_simulator/synthetic_curriculum_advanced_heldout/variants/06_advanced_broad_lobes_high_slow/map_assets/map.json	synthetic_curriculum_advanced_heldout/variants/06_advanced_broad_lobes_high_slow/map_assets/map.json	tracked	fe66a5951755a63334007dc8aaffbcf7facadb00	588208523ea46dfaf1c5518b7b07fa2783774d0cb7f91f91be5bd0ad95aa7d1e	566	scientific-artifact	synthetic_curriculum_advanced_heldout/variants/06_advanced_broad_lobes_high_slow/map_assets/map.json	MOVE		none	One-level Alternative-A root collapse; content must remain byte-identical.
flyff_farming_simulator/synthetic_curriculum_advanced_heldout/variants/06_advanced_broad_lobes_high_slow/map_assets/occupancy.npy	synthetic_curriculum_advanced_heldout/variants/06_advanced_broad_lobes_high_slow/map_assets/occupancy.npy	tracked	116d27cad9019640f3ac8fa5b78381a76f1d0b0f	4f38f3b19ec81508f190b8f0bb7ba933e162af3bee542354e1cbec7228e24742	51657	scientific-artifact	synthetic_curriculum_advanced_heldout/variants/06_advanced_broad_lobes_high_slow/map_assets/occupancy.npy	MOVE		none	One-level Alternative-A root collapse; content must remain byte-identical.
flyff_farming_simulator/synthetic_curriculum_advanced_heldout/variants/06_advanced_broad_lobes_high_slow/world.json.gz	synthetic_curriculum_advanced_heldout/variants/06_advanced_broad_lobes_high_slow/world.json.gz	tracked	30ac5c94f71510c20031934f12cadb930e5df3d9	39924ac359cbf7b5f2c1bd7a27e0fea2e382a4b3fadf67586b20e4b15d4de0b7	40090	simulator-source	synthetic_curriculum_advanced_heldout/variants/06_advanced_broad_lobes_high_slow/world.json.gz	MOVE		none	One-level Alternative-A root collapse; content must remain byte-identical.
flyff_farming_simulator/synthetic_curriculum_advanced_heldout/variants/07_advanced_wide_neck_low_variable/map_assets/coordinate_frame.json	synthetic_curriculum_advanced_heldout/variants/07_advanced_wide_neck_low_variable/map_assets/coordinate_frame.json	tracked	64529ba558428ad753e34e011b72712de2a47460	597d0050861ff15776667fd86ea79a190bb7da3e4a324f609dd24d1697c3bee7	87	scientific-artifact	synthetic_curriculum_advanced_heldout/variants/07_advanced_wide_neck_low_variable/map_assets/coordinate_frame.json	MOVE		none	One-level Alternative-A root collapse; content must remain byte-identical.
flyff_farming_simulator/synthetic_curriculum_advanced_heldout/variants/07_advanced_wide_neck_low_variable/map_assets/map.json	synthetic_curriculum_advanced_heldout/variants/07_advanced_wide_neck_low_variable/map_assets/map.json	tracked	60e5016c377fa1844a6be710a636e0fde4318ccc	a318a701c9e9c2174044cea8b3a8b45276df41c284c25ac98ec1e4043c131655	569	scientific-artifact	synthetic_curriculum_advanced_heldout/variants/07_advanced_wide_neck_low_variable/map_assets/map.json	MOVE		none	One-level Alternative-A root collapse; content must remain byte-identical.
flyff_farming_simulator/synthetic_curriculum_advanced_heldout/variants/07_advanced_wide_neck_low_variable/map_assets/occupancy.npy	synthetic_curriculum_advanced_heldout/variants/07_advanced_wide_neck_low_variable/map_assets/occupancy.npy	tracked	27742a314bbf2fbb95249978b9534362ca66b0bc	3d7447e65ac8bf8522c66f184e7dd849012af54b464469196be9b1b25978dd0f	44228	scientific-artifact	synthetic_curriculum_advanced_heldout/variants/07_advanced_wide_neck_low_variable/map_assets/occupancy.npy	MOVE		none	One-level Alternative-A root collapse; content must remain byte-identical.
flyff_farming_simulator/synthetic_curriculum_advanced_heldout/variants/07_advanced_wide_neck_low_variable/world.json.gz	synthetic_curriculum_advanced_heldout/variants/07_advanced_wide_neck_low_variable/world.json.gz	tracked	3bae3fa2b7b83214cdf1dedc3006213f8d87349a	9e63dc14873a6019335b548c77cb260a9d25d832923b431b3a3e7020932a328c	24621	simulator-source	synthetic_curriculum_advanced_heldout/variants/07_advanced_wide_neck_low_variable/world.json.gz	MOVE		none	One-level Alternative-A root collapse; content must remain byte-identical.
flyff_farming_simulator/synthetic_curriculum_advanced_heldout/variants/08_advanced_wide_neck_high_slow/map_assets/coordinate_frame.json	synthetic_curriculum_advanced_heldout/variants/08_advanced_wide_neck_high_slow/map_assets/coordinate_frame.json	tracked	64529ba558428ad753e34e011b72712de2a47460	597d0050861ff15776667fd86ea79a190bb7da3e4a324f609dd24d1697c3bee7	87	scientific-artifact	synthetic_curriculum_advanced_heldout/variants/08_advanced_wide_neck_high_slow/map_assets/coordinate_frame.json	MOVE		none	One-level Alternative-A root collapse; content must remain byte-identical.
flyff_farming_simulator/synthetic_curriculum_advanced_heldout/variants/08_advanced_wide_neck_high_slow/map_assets/map.json	synthetic_curriculum_advanced_heldout/variants/08_advanced_wide_neck_high_slow/map_assets/map.json	tracked	677a5e267b134dc427a3491b7bc88279f11b44c1	7a3384e2fc445d402daa5c88be32728284dffb8dcab1ced2f1c4d12048063b15	563	scientific-artifact	synthetic_curriculum_advanced_heldout/variants/08_advanced_wide_neck_high_slow/map_assets/map.json	MOVE		none	One-level Alternative-A root collapse; content must remain byte-identical.
flyff_farming_simulator/synthetic_curriculum_advanced_heldout/variants/08_advanced_wide_neck_high_slow/map_assets/occupancy.npy	synthetic_curriculum_advanced_heldout/variants/08_advanced_wide_neck_high_slow/map_assets/occupancy.npy	tracked	16340a362b55293fb22c9accc879ded96f56edf1	4b4898f925500ed5ed8f6d78182b16a7a42074c633a7f92d19d74a3267802247	40529	scientific-artifact	synthetic_curriculum_advanced_heldout/variants/08_advanced_wide_neck_high_slow/map_assets/occupancy.npy	MOVE		none	One-level Alternative-A root collapse; content must remain byte-identical.
flyff_farming_simulator/synthetic_curriculum_advanced_heldout/variants/08_advanced_wide_neck_high_slow/world.json.gz	synthetic_curriculum_advanced_heldout/variants/08_advanced_wide_neck_high_slow/world.json.gz	tracked	e6aa277c60550bd33f5875a3f33d347e29046b8c	3b37f32dbdfcfa11a93f49e53a144d4ac2fb17d8c6e37d1ef36a237de9b1d61d	33331	simulator-source	synthetic_curriculum_advanced_heldout/variants/08_advanced_wide_neck_high_slow/world.json.gz	MOVE		none	One-level Alternative-A root collapse; content must remain byte-identical.
flyff_farming_simulator/synthetic_curriculum_advanced_heldout/variants/09_advanced_split_field_low_variable/map_assets/coordinate_frame.json	synthetic_curriculum_advanced_heldout/variants/09_advanced_split_field_low_variable/map_assets/coordinate_frame.json	tracked	64529ba558428ad753e34e011b72712de2a47460	597d0050861ff15776667fd86ea79a190bb7da3e4a324f609dd24d1697c3bee7	87	scientific-artifact	synthetic_curriculum_advanced_heldout/variants/09_advanced_split_field_low_variable/map_assets/coordinate_frame.json	MOVE		none	One-level Alternative-A root collapse; content must remain byte-identical.
flyff_farming_simulator/synthetic_curriculum_advanced_heldout/variants/09_advanced_split_field_low_variable/map_assets/map.json	synthetic_curriculum_advanced_heldout/variants/09_advanced_split_field_low_variable/map_assets/map.json	tracked	fdd7cad5a526edd520876f7564498e43b25497da	8ce0b6a632cc4ca3278677370dfb13b8a79a09386d95c9cc62208012b4db0746	574	scientific-artifact	synthetic_curriculum_advanced_heldout/variants/09_advanced_split_field_low_variable/map_assets/map.json	MOVE		none	One-level Alternative-A root collapse; content must remain byte-identical.
flyff_farming_simulator/synthetic_curriculum_advanced_heldout/variants/09_advanced_split_field_low_variable/map_assets/occupancy.npy	synthetic_curriculum_advanced_heldout/variants/09_advanced_split_field_low_variable/map_assets/occupancy.npy	tracked	5fe02f97cb47f00fafdbf1544913881365f88a95	66447b7363d6cdef09a2b178bce4278ab5bf336f5b66ced9c572006df737864b	45072	scientific-artifact	synthetic_curriculum_advanced_heldout/variants/09_advanced_split_field_low_variable/map_assets/occupancy.npy	MOVE		none	One-level Alternative-A root collapse; content must remain byte-identical.
flyff_farming_simulator/synthetic_curriculum_advanced_heldout/variants/09_advanced_split_field_low_variable/world.json.gz	synthetic_curriculum_advanced_heldout/variants/09_advanced_split_field_low_variable/world.json.gz	tracked	769d741fcfc717c33adcf2dce3fbf88c3856f0ed	61f06b5ef73053380a645148014378db290ec3710fae0aa3db51c7f35efbd8b0	25324	simulator-source	synthetic_curriculum_advanced_heldout/variants/09_advanced_split_field_low_variable/world.json.gz	MOVE		none	One-level Alternative-A root collapse; content must remain byte-identical.
flyff_farming_simulator/synthetic_curriculum_advanced_heldout/variants/10_advanced_split_field_high_slow/map_assets/coordinate_frame.json	synthetic_curriculum_advanced_heldout/variants/10_advanced_split_field_high_slow/map_assets/coordinate_frame.json	tracked	64529ba558428ad753e34e011b72712de2a47460	597d0050861ff15776667fd86ea79a190bb7da3e4a324f609dd24d1697c3bee7	87	scientific-artifact	synthetic_curriculum_advanced_heldout/variants/10_advanced_split_field_high_slow/map_assets/coordinate_frame.json	MOVE		none	One-level Alternative-A root collapse; content must remain byte-identical.
flyff_farming_simulator/synthetic_curriculum_advanced_heldout/variants/10_advanced_split_field_high_slow/map_assets/map.json	synthetic_curriculum_advanced_heldout/variants/10_advanced_split_field_high_slow/map_assets/map.json	tracked	29d42a752bdca27720435b90895ce11d92fc51c9	f2c98138541ebec270a1616d6b97f3b0533d05bb62367cc90d41fd762de3a3cf	567	scientific-artifact	synthetic_curriculum_advanced_heldout/variants/10_advanced_split_field_high_slow/map_assets/map.json	MOVE		none	One-level Alternative-A root collapse; content must remain byte-identical.
flyff_farming_simulator/synthetic_curriculum_advanced_heldout/variants/10_advanced_split_field_high_slow/map_assets/occupancy.npy	synthetic_curriculum_advanced_heldout/variants/10_advanced_split_field_high_slow/map_assets/occupancy.npy	tracked	64eb67e95662dca33ed71912ce1d8563cdd775ea	09579dddf853b19a3ae8ad3078c4a69f734ba3422200f6ff17a23da9725a6b35	53028	scientific-artifact	synthetic_curriculum_advanced_heldout/variants/10_advanced_split_field_high_slow/map_assets/occupancy.npy	MOVE		none	One-level Alternative-A root collapse; content must remain byte-identical.
flyff_farming_simulator/synthetic_curriculum_advanced_heldout/variants/10_advanced_split_field_high_slow/world.json.gz	synthetic_curriculum_advanced_heldout/variants/10_advanced_split_field_high_slow/world.json.gz	tracked	ffa49d4965a50c944e04b02990af1a97d03b8dde	2040b001ac0834dd3a6e4ec0fb446186c3aaeeea4e05c11837dc4d43ab86ecc9	35016	simulator-source	synthetic_curriculum_advanced_heldout/variants/10_advanced_split_field_high_slow/world.json.gz	MOVE		none	One-level Alternative-A root collapse; content must remain byte-identical.
flyff_farming_simulator/synthetic_curriculum_advanced_heldout/variants/11_advanced_open_center_low_variable/map_assets/coordinate_frame.json	synthetic_curriculum_advanced_heldout/variants/11_advanced_open_center_low_variable/map_assets/coordinate_frame.json	tracked	64529ba558428ad753e34e011b72712de2a47460	597d0050861ff15776667fd86ea79a190bb7da3e4a324f609dd24d1697c3bee7	87	scientific-artifact	synthetic_curriculum_advanced_heldout/variants/11_advanced_open_center_low_variable/map_assets/coordinate_frame.json	MOVE		none	One-level Alternative-A root collapse; content must remain byte-identical.
flyff_farming_simulator/synthetic_curriculum_advanced_heldout/variants/11_advanced_open_center_low_variable/map_assets/map.json	synthetic_curriculum_advanced_heldout/variants/11_advanced_open_center_low_variable/map_assets/map.json	tracked	6efb27505706b0dec5373e78a195e2dd65e58216	de891c751a28ce7dd1041575433676b79f159a290fa33e0d22e4fdadf347fcc8	573	scientific-artifact	synthetic_curriculum_advanced_heldout/variants/11_advanced_open_center_low_variable/map_assets/map.json	MOVE		none	One-level Alternative-A root collapse; content must remain byte-identical.
flyff_farming_simulator/synthetic_curriculum_advanced_heldout/variants/11_advanced_open_center_low_variable/map_assets/occupancy.npy	synthetic_curriculum_advanced_heldout/variants/11_advanced_open_center_low_variable/map_assets/occupancy.npy	tracked	161fe220bf7829a5da759fe41209eecbdd873360	d1a7750f71362cd3ff24b26f87c32031ab2f56822e1b82327d872cecf9d64e3e	49857	scientific-artifact	synthetic_curriculum_advanced_heldout/variants/11_advanced_open_center_low_variable/map_assets/occupancy.npy	MOVE		none	One-level Alternative-A root collapse; content must remain byte-identical.
flyff_farming_simulator/synthetic_curriculum_advanced_heldout/variants/11_advanced_open_center_low_variable/world.json.gz	synthetic_curriculum_advanced_heldout/variants/11_advanced_open_center_low_variable/world.json.gz	tracked	625dcf1ae815b5f155c1b1965cb24b012f0d2522	4f069734347f59fa5bf37db182eb8b330fc907ab6e837913628b5c8904552ee8	25643	simulator-source	synthetic_curriculum_advanced_heldout/variants/11_advanced_open_center_low_variable/world.json.gz	MOVE		none	One-level Alternative-A root collapse; content must remain byte-identical.
flyff_farming_simulator/synthetic_curriculum_advanced_heldout/variants/12_advanced_open_center_high_slow/map_assets/coordinate_frame.json	synthetic_curriculum_advanced_heldout/variants/12_advanced_open_center_high_slow/map_assets/coordinate_frame.json	tracked	64529ba558428ad753e34e011b72712de2a47460	597d0050861ff15776667fd86ea79a190bb7da3e4a324f609dd24d1697c3bee7	87	scientific-artifact	synthetic_curriculum_advanced_heldout/variants/12_advanced_open_center_high_slow/map_assets/coordinate_frame.json	MOVE		none	One-level Alternative-A root collapse; content must remain byte-identical.
flyff_farming_simulator/synthetic_curriculum_advanced_heldout/variants/12_advanced_open_center_high_slow/map_assets/map.json	synthetic_curriculum_advanced_heldout/variants/12_advanced_open_center_high_slow/map_assets/map.json	tracked	580c7c3a399f43afaeebec9716fa986dd8853850	3facad184a0f34cf9f7d35287478a3bc7ebf70c183d7912e150d8dee7df23c3d	567	scientific-artifact	synthetic_curriculum_advanced_heldout/variants/12_advanced_open_center_high_slow/map_assets/map.json	MOVE		none	One-level Alternative-A root collapse; content must remain byte-identical.
flyff_farming_simulator/synthetic_curriculum_advanced_heldout/variants/12_advanced_open_center_high_slow/map_assets/occupancy.npy	synthetic_curriculum_advanced_heldout/variants/12_advanced_open_center_high_slow/map_assets/occupancy.npy	tracked	29de9d35230475a11485ecc21ea99c8b69d9f335	c42204edb28f1ed60148186e03a2ae68f19199e8eb1b7f16c059bef5b94dce58	57728	scientific-artifact	synthetic_curriculum_advanced_heldout/variants/12_advanced_open_center_high_slow/map_assets/occupancy.npy	MOVE		none	One-level Alternative-A root collapse; content must remain byte-identical.
flyff_farming_simulator/synthetic_curriculum_advanced_heldout/variants/12_advanced_open_center_high_slow/world.json.gz	synthetic_curriculum_advanced_heldout/variants/12_advanced_open_center_high_slow/world.json.gz	tracked	a7c202f6fea7c623510aeccfc8f2bd59e35ab984	da730ebdb20b3e1d2e0fc793ee9ec8607b04565deb3f3296929a81b9ae64c976	40316	simulator-source	synthetic_curriculum_advanced_heldout/variants/12_advanced_open_center_high_slow/world.json.gz	MOVE		none	One-level Alternative-A root collapse; content must remain byte-identical.
flyff_farming_simulator/synthetic_curriculum_advanced_training_v1/curriculum.json	synthetic_curriculum_advanced_training_v1/curriculum.json	tracked	ea8d163b101853d52b418ad42e806330c78f35fa	d0138d7f3b478d7e1d4304acf2f0cf8a914464dedcb009a61edb8856f606dd2d	8814	config	synthetic_curriculum_advanced_training_v1/curriculum.json	MOVE		none	One-level Alternative-A root collapse; content must remain byte-identical.
flyff_farming_simulator/synthetic_curriculum_advanced_training_v1/variants/01_advanced_open_field_shifting_variable/map_assets/coordinate_frame.json	synthetic_curriculum_advanced_training_v1/variants/01_advanced_open_field_shifting_variable/map_assets/coordinate_frame.json	tracked	64529ba558428ad753e34e011b72712de2a47460	597d0050861ff15776667fd86ea79a190bb7da3e4a324f609dd24d1697c3bee7	87	scientific-artifact	synthetic_curriculum_advanced_training_v1/variants/01_advanced_open_field_shifting_variable/map_assets/coordinate_frame.json	MOVE		none	One-level Alternative-A root collapse; content must remain byte-identical.
flyff_farming_simulator/synthetic_curriculum_advanced_training_v1/variants/01_advanced_open_field_shifting_variable/map_assets/map.json	synthetic_curriculum_advanced_training_v1/variants/01_advanced_open_field_shifting_variable/map_assets/map.json	tracked	644c36b01852b4068ec5dc5c9d6208747cad0595	4f8723deade7557218cd61a7f0d620501c37717e9d2d16b61602e3dcf3f07704	575	scientific-artifact	synthetic_curriculum_advanced_training_v1/variants/01_advanced_open_field_shifting_variable/map_assets/map.json	MOVE		none	One-level Alternative-A root collapse; content must remain byte-identical.
flyff_farming_simulator/synthetic_curriculum_advanced_training_v1/variants/01_advanced_open_field_shifting_variable/map_assets/occupancy.npy	synthetic_curriculum_advanced_training_v1/variants/01_advanced_open_field_shifting_variable/map_assets/occupancy.npy	tracked	3a9e3c3a8ff212f7dae88905ebd45b68fe960d30	9e2c7ccff02b32776624ce4f11e71d25b48d0d1e2b68c06f87d35b1bedf62a58	50304	scientific-artifact	synthetic_curriculum_advanced_training_v1/variants/01_advanced_open_field_shifting_variable/map_assets/occupancy.npy	MOVE		none	One-level Alternative-A root collapse; content must remain byte-identical.
flyff_farming_simulator/synthetic_curriculum_advanced_training_v1/variants/01_advanced_open_field_shifting_variable/world.json.gz	synthetic_curriculum_advanced_training_v1/variants/01_advanced_open_field_shifting_variable/world.json.gz	tracked	f57ff528b468e305eadaac13a9f95195c0d73f38	103a5d8dc4b3bbfe9d9800c90da8420da7ba0314c9288fe32a3e30df2bbfb774	31108	simulator-source	synthetic_curriculum_advanced_training_v1/variants/01_advanced_open_field_shifting_variable/world.json.gz	MOVE		none	One-level Alternative-A root collapse; content must remain byte-identical.
flyff_farming_simulator/synthetic_curriculum_advanced_training_v1/variants/02_advanced_open_field_uneven_slow/map_assets/coordinate_frame.json	synthetic_curriculum_advanced_training_v1/variants/02_advanced_open_field_uneven_slow/map_assets/coordinate_frame.json	tracked	64529ba558428ad753e34e011b72712de2a47460	597d0050861ff15776667fd86ea79a190bb7da3e4a324f609dd24d1697c3bee7	87	scientific-artifact	synthetic_curriculum_advanced_training_v1/variants/02_advanced_open_field_uneven_slow/map_assets/coordinate_frame.json	MOVE		none	One-level Alternative-A root collapse; content must remain byte-identical.
flyff_farming_simulator/synthetic_curriculum_advanced_training_v1/variants/02_advanced_open_field_uneven_slow/map_assets/map.json	synthetic_curriculum_advanced_training_v1/variants/02_advanced_open_field_uneven_slow/map_assets/map.json	tracked	0f70f7e4a963d196ba46ff042ff48adb73b08403	af63a18a4a18c9dd143963f305f84ba95815fbddec4d0bcbdf861056c572f561	568	scientific-artifact	synthetic_curriculum_advanced_training_v1/variants/02_advanced_open_field_uneven_slow/map_assets/map.json	MOVE		none	One-level Alternative-A root collapse; content must remain byte-identical.
flyff_farming_simulator/synthetic_curriculum_advanced_training_v1/variants/02_advanced_open_field_uneven_slow/map_assets/occupancy.npy	synthetic_curriculum_advanced_training_v1/variants/02_advanced_open_field_uneven_slow/map_assets/occupancy.npy	tracked	b7d73cbeb4022b05dbde059d8d7a4baacc83bfe6	d650844da1bd663e1ac295b884edd77c09c40c7f0d3e8e508079523267214c00	36992	scientific-artifact	synthetic_curriculum_advanced_training_v1/variants/02_advanced_open_field_uneven_slow/map_assets/occupancy.npy	MOVE		none	One-level Alternative-A root collapse; content must remain byte-identical.
flyff_farming_simulator/synthetic_curriculum_advanced_training_v1/variants/02_advanced_open_field_uneven_slow/world.json.gz	synthetic_curriculum_advanced_training_v1/variants/02_advanced_open_field_uneven_slow/world.json.gz	tracked	b33f535e9afd2d3c0dd374fdad5e91b2179ab7b3	bb68ee35a2b03352ec7de60d54235938ed17334e7999f06e4ac898e0494ac8fe	30225	simulator-source	synthetic_curriculum_advanced_training_v1/variants/02_advanced_open_field_uneven_slow/world.json.gz	MOVE		none	One-level Alternative-A root collapse; content must remain byte-identical.
flyff_farming_simulator/synthetic_curriculum_advanced_training_v1/variants/03_advanced_irregular_plain_shifting_variable/map_assets/coordinate_frame.json	synthetic_curriculum_advanced_training_v1/variants/03_advanced_irregular_plain_shifting_variable/map_assets/coordinate_frame.json	tracked	64529ba558428ad753e34e011b72712de2a47460	597d0050861ff15776667fd86ea79a190bb7da3e4a324f609dd24d1697c3bee7	87	scientific-artifact	synthetic_curriculum_advanced_training_v1/variants/03_advanced_irregular_plain_shifting_variable/map_assets/coordinate_frame.json	MOVE		none	One-level Alternative-A root collapse; content must remain byte-identical.
flyff_farming_simulator/synthetic_curriculum_advanced_training_v1/variants/03_advanced_irregular_plain_shifting_variable/map_assets/map.json	synthetic_curriculum_advanced_training_v1/variants/03_advanced_irregular_plain_shifting_variable/map_assets/map.json	tracked	e96a6db665fa4ac9225684af7458ccc1b61d2e2c	777a134aa3999a7e6a211ef58c27d2381365846a20e00c12e90d9ca869f6d74b	591	scientific-artifact	synthetic_curriculum_advanced_training_v1/variants/03_advanced_irregular_plain_shifting_variable/map_assets/map.json	MOVE		none	One-level Alternative-A root collapse; content must remain byte-identical.
flyff_farming_simulator/synthetic_curriculum_advanced_training_v1/variants/03_advanced_irregular_plain_shifting_variable/map_assets/occupancy.npy	synthetic_curriculum_advanced_training_v1/variants/03_advanced_irregular_plain_shifting_variable/map_assets/occupancy.npy	tracked	13fdea5766b58fa54f12e76983a58608bbca33a2	8b6d20d4ffccdde4ca18048f8a6a904baaf9b673940611321de08865188b3dda	47217	scientific-artifact	synthetic_curriculum_advanced_training_v1/variants/03_advanced_irregular_plain_shifting_variable/map_assets/occupancy.npy	MOVE		none	One-level Alternative-A root collapse; content must remain byte-identical.
flyff_farming_simulator/synthetic_curriculum_advanced_training_v1/variants/03_advanced_irregular_plain_shifting_variable/world.json.gz	synthetic_curriculum_advanced_training_v1/variants/03_advanced_irregular_plain_shifting_variable/world.json.gz	tracked	c0f4bcbc1d54e8240c9879a97c70fed58d7e4df6	3e1b6874ad26b11bc049147dff3980c4b2be792b51a557528d9480d20b044479	32817	simulator-source	synthetic_curriculum_advanced_training_v1/variants/03_advanced_irregular_plain_shifting_variable/world.json.gz	MOVE		none	One-level Alternative-A root collapse; content must remain byte-identical.
flyff_farming_simulator/synthetic_curriculum_advanced_training_v1/variants/04_advanced_irregular_plain_uneven_slow/map_assets/coordinate_frame.json	synthetic_curriculum_advanced_training_v1/variants/04_advanced_irregular_plain_uneven_slow/map_assets/coordinate_frame.json	tracked	64529ba558428ad753e34e011b72712de2a47460	597d0050861ff15776667fd86ea79a190bb7da3e4a324f609dd24d1697c3bee7	87	scientific-artifact	synthetic_curriculum_advanced_training_v1/variants/04_advanced_irregular_plain_uneven_slow/map_assets/coordinate_frame.json	MOVE		none	One-level Alternative-A root collapse; content must remain byte-identical.
flyff_farming_simulator/synthetic_curriculum_advanced_training_v1/variants/04_advanced_irregular_plain_uneven_slow/map_assets/map.json	synthetic_curriculum_advanced_training_v1/variants/04_advanced_irregular_plain_uneven_slow/map_assets/map.json	tracked	649e699ab576f9baa2c6be86e70ba370d7601b10	35871f3eaba035f7296659ef165f4b1fea0fe919d8ce6e3ef424971583fe2182	566	scientific-artifact	synthetic_curriculum_advanced_training_v1/variants/04_advanced_irregular_plain_uneven_slow/map_assets/map.json	MOVE		none	One-level Alternative-A root collapse; content must remain byte-identical.
flyff_farming_simulator/synthetic_curriculum_advanced_training_v1/variants/04_advanced_irregular_plain_uneven_slow/map_assets/occupancy.npy	synthetic_curriculum_advanced_training_v1/variants/04_advanced_irregular_plain_uneven_slow/map_assets/occupancy.npy	tracked	acc54896e702d29238ee9516fb04575484558419	0f1208d8b7e363afa57fd54ce990a0af25a917b7e826ac162e138bf0683cdfd1	40128	scientific-artifact	synthetic_curriculum_advanced_training_v1/variants/04_advanced_irregular_plain_uneven_slow/map_assets/occupancy.npy	MOVE		none	One-level Alternative-A root collapse; content must remain byte-identical.
flyff_farming_simulator/synthetic_curriculum_advanced_training_v1/variants/04_advanced_irregular_plain_uneven_slow/world.json.gz	synthetic_curriculum_advanced_training_v1/variants/04_advanced_irregular_plain_uneven_slow/world.json.gz	tracked	82a0093774ac331300cb19835e8adf494d247844	80a98874f4621fd5e93dc606ae0c6607bb14b8e75ef85c9b845b3f7794bfbec9	28355	simulator-source	synthetic_curriculum_advanced_training_v1/variants/04_advanced_irregular_plain_uneven_slow/world.json.gz	MOVE		none	One-level Alternative-A root collapse; content must remain byte-identical.
flyff_farming_simulator/synthetic_curriculum_advanced_training_v1/variants/05_advanced_broad_lobes_shifting_variable/map_assets/coordinate_frame.json	synthetic_curriculum_advanced_training_v1/variants/05_advanced_broad_lobes_shifting_variable/map_assets/coordinate_frame.json	tracked	64529ba558428ad753e34e011b72712de2a47460	597d0050861ff15776667fd86ea79a190bb7da3e4a324f609dd24d1697c3bee7	87	scientific-artifact	synthetic_curriculum_advanced_training_v1/variants/05_advanced_broad_lobes_shifting_variable/map_assets/coordinate_frame.json	MOVE		none	One-level Alternative-A root collapse; content must remain byte-identical.
flyff_farming_simulator/synthetic_curriculum_advanced_training_v1/variants/05_advanced_broad_lobes_shifting_variable/map_assets/map.json	synthetic_curriculum_advanced_training_v1/variants/05_advanced_broad_lobes_shifting_variable/map_assets/map.json	tracked	7f6bc5c310e044c37fb402fbb194809e78a26a1d	465c3955a3019f8f941a27ec117299a330e511fe44ace1f9ea767f910a6d0074	583	scientific-artifact	synthetic_curriculum_advanced_training_v1/variants/05_advanced_broad_lobes_shifting_variable/map_assets/map.json	MOVE		none	One-level Alternative-A root collapse; content must remain byte-identical.
flyff_farming_simulator/synthetic_curriculum_advanced_training_v1/variants/05_advanced_broad_lobes_shifting_variable/map_assets/occupancy.npy	synthetic_curriculum_advanced_training_v1/variants/05_advanced_broad_lobes_shifting_variable/map_assets/occupancy.npy	tracked	961649dce64b471db1b53dde34843dde5223f020	d7907060346444abc68fea29b98e4cbb8af4f63acc2d58e0b82acb6623ce7a7d	38937	scientific-artifact	synthetic_curriculum_advanced_training_v1/variants/05_advanced_broad_lobes_shifting_variable/map_assets/occupancy.npy	MOVE		none	One-level Alternative-A root collapse; content must remain byte-identical.
flyff_farming_simulator/synthetic_curriculum_advanced_training_v1/variants/05_advanced_broad_lobes_shifting_variable/world.json.gz	synthetic_curriculum_advanced_training_v1/variants/05_advanced_broad_lobes_shifting_variable/world.json.gz	tracked	a8e64b64c11ed5d5cec039236734dcd1294f2a1d	ac2f9c462355033f4d4860d576f279aa49c2fabdb6dc7c1c640ff26e7ecea9d0	33244	simulator-source	synthetic_curriculum_advanced_training_v1/variants/05_advanced_broad_lobes_shifting_variable/world.json.gz	MOVE		none	One-level Alternative-A root collapse; content must remain byte-identical.
flyff_farming_simulator/synthetic_curriculum_advanced_training_v1/variants/06_advanced_broad_lobes_uneven_slow/map_assets/coordinate_frame.json	synthetic_curriculum_advanced_training_v1/variants/06_advanced_broad_lobes_uneven_slow/map_assets/coordinate_frame.json	tracked	64529ba558428ad753e34e011b72712de2a47460	597d0050861ff15776667fd86ea79a190bb7da3e4a324f609dd24d1697c3bee7	87	scientific-artifact	synthetic_curriculum_advanced_training_v1/variants/06_advanced_broad_lobes_uneven_slow/map_assets/coordinate_frame.json	MOVE		none	One-level Alternative-A root collapse; content must remain byte-identical.
flyff_farming_simulator/synthetic_curriculum_advanced_training_v1/variants/06_advanced_broad_lobes_uneven_slow/map_assets/map.json	synthetic_curriculum_advanced_training_v1/variants/06_advanced_broad_lobes_uneven_slow/map_assets/map.json	tracked	42e821cdbf51f143a86fa25f8f445364b2219128	4b43967d22730e72beaaa1f03f133bb92f2e3c60ce1c8da0d050bec5499644de	572	scientific-artifact	synthetic_curriculum_advanced_training_v1/variants/06_advanced_broad_lobes_uneven_slow/map_assets/map.json	MOVE		none	One-level Alternative-A root collapse; content must remain byte-identical.
flyff_farming_simulator/synthetic_curriculum_advanced_training_v1/variants/06_advanced_broad_lobes_uneven_slow/map_assets/occupancy.npy	synthetic_curriculum_advanced_training_v1/variants/06_advanced_broad_lobes_uneven_slow/map_assets/occupancy.npy	tracked	52bf95348f47b36492432b1fe3a244fd4a247032	77586757f24cd594070efc03df7f53b21d3ddd99cf694e29b0bed56d7cafd60a	47217	scientific-artifact	synthetic_curriculum_advanced_training_v1/variants/06_advanced_broad_lobes_uneven_slow/map_assets/occupancy.npy	MOVE		none	One-level Alternative-A root collapse; content must remain byte-identical.
flyff_farming_simulator/synthetic_curriculum_advanced_training_v1/variants/06_advanced_broad_lobes_uneven_slow/world.json.gz	synthetic_curriculum_advanced_training_v1/variants/06_advanced_broad_lobes_uneven_slow/world.json.gz	tracked	bf9a6fc80045a34f44338a5d8b49a599d688253f	14eb40f123a9686eaecee29cc57ba02bb25ae4e280a285388a922eb16f5707d5	32201	simulator-source	synthetic_curriculum_advanced_training_v1/variants/06_advanced_broad_lobes_uneven_slow/world.json.gz	MOVE		none	One-level Alternative-A root collapse; content must remain byte-identical.
flyff_farming_simulator/synthetic_curriculum_advanced_training_v1/variants/07_advanced_wide_neck_shifting_variable/map_assets/coordinate_frame.json	synthetic_curriculum_advanced_training_v1/variants/07_advanced_wide_neck_shifting_variable/map_assets/coordinate_frame.json	tracked	64529ba558428ad753e34e011b72712de2a47460	597d0050861ff15776667fd86ea79a190bb7da3e4a324f609dd24d1697c3bee7	87	scientific-artifact	synthetic_curriculum_advanced_training_v1/variants/07_advanced_wide_neck_shifting_variable/map_assets/coordinate_frame.json	MOVE		none	One-level Alternative-A root collapse; content must remain byte-identical.
flyff_farming_simulator/synthetic_curriculum_advanced_training_v1/variants/07_advanced_wide_neck_shifting_variable/map_assets/map.json	synthetic_curriculum_advanced_training_v1/variants/07_advanced_wide_neck_shifting_variable/map_assets/map.json	tracked	4dc342b0dc4525fe03a08a81523eb66cbb42695f	ed30be76ee92c92f6a222b3dc4953338e8c0aeae0131e240cbf465f4351d0a74	578	scientific-artifact	synthetic_curriculum_advanced_training_v1/variants/07_advanced_wide_neck_shifting_variable/map_assets/map.json	MOVE		none	One-level Alternative-A root collapse; content must remain byte-identical.
flyff_farming_simulator/synthetic_curriculum_advanced_training_v1/variants/07_advanced_wide_neck_shifting_variable/map_assets/occupancy.npy	synthetic_curriculum_advanced_training_v1/variants/07_advanced_wide_neck_shifting_variable/map_assets/occupancy.npy	tracked	adacb6b440b44af331a23d33d4f20d8cf01c411b	ead4254c28d505d0f5cf59883dad17e0a70690304cdb0704b00ed865a37cbb00	39332	scientific-artifact	synthetic_curriculum_advanced_training_v1/variants/07_advanced_wide_neck_shifting_variable/map_assets/occupancy.npy	MOVE		none	One-level Alternative-A root collapse; content must remain byte-identical.
flyff_farming_simulator/synthetic_curriculum_advanced_training_v1/variants/07_advanced_wide_neck_shifting_variable/world.json.gz	synthetic_curriculum_advanced_training_v1/variants/07_advanced_wide_neck_shifting_variable/world.json.gz	tracked	a6ff15fecb2937076aaeea529f5416c9040cc4d7	68899b4f1ebc917c8db3b9ee6ac1555a71c075363e14a9a5c7012b1eddeee13d	32073	simulator-source	synthetic_curriculum_advanced_training_v1/variants/07_advanced_wide_neck_shifting_variable/world.json.gz	MOVE		none	One-level Alternative-A root collapse; content must remain byte-identical.
flyff_farming_simulator/synthetic_curriculum_advanced_training_v1/variants/08_advanced_wide_neck_uneven_slow/map_assets/coordinate_frame.json	synthetic_curriculum_advanced_training_v1/variants/08_advanced_wide_neck_uneven_slow/map_assets/coordinate_frame.json	tracked	64529ba558428ad753e34e011b72712de2a47460	597d0050861ff15776667fd86ea79a190bb7da3e4a324f609dd24d1697c3bee7	87	scientific-artifact	synthetic_curriculum_advanced_training_v1/variants/08_advanced_wide_neck_uneven_slow/map_assets/coordinate_frame.json	MOVE		none	One-level Alternative-A root collapse; content must remain byte-identical.
flyff_farming_simulator/synthetic_curriculum_advanced_training_v1/variants/08_advanced_wide_neck_uneven_slow/map_assets/map.json	synthetic_curriculum_advanced_training_v1/variants/08_advanced_wide_neck_uneven_slow/map_assets/map.json	tracked	dde7b6e13223c43d8901d31d57f4e05f155081fd	f459963d5652b5e35fa21c26d588c4f1aa1bdd6a1be67a6b816fac29d32662cd	567	scientific-artifact	synthetic_curriculum_advanced_training_v1/variants/08_advanced_wide_neck_uneven_slow/map_assets/map.json	MOVE		none	One-level Alternative-A root collapse; content must remain byte-identical.
flyff_farming_simulator/synthetic_curriculum_advanced_training_v1/variants/08_advanced_wide_neck_uneven_slow/map_assets/occupancy.npy	synthetic_curriculum_advanced_training_v1/variants/08_advanced_wide_neck_uneven_slow/map_assets/occupancy.npy	tracked	c4dd311d3a16d60b7db24b2d79b4f785e2b36093	2063f2ba3442b1d2514dc525d0547b71dbf5f5a0cfdfff9c99e56addbaaac7f2	45497	scientific-artifact	synthetic_curriculum_advanced_training_v1/variants/08_advanced_wide_neck_uneven_slow/map_assets/occupancy.npy	MOVE		none	One-level Alternative-A root collapse; content must remain byte-identical.
flyff_farming_simulator/synthetic_curriculum_advanced_training_v1/variants/08_advanced_wide_neck_uneven_slow/world.json.gz	synthetic_curriculum_advanced_training_v1/variants/08_advanced_wide_neck_uneven_slow/world.json.gz	tracked	7f39ee6630046913cf93a8298500ff300c7733ce	c92864729e0bbe45438b5b291ec8eacbb8bfc4030f798797081751f325c6aa51	28932	simulator-source	synthetic_curriculum_advanced_training_v1/variants/08_advanced_wide_neck_uneven_slow/world.json.gz	MOVE		none	One-level Alternative-A root collapse; content must remain byte-identical.
flyff_farming_simulator/synthetic_curriculum_advanced_training_v1/variants/09_advanced_split_field_shifting_variable/map_assets/coordinate_frame.json	synthetic_curriculum_advanced_training_v1/variants/09_advanced_split_field_shifting_variable/map_assets/coordinate_frame.json	tracked	64529ba558428ad753e34e011b72712de2a47460	597d0050861ff15776667fd86ea79a190bb7da3e4a324f609dd24d1697c3bee7	87	scientific-artifact	synthetic_curriculum_advanced_training_v1/variants/09_advanced_split_field_shifting_variable/map_assets/coordinate_frame.json	MOVE		none	One-level Alternative-A root collapse; content must remain byte-identical.
flyff_farming_simulator/synthetic_curriculum_advanced_training_v1/variants/09_advanced_split_field_shifting_variable/map_assets/map.json	synthetic_curriculum_advanced_training_v1/variants/09_advanced_split_field_shifting_variable/map_assets/map.json	tracked	78f925bbf595d3a1a0777570f4a408d794803682	50491936e956efda329e80d18f7c7760493ec688dd08b5958d6322905ff9c7f1	581	scientific-artifact	synthetic_curriculum_advanced_training_v1/variants/09_advanced_split_field_shifting_variable/map_assets/map.json	MOVE		none	One-level Alternative-A root collapse; content must remain byte-identical.
flyff_farming_simulator/synthetic_curriculum_advanced_training_v1/variants/09_advanced_split_field_shifting_variable/map_assets/occupancy.npy	synthetic_curriculum_advanced_training_v1/variants/09_advanced_split_field_shifting_variable/map_assets/occupancy.npy	tracked	3b4d1b76703a893671b739109fb6a9747cf16145	6893b88f537f1004a0636faade7007fb1995658c21b434cb0939d89cf28b3e35	36609	scientific-artifact	synthetic_curriculum_advanced_training_v1/variants/09_advanced_split_field_shifting_variable/map_assets/occupancy.npy	MOVE		none	One-level Alternative-A root collapse; content must remain byte-identical.
flyff_farming_simulator/synthetic_curriculum_advanced_training_v1/variants/09_advanced_split_field_shifting_variable/world.json.gz	synthetic_curriculum_advanced_training_v1/variants/09_advanced_split_field_shifting_variable/world.json.gz	tracked	3d3e332bd15fa50e4b60dc89eee4cf5fa2443067	4b407f311ab6fe3cc20226a3b75702bcc853bb58b2d9496b32f9d17241964a38	30109	simulator-source	synthetic_curriculum_advanced_training_v1/variants/09_advanced_split_field_shifting_variable/world.json.gz	MOVE		none	One-level Alternative-A root collapse; content must remain byte-identical.
flyff_farming_simulator/synthetic_curriculum_advanced_training_v1/variants/10_advanced_split_field_uneven_slow/map_assets/coordinate_frame.json	synthetic_curriculum_advanced_training_v1/variants/10_advanced_split_field_uneven_slow/map_assets/coordinate_frame.json	tracked	64529ba558428ad753e34e011b72712de2a47460	597d0050861ff15776667fd86ea79a190bb7da3e4a324f609dd24d1697c3bee7	87	scientific-artifact	synthetic_curriculum_advanced_training_v1/variants/10_advanced_split_field_uneven_slow/map_assets/coordinate_frame.json	MOVE		none	One-level Alternative-A root collapse; content must remain byte-identical.
flyff_farming_simulator/synthetic_curriculum_advanced_training_v1/variants/10_advanced_split_field_uneven_slow/map_assets/map.json	synthetic_curriculum_advanced_training_v1/variants/10_advanced_split_field_uneven_slow/map_assets/map.json	tracked	19ba2318223d8f2bfee9d8267ed9a1d3fd037a70	94d7b1833c4f55f3ea8eba09b051eff8a2d33c6f21897cd1ab02edf20af4cbb7	571	scientific-artifact	synthetic_curriculum_advanced_training_v1/variants/10_advanced_split_field_uneven_slow/map_assets/map.json	MOVE		none	One-level Alternative-A root collapse; content must remain byte-identical.
flyff_farming_simulator/synthetic_curriculum_advanced_training_v1/variants/10_advanced_split_field_uneven_slow/map_assets/occupancy.npy	synthetic_curriculum_advanced_training_v1/variants/10_advanced_split_field_uneven_slow/map_assets/occupancy.npy	tracked	efddeeef53e3978c9e0366d3be38c5663eca1dad	2b3341d23f1c21902b78f242371670b3316916f580f1f64cad9b57bda271c7f9	43392	scientific-artifact	synthetic_curriculum_advanced_training_v1/variants/10_advanced_split_field_uneven_slow/map_assets/occupancy.npy	MOVE		none	One-level Alternative-A root collapse; content must remain byte-identical.
flyff_farming_simulator/synthetic_curriculum_advanced_training_v1/variants/10_advanced_split_field_uneven_slow/world.json.gz	synthetic_curriculum_advanced_training_v1/variants/10_advanced_split_field_uneven_slow/world.json.gz	tracked	0487e95762787e6fd7fc33b1115d648c93cf33fd	06bad9e6b2a53856449fe15504e29daaddaa97d17e7f23538af8ee08c220b22d	28832	simulator-source	synthetic_curriculum_advanced_training_v1/variants/10_advanced_split_field_uneven_slow/world.json.gz	MOVE		none	One-level Alternative-A root collapse; content must remain byte-identical.
flyff_farming_simulator/synthetic_curriculum_advanced_training_v1/variants/11_advanced_open_center_shifting_variable/map_assets/coordinate_frame.json	synthetic_curriculum_advanced_training_v1/variants/11_advanced_open_center_shifting_variable/map_assets/coordinate_frame.json	tracked	64529ba558428ad753e34e011b72712de2a47460	597d0050861ff15776667fd86ea79a190bb7da3e4a324f609dd24d1697c3bee7	87	scientific-artifact	synthetic_curriculum_advanced_training_v1/variants/11_advanced_open_center_shifting_variable/map_assets/coordinate_frame.json	MOVE		none	One-level Alternative-A root collapse; content must remain byte-identical.
flyff_farming_simulator/synthetic_curriculum_advanced_training_v1/variants/11_advanced_open_center_shifting_variable/map_assets/map.json	synthetic_curriculum_advanced_training_v1/variants/11_advanced_open_center_shifting_variable/map_assets/map.json	tracked	2e5371badda021576d825f8aebbf6bfcf08c16cc	c495404320465c966ad626370cfb12c8fca6100adb6188246137f2a85634e920	583	scientific-artifact	synthetic_curriculum_advanced_training_v1/variants/11_advanced_open_center_shifting_variable/map_assets/map.json	MOVE		none	One-level Alternative-A root collapse; content must remain byte-identical.
flyff_farming_simulator/synthetic_curriculum_advanced_training_v1/variants/11_advanced_open_center_shifting_variable/map_assets/occupancy.npy	synthetic_curriculum_advanced_training_v1/variants/11_advanced_open_center_shifting_variable/map_assets/occupancy.npy	tracked	188dd90ac180c8d322e7751676efec15bc16a830	1cd0e38e9c8d981dfb15d5fef2fafe195ee0f6ac0d7a7a52ea3f20c8ec6367b9	51657	scientific-artifact	synthetic_curriculum_advanced_training_v1/variants/11_advanced_open_center_shifting_variable/map_assets/occupancy.npy	MOVE		none	One-level Alternative-A root collapse; content must remain byte-identical.
flyff_farming_simulator/synthetic_curriculum_advanced_training_v1/variants/11_advanced_open_center_shifting_variable/world.json.gz	synthetic_curriculum_advanced_training_v1/variants/11_advanced_open_center_shifting_variable/world.json.gz	tracked	5f206206b5451745f45ad632179aaa1804455fb4	54561964cb669d93c3d04828f0959e997984269c36a6a13a04bb183ab4831a9e	30624	simulator-source	synthetic_curriculum_advanced_training_v1/variants/11_advanced_open_center_shifting_variable/world.json.gz	MOVE		none	One-level Alternative-A root collapse; content must remain byte-identical.
flyff_farming_simulator/synthetic_curriculum_advanced_training_v1/variants/12_advanced_open_center_uneven_slow/map_assets/coordinate_frame.json	synthetic_curriculum_advanced_training_v1/variants/12_advanced_open_center_uneven_slow/map_assets/coordinate_frame.json	tracked	64529ba558428ad753e34e011b72712de2a47460	597d0050861ff15776667fd86ea79a190bb7da3e4a324f609dd24d1697c3bee7	87	scientific-artifact	synthetic_curriculum_advanced_training_v1/variants/12_advanced_open_center_uneven_slow/map_assets/coordinate_frame.json	MOVE		none	One-level Alternative-A root collapse; content must remain byte-identical.
flyff_farming_simulator/synthetic_curriculum_advanced_training_v1/variants/12_advanced_open_center_uneven_slow/map_assets/map.json	synthetic_curriculum_advanced_training_v1/variants/12_advanced_open_center_uneven_slow/map_assets/map.json	tracked	6de25d2f128a3b7f8621be1f952cb33ab8037216	35c8c8bd874ba33d0df51ba472e1250a52fec9642a34114037b251e755a49552	571	scientific-artifact	synthetic_curriculum_advanced_training_v1/variants/12_advanced_open_center_uneven_slow/map_assets/map.json	MOVE		none	One-level Alternative-A root collapse; content must remain byte-identical.
flyff_farming_simulator/synthetic_curriculum_advanced_training_v1/variants/12_advanced_open_center_uneven_slow/map_assets/occupancy.npy	synthetic_curriculum_advanced_training_v1/variants/12_advanced_open_center_uneven_slow/map_assets/occupancy.npy	tracked	9ea8130900513924665a5cae30b500b4d5796376	68e306c59c607676b78967e7232300d7a2cdca008d1a10650c854c2f4c5f1e17	42564	scientific-artifact	synthetic_curriculum_advanced_training_v1/variants/12_advanced_open_center_uneven_slow/map_assets/occupancy.npy	MOVE		none	One-level Alternative-A root collapse; content must remain byte-identical.
flyff_farming_simulator/synthetic_curriculum_advanced_training_v1/variants/12_advanced_open_center_uneven_slow/world.json.gz	synthetic_curriculum_advanced_training_v1/variants/12_advanced_open_center_uneven_slow/world.json.gz	tracked	ba0d6e048f9ce7bb8291793a17567f57d6ef4244	6cd988c9b0609403adfa2a0ce7dea0d030d7e16eb9005f10c376fc94af3c1421	29277	simulator-source	synthetic_curriculum_advanced_training_v1/variants/12_advanced_open_center_uneven_slow/world.json.gz	MOVE		none	One-level Alternative-A root collapse; content must remain byte-identical.
flyff_farming_simulator/synthetic_curriculum_advanced_training_v1/variants/13_advanced_wide_neck_shifting_variable/map_assets/coordinate_frame.json	synthetic_curriculum_advanced_training_v1/variants/13_advanced_wide_neck_shifting_variable/map_assets/coordinate_frame.json	tracked	64529ba558428ad753e34e011b72712de2a47460	597d0050861ff15776667fd86ea79a190bb7da3e4a324f609dd24d1697c3bee7	87	scientific-artifact	synthetic_curriculum_advanced_training_v1/variants/13_advanced_wide_neck_shifting_variable/map_assets/coordinate_frame.json	MOVE		none	One-level Alternative-A root collapse; content must remain byte-identical.
flyff_farming_simulator/synthetic_curriculum_advanced_training_v1/variants/13_advanced_wide_neck_shifting_variable/map_assets/map.json	synthetic_curriculum_advanced_training_v1/variants/13_advanced_wide_neck_shifting_variable/map_assets/map.json	tracked	81ec7e1e63052f0217ffa2e20988982e0386ca19	3f43e10a3635b10cc9b9718b08c9741c3c15a9db50e199e739fd82cb864fa02e	579	scientific-artifact	synthetic_curriculum_advanced_training_v1/variants/13_advanced_wide_neck_shifting_variable/map_assets/map.json	MOVE		none	One-level Alternative-A root collapse; content must remain byte-identical.
flyff_farming_simulator/synthetic_curriculum_advanced_training_v1/variants/13_advanced_wide_neck_shifting_variable/map_assets/occupancy.npy	synthetic_curriculum_advanced_training_v1/variants/13_advanced_wide_neck_shifting_variable/map_assets/occupancy.npy	tracked	1af3604d8dc95299be9a6be5137c9bf81de32235	0d34c79c631da79eb3acf71b1ae2e4b0cdec2a2429bf98562931a6306bc2df46	41744	scientific-artifact	synthetic_curriculum_advanced_training_v1/variants/13_advanced_wide_neck_shifting_variable/map_assets/occupancy.npy	MOVE		none	One-level Alternative-A root collapse; content must remain byte-identical.
flyff_farming_simulator/synthetic_curriculum_advanced_training_v1/variants/13_advanced_wide_neck_shifting_variable/world.json.gz	synthetic_curriculum_advanced_training_v1/variants/13_advanced_wide_neck_shifting_variable/world.json.gz	tracked	53117c0c75578cadaa999ab0f44b292d3805e5d9	532aac41cdcd6acb5f875431fefd066a0cbc885aaacaad449003f09ff78554fe	33844	simulator-source	synthetic_curriculum_advanced_training_v1/variants/13_advanced_wide_neck_shifting_variable/world.json.gz	MOVE		none	One-level Alternative-A root collapse; content must remain byte-identical.
flyff_farming_simulator/synthetic_curriculum_advanced_training_v1/variants/14_advanced_wide_neck_uneven_slow/map_assets/coordinate_frame.json	synthetic_curriculum_advanced_training_v1/variants/14_advanced_wide_neck_uneven_slow/map_assets/coordinate_frame.json	tracked	64529ba558428ad753e34e011b72712de2a47460	597d0050861ff15776667fd86ea79a190bb7da3e4a324f609dd24d1697c3bee7	87	scientific-artifact	synthetic_curriculum_advanced_training_v1/variants/14_advanced_wide_neck_uneven_slow/map_assets/coordinate_frame.json	MOVE		none	One-level Alternative-A root collapse; content must remain byte-identical.
flyff_farming_simulator/synthetic_curriculum_advanced_training_v1/variants/14_advanced_wide_neck_uneven_slow/map_assets/map.json	synthetic_curriculum_advanced_training_v1/variants/14_advanced_wide_neck_uneven_slow/map_assets/map.json	tracked	d38ea5df66cece0089432c405472b2ef65e106f8	d3c76218edf009b5729ed0b07ad03372662c2ae01d18e85f79b3dfd91d7e6f51	567	scientific-artifact	synthetic_curriculum_advanced_training_v1/variants/14_advanced_wide_neck_uneven_slow/map_assets/map.json	MOVE		none	One-level Alternative-A root collapse; content must remain byte-identical.
flyff_farming_simulator/synthetic_curriculum_advanced_training_v1/variants/14_advanced_wide_neck_uneven_slow/map_assets/occupancy.npy	synthetic_curriculum_advanced_training_v1/variants/14_advanced_wide_neck_uneven_slow/map_assets/occupancy.npy	tracked	451358b27d3bf6b8f1817ddab3141af617ab6d37	e8e6609e4469a0ab4f800310a72f88e1a3a0af674e3909631e1f3d2c50033d9e	45924	scientific-artifact	synthetic_curriculum_advanced_training_v1/variants/14_advanced_wide_neck_uneven_slow/map_assets/occupancy.npy	MOVE		none	One-level Alternative-A root collapse; content must remain byte-identical.
flyff_farming_simulator/synthetic_curriculum_advanced_training_v1/variants/14_advanced_wide_neck_uneven_slow/world.json.gz	synthetic_curriculum_advanced_training_v1/variants/14_advanced_wide_neck_uneven_slow/world.json.gz	tracked	c8265bd36b7c8853a0927dcae921e62d2678c078	098f59985e0b236abe925e74f9763a0a05e85f135dd777cbef8aaf1445c9d0a4	32994	simulator-source	synthetic_curriculum_advanced_training_v1/variants/14_advanced_wide_neck_uneven_slow/world.json.gz	MOVE		none	One-level Alternative-A root collapse; content must remain byte-identical.
flyff_farming_simulator/synthetic_curriculum_advanced_training_v1/variants/15_advanced_split_field_shifting_variable/map_assets/coordinate_frame.json	synthetic_curriculum_advanced_training_v1/variants/15_advanced_split_field_shifting_variable/map_assets/coordinate_frame.json	tracked	64529ba558428ad753e34e011b72712de2a47460	597d0050861ff15776667fd86ea79a190bb7da3e4a324f609dd24d1697c3bee7	87	scientific-artifact	synthetic_curriculum_advanced_training_v1/variants/15_advanced_split_field_shifting_variable/map_assets/coordinate_frame.json	MOVE		none	One-level Alternative-A root collapse; content must remain byte-identical.
flyff_farming_simulator/synthetic_curriculum_advanced_training_v1/variants/15_advanced_split_field_shifting_variable/map_assets/map.json	synthetic_curriculum_advanced_training_v1/variants/15_advanced_split_field_shifting_variable/map_assets/map.json	tracked	21e744a7add843543dd10231417428374740955b	5b3334c30dd46e0014391a59c71f28156f5a9c5c49b8c08a1cad2d3fb7eb35ef	584	scientific-artifact	synthetic_curriculum_advanced_training_v1/variants/15_advanced_split_field_shifting_variable/map_assets/map.json	MOVE		none	One-level Alternative-A root collapse; content must remain byte-identical.
flyff_farming_simulator/synthetic_curriculum_advanced_training_v1/variants/15_advanced_split_field_shifting_variable/map_assets/occupancy.npy	synthetic_curriculum_advanced_training_v1/variants/15_advanced_split_field_shifting_variable/map_assets/occupancy.npy	tracked	814289f81e063bbb3e587d28e09bf0be259937ab	3d18b5047ea9b3ebb9e8c96ac4cbd11cf35f9e11f96097bd2fa862eafe4cdfec	48528	scientific-artifact	synthetic_curriculum_advanced_training_v1/variants/15_advanced_split_field_shifting_variable/map_assets/occupancy.npy	MOVE		none	One-level Alternative-A root collapse; content must remain byte-identical.
flyff_farming_simulator/synthetic_curriculum_advanced_training_v1/variants/15_advanced_split_field_shifting_variable/world.json.gz	synthetic_curriculum_advanced_training_v1/variants/15_advanced_split_field_shifting_variable/world.json.gz	tracked	57dd0cd6cb1041a9cb91cc5b0ac2dac2299c6db1	f0e6e63ab11254443018a00cedea19dfafb2d332a81ba59a79849b55f9bb92ea	35188	simulator-source	synthetic_curriculum_advanced_training_v1/variants/15_advanced_split_field_shifting_variable/world.json.gz	MOVE		none	One-level Alternative-A root collapse; content must remain byte-identical.
flyff_farming_simulator/synthetic_curriculum_advanced_training_v1/variants/16_advanced_split_field_uneven_slow/map_assets/coordinate_frame.json	synthetic_curriculum_advanced_training_v1/variants/16_advanced_split_field_uneven_slow/map_assets/coordinate_frame.json	tracked	64529ba558428ad753e34e011b72712de2a47460	597d0050861ff15776667fd86ea79a190bb7da3e4a324f609dd24d1697c3bee7	87	scientific-artifact	synthetic_curriculum_advanced_training_v1/variants/16_advanced_split_field_uneven_slow/map_assets/coordinate_frame.json	MOVE		none	One-level Alternative-A root collapse; content must remain byte-identical.
flyff_farming_simulator/synthetic_curriculum_advanced_training_v1/variants/16_advanced_split_field_uneven_slow/map_assets/map.json	synthetic_curriculum_advanced_training_v1/variants/16_advanced_split_field_uneven_slow/map_assets/map.json	tracked	41f0bfeb6b1f0833fe39d91be46254f49b7b06c5	931ee53d91321fcecf4234cfe241cf934c01c6ffc5d5a30fafd9888a9e6be1b3	572	scientific-artifact	synthetic_curriculum_advanced_training_v1/variants/16_advanced_split_field_uneven_slow/map_assets/map.json	MOVE		none	One-level Alternative-A root collapse; content must remain byte-identical.
flyff_farming_simulator/synthetic_curriculum_advanced_training_v1/variants/16_advanced_split_field_uneven_slow/map_assets/occupancy.npy	synthetic_curriculum_advanced_training_v1/variants/16_advanced_split_field_uneven_slow/map_assets/occupancy.npy	tracked	8dc152606ae614781068cc283729c2de0927980f	58745f1bcb0f3b6d96f218763b16717b4f3e131ad7da22d3ea418dd7b1ee0983	53028	scientific-artifact	synthetic_curriculum_advanced_training_v1/variants/16_advanced_split_field_uneven_slow/map_assets/occupancy.npy	MOVE		none	One-level Alternative-A root collapse; content must remain byte-identical.
flyff_farming_simulator/synthetic_curriculum_advanced_training_v1/variants/16_advanced_split_field_uneven_slow/world.json.gz	synthetic_curriculum_advanced_training_v1/variants/16_advanced_split_field_uneven_slow/world.json.gz	tracked	bf6e6883fcbf5a98ddf062a77cba06d6c69b8650	a4bf0476f8f687bb6c9e965f1949bd2b21f12849d068880147d66e5517b584d2	29804	simulator-source	synthetic_curriculum_advanced_training_v1/variants/16_advanced_split_field_uneven_slow/world.json.gz	MOVE		none	One-level Alternative-A root collapse; content must remain byte-identical.
flyff_farming_simulator/synthetic_curriculum_advanced_unseen_profiles/curriculum.json	synthetic_curriculum_advanced_unseen_profiles/curriculum.json	tracked	1e5aee57926915b3895ad629ac46966271f3fd2d	964b4a9089deb471faa938d85f24f9b16aa3de773c941d5936bfc8fd0a22ad14	3847	config	synthetic_curriculum_advanced_unseen_profiles/curriculum.json	MOVE		none	One-level Alternative-A root collapse; content must remain byte-identical.
flyff_farming_simulator/synthetic_curriculum_advanced_unseen_profiles/variants/01_advanced_open_field_typical_fast/map_assets/coordinate_frame.json	synthetic_curriculum_advanced_unseen_profiles/variants/01_advanced_open_field_typical_fast/map_assets/coordinate_frame.json	tracked	64529ba558428ad753e34e011b72712de2a47460	597d0050861ff15776667fd86ea79a190bb7da3e4a324f609dd24d1697c3bee7	87	scientific-artifact	synthetic_curriculum_advanced_unseen_profiles/variants/01_advanced_open_field_typical_fast/map_assets/coordinate_frame.json	MOVE		none	One-level Alternative-A root collapse; content must remain byte-identical.
flyff_farming_simulator/synthetic_curriculum_advanced_unseen_profiles/variants/01_advanced_open_field_typical_fast/map_assets/map.json	synthetic_curriculum_advanced_unseen_profiles/variants/01_advanced_open_field_typical_fast/map_assets/map.json	tracked	70efff81ab5e593bf1a32962b5e54dbf7e0b742f	2f2f99ebada035e63cc3f638042f92a4ab584130f0bd84ac3bf5bfb05344e7be	572	scientific-artifact	synthetic_curriculum_advanced_unseen_profiles/variants/01_advanced_open_field_typical_fast/map_assets/map.json	MOVE		none	One-level Alternative-A root collapse; content must remain byte-identical.
flyff_farming_simulator/synthetic_curriculum_advanced_unseen_profiles/variants/01_advanced_open_field_typical_fast/map_assets/occupancy.npy	synthetic_curriculum_advanced_unseen_profiles/variants/01_advanced_open_field_typical_fast/map_assets/occupancy.npy	tracked	70dcd0dba3f33ec6dd770cc87032d63290352590	b7584943dcd4c65573937be9a986333bad7e04e945ba96b0cbe063ded4d942c1	53952	scientific-artifact	synthetic_curriculum_advanced_unseen_profiles/variants/01_advanced_open_field_typical_fast/map_assets/occupancy.npy	MOVE		none	One-level Alternative-A root collapse; content must remain byte-identical.
flyff_farming_simulator/synthetic_curriculum_advanced_unseen_profiles/variants/01_advanced_open_field_typical_fast/world.json.gz	synthetic_curriculum_advanced_unseen_profiles/variants/01_advanced_open_field_typical_fast/world.json.gz	tracked	236e67c6d5c0033e042fed67af723a77473662ce	c7e8351dbf74b6506dca64dcb69c111a22a0a799a0baf15d9ee7ed5aa919e518	30830	simulator-source	synthetic_curriculum_advanced_unseen_profiles/variants/01_advanced_open_field_typical_fast/world.json.gz	MOVE		none	One-level Alternative-A root collapse; content must remain byte-identical.
flyff_farming_simulator/synthetic_curriculum_advanced_unseen_profiles/variants/02_advanced_irregular_plain_typical_typical/map_assets/coordinate_frame.json	synthetic_curriculum_advanced_unseen_profiles/variants/02_advanced_irregular_plain_typical_typical/map_assets/coordinate_frame.json	tracked	64529ba558428ad753e34e011b72712de2a47460	597d0050861ff15776667fd86ea79a190bb7da3e4a324f609dd24d1697c3bee7	87	scientific-artifact	synthetic_curriculum_advanced_unseen_profiles/variants/02_advanced_irregular_plain_typical_typical/map_assets/coordinate_frame.json	MOVE		none	One-level Alternative-A root collapse; content must remain byte-identical.
flyff_farming_simulator/synthetic_curriculum_advanced_unseen_profiles/variants/02_advanced_irregular_plain_typical_typical/map_assets/map.json	synthetic_curriculum_advanced_unseen_profiles/variants/02_advanced_irregular_plain_typical_typical/map_assets/map.json	tracked	1c00b2c8d6a171761fa910e25ffd1ed89c333477	3e3ec4ab02a214008cf6cc868ced00a10b6a17cbd8791a4886b810ede76918d8	587	scientific-artifact	synthetic_curriculum_advanced_unseen_profiles/variants/02_advanced_irregular_plain_typical_typical/map_assets/map.json	MOVE		none	One-level Alternative-A root collapse; content must remain byte-identical.
flyff_farming_simulator/synthetic_curriculum_advanced_unseen_profiles/variants/02_advanced_irregular_plain_typical_typical/map_assets/occupancy.npy	synthetic_curriculum_advanced_unseen_profiles/variants/02_advanced_irregular_plain_typical_typical/map_assets/occupancy.npy	tracked	c719179d4beed1d211d82265abf0f9c22a89f775	2ca631287c4a84f7c86ea48f11ce9da2a2d0ca20a4bde5bfb955c265aaebbccf	51204	scientific-artifact	synthetic_curriculum_advanced_unseen_profiles/variants/02_advanced_irregular_plain_typical_typical/map_assets/occupancy.npy	MOVE		none	One-level Alternative-A root collapse; content must remain byte-identical.
flyff_farming_simulator/synthetic_curriculum_advanced_unseen_profiles/variants/02_advanced_irregular_plain_typical_typical/world.json.gz	synthetic_curriculum_advanced_unseen_profiles/variants/02_advanced_irregular_plain_typical_typical/world.json.gz	tracked	5e5bebe9911e199bf2b724118fdaa4f7d48a498c	7dc814818f69c3f4aa8e2724879c949c3313bc997541e41e09da4fced978513a	32150	simulator-source	synthetic_curriculum_advanced_unseen_profiles/variants/02_advanced_irregular_plain_typical_typical/world.json.gz	MOVE		none	One-level Alternative-A root collapse; content must remain byte-identical.
flyff_farming_simulator/synthetic_curriculum_advanced_unseen_profiles/variants/03_advanced_broad_lobes_typical_bursty/map_assets/coordinate_frame.json	synthetic_curriculum_advanced_unseen_profiles/variants/03_advanced_broad_lobes_typical_bursty/map_assets/coordinate_frame.json	tracked	64529ba558428ad753e34e011b72712de2a47460	597d0050861ff15776667fd86ea79a190bb7da3e4a324f609dd24d1697c3bee7	87	scientific-artifact	synthetic_curriculum_advanced_unseen_profiles/variants/03_advanced_broad_lobes_typical_bursty/map_assets/coordinate_frame.json	MOVE		none	One-level Alternative-A root collapse; content must remain byte-identical.
flyff_farming_simulator/synthetic_curriculum_advanced_unseen_profiles/variants/03_advanced_broad_lobes_typical_bursty/map_assets/map.json	synthetic_curriculum_advanced_unseen_profiles/variants/03_advanced_broad_lobes_typical_bursty/map_assets/map.json	tracked	e02559906b13f5d667e66a729e4387491cad7d9b	955a0819738862c2c200e8506b56e01a173e607571a3ea89ea201cfa86c82b7b	577	scientific-artifact	synthetic_curriculum_advanced_unseen_profiles/variants/03_advanced_broad_lobes_typical_bursty/map_assets/map.json	MOVE		none	One-level Alternative-A root collapse; content must remain byte-identical.
flyff_farming_simulator/synthetic_curriculum_advanced_unseen_profiles/variants/03_advanced_broad_lobes_typical_bursty/map_assets/occupancy.npy	synthetic_curriculum_advanced_unseen_profiles/variants/03_advanced_broad_lobes_typical_bursty/map_assets/occupancy.npy	tracked	e9a01150ec0502a47e1e9afb88684379bcf9050c	9431fa050036cc1c421696d4707c7ac4f71c6731f7eabd839cfcb08541b48d2f	38937	scientific-artifact	synthetic_curriculum_advanced_unseen_profiles/variants/03_advanced_broad_lobes_typical_bursty/map_assets/occupancy.npy	MOVE		none	One-level Alternative-A root collapse; content must remain byte-identical.
flyff_farming_simulator/synthetic_curriculum_advanced_unseen_profiles/variants/03_advanced_broad_lobes_typical_bursty/world.json.gz	synthetic_curriculum_advanced_unseen_profiles/variants/03_advanced_broad_lobes_typical_bursty/world.json.gz	tracked	1913bc6aa84b68c5adb64ecc04cf73f0d9a7d757	98abb57556e1e55259c18fc2d8fda24e50c4318e92f238eb58b554474bac9ca9	29384	simulator-source	synthetic_curriculum_advanced_unseen_profiles/variants/03_advanced_broad_lobes_typical_bursty/world.json.gz	MOVE		none	One-level Alternative-A root collapse; content must remain byte-identical.
flyff_farming_simulator/synthetic_curriculum_advanced_unseen_profiles/variants/04_advanced_wide_neck_typical_fast/map_assets/coordinate_frame.json	synthetic_curriculum_advanced_unseen_profiles/variants/04_advanced_wide_neck_typical_fast/map_assets/coordinate_frame.json	tracked	64529ba558428ad753e34e011b72712de2a47460	597d0050861ff15776667fd86ea79a190bb7da3e4a324f609dd24d1697c3bee7	87	scientific-artifact	synthetic_curriculum_advanced_unseen_profiles/variants/04_advanced_wide_neck_typical_fast/map_assets/coordinate_frame.json	MOVE		none	One-level Alternative-A root collapse; content must remain byte-identical.
flyff_farming_simulator/synthetic_curriculum_advanced_unseen_profiles/variants/04_advanced_wide_neck_typical_fast/map_assets/map.json	synthetic_curriculum_advanced_unseen_profiles/variants/04_advanced_wide_neck_typical_fast/map_assets/map.json	tracked	1ac151edf40a6c09439bd9b2c44dc3108fd11a0a	705fe46dfb7eab9a7777e492ef43bdf898183ace51d8cf5d13fe423c56ad5a7a	569	scientific-artifact	synthetic_curriculum_advanced_unseen_profiles/variants/04_advanced_wide_neck_typical_fast/map_assets/map.json	MOVE		none	One-level Alternative-A root collapse; content must remain byte-identical.
flyff_farming_simulator/synthetic_curriculum_advanced_unseen_profiles/variants/04_advanced_wide_neck_typical_fast/map_assets/occupancy.npy	synthetic_curriculum_advanced_unseen_profiles/variants/04_advanced_wide_neck_typical_fast/map_assets/occupancy.npy	tracked	31b358d53fbaf6c22539e3d39842395b9784f1c0	1f45e2841b09a34a2017904f5ab1e4ba358129300bc10febaa6a832e77f5614e	52112	scientific-artifact	synthetic_curriculum_advanced_unseen_profiles/variants/04_advanced_wide_neck_typical_fast/map_assets/occupancy.npy	MOVE		none	One-level Alternative-A root collapse; content must remain byte-identical.
flyff_farming_simulator/synthetic_curriculum_advanced_unseen_profiles/variants/04_advanced_wide_neck_typical_fast/world.json.gz	synthetic_curriculum_advanced_unseen_profiles/variants/04_advanced_wide_neck_typical_fast/world.json.gz	tracked	11eff37e3f0e1ce8d07195c5a98860b441ef795e	784b7a1b1484b886f255badc700c2200472da974bcc4f0d42d671c8a81f1e943	31274	simulator-source	synthetic_curriculum_advanced_unseen_profiles/variants/04_advanced_wide_neck_typical_fast/world.json.gz	MOVE		none	One-level Alternative-A root collapse; content must remain byte-identical.
flyff_farming_simulator/synthetic_curriculum_advanced_unseen_profiles/variants/05_advanced_split_field_typical_typical/map_assets/coordinate_frame.json	synthetic_curriculum_advanced_unseen_profiles/variants/05_advanced_split_field_typical_typical/map_assets/coordinate_frame.json	tracked	64529ba558428ad753e34e011b72712de2a47460	597d0050861ff15776667fd86ea79a190bb7da3e4a324f609dd24d1697c3bee7	87	scientific-artifact	synthetic_curriculum_advanced_unseen_profiles/variants/05_advanced_split_field_typical_typical/map_assets/coordinate_frame.json	MOVE		none	One-level Alternative-A root collapse; content must remain byte-identical.
flyff_farming_simulator/synthetic_curriculum_advanced_unseen_profiles/variants/05_advanced_split_field_typical_typical/map_assets/map.json	synthetic_curriculum_advanced_unseen_profiles/variants/05_advanced_split_field_typical_typical/map_assets/map.json	tracked	65ad2f0b85c34ecce3d1f9beeffd5a54c506d329	6ce7c2a3d2d7db19e0f5229f84310fff5c57440c037846ce9e58c759daf66d33	578	scientific-artifact	synthetic_curriculum_advanced_unseen_profiles/variants/05_advanced_split_field_typical_typical/map_assets/map.json	MOVE		none	One-level Alternative-A root collapse; content must remain byte-identical.
flyff_farming_simulator/synthetic_curriculum_advanced_unseen_profiles/variants/05_advanced_split_field_typical_typical/map_assets/occupancy.npy	synthetic_curriculum_advanced_unseen_profiles/variants/05_advanced_split_field_typical_typical/map_assets/occupancy.npy	tracked	501e666535fcd7ca03e1a71197511a745a85652b	a211addb7ae172a0c3ab01db398939ac79195962ddfe8659a844d04e3ac80aca	37764	scientific-artifact	synthetic_curriculum_advanced_unseen_profiles/variants/05_advanced_split_field_typical_typical/map_assets/occupancy.npy	MOVE		none	One-level Alternative-A root collapse; content must remain byte-identical.
flyff_farming_simulator/synthetic_curriculum_advanced_unseen_profiles/variants/05_advanced_split_field_typical_typical/world.json.gz	synthetic_curriculum_advanced_unseen_profiles/variants/05_advanced_split_field_typical_typical/world.json.gz	tracked	5f37d1481c3b064bf0a66a10ac47658562eb9ad2	95acd00c3548793baae7ced7990bf7ec12963b37588e60a79af780ab6d938d24	32931	simulator-source	synthetic_curriculum_advanced_unseen_profiles/variants/05_advanced_split_field_typical_typical/world.json.gz	MOVE		none	One-level Alternative-A root collapse; content must remain byte-identical.
flyff_farming_simulator/synthetic_curriculum_advanced_unseen_profiles/variants/06_advanced_open_center_typical_bursty/map_assets/coordinate_frame.json	synthetic_curriculum_advanced_unseen_profiles/variants/06_advanced_open_center_typical_bursty/map_assets/coordinate_frame.json	tracked	64529ba558428ad753e34e011b72712de2a47460	597d0050861ff15776667fd86ea79a190bb7da3e4a324f609dd24d1697c3bee7	87	scientific-artifact	synthetic_curriculum_advanced_unseen_profiles/variants/06_advanced_open_center_typical_bursty/map_assets/coordinate_frame.json	MOVE		none	One-level Alternative-A root collapse; content must remain byte-identical.
flyff_farming_simulator/synthetic_curriculum_advanced_unseen_profiles/variants/06_advanced_open_center_typical_bursty/map_assets/map.json	synthetic_curriculum_advanced_unseen_profiles/variants/06_advanced_open_center_typical_bursty/map_assets/map.json	tracked	97f7ee6edf830f57da81d56083d6099f430c7b3b	12d9339742f80fc599eabf531fe43a388c626217b5eb02815c23582e1a1abe5d	577	scientific-artifact	synthetic_curriculum_advanced_unseen_profiles/variants/06_advanced_open_center_typical_bursty/map_assets/map.json	MOVE		none	One-level Alternative-A root collapse; content must remain byte-identical.
flyff_farming_simulator/synthetic_curriculum_advanced_unseen_profiles/variants/06_advanced_open_center_typical_bursty/map_assets/occupancy.npy	synthetic_curriculum_advanced_unseen_profiles/variants/06_advanced_open_center_typical_bursty/map_assets/occupancy.npy	tracked	f840c5a3f6257971611373df4d6be96422b8eab9	574f68d5ea587e6716f31cc023c3fb5dbe020ae4af40d04666f467accfb6bffc	43392	scientific-artifact	synthetic_curriculum_advanced_unseen_profiles/variants/06_advanced_open_center_typical_bursty/map_assets/occupancy.npy	MOVE		none	One-level Alternative-A root collapse; content must remain byte-identical.
flyff_farming_simulator/synthetic_curriculum_advanced_unseen_profiles/variants/06_advanced_open_center_typical_bursty/world.json.gz	synthetic_curriculum_advanced_unseen_profiles/variants/06_advanced_open_center_typical_bursty/world.json.gz	tracked	54b526fa14cf028640bc4884e36f27fcd768b73c	525f88eab6fb2c4a9d62124b501ba32281b6c774f6646ee357fe564439d76714	29340	simulator-source	synthetic_curriculum_advanced_unseen_profiles/variants/06_advanced_open_center_typical_bursty/world.json.gz	MOVE		none	One-level Alternative-A root collapse; content must remain byte-identical.
flyff_farming_simulator/synthetic_curriculum_calibrated_arc_v1/curriculum.json	synthetic_curriculum_calibrated_arc_v1/curriculum.json	tracked	7649568cc0d0d844d0acdc3f05898913be8c13fc	c30c79e69a21e51f4a72358985331ebeb2e7e183dff20bbc5f0bc3cf1039e81a	6796	config	synthetic_curriculum_calibrated_arc_v1/curriculum.json	MOVE		none	One-level Alternative-A root collapse; content must remain byte-identical.
flyff_farming_simulator/synthetic_curriculum_calibrated_arc_v1/variants/01_early_open_field_typical_fast/map_assets/coordinate_frame.json	synthetic_curriculum_calibrated_arc_v1/variants/01_early_open_field_typical_fast/map_assets/coordinate_frame.json	tracked	64529ba558428ad753e34e011b72712de2a47460	597d0050861ff15776667fd86ea79a190bb7da3e4a324f609dd24d1697c3bee7	87	scientific-artifact	synthetic_curriculum_calibrated_arc_v1/variants/01_early_open_field_typical_fast/map_assets/coordinate_frame.json	MOVE		none	One-level Alternative-A root collapse; content must remain byte-identical.
flyff_farming_simulator/synthetic_curriculum_calibrated_arc_v1/variants/01_early_open_field_typical_fast/map_assets/map.json	synthetic_curriculum_calibrated_arc_v1/variants/01_early_open_field_typical_fast/map_assets/map.json	tracked	a56e3d124abc20a1f757343e0a922d80b363512c	2a1d5e46c6d58dd960793e386640daa2b07032903ce88b63ca251b738bc4a2d2	565	scientific-artifact	synthetic_curriculum_calibrated_arc_v1/variants/01_early_open_field_typical_fast/map_assets/map.json	MOVE		none	One-level Alternative-A root collapse; content must remain byte-identical.
flyff_farming_simulator/synthetic_curriculum_calibrated_arc_v1/variants/01_early_open_field_typical_fast/map_assets/occupancy.npy	synthetic_curriculum_calibrated_arc_v1/variants/01_early_open_field_typical_fast/map_assets/occupancy.npy	tracked	e9261c965dd8b876340977ac0bbeadd254cd8581	51937052c04b000b0c250cd121edef81650bbf389dfc82d6b520821907a3a0df	35472	scientific-artifact	synthetic_curriculum_calibrated_arc_v1/variants/01_early_open_field_typical_fast/map_assets/occupancy.npy	MOVE		none	One-level Alternative-A root collapse; content must remain byte-identical.
flyff_farming_simulator/synthetic_curriculum_calibrated_arc_v1/variants/01_early_open_field_typical_fast/world.json.gz	synthetic_curriculum_calibrated_arc_v1/variants/01_early_open_field_typical_fast/world.json.gz	tracked	8c55daf5fa404e4c6db8e1d1dae1bbfed70a035d	370eb449d63b1bff66b517bf9d62efe74b4a4b09012418bb73b018b0dc8960de	30837	simulator-source	synthetic_curriculum_calibrated_arc_v1/variants/01_early_open_field_typical_fast/world.json.gz	MOVE		none	One-level Alternative-A root collapse; content must remain byte-identical.
flyff_farming_simulator/synthetic_curriculum_calibrated_arc_v1/variants/02_early_wide_neck_high_typical/map_assets/coordinate_frame.json	synthetic_curriculum_calibrated_arc_v1/variants/02_early_wide_neck_high_typical/map_assets/coordinate_frame.json	tracked	64529ba558428ad753e34e011b72712de2a47460	597d0050861ff15776667fd86ea79a190bb7da3e4a324f609dd24d1697c3bee7	87	scientific-artifact	synthetic_curriculum_calibrated_arc_v1/variants/02_early_wide_neck_high_typical/map_assets/coordinate_frame.json	MOVE		none	One-level Alternative-A root collapse; content must remain byte-identical.
flyff_farming_simulator/synthetic_curriculum_calibrated_arc_v1/variants/02_early_wide_neck_high_typical/map_assets/map.json	synthetic_curriculum_calibrated_arc_v1/variants/02_early_wide_neck_high_typical/map_assets/map.json	tracked	50b97cc2ec724df01f5df74e3fe819807a4c85b8	de44a2d6921685991a6361fa12c6abf297065b955be2d7f1a30c54bd78cac31b	562	scientific-artifact	synthetic_curriculum_calibrated_arc_v1/variants/02_early_wide_neck_high_typical/map_assets/map.json	MOVE		none	One-level Alternative-A root collapse; content must remain byte-identical.
flyff_farming_simulator/synthetic_curriculum_calibrated_arc_v1/variants/02_early_wide_neck_high_typical/map_assets/occupancy.npy	synthetic_curriculum_calibrated_arc_v1/variants/02_early_wide_neck_high_typical/map_assets/occupancy.npy	tracked	68cc08c2c467916e08c46851837bf7d40d3b4c05	cc42a65afb6fed543022957016cad5b210b4d3046e67a7bad2db557f6a6d1d3e	39729	scientific-artifact	synthetic_curriculum_calibrated_arc_v1/variants/02_early_wide_neck_high_typical/map_assets/occupancy.npy	MOVE		none	One-level Alternative-A root collapse; content must remain byte-identical.
flyff_farming_simulator/synthetic_curriculum_calibrated_arc_v1/variants/02_early_wide_neck_high_typical/world.json.gz	synthetic_curriculum_calibrated_arc_v1/variants/02_early_wide_neck_high_typical/world.json.gz	tracked	54514179af0a6073877a4923b273db54df146fae	e600e0632f134382beabb340e971f49311373da665d85d646a65915104de1106	37143	simulator-source	synthetic_curriculum_calibrated_arc_v1/variants/02_early_wide_neck_high_typical/world.json.gz	MOVE		none	One-level Alternative-A root collapse; content must remain byte-identical.
flyff_farming_simulator/synthetic_curriculum_calibrated_arc_v1/variants/03_early_open_field_low_fast/map_assets/coordinate_frame.json	synthetic_curriculum_calibrated_arc_v1/variants/03_early_open_field_low_fast/map_assets/coordinate_frame.json	tracked	64529ba558428ad753e34e011b72712de2a47460	597d0050861ff15776667fd86ea79a190bb7da3e4a324f609dd24d1697c3bee7	87	scientific-artifact	synthetic_curriculum_calibrated_arc_v1/variants/03_early_open_field_low_fast/map_assets/coordinate_frame.json	MOVE		none	One-level Alternative-A root collapse; content must remain byte-identical.
flyff_farming_simulator/synthetic_curriculum_calibrated_arc_v1/variants/03_early_open_field_low_fast/map_assets/map.json	synthetic_curriculum_calibrated_arc_v1/variants/03_early_open_field_low_fast/map_assets/map.json	tracked	77aede479a0d7c8bd5a4d8c797be2da90d7ce1bc	b7535effa065175ef2a6ba131dd95f727589c216067f64307d1024862bc15be8	557	scientific-artifact	synthetic_curriculum_calibrated_arc_v1/variants/03_early_open_field_low_fast/map_assets/map.json	MOVE		none	One-level Alternative-A root collapse; content must remain byte-identical.
flyff_farming_simulator/synthetic_curriculum_calibrated_arc_v1/variants/03_early_open_field_low_fast/map_assets/occupancy.npy	synthetic_curriculum_calibrated_arc_v1/variants/03_early_open_field_low_fast/map_assets/occupancy.npy	tracked	8d8ca7775ca9b1f0ec6855b591e32c6e989ffc4d	4ddd457bf1d6f43f7d0be3047b9d6ac0a03b55847174512578a4669eecca9df3	42977	scientific-artifact	synthetic_curriculum_calibrated_arc_v1/variants/03_early_open_field_low_fast/map_assets/occupancy.npy	MOVE		none	One-level Alternative-A root collapse; content must remain byte-identical.
flyff_farming_simulator/synthetic_curriculum_calibrated_arc_v1/variants/03_early_open_field_low_fast/world.json.gz	synthetic_curriculum_calibrated_arc_v1/variants/03_early_open_field_low_fast/world.json.gz	tracked	9fe43db49f2987a1c8bf5c89ef7b18f841bff818	29368e1c6ce3742e83a023705bd6088a1ed9a910aecdb00ef981c23975df3664	26807	simulator-source	synthetic_curriculum_calibrated_arc_v1/variants/03_early_open_field_low_fast/world.json.gz	MOVE		none	One-level Alternative-A root collapse; content must remain byte-identical.
flyff_farming_simulator/synthetic_curriculum_calibrated_arc_v1/variants/04_early_wide_neck_typical_bursty/map_assets/coordinate_frame.json	synthetic_curriculum_calibrated_arc_v1/variants/04_early_wide_neck_typical_bursty/map_assets/coordinate_frame.json	tracked	64529ba558428ad753e34e011b72712de2a47460	597d0050861ff15776667fd86ea79a190bb7da3e4a324f609dd24d1697c3bee7	87	scientific-artifact	synthetic_curriculum_calibrated_arc_v1/variants/04_early_wide_neck_typical_bursty/map_assets/coordinate_frame.json	MOVE		none	One-level Alternative-A root collapse; content must remain byte-identical.
flyff_farming_simulator/synthetic_curriculum_calibrated_arc_v1/variants/04_early_wide_neck_typical_bursty/map_assets/map.json	synthetic_curriculum_calibrated_arc_v1/variants/04_early_wide_neck_typical_bursty/map_assets/map.json	tracked	5fd1e55bed37c813394854fea67f57796846965f	703dcd32f28cea5a2a05a09290fea70822d1666017b2ed9e20b5402a63dbcf10	567	scientific-artifact	synthetic_curriculum_calibrated_arc_v1/variants/04_early_wide_neck_typical_bursty/map_assets/map.json	MOVE		none	One-level Alternative-A root collapse; content must remain byte-identical.
flyff_farming_simulator/synthetic_curriculum_calibrated_arc_v1/variants/04_early_wide_neck_typical_bursty/map_assets/occupancy.npy	synthetic_curriculum_calibrated_arc_v1/variants/04_early_wide_neck_typical_bursty/map_assets/occupancy.npy	tracked	8ed6251c3886cc822e8a01306e5e8e051a4f4805	70046ef2e9ca8ec2603b46c8bdbf9efda4a80afc193a3bddfad9ba3d2c0cf35f	47217	scientific-artifact	synthetic_curriculum_calibrated_arc_v1/variants/04_early_wide_neck_typical_bursty/map_assets/occupancy.npy	MOVE		none	One-level Alternative-A root collapse; content must remain byte-identical.
flyff_farming_simulator/synthetic_curriculum_calibrated_arc_v1/variants/04_early_wide_neck_typical_bursty/world.json.gz	synthetic_curriculum_calibrated_arc_v1/variants/04_early_wide_neck_typical_bursty/world.json.gz	tracked	a03e5f56c099a22b062f7b973eb4244c3bcf099f	5645cc9f3735f646e26ce09950894519f9287f3eb28c6aa99720d3f4afb63638	28666	simulator-source	synthetic_curriculum_calibrated_arc_v1/variants/04_early_wide_neck_typical_bursty/world.json.gz	MOVE		none	One-level Alternative-A root collapse; content must remain byte-identical.
flyff_farming_simulator/synthetic_curriculum_calibrated_arc_v1/variants/05_intermediate_irregular_plain_uneven_typical/map_assets/coordinate_frame.json	synthetic_curriculum_calibrated_arc_v1/variants/05_intermediate_irregular_plain_uneven_typical/map_assets/coordinate_frame.json	tracked	64529ba558428ad753e34e011b72712de2a47460	597d0050861ff15776667fd86ea79a190bb7da3e4a324f609dd24d1697c3bee7	87	scientific-artifact	synthetic_curriculum_calibrated_arc_v1/variants/05_intermediate_irregular_plain_uneven_typical/map_assets/coordinate_frame.json	MOVE		none	One-level Alternative-A root collapse; content must remain byte-identical.
flyff_farming_simulator/synthetic_curriculum_calibrated_arc_v1/variants/05_intermediate_irregular_plain_uneven_typical/map_assets/map.json	synthetic_curriculum_calibrated_arc_v1/variants/05_intermediate_irregular_plain_uneven_typical/map_assets/map.json	tracked	2c53444280173196bc5d53de93a71f07cfbe7749	032c51887366816600d45bf8be3fbaba0ecbabb821a9c332cce87d03b8e6ccb6	594	scientific-artifact	synthetic_curriculum_calibrated_arc_v1/variants/05_intermediate_irregular_plain_uneven_typical/map_assets/map.json	MOVE		none	One-level Alternative-A root collapse; content must remain byte-identical.
flyff_farming_simulator/synthetic_curriculum_calibrated_arc_v1/variants/05_intermediate_irregular_plain_uneven_typical/map_assets/occupancy.npy	synthetic_curriculum_calibrated_arc_v1/variants/05_intermediate_irregular_plain_uneven_typical/map_assets/occupancy.npy	tracked	24de2f9f78f0898dd45f65a7360801e40de74f4c	48e7b934ad4e9db66537a2927abe606f184f7718d3ccafe16bfb4ea8cb069c85	42977	scientific-artifact	synthetic_curriculum_calibrated_arc_v1/variants/05_intermediate_irregular_plain_uneven_typical/map_assets/occupancy.npy	MOVE		none	One-level Alternative-A root collapse; content must remain byte-identical.
flyff_farming_simulator/synthetic_curriculum_calibrated_arc_v1/variants/05_intermediate_irregular_plain_uneven_typical/world.json.gz	synthetic_curriculum_calibrated_arc_v1/variants/05_intermediate_irregular_plain_uneven_typical/world.json.gz	tracked	73d6fd03a0b4e65a1e3d430d5c6dbac8dca5608a	8c2bd3e11c0c5e09bb936a50c1ed550f32ef13025068cb59a1e6466862280ab5	28895	simulator-source	synthetic_curriculum_calibrated_arc_v1/variants/05_intermediate_irregular_plain_uneven_typical/world.json.gz	MOVE		none	One-level Alternative-A root collapse; content must remain byte-identical.
flyff_farming_simulator/synthetic_curriculum_calibrated_arc_v1/variants/06_intermediate_split_field_typical_variable/map_assets/coordinate_frame.json	synthetic_curriculum_calibrated_arc_v1/variants/06_intermediate_split_field_typical_variable/map_assets/coordinate_frame.json	tracked	64529ba558428ad753e34e011b72712de2a47460	597d0050861ff15776667fd86ea79a190bb7da3e4a324f609dd24d1697c3bee7	87	scientific-artifact	synthetic_curriculum_calibrated_arc_v1/variants/06_intermediate_split_field_typical_variable/map_assets/coordinate_frame.json	MOVE		none	One-level Alternative-A root collapse; content must remain byte-identical.
flyff_farming_simulator/synthetic_curriculum_calibrated_arc_v1/variants/06_intermediate_split_field_typical_variable/map_assets/map.json	synthetic_curriculum_calibrated_arc_v1/variants/06_intermediate_split_field_typical_variable/map_assets/map.json	tracked	72c5e81f1a25890cfb5dc74be36818e2869a1cc6	c6e5e2974b548d83e80bf4aa31286624ebf0fe7338797dc57e6d2074d55cb793	590	scientific-artifact	synthetic_curriculum_calibrated_arc_v1/variants/06_intermediate_split_field_typical_variable/map_assets/map.json	MOVE		none	One-level Alternative-A root collapse; content must remain byte-identical.
flyff_farming_simulator/synthetic_curriculum_calibrated_arc_v1/variants/06_intermediate_split_field_typical_variable/map_assets/occupancy.npy	synthetic_curriculum_calibrated_arc_v1/variants/06_intermediate_split_field_typical_variable/map_assets/occupancy.npy	tracked	a4d972ac694a740c875c413a80f23f63ab1b7254	d80122de09be1274a7f209864d9bf2724b95b91bd342011945745b32de205217	53028	scientific-artifact	synthetic_curriculum_calibrated_arc_v1/variants/06_intermediate_split_field_typical_variable/map_assets/occupancy.npy	MOVE		none	One-level Alternative-A root collapse; content must remain byte-identical.
flyff_farming_simulator/synthetic_curriculum_calibrated_arc_v1/variants/06_intermediate_split_field_typical_variable/world.json.gz	synthetic_curriculum_calibrated_arc_v1/variants/06_intermediate_split_field_typical_variable/world.json.gz	tracked	ab7031fa6c009e3aaf7542c715bbf39275f05a72	5d032fb6652f89c4ea16bdcf79ff94bd1a967770495669beeb506cd28995b0ee	33290	simulator-source	synthetic_curriculum_calibrated_arc_v1/variants/06_intermediate_split_field_typical_variable/world.json.gz	MOVE		none	One-level Alternative-A root collapse; content must remain byte-identical.
flyff_farming_simulator/synthetic_curriculum_calibrated_arc_v1/variants/07_intermediate_irregular_plain_high_bursty/map_assets/coordinate_frame.json	synthetic_curriculum_calibrated_arc_v1/variants/07_intermediate_irregular_plain_high_bursty/map_assets/coordinate_frame.json	tracked	64529ba558428ad753e34e011b72712de2a47460	597d0050861ff15776667fd86ea79a190bb7da3e4a324f609dd24d1697c3bee7	87	scientific-artifact	synthetic_curriculum_calibrated_arc_v1/variants/07_intermediate_irregular_plain_high_bursty/map_assets/coordinate_frame.json	MOVE		none	One-level Alternative-A root collapse; content must remain byte-identical.
flyff_farming_simulator/synthetic_curriculum_calibrated_arc_v1/variants/07_intermediate_irregular_plain_high_bursty/map_assets/map.json	synthetic_curriculum_calibrated_arc_v1/variants/07_intermediate_irregular_plain_high_bursty/map_assets/map.json	tracked	4a1d9a578dc56e58b26b6eee5dfbd98bf91dd708	db278649c733d2093a25bda05857dd216e4693e475b4924a160228db70cf0e0a	587	scientific-artifact	synthetic_curriculum_calibrated_arc_v1/variants/07_intermediate_irregular_plain_high_bursty/map_assets/map.json	MOVE		none	One-level Alternative-A root collapse; content must remain byte-identical.
flyff_farming_simulator/synthetic_curriculum_calibrated_arc_v1/variants/07_intermediate_irregular_plain_high_bursty/map_assets/occupancy.npy	synthetic_curriculum_calibrated_arc_v1/variants/07_intermediate_irregular_plain_high_bursty/map_assets/occupancy.npy	tracked	897e89f639b09279450bde76f541200658448215	0e44afee90054fa044da4f7fa84a010fa4308ae24eb70d5cad590c3fdabdb3ad	57728	scientific-artifact	synthetic_curriculum_calibrated_arc_v1/variants/07_intermediate_irregular_plain_high_bursty/map_assets/occupancy.npy	MOVE		none	One-level Alternative-A root collapse; content must remain byte-identical.
flyff_farming_simulator/synthetic_curriculum_calibrated_arc_v1/variants/07_intermediate_irregular_plain_high_bursty/world.json.gz	synthetic_curriculum_calibrated_arc_v1/variants/07_intermediate_irregular_plain_high_bursty/world.json.gz	tracked	f9d0d6458b850cfdd1c8e424039c80045f701fd8	7ddbcf9238f4ee07bbf43302d6336314320aa71e33b881aed0723dcc78c7463c	36410	simulator-source	synthetic_curriculum_calibrated_arc_v1/variants/07_intermediate_irregular_plain_high_bursty/world.json.gz	MOVE		none	One-level Alternative-A root collapse; content must remain byte-identical.
flyff_farming_simulator/synthetic_curriculum_calibrated_arc_v1/variants/08_intermediate_split_field_shifting_typical/map_assets/coordinate_frame.json	synthetic_curriculum_calibrated_arc_v1/variants/08_intermediate_split_field_shifting_typical/map_assets/coordinate_frame.json	tracked	64529ba558428ad753e34e011b72712de2a47460	597d0050861ff15776667fd86ea79a190bb7da3e4a324f609dd24d1697c3bee7	87	scientific-artifact	synthetic_curriculum_calibrated_arc_v1/variants/08_intermediate_split_field_shifting_typical/map_assets/coordinate_frame.json	MOVE		none	One-level Alternative-A root collapse; content must remain byte-identical.
flyff_farming_simulator/synthetic_curriculum_calibrated_arc_v1/variants/08_intermediate_split_field_shifting_typical/map_assets/map.json	synthetic_curriculum_calibrated_arc_v1/variants/08_intermediate_split_field_shifting_typical/map_assets/map.json	tracked	0ff69c1edfc5ac25a97d003c16c810001415f6ae	7f1bd309a01a209349225256fb6a2a23133de6441c64edadb46b5f73f9254272	590	scientific-artifact	synthetic_curriculum_calibrated_arc_v1/variants/08_intermediate_split_field_shifting_typical/map_assets/map.json	MOVE		none	One-level Alternative-A root collapse; content must remain byte-identical.
flyff_farming_simulator/synthetic_curriculum_calibrated_arc_v1/variants/08_intermediate_split_field_shifting_typical/map_assets/occupancy.npy	synthetic_curriculum_calibrated_arc_v1/variants/08_intermediate_split_field_shifting_typical/map_assets/occupancy.npy	tracked	fdfec12d714cf9ab73bd5920ef4318c3c3c64b30	7ad2a83fc8d57c68b56d4c3d6acb7e89308865d4a0526063dc47614fa767714a	52569	scientific-artifact	synthetic_curriculum_calibrated_arc_v1/variants/08_intermediate_split_field_shifting_typical/map_assets/occupancy.npy	MOVE		none	One-level Alternative-A root collapse; content must remain byte-identical.
flyff_farming_simulator/synthetic_curriculum_calibrated_arc_v1/variants/08_intermediate_split_field_shifting_typical/world.json.gz	synthetic_curriculum_calibrated_arc_v1/variants/08_intermediate_split_field_shifting_typical/world.json.gz	tracked	f3cf8b28db875c2876f706c44ef46f7055709fc0	ea4bf54770bf99c18835e4617d667b66601fcb17bb1442435ef901922d6523ff	31772	simulator-source	synthetic_curriculum_calibrated_arc_v1/variants/08_intermediate_split_field_shifting_typical/world.json.gz	MOVE		none	One-level Alternative-A root collapse; content must remain byte-identical.
flyff_farming_simulator/synthetic_curriculum_calibrated_arc_v1/variants/09_advanced_broad_lobes_shifting_variable/map_assets/coordinate_frame.json	synthetic_curriculum_calibrated_arc_v1/variants/09_advanced_broad_lobes_shifting_variable/map_assets/coordinate_frame.json	tracked	64529ba558428ad753e34e011b72712de2a47460	597d0050861ff15776667fd86ea79a190bb7da3e4a324f609dd24d1697c3bee7	87	scientific-artifact	synthetic_curriculum_calibrated_arc_v1/variants/09_advanced_broad_lobes_shifting_variable/map_assets/coordinate_frame.json	MOVE		none	One-level Alternative-A root collapse; content must remain byte-identical.
flyff_farming_simulator/synthetic_curriculum_calibrated_arc_v1/variants/09_advanced_broad_lobes_shifting_variable/map_assets/map.json	synthetic_curriculum_calibrated_arc_v1/variants/09_advanced_broad_lobes_shifting_variable/map_assets/map.json	tracked	fc3f5871fdf1be55300e4eab29a2f7d69c2355e5	5b7018d0b70a4f509560b3f104a435db3d68732027ad47bea8f02e2e8ffa4e20	584	scientific-artifact	synthetic_curriculum_calibrated_arc_v1/variants/09_advanced_broad_lobes_shifting_variable/map_assets/map.json	MOVE		none	One-level Alternative-A root collapse; content must remain byte-identical.
flyff_farming_simulator/synthetic_curriculum_calibrated_arc_v1/variants/09_advanced_broad_lobes_shifting_variable/map_assets/occupancy.npy	synthetic_curriculum_calibrated_arc_v1/variants/09_advanced_broad_lobes_shifting_variable/map_assets/occupancy.npy	tracked	e5eae87bea1a6deb2145b1a558557e19d91e1d27	0c4dddb33c813c120c548e9cec2b409484406645907fc5885f50b0a74de39799	49412	scientific-artifact	synthetic_curriculum_calibrated_arc_v1/variants/09_advanced_broad_lobes_shifting_variable/map_assets/occupancy.npy	MOVE		none	One-level Alternative-A root collapse; content must remain byte-identical.
flyff_farming_simulator/synthetic_curriculum_calibrated_arc_v1/variants/09_advanced_broad_lobes_shifting_variable/world.json.gz	synthetic_curriculum_calibrated_arc_v1/variants/09_advanced_broad_lobes_shifting_variable/world.json.gz	tracked	6f462a7ef6ea1e0f5c533406f42467faeb1b92b3	969fe4a4a27adcbff3dcd34c340645d241b5f0ac4f1fb5e3e4279e21e798b1d8	30684	simulator-source	synthetic_curriculum_calibrated_arc_v1/variants/09_advanced_broad_lobes_shifting_variable/world.json.gz	MOVE		none	One-level Alternative-A root collapse; content must remain byte-identical.
flyff_farming_simulator/synthetic_curriculum_calibrated_arc_v1/variants/10_advanced_open_center_uneven_slow/map_assets/coordinate_frame.json	synthetic_curriculum_calibrated_arc_v1/variants/10_advanced_open_center_uneven_slow/map_assets/coordinate_frame.json	tracked	64529ba558428ad753e34e011b72712de2a47460	597d0050861ff15776667fd86ea79a190bb7da3e4a324f609dd24d1697c3bee7	87	scientific-artifact	synthetic_curriculum_calibrated_arc_v1/variants/10_advanced_open_center_uneven_slow/map_assets/coordinate_frame.json	MOVE		none	One-level Alternative-A root collapse; content must remain byte-identical.
flyff_farming_simulator/synthetic_curriculum_calibrated_arc_v1/variants/10_advanced_open_center_uneven_slow/map_assets/map.json	synthetic_curriculum_calibrated_arc_v1/variants/10_advanced_open_center_uneven_slow/map_assets/map.json	tracked	9fa0a6d7eeb7814c09d52e43b8e7a288dcd0b6b1	3cffe76c4fbc5472e433277505919a8ae8c04c9c7657fbe50294840f37fb1dce	570	scientific-artifact	synthetic_curriculum_calibrated_arc_v1/variants/10_advanced_open_center_uneven_slow/map_assets/map.json	MOVE		none	One-level Alternative-A root collapse; content must remain byte-identical.
flyff_farming_simulator/synthetic_curriculum_calibrated_arc_v1/variants/10_advanced_open_center_uneven_slow/map_assets/occupancy.npy	synthetic_curriculum_calibrated_arc_v1/variants/10_advanced_open_center_uneven_slow/map_assets/occupancy.npy	tracked	c75e0df73276d63e20bcf065ad34a63b780488e5	76168bd414080061eff06ba3408d705d55fb33e2eaa255e3147f5744c379dbc4	38937	scientific-artifact	synthetic_curriculum_calibrated_arc_v1/variants/10_advanced_open_center_uneven_slow/map_assets/occupancy.npy	MOVE		none	One-level Alternative-A root collapse; content must remain byte-identical.
flyff_farming_simulator/synthetic_curriculum_calibrated_arc_v1/variants/10_advanced_open_center_uneven_slow/world.json.gz	synthetic_curriculum_calibrated_arc_v1/variants/10_advanced_open_center_uneven_slow/world.json.gz	tracked	0fdad209961b51c2830b4085f89fd1e2bf65cad1	eb0f12204b0610e1f4ef94c0d684addc5d9bc4d2ebf7e4001f37cfdd186bf614	33008	simulator-source	synthetic_curriculum_calibrated_arc_v1/variants/10_advanced_open_center_uneven_slow/world.json.gz	MOVE		none	One-level Alternative-A root collapse; content must remain byte-identical.
flyff_farming_simulator/synthetic_curriculum_calibrated_arc_v1/variants/11_advanced_broad_lobes_low_variable/map_assets/coordinate_frame.json	synthetic_curriculum_calibrated_arc_v1/variants/11_advanced_broad_lobes_low_variable/map_assets/coordinate_frame.json	tracked	64529ba558428ad753e34e011b72712de2a47460	597d0050861ff15776667fd86ea79a190bb7da3e4a324f609dd24d1697c3bee7	87	scientific-artifact	synthetic_curriculum_calibrated_arc_v1/variants/11_advanced_broad_lobes_low_variable/map_assets/coordinate_frame.json	MOVE		none	One-level Alternative-A root collapse; content must remain byte-identical.
flyff_farming_simulator/synthetic_curriculum_calibrated_arc_v1/variants/11_advanced_broad_lobes_low_variable/map_assets/map.json	synthetic_curriculum_calibrated_arc_v1/variants/11_advanced_broad_lobes_low_variable/map_assets/map.json	tracked	01d584cba1ae3a2893c6ce8ed14931f3778fd607	b052231426a3fd73d7244234ab122e7ef8acfbb67136c620209fbdb87e7d51cb	573	scientific-artifact	synthetic_curriculum_calibrated_arc_v1/variants/11_advanced_broad_lobes_low_variable/map_assets/map.json	MOVE		none	One-level Alternative-A root collapse; content must remain byte-identical.
flyff_farming_simulator/synthetic_curriculum_calibrated_arc_v1/variants/11_advanced_broad_lobes_low_variable/map_assets/occupancy.npy	synthetic_curriculum_calibrated_arc_v1/variants/11_advanced_broad_lobes_low_variable/map_assets/occupancy.npy	tracked	870efb1850d2ef3a1bc4e7efd1d5cae3c9858130	f792870032197487e931bc48bf785080504b478af6d66b593472636db7755f4c	50304	scientific-artifact	synthetic_curriculum_calibrated_arc_v1/variants/11_advanced_broad_lobes_low_variable/map_assets/occupancy.npy	MOVE		none	One-level Alternative-A root collapse; content must remain byte-identical.
flyff_farming_simulator/synthetic_curriculum_calibrated_arc_v1/variants/11_advanced_broad_lobes_low_variable/world.json.gz	synthetic_curriculum_calibrated_arc_v1/variants/11_advanced_broad_lobes_low_variable/world.json.gz	tracked	fcfd9004c8ffe8dd32b17d72f38ab16e3a7dd98b	e0abd2b8f669d3d6496007cf40c46e0a5fefe0916e3d0348b3a514a7ba2d0802	26891	simulator-source	synthetic_curriculum_calibrated_arc_v1/variants/11_advanced_broad_lobes_low_variable/world.json.gz	MOVE		none	One-level Alternative-A root collapse; content must remain byte-identical.
flyff_farming_simulator/synthetic_curriculum_calibrated_arc_v1/variants/12_advanced_open_center_high_slow/map_assets/coordinate_frame.json	synthetic_curriculum_calibrated_arc_v1/variants/12_advanced_open_center_high_slow/map_assets/coordinate_frame.json	tracked	64529ba558428ad753e34e011b72712de2a47460	597d0050861ff15776667fd86ea79a190bb7da3e4a324f609dd24d1697c3bee7	87	scientific-artifact	synthetic_curriculum_calibrated_arc_v1/variants/12_advanced_open_center_high_slow/map_assets/coordinate_frame.json	MOVE		none	One-level Alternative-A root collapse; content must remain byte-identical.
flyff_farming_simulator/synthetic_curriculum_calibrated_arc_v1/variants/12_advanced_open_center_high_slow/map_assets/map.json	synthetic_curriculum_calibrated_arc_v1/variants/12_advanced_open_center_high_slow/map_assets/map.json	tracked	234c5b0300289f4a911fe2925bd95f88d2b2e41f	718fb19e9fbe5872eb7c7a422142ae1eda41276a4c137b17d22c3f721f1250ff	567	scientific-artifact	synthetic_curriculum_calibrated_arc_v1/variants/12_advanced_open_center_high_slow/map_assets/map.json	MOVE		none	One-level Alternative-A root collapse; content must remain byte-identical.
flyff_farming_simulator/synthetic_curriculum_calibrated_arc_v1/variants/12_advanced_open_center_high_slow/map_assets/occupancy.npy	synthetic_curriculum_calibrated_arc_v1/variants/12_advanced_open_center_high_slow/map_assets/occupancy.npy	tracked	9751d4b19fe0c51eeae7a7159f7c4a41c603aefa	4d2b2c38a9a56427f1c66d7b999587bfe9fd2294d351a06b9527ac222dc14de7	51204	scientific-artifact	synthetic_curriculum_calibrated_arc_v1/variants/12_advanced_open_center_high_slow/map_assets/occupancy.npy	MOVE		none	One-level Alternative-A root collapse; content must remain byte-identical.
flyff_farming_simulator/synthetic_curriculum_calibrated_arc_v1/variants/12_advanced_open_center_high_slow/world.json.gz	synthetic_curriculum_calibrated_arc_v1/variants/12_advanced_open_center_high_slow/world.json.gz	tracked	6247f0bee2dec817a44e2163e38d4bb62b21212c	28c79d6c068b4a85b9752617e0a25a76f9c09a369e8b5d2d515586be68f1eb8b	35645	simulator-source	synthetic_curriculum_calibrated_arc_v1/variants/12_advanced_open_center_high_slow/world.json.gz	MOVE		none	One-level Alternative-A root collapse; content must remain byte-identical.
flyff_farming_simulator/synthetic_curriculum_factorial_probe/curriculum.json	synthetic_curriculum_factorial_probe/curriculum.json	tracked	73cb3909b2f5b201e8a764e7f286ed46d6f88205	e2b54be890475a517bc9aac126310551463313856707e0bd19aac00831bd3048	9663	config	synthetic_curriculum_factorial_probe/curriculum.json	MOVE		none	One-level Alternative-A root collapse; content must remain byte-identical.
flyff_farming_simulator/synthetic_curriculum_factorial_probe/variants/01_early_irregular_plain_low_bursty/map_assets/coordinate_frame.json	synthetic_curriculum_factorial_probe/variants/01_early_irregular_plain_low_bursty/map_assets/coordinate_frame.json	tracked	64529ba558428ad753e34e011b72712de2a47460	597d0050861ff15776667fd86ea79a190bb7da3e4a324f609dd24d1697c3bee7	87	scientific-artifact	synthetic_curriculum_factorial_probe/variants/01_early_irregular_plain_low_bursty/map_assets/coordinate_frame.json	MOVE		none	One-level Alternative-A root collapse; content must remain byte-identical.
flyff_farming_simulator/synthetic_curriculum_factorial_probe/variants/01_early_irregular_plain_low_bursty/map_assets/map.json	synthetic_curriculum_factorial_probe/variants/01_early_irregular_plain_low_bursty/map_assets/map.json	tracked	199014c85bc33c568439b2dc2dd332dd657b6fa7	9705eb708d370d867bbd2ee6d400ed1b27589c6e203c7c1c70b22b083a98f56b	586	scientific-artifact	synthetic_curriculum_factorial_probe/variants/01_early_irregular_plain_low_bursty/map_assets/map.json	MOVE		none	One-level Alternative-A root collapse; content must remain byte-identical.
flyff_farming_simulator/synthetic_curriculum_factorial_probe/variants/01_early_irregular_plain_low_bursty/map_assets/occupancy.npy	synthetic_curriculum_factorial_probe/variants/01_early_irregular_plain_low_bursty/map_assets/occupancy.npy	tracked	bfa9143d2cf893e172a27c5c5d5ec1960421a059	354dd081c858d315d63732bb665494a0aa0bdb3827478a081dcfe868c05179dd	57728	scientific-artifact	synthetic_curriculum_factorial_probe/variants/01_early_irregular_plain_low_bursty/map_assets/occupancy.npy	MOVE		none	One-level Alternative-A root collapse; content must remain byte-identical.
flyff_farming_simulator/synthetic_curriculum_factorial_probe/variants/01_early_irregular_plain_low_bursty/world.json.gz	synthetic_curriculum_factorial_probe/variants/01_early_irregular_plain_low_bursty/world.json.gz	tracked	b8fbaab87539b22827cb1a9e1e141b6e855f1d22	e340b1fcfee150c259255c851ce3bcf2087d08536b61a95c1924a6f6f221bee5	24859	simulator-source	synthetic_curriculum_factorial_probe/variants/01_early_irregular_plain_low_bursty/world.json.gz	MOVE		none	One-level Alternative-A root collapse; content must remain byte-identical.
flyff_farming_simulator/synthetic_curriculum_factorial_probe/variants/02_early_irregular_plain_low_bursty/map_assets/coordinate_frame.json	synthetic_curriculum_factorial_probe/variants/02_early_irregular_plain_low_bursty/map_assets/coordinate_frame.json	tracked	64529ba558428ad753e34e011b72712de2a47460	597d0050861ff15776667fd86ea79a190bb7da3e4a324f609dd24d1697c3bee7	87	scientific-artifact	synthetic_curriculum_factorial_probe/variants/02_early_irregular_plain_low_bursty/map_assets/coordinate_frame.json	MOVE		none	One-level Alternative-A root collapse; content must remain byte-identical.
flyff_farming_simulator/synthetic_curriculum_factorial_probe/variants/02_early_irregular_plain_low_bursty/map_assets/map.json	synthetic_curriculum_factorial_probe/variants/02_early_irregular_plain_low_bursty/map_assets/map.json	tracked	ac16e4384e0fc74e4901477879db405f11048744	2c406423f9a530ecc4f5c74d5f41f6b2311c81e030391773dbdacd559f4c0dc9	585	scientific-artifact	synthetic_curriculum_factorial_probe/variants/02_early_irregular_plain_low_bursty/map_assets/map.json	MOVE		none	One-level Alternative-A root collapse; content must remain byte-identical.
flyff_farming_simulator/synthetic_curriculum_factorial_probe/variants/02_early_irregular_plain_low_bursty/map_assets/occupancy.npy	synthetic_curriculum_factorial_probe/variants/02_early_irregular_plain_low_bursty/map_assets/occupancy.npy	tracked	76481705c9aef7a1bae15c45745d12a721ae85cc	e43d90c865292b7eda737cc81385f754b0a36777234fefe836ae818ce9f056c3	43392	scientific-artifact	synthetic_curriculum_factorial_probe/variants/02_early_irregular_plain_low_bursty/map_assets/occupancy.npy	MOVE		none	One-level Alternative-A root collapse; content must remain byte-identical.
flyff_farming_simulator/synthetic_curriculum_factorial_probe/variants/02_early_irregular_plain_low_bursty/world.json.gz	synthetic_curriculum_factorial_probe/variants/02_early_irregular_plain_low_bursty/world.json.gz	tracked	6883c184a2c8c2790823f15e93c8b30d7d16ab28	f343e7eb7b83c09ef4addd84c10f040260d03f5706a4ee1bf78a8b8118572212	26354	simulator-source	synthetic_curriculum_factorial_probe/variants/02_early_irregular_plain_low_bursty/world.json.gz	MOVE		none	One-level Alternative-A root collapse; content must remain byte-identical.
flyff_farming_simulator/synthetic_curriculum_factorial_probe/variants/03_early_irregular_plain_low_bursty/map_assets/coordinate_frame.json	synthetic_curriculum_factorial_probe/variants/03_early_irregular_plain_low_bursty/map_assets/coordinate_frame.json	tracked	64529ba558428ad753e34e011b72712de2a47460	597d0050861ff15776667fd86ea79a190bb7da3e4a324f609dd24d1697c3bee7	87	scientific-artifact	synthetic_curriculum_factorial_probe/variants/03_early_irregular_plain_low_bursty/map_assets/coordinate_frame.json	MOVE		none	One-level Alternative-A root collapse; content must remain byte-identical.
flyff_farming_simulator/synthetic_curriculum_factorial_probe/variants/03_early_irregular_plain_low_bursty/map_assets/map.json	synthetic_curriculum_factorial_probe/variants/03_early_irregular_plain_low_bursty/map_assets/map.json	tracked	8b63c60043ffb736aba0bb05422a44b79a8de784	86947bbd2574dcb5d9d3eab0cafd21de49567991d8d21a44093a4eb4d24c1fdc	584	scientific-artifact	synthetic_curriculum_factorial_probe/variants/03_early_irregular_plain_low_bursty/map_assets/map.json	MOVE		none	One-level Alternative-A root collapse; content must remain byte-identical.
flyff_farming_simulator/synthetic_curriculum_factorial_probe/variants/03_early_irregular_plain_low_bursty/map_assets/occupancy.npy	synthetic_curriculum_factorial_probe/variants/03_early_irregular_plain_low_bursty/map_assets/occupancy.npy	tracked	d8a653e2f1d87e85e37d1e19b8d111cedf7d3542	dca9298d5fab8c554d4bd021adff6d5576b972e04d8b32d63b2caa473fd1359a	49412	scientific-artifact	synthetic_curriculum_factorial_probe/variants/03_early_irregular_plain_low_bursty/map_assets/occupancy.npy	MOVE		none	One-level Alternative-A root collapse; content must remain byte-identical.
flyff_farming_simulator/synthetic_curriculum_factorial_probe/variants/03_early_irregular_plain_low_bursty/world.json.gz	synthetic_curriculum_factorial_probe/variants/03_early_irregular_plain_low_bursty/world.json.gz	tracked	79e9fcd751c959e9fd09dbfa2f8e4890373af346	2392be4c88fdadd3642f7730f10c945dd842255333eed06fe155d7e4467a2cfb	25628	simulator-source	synthetic_curriculum_factorial_probe/variants/03_early_irregular_plain_low_bursty/world.json.gz	MOVE		none	One-level Alternative-A root collapse; content must remain byte-identical.
flyff_farming_simulator/synthetic_curriculum_factorial_probe/variants/04_early_irregular_plain_low_typical/map_assets/coordinate_frame.json	synthetic_curriculum_factorial_probe/variants/04_early_irregular_plain_low_typical/map_assets/coordinate_frame.json	tracked	64529ba558428ad753e34e011b72712de2a47460	597d0050861ff15776667fd86ea79a190bb7da3e4a324f609dd24d1697c3bee7	87	scientific-artifact	synthetic_curriculum_factorial_probe/variants/04_early_irregular_plain_low_typical/map_assets/coordinate_frame.json	MOVE		none	One-level Alternative-A root collapse; content must remain byte-identical.
flyff_farming_simulator/synthetic_curriculum_factorial_probe/variants/04_early_irregular_plain_low_typical/map_assets/map.json	synthetic_curriculum_factorial_probe/variants/04_early_irregular_plain_low_typical/map_assets/map.json	tracked	ad5d76ab32303e21f3860e33fc6531cec145233a	bf8fc3d630fa9f0c1cd9c697e02a2053e49f0bcfca96a99af8b37e05e3c650db	588	scientific-artifact	synthetic_curriculum_factorial_probe/variants/04_early_irregular_plain_low_typical/map_assets/map.json	MOVE		none	One-level Alternative-A root collapse; content must remain byte-identical.
flyff_farming_simulator/synthetic_curriculum_factorial_probe/variants/04_early_irregular_plain_low_typical/map_assets/occupancy.npy	synthetic_curriculum_factorial_probe/variants/04_early_irregular_plain_low_typical/map_assets/occupancy.npy	tracked	5349f66efea6c31ee78e36ee2ba8667f24540aa5	2f65e67bd8646b3b31cefab4f691242c222c9b58eab0caea17999d19683e970a	51204	scientific-artifact	synthetic_curriculum_factorial_probe/variants/04_early_irregular_plain_low_typical/map_assets/occupancy.npy	MOVE		none	One-level Alternative-A root collapse; content must remain byte-identical.
flyff_farming_simulator/synthetic_curriculum_factorial_probe/variants/04_early_irregular_plain_low_typical/world.json.gz	synthetic_curriculum_factorial_probe/variants/04_early_irregular_plain_low_typical/world.json.gz	tracked	0c4e6e587e3d378c179a9847fc893023651256dd	b0632341defc26242744a9c747b2c979d38cf9962ebf6ee936596301e7b760d0	26747	simulator-source	synthetic_curriculum_factorial_probe/variants/04_early_irregular_plain_low_typical/world.json.gz	MOVE		none	One-level Alternative-A root collapse; content must remain byte-identical.
flyff_farming_simulator/synthetic_curriculum_factorial_probe/variants/05_early_irregular_plain_low_typical/map_assets/coordinate_frame.json	synthetic_curriculum_factorial_probe/variants/05_early_irregular_plain_low_typical/map_assets/coordinate_frame.json	tracked	64529ba558428ad753e34e011b72712de2a47460	597d0050861ff15776667fd86ea79a190bb7da3e4a324f609dd24d1697c3bee7	87	scientific-artifact	synthetic_curriculum_factorial_probe/variants/05_early_irregular_plain_low_typical/map_assets/coordinate_frame.json	MOVE		none	One-level Alternative-A root collapse; content must remain byte-identical.
flyff_farming_simulator/synthetic_curriculum_factorial_probe/variants/05_early_irregular_plain_low_typical/map_assets/map.json	synthetic_curriculum_factorial_probe/variants/05_early_irregular_plain_low_typical/map_assets/map.json	tracked	242995cc534442cdf3c51df6d63cca02759bcd64	117290d12c5835953df6477355a0e109d9bc4a35067c673d1836a41b2af1b57b	587	scientific-artifact	synthetic_curriculum_factorial_probe/variants/05_early_irregular_plain_low_typical/map_assets/map.json	MOVE		none	One-level Alternative-A root collapse; content must remain byte-identical.
flyff_farming_simulator/synthetic_curriculum_factorial_probe/variants/05_early_irregular_plain_low_typical/map_assets/occupancy.npy	synthetic_curriculum_factorial_probe/variants/05_early_irregular_plain_low_typical/map_assets/occupancy.npy	tracked	c56be2b6df785277d461113cde62c5510ec06c91	660e47e03954f05f2060b7484c410da5b25b8b84360ac0ae9bd78b80187efece	37377	scientific-artifact	synthetic_curriculum_factorial_probe/variants/05_early_irregular_plain_low_typical/map_assets/occupancy.npy	MOVE		none	One-level Alternative-A root collapse; content must remain byte-identical.
flyff_farming_simulator/synthetic_curriculum_factorial_probe/variants/05_early_irregular_plain_low_typical/world.json.gz	synthetic_curriculum_factorial_probe/variants/05_early_irregular_plain_low_typical/world.json.gz	tracked	656c544fbe1f10bf5651ff50af588d6250b0ad15	59414ab31931ebd5237ec240f1db9be6dbaac7579e557372c44a303edfab73a5	25923	simulator-source	synthetic_curriculum_factorial_probe/variants/05_early_irregular_plain_low_typical/world.json.gz	MOVE		none	One-level Alternative-A root collapse; content must remain byte-identical.
flyff_farming_simulator/synthetic_curriculum_factorial_probe/variants/06_early_irregular_plain_low_typical/map_assets/coordinate_frame.json	synthetic_curriculum_factorial_probe/variants/06_early_irregular_plain_low_typical/map_assets/coordinate_frame.json	tracked	64529ba558428ad753e34e011b72712de2a47460	597d0050861ff15776667fd86ea79a190bb7da3e4a324f609dd24d1697c3bee7	87	scientific-artifact	synthetic_curriculum_factorial_probe/variants/06_early_irregular_plain_low_typical/map_assets/coordinate_frame.json	MOVE		none	One-level Alternative-A root collapse; content must remain byte-identical.
flyff_farming_simulator/synthetic_curriculum_factorial_probe/variants/06_early_irregular_plain_low_typical/map_assets/map.json	synthetic_curriculum_factorial_probe/variants/06_early_irregular_plain_low_typical/map_assets/map.json	tracked	37a37231dc3d893cc596eb466d67a95ca66fb7e7	6c9a96f2760b482d51fac08f4f7915e75ce096c7014be4ca0a38ef4b4d17d029	587	scientific-artifact	synthetic_curriculum_factorial_probe/variants/06_early_irregular_plain_low_typical/map_assets/map.json	MOVE		none	One-level Alternative-A root collapse; content must remain byte-identical.
flyff_farming_simulator/synthetic_curriculum_factorial_probe/variants/06_early_irregular_plain_low_typical/map_assets/occupancy.npy	synthetic_curriculum_factorial_probe/variants/06_early_irregular_plain_low_typical/map_assets/occupancy.npy	tracked	b702f2037297ad065e5408641a68e376ddbe0f77	0947a553e7205f7400d0f27b3cd1a5a1eff3c6e9dbd87929917f3362ee6250fb	48528	scientific-artifact	synthetic_curriculum_factorial_probe/variants/06_early_irregular_plain_low_typical/map_assets/occupancy.npy	MOVE		none	One-level Alternative-A root collapse; content must remain byte-identical.
flyff_farming_simulator/synthetic_curriculum_factorial_probe/variants/06_early_irregular_plain_low_typical/world.json.gz	synthetic_curriculum_factorial_probe/variants/06_early_irregular_plain_low_typical/world.json.gz	tracked	9ce8a8226bd04e21a3be3604146380f262913b07	cb6c635c81ce31d41e113d240c2c81478c77b48b60c4d05eea8e3b09ceda7c80	24922	simulator-source	synthetic_curriculum_factorial_probe/variants/06_early_irregular_plain_low_typical/world.json.gz	MOVE		none	One-level Alternative-A root collapse; content must remain byte-identical.
flyff_farming_simulator/synthetic_curriculum_factorial_probe/variants/07_early_irregular_plain_typical_bursty/map_assets/coordinate_frame.json	synthetic_curriculum_factorial_probe/variants/07_early_irregular_plain_typical_bursty/map_assets/coordinate_frame.json	tracked	64529ba558428ad753e34e011b72712de2a47460	597d0050861ff15776667fd86ea79a190bb7da3e4a324f609dd24d1697c3bee7	87	scientific-artifact	synthetic_curriculum_factorial_probe/variants/07_early_irregular_plain_typical_bursty/map_assets/coordinate_frame.json	MOVE		none	One-level Alternative-A root collapse; content must remain byte-identical.
flyff_farming_simulator/synthetic_curriculum_factorial_probe/variants/07_early_irregular_plain_typical_bursty/map_assets/map.json	synthetic_curriculum_factorial_probe/variants/07_early_irregular_plain_typical_bursty/map_assets/map.json	tracked	749472d5fad92c71ae4ab0dccdd42cfed3159031	fb5464eef0b951f4384c46aabb14c21a8d216dcafc76b5eeabde352014a8f701	593	scientific-artifact	synthetic_curriculum_factorial_probe/variants/07_early_irregular_plain_typical_bursty/map_assets/map.json	MOVE		none	One-level Alternative-A root collapse; content must remain byte-identical.
flyff_farming_simulator/synthetic_curriculum_factorial_probe/variants/07_early_irregular_plain_typical_bursty/map_assets/occupancy.npy	synthetic_curriculum_factorial_probe/variants/07_early_irregular_plain_typical_bursty/map_assets/occupancy.npy	tracked	999d9ccc4a5e53a279280ade91eb4da67b83ef97	c2939f3e365d57177bfc5d8a041706e996b0dd04c405db6ddde41bd3c81d5448	44228	scientific-artifact	synthetic_curriculum_factorial_probe/variants/07_early_irregular_plain_typical_bursty/map_assets/occupancy.npy	MOVE		none	One-level Alternative-A root collapse; content must remain byte-identical.
flyff_farming_simulator/synthetic_curriculum_factorial_probe/variants/07_early_irregular_plain_typical_bursty/world.json.gz	synthetic_curriculum_factorial_probe/variants/07_early_irregular_plain_typical_bursty/world.json.gz	tracked	339dd9938474fa1f29537501f8731343f21bd10c	0240eb4ae13a99eff4046b6cf9d609e10eadf2e770de5d9f0093e3d382e6ffb2	30450	simulator-source	synthetic_curriculum_factorial_probe/variants/07_early_irregular_plain_typical_bursty/world.json.gz	MOVE		none	One-level Alternative-A root collapse; content must remain byte-identical.
flyff_farming_simulator/synthetic_curriculum_factorial_probe/variants/08_early_irregular_plain_typical_bursty/map_assets/coordinate_frame.json	synthetic_curriculum_factorial_probe/variants/08_early_irregular_plain_typical_bursty/map_assets/coordinate_frame.json	tracked	64529ba558428ad753e34e011b72712de2a47460	597d0050861ff15776667fd86ea79a190bb7da3e4a324f609dd24d1697c3bee7	87	scientific-artifact	synthetic_curriculum_factorial_probe/variants/08_early_irregular_plain_typical_bursty/map_assets/coordinate_frame.json	MOVE		none	One-level Alternative-A root collapse; content must remain byte-identical.
flyff_farming_simulator/synthetic_curriculum_factorial_probe/variants/08_early_irregular_plain_typical_bursty/map_assets/map.json	synthetic_curriculum_factorial_probe/variants/08_early_irregular_plain_typical_bursty/map_assets/map.json	tracked	5c8bf1bd053d049eca69d2dc5522dd876084870c	264f0a42a1994962ebfe6e1f44d4f2909175fe3a1f7014a9c949222c936a6755	593	scientific-artifact	synthetic_curriculum_factorial_probe/variants/08_early_irregular_plain_typical_bursty/map_assets/map.json	MOVE		none	One-level Alternative-A root collapse; content must remain byte-identical.
flyff_farming_simulator/synthetic_curriculum_factorial_probe/variants/08_early_irregular_plain_typical_bursty/map_assets/occupancy.npy	synthetic_curriculum_factorial_probe/variants/08_early_irregular_plain_typical_bursty/map_assets/occupancy.npy	tracked	e1d5c2370802046042b6b4353f826ef99049ac22	d5a1017d95598f4676de612b3f89413d896d4c53577c44a22a4204ad66bb54af	46353	scientific-artifact	synthetic_curriculum_factorial_probe/variants/08_early_irregular_plain_typical_bursty/map_assets/occupancy.npy	MOVE		none	One-level Alternative-A root collapse; content must remain byte-identical.
flyff_farming_simulator/synthetic_curriculum_factorial_probe/variants/08_early_irregular_plain_typical_bursty/world.json.gz	synthetic_curriculum_factorial_probe/variants/08_early_irregular_plain_typical_bursty/world.json.gz	tracked	e5420cfca33e6586268d00c4130874699f3f9001	59a6715728e76132fdebd1644053789beaf1c6e796bb11d6407e77002c44cb09	30645	simulator-source	synthetic_curriculum_factorial_probe/variants/08_early_irregular_plain_typical_bursty/world.json.gz	MOVE		none	One-level Alternative-A root collapse; content must remain byte-identical.
flyff_farming_simulator/synthetic_curriculum_factorial_probe/variants/09_early_irregular_plain_typical_bursty/map_assets/coordinate_frame.json	synthetic_curriculum_factorial_probe/variants/09_early_irregular_plain_typical_bursty/map_assets/coordinate_frame.json	tracked	64529ba558428ad753e34e011b72712de2a47460	597d0050861ff15776667fd86ea79a190bb7da3e4a324f609dd24d1697c3bee7	87	scientific-artifact	synthetic_curriculum_factorial_probe/variants/09_early_irregular_plain_typical_bursty/map_assets/coordinate_frame.json	MOVE		none	One-level Alternative-A root collapse; content must remain byte-identical.
flyff_farming_simulator/synthetic_curriculum_factorial_probe/variants/09_early_irregular_plain_typical_bursty/map_assets/map.json	synthetic_curriculum_factorial_probe/variants/09_early_irregular_plain_typical_bursty/map_assets/map.json	tracked	92c75f8fd1e56d91959767bdeb42044803eaffb8	b9d2c3355673655402116c5b5b3be7bf3b77fc35aa6cafb11381e54e29bc6fb3	592	scientific-artifact	synthetic_curriculum_factorial_probe/variants/09_early_irregular_plain_typical_bursty/map_assets/map.json	MOVE		none	One-level Alternative-A root collapse; content must remain byte-identical.
flyff_farming_simulator/synthetic_curriculum_factorial_probe/variants/09_early_irregular_plain_typical_bursty/map_assets/occupancy.npy	synthetic_curriculum_factorial_probe/variants/09_early_irregular_plain_typical_bursty/map_assets/occupancy.npy	tracked	5d064f468d5594a1e6d49b341fa769004bf0c8d5	2cf4e46d9e7b5264d29e27912ef992b1549cc9ad214754fb2b08364cafa48260	39332	scientific-artifact	synthetic_curriculum_factorial_probe/variants/09_early_irregular_plain_typical_bursty/map_assets/occupancy.npy	MOVE		none	One-level Alternative-A root collapse; content must remain byte-identical.
flyff_farming_simulator/synthetic_curriculum_factorial_probe/variants/09_early_irregular_plain_typical_bursty/world.json.gz	synthetic_curriculum_factorial_probe/variants/09_early_irregular_plain_typical_bursty/world.json.gz	tracked	ab311316e2850691cfe82bb4e53355ff69a6084b	dfe28c88f7c949c46d415b27797ce5b93e3283cee9e5767515707dc13252e4d0	31363	simulator-source	synthetic_curriculum_factorial_probe/variants/09_early_irregular_plain_typical_bursty/world.json.gz	MOVE		none	One-level Alternative-A root collapse; content must remain byte-identical.
flyff_farming_simulator/synthetic_curriculum_factorial_probe/variants/10_early_irregular_plain_typical_typical/map_assets/coordinate_frame.json	synthetic_curriculum_factorial_probe/variants/10_early_irregular_plain_typical_typical/map_assets/coordinate_frame.json	tracked	64529ba558428ad753e34e011b72712de2a47460	597d0050861ff15776667fd86ea79a190bb7da3e4a324f609dd24d1697c3bee7	87	scientific-artifact	synthetic_curriculum_factorial_probe/variants/10_early_irregular_plain_typical_typical/map_assets/coordinate_frame.json	MOVE		none	One-level Alternative-A root collapse; content must remain byte-identical.
flyff_farming_simulator/synthetic_curriculum_factorial_probe/variants/10_early_irregular_plain_typical_typical/map_assets/map.json	synthetic_curriculum_factorial_probe/variants/10_early_irregular_plain_typical_typical/map_assets/map.json	tracked	b768afcf73c38738756b7deb3a8bcc261f3c2e06	1a39f9446e622c127e892327efe4a4d32e5263031fcf77d03eb9212e58c02713	594	scientific-artifact	synthetic_curriculum_factorial_probe/variants/10_early_irregular_plain_typical_typical/map_assets/map.json	MOVE		none	One-level Alternative-A root collapse; content must remain byte-identical.
flyff_farming_simulator/synthetic_curriculum_factorial_probe/variants/10_early_irregular_plain_typical_typical/map_assets/occupancy.npy	synthetic_curriculum_factorial_probe/variants/10_early_irregular_plain_typical_typical/map_assets/occupancy.npy	tracked	94af2b4999e195b3f702fe7fdbcdaba1c286b638	90a8f6369789006466d07c9c820bfecaea22b91222270342b3aa291d6f660eb4	35472	scientific-artifact	synthetic_curriculum_factorial_probe/variants/10_early_irregular_plain_typical_typical/map_assets/occupancy.npy	MOVE		none	One-level Alternative-A root collapse; content must remain byte-identical.
flyff_farming_simulator/synthetic_curriculum_factorial_probe/variants/10_early_irregular_plain_typical_typical/world.json.gz	synthetic_curriculum_factorial_probe/variants/10_early_irregular_plain_typical_typical/world.json.gz	tracked	7da0086fcb5456238da79c408d55b9be25c5cfda	86c8a0114ad4eec4d38732f3616c0e5352d03de37b2b70a6cb2f8b03bf664a30	31351	simulator-source	synthetic_curriculum_factorial_probe/variants/10_early_irregular_plain_typical_typical/world.json.gz	MOVE		none	One-level Alternative-A root collapse; content must remain byte-identical.
flyff_farming_simulator/synthetic_curriculum_factorial_probe/variants/11_early_irregular_plain_typical_typical/map_assets/coordinate_frame.json	synthetic_curriculum_factorial_probe/variants/11_early_irregular_plain_typical_typical/map_assets/coordinate_frame.json	tracked	64529ba558428ad753e34e011b72712de2a47460	597d0050861ff15776667fd86ea79a190bb7da3e4a324f609dd24d1697c3bee7	87	scientific-artifact	synthetic_curriculum_factorial_probe/variants/11_early_irregular_plain_typical_typical/map_assets/coordinate_frame.json	MOVE		none	One-level Alternative-A root collapse; content must remain byte-identical.
flyff_farming_simulator/synthetic_curriculum_factorial_probe/variants/11_early_irregular_plain_typical_typical/map_assets/map.json	synthetic_curriculum_factorial_probe/variants/11_early_irregular_plain_typical_typical/map_assets/map.json	tracked	da48efeefdbba4456293360552391522ec5eb7aa	9118cdf9c19dc21eb509a792f3b4bd34af4076e4ddab804ce28a58e7bc96e2a2	596	scientific-artifact	synthetic_curriculum_factorial_probe/variants/11_early_irregular_plain_typical_typical/map_assets/map.json	MOVE		none	One-level Alternative-A root collapse; content must remain byte-identical.
flyff_farming_simulator/synthetic_curriculum_factorial_probe/variants/11_early_irregular_plain_typical_typical/map_assets/occupancy.npy	synthetic_curriculum_factorial_probe/variants/11_early_irregular_plain_typical_typical/map_assets/occupancy.npy	tracked	a9626d557c8a3f7eb49d959bfeba3cf4aefb7e5e	b6dcd961a005f3b19238072d0a1ae0104ea854841f6478c7a59e6e45d4995251	48528	scientific-artifact	synthetic_curriculum_factorial_probe/variants/11_early_irregular_plain_typical_typical/map_assets/occupancy.npy	MOVE		none	One-level Alternative-A root collapse; content must remain byte-identical.
flyff_farming_simulator/synthetic_curriculum_factorial_probe/variants/11_early_irregular_plain_typical_typical/world.json.gz	synthetic_curriculum_factorial_probe/variants/11_early_irregular_plain_typical_typical/world.json.gz	tracked	283690977f72ddd0581657762847222d02b99f2e	eaf28d298388efc221454c90ee1e98959c86fd1d3e9599590e4a9f2e58b88c04	32443	simulator-source	synthetic_curriculum_factorial_probe/variants/11_early_irregular_plain_typical_typical/world.json.gz	MOVE		none	One-level Alternative-A root collapse; content must remain byte-identical.
flyff_farming_simulator/synthetic_curriculum_factorial_probe/variants/12_early_irregular_plain_typical_typical/map_assets/coordinate_frame.json	synthetic_curriculum_factorial_probe/variants/12_early_irregular_plain_typical_typical/map_assets/coordinate_frame.json	tracked	64529ba558428ad753e34e011b72712de2a47460	597d0050861ff15776667fd86ea79a190bb7da3e4a324f609dd24d1697c3bee7	87	scientific-artifact	synthetic_curriculum_factorial_probe/variants/12_early_irregular_plain_typical_typical/map_assets/coordinate_frame.json	MOVE		none	One-level Alternative-A root collapse; content must remain byte-identical.
flyff_farming_simulator/synthetic_curriculum_factorial_probe/variants/12_early_irregular_plain_typical_typical/map_assets/map.json	synthetic_curriculum_factorial_probe/variants/12_early_irregular_plain_typical_typical/map_assets/map.json	tracked	1e453e79a877162146188eca0fadb18d66cad757	fdcafadb0a55f452ca40e791375e37cc468adcebd5456b482242f367057ab0a6	594	scientific-artifact	synthetic_curriculum_factorial_probe/variants/12_early_irregular_plain_typical_typical/map_assets/map.json	MOVE		none	One-level Alternative-A root collapse; content must remain byte-identical.
flyff_farming_simulator/synthetic_curriculum_factorial_probe/variants/12_early_irregular_plain_typical_typical/map_assets/occupancy.npy	synthetic_curriculum_factorial_probe/variants/12_early_irregular_plain_typical_typical/map_assets/occupancy.npy	tracked	1488fa25e2ee3a03c8b51a91a4cbd92fdb93b88b	410ba14be39ad4cbaaece26b9e9eb187499bed9682376cb20e3434004ee6f7c5	45497	scientific-artifact	synthetic_curriculum_factorial_probe/variants/12_early_irregular_plain_typical_typical/map_assets/occupancy.npy	MOVE		none	One-level Alternative-A root collapse; content must remain byte-identical.
flyff_farming_simulator/synthetic_curriculum_factorial_probe/variants/12_early_irregular_plain_typical_typical/world.json.gz	synthetic_curriculum_factorial_probe/variants/12_early_irregular_plain_typical_typical/world.json.gz	tracked	33018a99f033dba4f94264c233d146c380f38896	256e492c7ac27fe69f28d5dd111802e5a27e4fec54e3ca26795eaaa09b346ab3	31020	simulator-source	synthetic_curriculum_factorial_probe/variants/12_early_irregular_plain_typical_typical/world.json.gz	MOVE		none	One-level Alternative-A root collapse; content must remain byte-identical.
flyff_farming_simulator/synthetic_curriculum_factorial_probe/variants/13_early_open_field_low_bursty/map_assets/coordinate_frame.json	synthetic_curriculum_factorial_probe/variants/13_early_open_field_low_bursty/map_assets/coordinate_frame.json	tracked	64529ba558428ad753e34e011b72712de2a47460	597d0050861ff15776667fd86ea79a190bb7da3e4a324f609dd24d1697c3bee7	87	scientific-artifact	synthetic_curriculum_factorial_probe/variants/13_early_open_field_low_bursty/map_assets/coordinate_frame.json	MOVE		none	One-level Alternative-A root collapse; content must remain byte-identical.
flyff_farming_simulator/synthetic_curriculum_factorial_probe/variants/13_early_open_field_low_bursty/map_assets/map.json	synthetic_curriculum_factorial_probe/variants/13_early_open_field_low_bursty/map_assets/map.json	tracked	526d1c295991a3fc745f35b4f35836c0519d644f	85cfdde963cc6be6c34ba8049069e1103a52ea76c5bfcb3eec7237af4ff3bb47	576	scientific-artifact	synthetic_curriculum_factorial_probe/variants/13_early_open_field_low_bursty/map_assets/map.json	MOVE		none	One-level Alternative-A root collapse; content must remain byte-identical.
flyff_farming_simulator/synthetic_curriculum_factorial_probe/variants/13_early_open_field_low_bursty/map_assets/occupancy.npy	synthetic_curriculum_factorial_probe/variants/13_early_open_field_low_bursty/map_assets/occupancy.npy	tracked	db7efc693af64a6f35d0e363e86c4b8731cb8dbc	11b56f577a3bfef2486ef142e4f0abd0f845da382d21e157246059166344d7e5	48528	scientific-artifact	synthetic_curriculum_factorial_probe/variants/13_early_open_field_low_bursty/map_assets/occupancy.npy	MOVE		none	One-level Alternative-A root collapse; content must remain byte-identical.
flyff_farming_simulator/synthetic_curriculum_factorial_probe/variants/13_early_open_field_low_bursty/world.json.gz	synthetic_curriculum_factorial_probe/variants/13_early_open_field_low_bursty/world.json.gz	tracked	8fb9cdf2073a5190215a30afb181c04e0205ec03	dda45bedb91d06fa6e2cc1b64808af09d1f6f70014a8e7a3be16549e5c4056a5	26229	simulator-source	synthetic_curriculum_factorial_probe/variants/13_early_open_field_low_bursty/world.json.gz	MOVE		none	One-level Alternative-A root collapse; content must remain byte-identical.
flyff_farming_simulator/synthetic_curriculum_factorial_probe/variants/14_early_open_field_low_bursty/map_assets/coordinate_frame.json	synthetic_curriculum_factorial_probe/variants/14_early_open_field_low_bursty/map_assets/coordinate_frame.json	tracked	64529ba558428ad753e34e011b72712de2a47460	597d0050861ff15776667fd86ea79a190bb7da3e4a324f609dd24d1697c3bee7	87	scientific-artifact	synthetic_curriculum_factorial_probe/variants/14_early_open_field_low_bursty/map_assets/coordinate_frame.json	MOVE		none	One-level Alternative-A root collapse; content must remain byte-identical.
flyff_farming_simulator/synthetic_curriculum_factorial_probe/variants/14_early_open_field_low_bursty/map_assets/map.json	synthetic_curriculum_factorial_probe/variants/14_early_open_field_low_bursty/map_assets/map.json	tracked	18b58919d94c77aa367613efa24cf8069c99a167	fc113a13192af6aad1e9acf83e71fed1d08fcd0d52ac50d9ebbb12a841a94e3f	576	scientific-artifact	synthetic_curriculum_factorial_probe/variants/14_early_open_field_low_bursty/map_assets/map.json	MOVE		none	One-level Alternative-A root collapse; content must remain byte-identical.
flyff_farming_simulator/synthetic_curriculum_factorial_probe/variants/14_early_open_field_low_bursty/map_assets/occupancy.npy	synthetic_curriculum_factorial_probe/variants/14_early_open_field_low_bursty/map_assets/occupancy.npy	tracked	8899aa7125a5a81efc5fa4081045248802833870	7bd21d140e2322796e257be87045df5593d3eb3e140549da9d2a711d4bf93292	44228	scientific-artifact	synthetic_curriculum_factorial_probe/variants/14_early_open_field_low_bursty/map_assets/occupancy.npy	MOVE		none	One-level Alternative-A root collapse; content must remain byte-identical.
flyff_farming_simulator/synthetic_curriculum_factorial_probe/variants/14_early_open_field_low_bursty/world.json.gz	synthetic_curriculum_factorial_probe/variants/14_early_open_field_low_bursty/world.json.gz	tracked	0f003a102ed05ef063f7f2ad22faa5ca2d0a35cb	e4bf850be83c304d4cf635f003c60ac73473d29fb21af96840310fec34f08194	26774	simulator-source	synthetic_curriculum_factorial_probe/variants/14_early_open_field_low_bursty/world.json.gz	MOVE		none	One-level Alternative-A root collapse; content must remain byte-identical.
flyff_farming_simulator/synthetic_curriculum_factorial_probe/variants/15_early_open_field_low_bursty/map_assets/coordinate_frame.json	synthetic_curriculum_factorial_probe/variants/15_early_open_field_low_bursty/map_assets/coordinate_frame.json	tracked	64529ba558428ad753e34e011b72712de2a47460	597d0050861ff15776667fd86ea79a190bb7da3e4a324f609dd24d1697c3bee7	87	scientific-artifact	synthetic_curriculum_factorial_probe/variants/15_early_open_field_low_bursty/map_assets/coordinate_frame.json	MOVE		none	One-level Alternative-A root collapse; content must remain byte-identical.
flyff_farming_simulator/synthetic_curriculum_factorial_probe/variants/15_early_open_field_low_bursty/map_assets/map.json	synthetic_curriculum_factorial_probe/variants/15_early_open_field_low_bursty/map_assets/map.json	tracked	2c0186dd4a7ac831a53210ee9fabcf2f79cc1320	271fc66459940069a802076ab2196a3de9b61ab59d329820abb6d89eb2143ce9	575	scientific-artifact	synthetic_curriculum_factorial_probe/variants/15_early_open_field_low_bursty/map_assets/map.json	MOVE		none	One-level Alternative-A root collapse; content must remain byte-identical.
flyff_farming_simulator/synthetic_curriculum_factorial_probe/variants/15_early_open_field_low_bursty/map_assets/occupancy.npy	synthetic_curriculum_factorial_probe/variants/15_early_open_field_low_bursty/map_assets/occupancy.npy	tracked	9f5f335c1ae0ce4a7695f578d74806aa96fa80ca	2724804263a8d57a877e497514284940c84cd98308ed17dc824cfc1638a7438c	39332	scientific-artifact	synthetic_curriculum_factorial_probe/variants/15_early_open_field_low_bursty/map_assets/occupancy.npy	MOVE		none	One-level Alternative-A root collapse; content must remain byte-identical.
flyff_farming_simulator/synthetic_curriculum_factorial_probe/variants/15_early_open_field_low_bursty/world.json.gz	synthetic_curriculum_factorial_probe/variants/15_early_open_field_low_bursty/world.json.gz	tracked	70bae10512ca042753eedee4d542b582141b6474	4269992902a570f21e26c4444d23dc85b26e4a30aef02742f099d8245341f69c	25995	simulator-source	synthetic_curriculum_factorial_probe/variants/15_early_open_field_low_bursty/world.json.gz	MOVE		none	One-level Alternative-A root collapse; content must remain byte-identical.
flyff_farming_simulator/synthetic_curriculum_factorial_probe/variants/16_early_broad_lobes_low_bursty/map_assets/coordinate_frame.json	synthetic_curriculum_factorial_probe/variants/16_early_broad_lobes_low_bursty/map_assets/coordinate_frame.json	tracked	64529ba558428ad753e34e011b72712de2a47460	597d0050861ff15776667fd86ea79a190bb7da3e4a324f609dd24d1697c3bee7	87	scientific-artifact	synthetic_curriculum_factorial_probe/variants/16_early_broad_lobes_low_bursty/map_assets/coordinate_frame.json	MOVE		none	One-level Alternative-A root collapse; content must remain byte-identical.
flyff_farming_simulator/synthetic_curriculum_factorial_probe/variants/16_early_broad_lobes_low_bursty/map_assets/map.json	synthetic_curriculum_factorial_probe/variants/16_early_broad_lobes_low_bursty/map_assets/map.json	tracked	3fe3fb03da079ae2e6ecaf362fb661cce0f80aff	015ca4c0d9e3917e309731b2234c6ec85a1eabb2cf4592c8b0de05f0d43315ad	577	scientific-artifact	synthetic_curriculum_factorial_probe/variants/16_early_broad_lobes_low_bursty/map_assets/map.json	MOVE		none	One-level Alternative-A root collapse; content must remain byte-identical.
flyff_farming_simulator/synthetic_curriculum_factorial_probe/variants/16_early_broad_lobes_low_bursty/map_assets/occupancy.npy	synthetic_curriculum_factorial_probe/variants/16_early_broad_lobes_low_bursty/map_assets/occupancy.npy	tracked	28d81d0ede351e27a63529275a15d149cfb949bd	dce1399e894e1e6bf5de5b9d3fb07fc5403f008554d3c736251dfb7cbdb2e76b	50753	scientific-artifact	synthetic_curriculum_factorial_probe/variants/16_early_broad_lobes_low_bursty/map_assets/occupancy.npy	MOVE		none	One-level Alternative-A root collapse; content must remain byte-identical.
flyff_farming_simulator/synthetic_curriculum_factorial_probe/variants/16_early_broad_lobes_low_bursty/world.json.gz	synthetic_curriculum_factorial_probe/variants/16_early_broad_lobes_low_bursty/world.json.gz	tracked	89542f618c0b33558a10567932a586a72906fbb1	56b7a820e1fac7d426536a20a5f48824e539b0414c817fda785b0d054917b251	24572	simulator-source	synthetic_curriculum_factorial_probe/variants/16_early_broad_lobes_low_bursty/world.json.gz	MOVE		none	One-level Alternative-A root collapse; content must remain byte-identical.
flyff_farming_simulator/synthetic_curriculum_factorial_probe/variants/17_early_broad_lobes_low_bursty/map_assets/coordinate_frame.json	synthetic_curriculum_factorial_probe/variants/17_early_broad_lobes_low_bursty/map_assets/coordinate_frame.json	tracked	64529ba558428ad753e34e011b72712de2a47460	597d0050861ff15776667fd86ea79a190bb7da3e4a324f609dd24d1697c3bee7	87	scientific-artifact	synthetic_curriculum_factorial_probe/variants/17_early_broad_lobes_low_bursty/map_assets/coordinate_frame.json	MOVE		none	One-level Alternative-A root collapse; content must remain byte-identical.
flyff_farming_simulator/synthetic_curriculum_factorial_probe/variants/17_early_broad_lobes_low_bursty/map_assets/map.json	synthetic_curriculum_factorial_probe/variants/17_early_broad_lobes_low_bursty/map_assets/map.json	tracked	60a723f8a9e5e9e2a96a778f1a8e0e9889ba2761	11dca2df4072a28933e3beb33175d63d8d72f9645dc0e108ddaabe69cde391d6	578	scientific-artifact	synthetic_curriculum_factorial_probe/variants/17_early_broad_lobes_low_bursty/map_assets/map.json	MOVE		none	One-level Alternative-A root collapse; content must remain byte-identical.
flyff_farming_simulator/synthetic_curriculum_factorial_probe/variants/17_early_broad_lobes_low_bursty/map_assets/occupancy.npy	synthetic_curriculum_factorial_probe/variants/17_early_broad_lobes_low_bursty/map_assets/occupancy.npy	tracked	215d02a923cc79a29b20f993209912530516cbe8	6935d60cdfdbc66e35a8245b54d4f103660369c0eb1889fa5191835b40e3c568	40932	scientific-artifact	synthetic_curriculum_factorial_probe/variants/17_early_broad_lobes_low_bursty/map_assets/occupancy.npy	MOVE		none	One-level Alternative-A root collapse; content must remain byte-identical.
flyff_farming_simulator/synthetic_curriculum_factorial_probe/variants/17_early_broad_lobes_low_bursty/world.json.gz	synthetic_curriculum_factorial_probe/variants/17_early_broad_lobes_low_bursty/world.json.gz	tracked	d0e8f7e2659949bc3b699a7cfb62e330b06254b3	9d1ee6da39a22b2bb3a49cafa84adf7c160846a86e72d33ba175567554298518	26663	simulator-source	synthetic_curriculum_factorial_probe/variants/17_early_broad_lobes_low_bursty/world.json.gz	MOVE		none	One-level Alternative-A root collapse; content must remain byte-identical.
flyff_farming_simulator/synthetic_curriculum_factorial_probe/variants/18_early_broad_lobes_low_bursty/map_assets/coordinate_frame.json	synthetic_curriculum_factorial_probe/variants/18_early_broad_lobes_low_bursty/map_assets/coordinate_frame.json	tracked	64529ba558428ad753e34e011b72712de2a47460	597d0050861ff15776667fd86ea79a190bb7da3e4a324f609dd24d1697c3bee7	87	scientific-artifact	synthetic_curriculum_factorial_probe/variants/18_early_broad_lobes_low_bursty/map_assets/coordinate_frame.json	MOVE		none	One-level Alternative-A root collapse; content must remain byte-identical.
flyff_farming_simulator/synthetic_curriculum_factorial_probe/variants/18_early_broad_lobes_low_bursty/map_assets/map.json	synthetic_curriculum_factorial_probe/variants/18_early_broad_lobes_low_bursty/map_assets/map.json	tracked	3c3b7af5c3f699515fe02bbaa7f2d262cc1c9b19	9ef05a0217fb0d80adbe485a7eb59e2e184baf7debab9abd7b20fa627ce9d5ac	577	scientific-artifact	synthetic_curriculum_factorial_probe/variants/18_early_broad_lobes_low_bursty/map_assets/map.json	MOVE		none	One-level Alternative-A root collapse; content must remain byte-identical.
flyff_farming_simulator/synthetic_curriculum_factorial_probe/variants/18_early_broad_lobes_low_bursty/map_assets/occupancy.npy	synthetic_curriculum_factorial_probe/variants/18_early_broad_lobes_low_bursty/map_assets/occupancy.npy	tracked	30d58970578f02e105a2ed50c3a4fd09dd97d2ea	df53fbc62cf3f5420302bd722450a0ae725cc163203dfb6b818a936e0e52dacc	42153	scientific-artifact	synthetic_curriculum_factorial_probe/variants/18_early_broad_lobes_low_bursty/map_assets/occupancy.npy	MOVE		none	One-level Alternative-A root collapse; content must remain byte-identical.
flyff_farming_simulator/synthetic_curriculum_factorial_probe/variants/18_early_broad_lobes_low_bursty/world.json.gz	synthetic_curriculum_factorial_probe/variants/18_early_broad_lobes_low_bursty/world.json.gz	tracked	2a4c4e4627541834835dc008a5b631f867ab6081	a062c220ab9fee433962a5f3b5a123909cffcf0244f7941ecc2a53543063db38	24739	simulator-source	synthetic_curriculum_factorial_probe/variants/18_early_broad_lobes_low_bursty/world.json.gz	MOVE		none	One-level Alternative-A root collapse; content must remain byte-identical.
flyff_farming_simulator/synthetic_curriculum_heldout/curriculum.json	synthetic_curriculum_heldout/curriculum.json	tracked	770cdcc11a1ecfaf3dddeb57a93aeebdde512377	a4d667ad36dd1f1f3dff002948fe332a3fa85513f95498372d0794de9d878d8e	12965	config	synthetic_curriculum_heldout/curriculum.json	MOVE		none	One-level Alternative-A root collapse; content must remain byte-identical.
flyff_farming_simulator/synthetic_curriculum_heldout/variants/01_early_open_field_typical_fast/map_assets/coordinate_frame.json	synthetic_curriculum_heldout/variants/01_early_open_field_typical_fast/map_assets/coordinate_frame.json	tracked	64529ba558428ad753e34e011b72712de2a47460	597d0050861ff15776667fd86ea79a190bb7da3e4a324f609dd24d1697c3bee7	87	scientific-artifact	synthetic_curriculum_heldout/variants/01_early_open_field_typical_fast/map_assets/coordinate_frame.json	MOVE		none	One-level Alternative-A root collapse; content must remain byte-identical.
flyff_farming_simulator/synthetic_curriculum_heldout/variants/01_early_open_field_typical_fast/map_assets/map.json	synthetic_curriculum_heldout/variants/01_early_open_field_typical_fast/map_assets/map.json	tracked	7e72ce3b5065c39d7d4e88f022b4f01f6e8ad521	7f370e0a055175a2f946cccee3d017427464baf034574e4fe09c20d7aee07c03	579	scientific-artifact	synthetic_curriculum_heldout/variants/01_early_open_field_typical_fast/map_assets/map.json	MOVE		none	One-level Alternative-A root collapse; content must remain byte-identical.
flyff_farming_simulator/synthetic_curriculum_heldout/variants/01_early_open_field_typical_fast/map_assets/occupancy.npy	synthetic_curriculum_heldout/variants/01_early_open_field_typical_fast/map_assets/occupancy.npy	tracked	95d54f77d2c9fc3e938a77dbfa136d5a769e7e4f	b1d83bbbfd8c6d9ef358d4f13ea0ad9c358981ac31290c758bc06ba42f1ab620	48089	scientific-artifact	synthetic_curriculum_heldout/variants/01_early_open_field_typical_fast/map_assets/occupancy.npy	MOVE		none	One-level Alternative-A root collapse; content must remain byte-identical.
flyff_farming_simulator/synthetic_curriculum_heldout/variants/01_early_open_field_typical_fast/world.json.gz	synthetic_curriculum_heldout/variants/01_early_open_field_typical_fast/world.json.gz	tracked	ab174151da5b56f2508a5bad8bd1223e698a5af4	28b3fdfc5bf622d958df405cae4b49fa51d82721b2b0c45fcf18170f77d5215d	29329	simulator-source	synthetic_curriculum_heldout/variants/01_early_open_field_typical_fast/world.json.gz	MOVE		none	One-level Alternative-A root collapse; content must remain byte-identical.
flyff_farming_simulator/synthetic_curriculum_heldout/variants/02_early_wide_neck_high_typical/map_assets/coordinate_frame.json	synthetic_curriculum_heldout/variants/02_early_wide_neck_high_typical/map_assets/coordinate_frame.json	tracked	64529ba558428ad753e34e011b72712de2a47460	597d0050861ff15776667fd86ea79a190bb7da3e4a324f609dd24d1697c3bee7	87	scientific-artifact	synthetic_curriculum_heldout/variants/02_early_wide_neck_high_typical/map_assets/coordinate_frame.json	MOVE		none	One-level Alternative-A root collapse; content must remain byte-identical.
flyff_farming_simulator/synthetic_curriculum_heldout/variants/02_early_wide_neck_high_typical/map_assets/map.json	synthetic_curriculum_heldout/variants/02_early_wide_neck_high_typical/map_assets/map.json	tracked	17b520508d4798057ed9fadee74afd9b08d03d13	3a5c0501bb4b22541f2bd3e0e4b846a430e95ebf279a9956951eda36eef39efe	577	scientific-artifact	synthetic_curriculum_heldout/variants/02_early_wide_neck_high_typical/map_assets/map.json	MOVE		none	One-level Alternative-A root collapse; content must remain byte-identical.
flyff_farming_simulator/synthetic_curriculum_heldout/variants/02_early_wide_neck_high_typical/map_assets/occupancy.npy	synthetic_curriculum_heldout/variants/02_early_wide_neck_high_typical/map_assets/occupancy.npy	tracked	62dfbb4840f02388431e35c3c6f27e326f610ed7	8843f309a7d0d3c20cbeaba8c83c6009b9e91ae438e3ac9783fbbb033de86aa8	42977	scientific-artifact	synthetic_curriculum_heldout/variants/02_early_wide_neck_high_typical/map_assets/occupancy.npy	MOVE		none	One-level Alternative-A root collapse; content must remain byte-identical.
flyff_farming_simulator/synthetic_curriculum_heldout/variants/02_early_wide_neck_high_typical/world.json.gz	synthetic_curriculum_heldout/variants/02_early_wide_neck_high_typical/world.json.gz	tracked	37b8acc291ed6427a64def38ebda6afd00dd404a	e8eb4f90b0a490b374086cf86df519d9284020dd63dae54695b76ff5a3fc3d45	34844	simulator-source	synthetic_curriculum_heldout/variants/02_early_wide_neck_high_typical/world.json.gz	MOVE		none	One-level Alternative-A root collapse; content must remain byte-identical.
flyff_farming_simulator/synthetic_curriculum_heldout/variants/03_early_open_field_low_fast/map_assets/coordinate_frame.json	synthetic_curriculum_heldout/variants/03_early_open_field_low_fast/map_assets/coordinate_frame.json	tracked	64529ba558428ad753e34e011b72712de2a47460	597d0050861ff15776667fd86ea79a190bb7da3e4a324f609dd24d1697c3bee7	87	scientific-artifact	synthetic_curriculum_heldout/variants/03_early_open_field_low_fast/map_assets/coordinate_frame.json	MOVE		none	One-level Alternative-A root collapse; content must remain byte-identical.
flyff_farming_simulator/synthetic_curriculum_heldout/variants/03_early_open_field_low_fast/map_assets/map.json	synthetic_curriculum_heldout/variants/03_early_open_field_low_fast/map_assets/map.json	tracked	8ded209897a0ee72cd839b3105289f63efe33f15	dac47837874b581b62a291ca3371d6f9afde5260df43fd42e4378c1fe17313b7	571	scientific-artifact	synthetic_curriculum_heldout/variants/03_early_open_field_low_fast/map_assets/map.json	MOVE		none	One-level Alternative-A root collapse; content must remain byte-identical.
flyff_farming_simulator/synthetic_curriculum_heldout/variants/03_early_open_field_low_fast/map_assets/occupancy.npy	synthetic_curriculum_heldout/variants/03_early_open_field_low_fast/map_assets/occupancy.npy	tracked	00fdac395f47c04f506e32e47992779eb39a6be1	7a8687a18117f099e8e275b399f78c9e6fcb04c0a0cea2ba8b7b402d101cfc09	36228	scientific-artifact	synthetic_curriculum_heldout/variants/03_early_open_field_low_fast/map_assets/occupancy.npy	MOVE		none	One-level Alternative-A root collapse; content must remain byte-identical.
flyff_farming_simulator/synthetic_curriculum_heldout/variants/03_early_open_field_low_fast/world.json.gz	synthetic_curriculum_heldout/variants/03_early_open_field_low_fast/world.json.gz	tracked	73029c80faee93d1392707821e843ee2913b152e	87ee92a2ffbdafc3655a467c974ac6a002727a52da2a2909f0ce3f0f68da8993	26771	simulator-source	synthetic_curriculum_heldout/variants/03_early_open_field_low_fast/world.json.gz	MOVE		none	One-level Alternative-A root collapse; content must remain byte-identical.
flyff_farming_simulator/synthetic_curriculum_heldout/variants/04_early_wide_neck_typical_bursty/map_assets/coordinate_frame.json	synthetic_curriculum_heldout/variants/04_early_wide_neck_typical_bursty/map_assets/coordinate_frame.json	tracked	64529ba558428ad753e34e011b72712de2a47460	597d0050861ff15776667fd86ea79a190bb7da3e4a324f609dd24d1697c3bee7	87	scientific-artifact	synthetic_curriculum_heldout/variants/04_early_wide_neck_typical_bursty/map_assets/coordinate_frame.json	MOVE		none	One-level Alternative-A root collapse; content must remain byte-identical.
flyff_farming_simulator/synthetic_curriculum_heldout/variants/04_early_wide_neck_typical_bursty/map_assets/map.json	synthetic_curriculum_heldout/variants/04_early_wide_neck_typical_bursty/map_assets/map.json	tracked	ef5e113dc1763827ec851f3ac9990ca9822c082b	d264e8cbf9c2d308040402b060e2db739a654eb5716d74ad955e1137fe93086f	566	scientific-artifact	synthetic_curriculum_heldout/variants/04_early_wide_neck_typical_bursty/map_assets/map.json	MOVE		none	One-level Alternative-A root collapse; content must remain byte-identical.
flyff_farming_simulator/synthetic_curriculum_heldout/variants/04_early_wide_neck_typical_bursty/map_assets/occupancy.npy	synthetic_curriculum_heldout/variants/04_early_wide_neck_typical_bursty/map_assets/occupancy.npy	tracked	68337b5b1c6b29e8dcc360ca37a6bd82e63dda28	53c86a4c5fc2da7b9f20306c1021a9bad20face4e3dbe71705cae08715e99b8d	35472	scientific-artifact	synthetic_curriculum_heldout/variants/04_early_wide_neck_typical_bursty/map_assets/occupancy.npy	MOVE		none	One-level Alternative-A root collapse; content must remain byte-identical.
flyff_farming_simulator/synthetic_curriculum_heldout/variants/04_early_wide_neck_typical_bursty/world.json.gz	synthetic_curriculum_heldout/variants/04_early_wide_neck_typical_bursty/world.json.gz	tracked	51d44171b32a0f75ca22ab67fe07e92d88cccece	38c01688713bcda12d9c4d23d374eaa33cfa19006c8633ad84b777da98b670c6	29721	simulator-source	synthetic_curriculum_heldout/variants/04_early_wide_neck_typical_bursty/world.json.gz	MOVE		none	One-level Alternative-A root collapse; content must remain byte-identical.
flyff_farming_simulator/synthetic_curriculum_heldout/variants/05_early_open_field_typical_fast/map_assets/coordinate_frame.json	synthetic_curriculum_heldout/variants/05_early_open_field_typical_fast/map_assets/coordinate_frame.json	tracked	64529ba558428ad753e34e011b72712de2a47460	597d0050861ff15776667fd86ea79a190bb7da3e4a324f609dd24d1697c3bee7	87	scientific-artifact	synthetic_curriculum_heldout/variants/05_early_open_field_typical_fast/map_assets/coordinate_frame.json	MOVE		none	One-level Alternative-A root collapse; content must remain byte-identical.
flyff_farming_simulator/synthetic_curriculum_heldout/variants/05_early_open_field_typical_fast/map_assets/map.json	synthetic_curriculum_heldout/variants/05_early_open_field_typical_fast/map_assets/map.json	tracked	e1fe1ab37618937be216b5ab62f74c00c4f3decb	2cfa93ea5deb8582c806995c0841021a31de4e1d0d4e3035daec43c2612d0b05	579	scientific-artifact	synthetic_curriculum_heldout/variants/05_early_open_field_typical_fast/map_assets/map.json	MOVE		none	One-level Alternative-A root collapse; content must remain byte-identical.
flyff_farming_simulator/synthetic_curriculum_heldout/variants/05_early_open_field_typical_fast/map_assets/occupancy.npy	synthetic_curriculum_heldout/variants/05_early_open_field_typical_fast/map_assets/occupancy.npy	tracked	0bf86eed786ea98f33721b28afe559b1cd650170	db6d90830c69e8c66ff62823ed7cd247ec1fa9483fc49cc5c42f57eeaf0af606	56772	scientific-artifact	synthetic_curriculum_heldout/variants/05_early_open_field_typical_fast/map_assets/occupancy.npy	MOVE		none	One-level Alternative-A root collapse; content must remain byte-identical.
flyff_farming_simulator/synthetic_curriculum_heldout/variants/05_early_open_field_typical_fast/world.json.gz	synthetic_curriculum_heldout/variants/05_early_open_field_typical_fast/world.json.gz	tracked	d2d62d1ff744b97a334b4ef902b53f0622f0bd1c	779b2084001bb22a3e56bbc8ef1fe2e65381a7daca928e5db2fae38f1b5b8714	30875	simulator-source	synthetic_curriculum_heldout/variants/05_early_open_field_typical_fast/world.json.gz	MOVE		none	One-level Alternative-A root collapse; content must remain byte-identical.
flyff_farming_simulator/synthetic_curriculum_heldout/variants/06_early_wide_neck_high_typical/map_assets/coordinate_frame.json	synthetic_curriculum_heldout/variants/06_early_wide_neck_high_typical/map_assets/coordinate_frame.json	tracked	64529ba558428ad753e34e011b72712de2a47460	597d0050861ff15776667fd86ea79a190bb7da3e4a324f609dd24d1697c3bee7	87	scientific-artifact	synthetic_curriculum_heldout/variants/06_early_wide_neck_high_typical/map_assets/coordinate_frame.json	MOVE		none	One-level Alternative-A root collapse; content must remain byte-identical.
flyff_farming_simulator/synthetic_curriculum_heldout/variants/06_early_wide_neck_high_typical/map_assets/map.json	synthetic_curriculum_heldout/variants/06_early_wide_neck_high_typical/map_assets/map.json	tracked	2d60a0aaf4003af3d7329f326a114dea2dac197d	a4a3d2e2b0e57ea3776d79096120f69a4bcb2f1ecd4c30c01eca3cc518b68bf9	577	scientific-artifact	synthetic_curriculum_heldout/variants/06_early_wide_neck_high_typical/map_assets/map.json	MOVE		none	One-level Alternative-A root collapse; content must remain byte-identical.
flyff_farming_simulator/synthetic_curriculum_heldout/variants/06_early_wide_neck_high_typical/map_assets/occupancy.npy	synthetic_curriculum_heldout/variants/06_early_wide_neck_high_typical/map_assets/occupancy.npy	tracked	5fbbe333167f813c359714a26a34a6e1db1fec04	5a7e4ccdf46fb76af55f64bd8f8282ca47f9d74f678915eefa67d5ff7d787581	52112	scientific-artifact	synthetic_curriculum_heldout/variants/06_early_wide_neck_high_typical/map_assets/occupancy.npy	MOVE		none	One-level Alternative-A root collapse; content must remain byte-identical.
flyff_farming_simulator/synthetic_curriculum_heldout/variants/06_early_wide_neck_high_typical/world.json.gz	synthetic_curriculum_heldout/variants/06_early_wide_neck_high_typical/world.json.gz	tracked	90cad9efc20050c09381c4166df3b08d32eb3b6c	b53605b7665ebe6e033e555d638b6553f9ebbaa77a3158409120267a03a07849	39719	simulator-source	synthetic_curriculum_heldout/variants/06_early_wide_neck_high_typical/world.json.gz	MOVE		none	One-level Alternative-A root collapse; content must remain byte-identical.
flyff_farming_simulator/synthetic_curriculum_heldout/variants/07_early_open_field_low_fast/map_assets/coordinate_frame.json	synthetic_curriculum_heldout/variants/07_early_open_field_low_fast/map_assets/coordinate_frame.json	tracked	64529ba558428ad753e34e011b72712de2a47460	597d0050861ff15776667fd86ea79a190bb7da3e4a324f609dd24d1697c3bee7	87	scientific-artifact	synthetic_curriculum_heldout/variants/07_early_open_field_low_fast/map_assets/coordinate_frame.json	MOVE		none	One-level Alternative-A root collapse; content must remain byte-identical.
flyff_farming_simulator/synthetic_curriculum_heldout/variants/07_early_open_field_low_fast/map_assets/map.json	synthetic_curriculum_heldout/variants/07_early_open_field_low_fast/map_assets/map.json	tracked	301afefcee9a63ebd3adab7acf2486ba7acb42dc	1e3c071027bec3a158a1d19a86e3b307b76057bea4dfe140bf0ce73e5fc8a599	572	scientific-artifact	synthetic_curriculum_heldout/variants/07_early_open_field_low_fast/map_assets/map.json	MOVE		none	One-level Alternative-A root collapse; content must remain byte-identical.
flyff_farming_simulator/synthetic_curriculum_heldout/variants/07_early_open_field_low_fast/map_assets/occupancy.npy	synthetic_curriculum_heldout/variants/07_early_open_field_low_fast/map_assets/occupancy.npy	tracked	2152d607e64ce20398203c7cdcbac033b1c51a7c	396b6287d767b29523fb31bd5229c9317e46886eacc9d1480c20a7eb22a86a5e	54417	scientific-artifact	synthetic_curriculum_heldout/variants/07_early_open_field_low_fast/map_assets/occupancy.npy	MOVE		none	One-level Alternative-A root collapse; content must remain byte-identical.
flyff_farming_simulator/synthetic_curriculum_heldout/variants/07_early_open_field_low_fast/world.json.gz	synthetic_curriculum_heldout/variants/07_early_open_field_low_fast/world.json.gz	tracked	4f85b95430133f52756f86bd303c9d0ba3de8169	ea562bafe8c4e22fbb4cea87154b562a8809250ce4983a1ad4217bbd9d469902	26591	simulator-source	synthetic_curriculum_heldout/variants/07_early_open_field_low_fast/world.json.gz	MOVE		none	One-level Alternative-A root collapse; content must remain byte-identical.
flyff_farming_simulator/synthetic_curriculum_heldout/variants/08_early_wide_neck_typical_bursty/map_assets/coordinate_frame.json	synthetic_curriculum_heldout/variants/08_early_wide_neck_typical_bursty/map_assets/coordinate_frame.json	tracked	64529ba558428ad753e34e011b72712de2a47460	597d0050861ff15776667fd86ea79a190bb7da3e4a324f609dd24d1697c3bee7	87	scientific-artifact	synthetic_curriculum_heldout/variants/08_early_wide_neck_typical_bursty/map_assets/coordinate_frame.json	MOVE		none	One-level Alternative-A root collapse; content must remain byte-identical.
flyff_farming_simulator/synthetic_curriculum_heldout/variants/08_early_wide_neck_typical_bursty/map_assets/map.json	synthetic_curriculum_heldout/variants/08_early_wide_neck_typical_bursty/map_assets/map.json	tracked	e5f6836fd775e5cd8ce4510ee6a8808aff29e5cd	5077fe6a9ed98c6ae32dfc7c0d1cc55cc666769b35cec7e44b2f327e09d94f52	581	scientific-artifact	synthetic_curriculum_heldout/variants/08_early_wide_neck_typical_bursty/map_assets/map.json	MOVE		none	One-level Alternative-A root collapse; content must remain byte-identical.
flyff_farming_simulator/synthetic_curriculum_heldout/variants/08_early_wide_neck_typical_bursty/map_assets/occupancy.npy	synthetic_curriculum_heldout/variants/08_early_wide_neck_typical_bursty/map_assets/occupancy.npy	tracked	7896b062b8b86d1675474803572b519cabc6218f	8a1e85aa27252c25e861e383201c2f2f5d652b8f63c5fdcaff34921929fdac83	41744	scientific-artifact	synthetic_curriculum_heldout/variants/08_early_wide_neck_typical_bursty/map_assets/occupancy.npy	MOVE		none	One-level Alternative-A root collapse; content must remain byte-identical.
flyff_farming_simulator/synthetic_curriculum_heldout/variants/08_early_wide_neck_typical_bursty/world.json.gz	synthetic_curriculum_heldout/variants/08_early_wide_neck_typical_bursty/world.json.gz	tracked	47441d53dc1ec1376f2bff44dddb1a5f54b8efb9	7f2d102694e61e3aa03c737f93b9182ae3a2e8a246802c24ec3e57b24aa23438	32063	simulator-source	synthetic_curriculum_heldout/variants/08_early_wide_neck_typical_bursty/world.json.gz	MOVE		none	One-level Alternative-A root collapse; content must remain byte-identical.
flyff_farming_simulator/synthetic_curriculum_heldout/variants/09_intermediate_irregular_plain_uneven_typical/map_assets/coordinate_frame.json	synthetic_curriculum_heldout/variants/09_intermediate_irregular_plain_uneven_typical/map_assets/coordinate_frame.json	tracked	64529ba558428ad753e34e011b72712de2a47460	597d0050861ff15776667fd86ea79a190bb7da3e4a324f609dd24d1697c3bee7	87	scientific-artifact	synthetic_curriculum_heldout/variants/09_intermediate_irregular_plain_uneven_typical/map_assets/coordinate_frame.json	MOVE		none	One-level Alternative-A root collapse; content must remain byte-identical.
flyff_farming_simulator/synthetic_curriculum_heldout/variants/09_intermediate_irregular_plain_uneven_typical/map_assets/map.json	synthetic_curriculum_heldout/variants/09_intermediate_irregular_plain_uneven_typical/map_assets/map.json	tracked	5c5ee2127a164d10ebb20d55a3f26955466d0c31	34e8026c59a31d071a77a02658c139a0d019370f64c891f61937e041855b767a	609	scientific-artifact	synthetic_curriculum_heldout/variants/09_intermediate_irregular_plain_uneven_typical/map_assets/map.json	MOVE		none	One-level Alternative-A root collapse; content must remain byte-identical.
flyff_farming_simulator/synthetic_curriculum_heldout/variants/09_intermediate_irregular_plain_uneven_typical/map_assets/occupancy.npy	synthetic_curriculum_heldout/variants/09_intermediate_irregular_plain_uneven_typical/map_assets/occupancy.npy	tracked	274c4d64d267ad1176d86ced4fed2d6e2af6dda7	9c7028cd9d4f863f630f39b7bad8f4f8da5a6b426f5f8c40e7c080bf0cd73277	42153	scientific-artifact	synthetic_curriculum_heldout/variants/09_intermediate_irregular_plain_uneven_typical/map_assets/occupancy.npy	MOVE		none	One-level Alternative-A root collapse; content must remain byte-identical.
flyff_farming_simulator/synthetic_curriculum_heldout/variants/09_intermediate_irregular_plain_uneven_typical/world.json.gz	synthetic_curriculum_heldout/variants/09_intermediate_irregular_plain_uneven_typical/world.json.gz	tracked	5ca3a03f58e317ea9047bb0e1db0baed53c1976c	776d2ed04180e47399d94e6b378b74f0d209d9499c12b52ca1b3391f71938453	30996	simulator-source	synthetic_curriculum_heldout/variants/09_intermediate_irregular_plain_uneven_typical/world.json.gz	MOVE		none	One-level Alternative-A root collapse; content must remain byte-identical.
flyff_farming_simulator/synthetic_curriculum_heldout/variants/10_intermediate_split_field_typical_variable/map_assets/coordinate_frame.json	synthetic_curriculum_heldout/variants/10_intermediate_split_field_typical_variable/map_assets/coordinate_frame.json	tracked	64529ba558428ad753e34e011b72712de2a47460	597d0050861ff15776667fd86ea79a190bb7da3e4a324f609dd24d1697c3bee7	87	scientific-artifact	synthetic_curriculum_heldout/variants/10_intermediate_split_field_typical_variable/map_assets/coordinate_frame.json	MOVE		none	One-level Alternative-A root collapse; content must remain byte-identical.
flyff_farming_simulator/synthetic_curriculum_heldout/variants/10_intermediate_split_field_typical_variable/map_assets/map.json	synthetic_curriculum_heldout/variants/10_intermediate_split_field_typical_variable/map_assets/map.json	tracked	e230ff0cd62cfe7c7b18401fda691dad06c4550a	15a9df9ade86bf6a0991d4005f3629a34cceab6500cc66710d8fb06fba66a924	604	scientific-artifact	synthetic_curriculum_heldout/variants/10_intermediate_split_field_typical_variable/map_assets/map.json	MOVE		none	One-level Alternative-A root collapse; content must remain byte-identical.
flyff_farming_simulator/synthetic_curriculum_heldout/variants/10_intermediate_split_field_typical_variable/map_assets/occupancy.npy	synthetic_curriculum_heldout/variants/10_intermediate_split_field_typical_variable/map_assets/occupancy.npy	tracked	062182d4804d7a6192258ce9bb978bef091b1acc	d89f39a907926edabf4df8991315860dab53b897e1942b9b0de3e2c98df4752d	46353	scientific-artifact	synthetic_curriculum_heldout/variants/10_intermediate_split_field_typical_variable/map_assets/occupancy.npy	MOVE		none	One-level Alternative-A root collapse; content must remain byte-identical.
flyff_farming_simulator/synthetic_curriculum_heldout/variants/10_intermediate_split_field_typical_variable/world.json.gz	synthetic_curriculum_heldout/variants/10_intermediate_split_field_typical_variable/world.json.gz	tracked	cc773e04bb1c14bb2887c3533c4a6b92f520a946	331050e2bd29cb54dc63a1df1c4261173a9f33833301e0d2312cdbc253eb5c18	30522	simulator-source	synthetic_curriculum_heldout/variants/10_intermediate_split_field_typical_variable/world.json.gz	MOVE		none	One-level Alternative-A root collapse; content must remain byte-identical.
flyff_farming_simulator/synthetic_curriculum_heldout/variants/11_intermediate_irregular_plain_high_bursty/map_assets/coordinate_frame.json	synthetic_curriculum_heldout/variants/11_intermediate_irregular_plain_high_bursty/map_assets/coordinate_frame.json	tracked	64529ba558428ad753e34e011b72712de2a47460	597d0050861ff15776667fd86ea79a190bb7da3e4a324f609dd24d1697c3bee7	87	scientific-artifact	synthetic_curriculum_heldout/variants/11_intermediate_irregular_plain_high_bursty/map_assets/coordinate_frame.json	MOVE		none	One-level Alternative-A root collapse; content must remain byte-identical.
flyff_farming_simulator/synthetic_curriculum_heldout/variants/11_intermediate_irregular_plain_high_bursty/map_assets/map.json	synthetic_curriculum_heldout/variants/11_intermediate_irregular_plain_high_bursty/map_assets/map.json	tracked	1440a2c8c4f6437c0effd92528239b93d0a51142	ee24d4b2f61e4748b129716c643be4816e815db613cdff632ed82d42c26143d0	602	scientific-artifact	synthetic_curriculum_heldout/variants/11_intermediate_irregular_plain_high_bursty/map_assets/map.json	MOVE		none	One-level Alternative-A root collapse; content must remain byte-identical.
flyff_farming_simulator/synthetic_curriculum_heldout/variants/11_intermediate_irregular_plain_high_bursty/map_assets/occupancy.npy	synthetic_curriculum_heldout/variants/11_intermediate_irregular_plain_high_bursty/map_assets/occupancy.npy	tracked	cd823e480603a412b6a3dd20e25e468797f83431	dd5ab1200fb73f6a8e676d092db2b9f5c21383ef99da99fae10688f5d38a4d28	39729	scientific-artifact	synthetic_curriculum_heldout/variants/11_intermediate_irregular_plain_high_bursty/map_assets/occupancy.npy	MOVE		none	One-level Alternative-A root collapse; content must remain byte-identical.
flyff_farming_simulator/synthetic_curriculum_heldout/variants/11_intermediate_irregular_plain_high_bursty/world.json.gz	synthetic_curriculum_heldout/variants/11_intermediate_irregular_plain_high_bursty/world.json.gz	tracked	209195989e2e08e1f2b6b54036d89c431cab9218	5f6eed356f99b013f609c31a2e5dfb7c4a8109f45c6058dc65aaf41c33c084de	37288	simulator-source	synthetic_curriculum_heldout/variants/11_intermediate_irregular_plain_high_bursty/world.json.gz	MOVE		none	One-level Alternative-A root collapse; content must remain byte-identical.
flyff_farming_simulator/synthetic_curriculum_heldout/variants/12_intermediate_split_field_shifting_typical/map_assets/coordinate_frame.json	synthetic_curriculum_heldout/variants/12_intermediate_split_field_shifting_typical/map_assets/coordinate_frame.json	tracked	64529ba558428ad753e34e011b72712de2a47460	597d0050861ff15776667fd86ea79a190bb7da3e4a324f609dd24d1697c3bee7	87	scientific-artifact	synthetic_curriculum_heldout/variants/12_intermediate_split_field_shifting_typical/map_assets/coordinate_frame.json	MOVE		none	One-level Alternative-A root collapse; content must remain byte-identical.
flyff_farming_simulator/synthetic_curriculum_heldout/variants/12_intermediate_split_field_shifting_typical/map_assets/map.json	synthetic_curriculum_heldout/variants/12_intermediate_split_field_shifting_typical/map_assets/map.json	tracked	0b1e859c777b3cc80183d986484542e970f185ce	837d6150c2a8cd11c75e182267900aa9f0b2f644a592edb327d6728400b92d34	604	scientific-artifact	synthetic_curriculum_heldout/variants/12_intermediate_split_field_shifting_typical/map_assets/map.json	MOVE		none	One-level Alternative-A root collapse; content must remain byte-identical.
flyff_farming_simulator/synthetic_curriculum_heldout/variants/12_intermediate_split_field_shifting_typical/map_assets/occupancy.npy	synthetic_curriculum_heldout/variants/12_intermediate_split_field_shifting_typical/map_assets/occupancy.npy	tracked	cf4951522f828bdb3892bdadd1f66e12872cf66c	5335e3abcfffcf5a5233f43e210453d62552d09a2fffd659cb0565a0dfa083ed	54417	scientific-artifact	synthetic_curriculum_heldout/variants/12_intermediate_split_field_shifting_typical/map_assets/occupancy.npy	MOVE		none	One-level Alternative-A root collapse; content must remain byte-identical.
flyff_farming_simulator/synthetic_curriculum_heldout/variants/12_intermediate_split_field_shifting_typical/world.json.gz	synthetic_curriculum_heldout/variants/12_intermediate_split_field_shifting_typical/world.json.gz	tracked	ec40ea92adb3ed42c8849086d7b7675a9576aa81	2fa45232cec8bd71c7f23631916889f77f04164ca8c669602baef4458a0ebd21	33490	simulator-source	synthetic_curriculum_heldout/variants/12_intermediate_split_field_shifting_typical/world.json.gz	MOVE		none	One-level Alternative-A root collapse; content must remain byte-identical.
flyff_farming_simulator/synthetic_curriculum_heldout/variants/13_intermediate_irregular_plain_uneven_typical/map_assets/coordinate_frame.json	synthetic_curriculum_heldout/variants/13_intermediate_irregular_plain_uneven_typical/map_assets/coordinate_frame.json	tracked	64529ba558428ad753e34e011b72712de2a47460	597d0050861ff15776667fd86ea79a190bb7da3e4a324f609dd24d1697c3bee7	87	scientific-artifact	synthetic_curriculum_heldout/variants/13_intermediate_irregular_plain_uneven_typical/map_assets/coordinate_frame.json	MOVE		none	One-level Alternative-A root collapse; content must remain byte-identical.
flyff_farming_simulator/synthetic_curriculum_heldout/variants/13_intermediate_irregular_plain_uneven_typical/map_assets/map.json	synthetic_curriculum_heldout/variants/13_intermediate_irregular_plain_uneven_typical/map_assets/map.json	tracked	f35ef7c83530bb5b7c0caa91680eef29290851d9	c317513b7cb9731dbe2a9afc85c12f3b8ae09440638c4f279a8feee9bf109967	608	scientific-artifact	synthetic_curriculum_heldout/variants/13_intermediate_irregular_plain_uneven_typical/map_assets/map.json	MOVE		none	One-level Alternative-A root collapse; content must remain byte-identical.
flyff_farming_simulator/synthetic_curriculum_heldout/variants/13_intermediate_irregular_plain_uneven_typical/map_assets/occupancy.npy	synthetic_curriculum_heldout/variants/13_intermediate_irregular_plain_uneven_typical/map_assets/occupancy.npy	tracked	6e17979a3496d18f1b0f94c00cbe2c7f26d9f1b6	a136efcef3ebe0db44083aa5571f2dd1307136671054fccd8f77c5c31cb9e03e	43392	scientific-artifact	synthetic_curriculum_heldout/variants/13_intermediate_irregular_plain_uneven_typical/map_assets/occupancy.npy	MOVE		none	One-level Alternative-A root collapse; content must remain byte-identical.
flyff_farming_simulator/synthetic_curriculum_heldout/variants/13_intermediate_irregular_plain_uneven_typical/world.json.gz	synthetic_curriculum_heldout/variants/13_intermediate_irregular_plain_uneven_typical/world.json.gz	tracked	083a08aa04471b8870b2a3b98a268ee7160cc53d	2f77d1446e05f32e893451881dfa948334e865ac4061bf23b0ab0f90b9fa75d2	28583	simulator-source	synthetic_curriculum_heldout/variants/13_intermediate_irregular_plain_uneven_typical/world.json.gz	MOVE		none	One-level Alternative-A root collapse; content must remain byte-identical.
flyff_farming_simulator/synthetic_curriculum_heldout/variants/14_intermediate_split_field_typical_variable/map_assets/coordinate_frame.json	synthetic_curriculum_heldout/variants/14_intermediate_split_field_typical_variable/map_assets/coordinate_frame.json	tracked	64529ba558428ad753e34e011b72712de2a47460	597d0050861ff15776667fd86ea79a190bb7da3e4a324f609dd24d1697c3bee7	87	scientific-artifact	synthetic_curriculum_heldout/variants/14_intermediate_split_field_typical_variable/map_assets/coordinate_frame.json	MOVE		none	One-level Alternative-A root collapse; content must remain byte-identical.
flyff_farming_simulator/synthetic_curriculum_heldout/variants/14_intermediate_split_field_typical_variable/map_assets/map.json	synthetic_curriculum_heldout/variants/14_intermediate_split_field_typical_variable/map_assets/map.json	tracked	8bda7f6fb9018cfc1925614032f389e663ced271	79a000807679c050e76351183af095ffa1206602adf9956ad84fd3933acd7d54	604	scientific-artifact	synthetic_curriculum_heldout/variants/14_intermediate_split_field_typical_variable/map_assets/map.json	MOVE		none	One-level Alternative-A root collapse; content must remain byte-identical.
flyff_farming_simulator/synthetic_curriculum_heldout/variants/14_intermediate_split_field_typical_variable/map_assets/occupancy.npy	synthetic_curriculum_heldout/variants/14_intermediate_split_field_typical_variable/map_assets/occupancy.npy	tracked	594c0227db2e68936ad546ead1880075193d19c7	0a71fbf754471805becee4ca0725e12586eef7b4f2cf42bffc5cbb92222b3dcd	41337	scientific-artifact	synthetic_curriculum_heldout/variants/14_intermediate_split_field_typical_variable/map_assets/occupancy.npy	MOVE		none	One-level Alternative-A root collapse; content must remain byte-identical.
flyff_farming_simulator/synthetic_curriculum_heldout/variants/14_intermediate_split_field_typical_variable/world.json.gz	synthetic_curriculum_heldout/variants/14_intermediate_split_field_typical_variable/world.json.gz	tracked	5a21cabe0696664b6ff276a28ab3c7ed897ae911	e1802a169e420f84ca164c4f48ab96a9b5cf3105c31fd2a742c9f5445de8d79f	29232	simulator-source	synthetic_curriculum_heldout/variants/14_intermediate_split_field_typical_variable/world.json.gz	MOVE		none	One-level Alternative-A root collapse; content must remain byte-identical.
flyff_farming_simulator/synthetic_curriculum_heldout/variants/15_intermediate_irregular_plain_high_bursty/map_assets/coordinate_frame.json	synthetic_curriculum_heldout/variants/15_intermediate_irregular_plain_high_bursty/map_assets/coordinate_frame.json	tracked	64529ba558428ad753e34e011b72712de2a47460	597d0050861ff15776667fd86ea79a190bb7da3e4a324f609dd24d1697c3bee7	87	scientific-artifact	synthetic_curriculum_heldout/variants/15_intermediate_irregular_plain_high_bursty/map_assets/coordinate_frame.json	MOVE		none	One-level Alternative-A root collapse; content must remain byte-identical.
flyff_farming_simulator/synthetic_curriculum_heldout/variants/15_intermediate_irregular_plain_high_bursty/map_assets/map.json	synthetic_curriculum_heldout/variants/15_intermediate_irregular_plain_high_bursty/map_assets/map.json	tracked	1123e426101f737f81606bd926906b989b255b70	26221f869b93692d3b68b2cf7cdf24c154900ef77944f287ef5a55dd175f6c5e	603	scientific-artifact	synthetic_curriculum_heldout/variants/15_intermediate_irregular_plain_high_bursty/map_assets/map.json	MOVE		none	One-level Alternative-A root collapse; content must remain byte-identical.
flyff_farming_simulator/synthetic_curriculum_heldout/variants/15_intermediate_irregular_plain_high_bursty/map_assets/occupancy.npy	synthetic_curriculum_heldout/variants/15_intermediate_irregular_plain_high_bursty/map_assets/occupancy.npy	tracked	623c91f09134d055cf7dcb5d10bd36f5a9a4ac9f	af638323cb10be3403fe4738ab847146531c5347aa71151227d9e8823ceb36d4	51204	scientific-artifact	synthetic_curriculum_heldout/variants/15_intermediate_irregular_plain_high_bursty/map_assets/occupancy.npy	MOVE		none	One-level Alternative-A root collapse; content must remain byte-identical.
flyff_farming_simulator/synthetic_curriculum_heldout/variants/15_intermediate_irregular_plain_high_bursty/world.json.gz	synthetic_curriculum_heldout/variants/15_intermediate_irregular_plain_high_bursty/world.json.gz	tracked	1c57ff72a869b8924078a5aa9b063f06a4f4e643	61e4a68ce36729d318f1528392f9922e535d71c822e18153b5c2d88795085ec0	38235	simulator-source	synthetic_curriculum_heldout/variants/15_intermediate_irregular_plain_high_bursty/world.json.gz	MOVE		none	One-level Alternative-A root collapse; content must remain byte-identical.
flyff_farming_simulator/synthetic_curriculum_heldout/variants/16_intermediate_split_field_shifting_typical/map_assets/coordinate_frame.json	synthetic_curriculum_heldout/variants/16_intermediate_split_field_shifting_typical/map_assets/coordinate_frame.json	tracked	64529ba558428ad753e34e011b72712de2a47460	597d0050861ff15776667fd86ea79a190bb7da3e4a324f609dd24d1697c3bee7	87	scientific-artifact	synthetic_curriculum_heldout/variants/16_intermediate_split_field_shifting_typical/map_assets/coordinate_frame.json	MOVE		none	One-level Alternative-A root collapse; content must remain byte-identical.
flyff_farming_simulator/synthetic_curriculum_heldout/variants/16_intermediate_split_field_shifting_typical/map_assets/map.json	synthetic_curriculum_heldout/variants/16_intermediate_split_field_shifting_typical/map_assets/map.json	tracked	3c29daadd079b01aa930f03da37b7caf5e7b56c3	09b9976c3890e8ba7cc22ae91b03d732f290c50e015764b7cf952adf875d189d	604	scientific-artifact	synthetic_curriculum_heldout/variants/16_intermediate_split_field_shifting_typical/map_assets/map.json	MOVE		none	One-level Alternative-A root collapse; content must remain byte-identical.
flyff_farming_simulator/synthetic_curriculum_heldout/variants/16_intermediate_split_field_shifting_typical/map_assets/occupancy.npy	synthetic_curriculum_heldout/variants/16_intermediate_split_field_shifting_typical/map_assets/occupancy.npy	tracked	67ad19f460ce745b96aa8be218936b1fccd2a6ac	2300a7d2fe3026c5fe6765c4a00f924e3fd1adc9d05bf9d0e6407fc288826101	49412	scientific-artifact	synthetic_curriculum_heldout/variants/16_intermediate_split_field_shifting_typical/map_assets/occupancy.npy	MOVE		none	One-level Alternative-A root collapse; content must remain byte-identical.
flyff_farming_simulator/synthetic_curriculum_heldout/variants/16_intermediate_split_field_shifting_typical/world.json.gz	synthetic_curriculum_heldout/variants/16_intermediate_split_field_shifting_typical/world.json.gz	tracked	51689edafd48872bf1d6d40696d0180591bdbac4	6ead1e42b176961e327d55a72bf88d1e03e119724da2a7d034d0248be5f11436	34359	simulator-source	synthetic_curriculum_heldout/variants/16_intermediate_split_field_shifting_typical/world.json.gz	MOVE		none	One-level Alternative-A root collapse; content must remain byte-identical.
flyff_farming_simulator/synthetic_curriculum_heldout/variants/17_advanced_broad_lobes_shifting_variable/map_assets/coordinate_frame.json	synthetic_curriculum_heldout/variants/17_advanced_broad_lobes_shifting_variable/map_assets/coordinate_frame.json	tracked	64529ba558428ad753e34e011b72712de2a47460	597d0050861ff15776667fd86ea79a190bb7da3e4a324f609dd24d1697c3bee7	87	scientific-artifact	synthetic_curriculum_heldout/variants/17_advanced_broad_lobes_shifting_variable/map_assets/coordinate_frame.json	MOVE		none	One-level Alternative-A root collapse; content must remain byte-identical.
flyff_farming_simulator/synthetic_curriculum_heldout/variants/17_advanced_broad_lobes_shifting_variable/map_assets/map.json	synthetic_curriculum_heldout/variants/17_advanced_broad_lobes_shifting_variable/map_assets/map.json	tracked	a05d790e3a0a4a50a7c4577ae24ba91b4a54ce0a	6f3354f6ed2205ac269fbcf08283e29606be6d340c3dc3451e608a884d96223a	598	scientific-artifact	synthetic_curriculum_heldout/variants/17_advanced_broad_lobes_shifting_variable/map_assets/map.json	MOVE		none	One-level Alternative-A root collapse; content must remain byte-identical.
flyff_farming_simulator/synthetic_curriculum_heldout/variants/17_advanced_broad_lobes_shifting_variable/map_assets/occupancy.npy	synthetic_curriculum_heldout/variants/17_advanced_broad_lobes_shifting_variable/map_assets/occupancy.npy	tracked	67ebb457ade96b730c3395b075f4e4e8c529d85a	3cddb5890c734faf1339fdca5f75a335f336266d2f3f7dc75c5901978e02fb05	53028	scientific-artifact	synthetic_curriculum_heldout/variants/17_advanced_broad_lobes_shifting_variable/map_assets/occupancy.npy	MOVE		none	One-level Alternative-A root collapse; content must remain byte-identical.
flyff_farming_simulator/synthetic_curriculum_heldout/variants/17_advanced_broad_lobes_shifting_variable/world.json.gz	synthetic_curriculum_heldout/variants/17_advanced_broad_lobes_shifting_variable/world.json.gz	tracked	730432f7fa59bcec9ca9e07db4efa5b5668209de	2996020a13ef08bfd454fa8a9b677002792ebedac851505efb91c6161dd7387e	33584	simulator-source	synthetic_curriculum_heldout/variants/17_advanced_broad_lobes_shifting_variable/world.json.gz	MOVE		none	One-level Alternative-A root collapse; content must remain byte-identical.
flyff_farming_simulator/synthetic_curriculum_heldout/variants/18_advanced_open_center_uneven_slow/map_assets/coordinate_frame.json	synthetic_curriculum_heldout/variants/18_advanced_open_center_uneven_slow/map_assets/coordinate_frame.json	tracked	64529ba558428ad753e34e011b72712de2a47460	597d0050861ff15776667fd86ea79a190bb7da3e4a324f609dd24d1697c3bee7	87	scientific-artifact	synthetic_curriculum_heldout/variants/18_advanced_open_center_uneven_slow/map_assets/coordinate_frame.json	MOVE		none	One-level Alternative-A root collapse; content must remain byte-identical.
flyff_farming_simulator/synthetic_curriculum_heldout/variants/18_advanced_open_center_uneven_slow/map_assets/map.json	synthetic_curriculum_heldout/variants/18_advanced_open_center_uneven_slow/map_assets/map.json	tracked	b548863a7b227b1784751ba780d395248f6ad14c	0a24f03bf43ee3ba59b210776ce81699d4687111d62984b0e780f7bb5f5958c1	585	scientific-artifact	synthetic_curriculum_heldout/variants/18_advanced_open_center_uneven_slow/map_assets/map.json	MOVE		none	One-level Alternative-A root collapse; content must remain byte-identical.
flyff_farming_simulator/synthetic_curriculum_heldout/variants/18_advanced_open_center_uneven_slow/map_assets/occupancy.npy	synthetic_curriculum_heldout/variants/18_advanced_open_center_uneven_slow/map_assets/occupancy.npy	tracked	bdd539fc1ab114575cde92243966e9bab21e17f0	25f05c87ec4186f7d5bf0b23783fe05ead5334d2769f2c983c7263de3317e912	46784	scientific-artifact	synthetic_curriculum_heldout/variants/18_advanced_open_center_uneven_slow/map_assets/occupancy.npy	MOVE		none	One-level Alternative-A root collapse; content must remain byte-identical.
flyff_farming_simulator/synthetic_curriculum_heldout/variants/18_advanced_open_center_uneven_slow/world.json.gz	synthetic_curriculum_heldout/variants/18_advanced_open_center_uneven_slow/world.json.gz	tracked	c59dac6512954cfaccf2952cc54a2479a086f460	1e3d3db7d45a29fab4b57d2854e061d2da6e68e301b85b6b2fd689c581c2f784	29780	simulator-source	synthetic_curriculum_heldout/variants/18_advanced_open_center_uneven_slow/world.json.gz	MOVE		none	One-level Alternative-A root collapse; content must remain byte-identical.
flyff_farming_simulator/synthetic_curriculum_heldout/variants/19_advanced_broad_lobes_low_variable/map_assets/coordinate_frame.json	synthetic_curriculum_heldout/variants/19_advanced_broad_lobes_low_variable/map_assets/coordinate_frame.json	tracked	64529ba558428ad753e34e011b72712de2a47460	597d0050861ff15776667fd86ea79a190bb7da3e4a324f609dd24d1697c3bee7	87	scientific-artifact	synthetic_curriculum_heldout/variants/19_advanced_broad_lobes_low_variable/map_assets/coordinate_frame.json	MOVE		none	One-level Alternative-A root collapse; content must remain byte-identical.
flyff_farming_simulator/synthetic_curriculum_heldout/variants/19_advanced_broad_lobes_low_variable/map_assets/map.json	synthetic_curriculum_heldout/variants/19_advanced_broad_lobes_low_variable/map_assets/map.json	tracked	8d35fb2918bde0fbbd28e1159e7f51044b7afc71	e41540cd118785b5ee2e7946ca99b06c706c41e2311d9f7b9ebd77e96206d0dc	589	scientific-artifact	synthetic_curriculum_heldout/variants/19_advanced_broad_lobes_low_variable/map_assets/map.json	MOVE		none	One-level Alternative-A root collapse; content must remain byte-identical.
flyff_farming_simulator/synthetic_curriculum_heldout/variants/19_advanced_broad_lobes_low_variable/map_assets/occupancy.npy	synthetic_curriculum_heldout/variants/19_advanced_broad_lobes_low_variable/map_assets/occupancy.npy	tracked	b46f79f6d18abadb4645ab4bf846c1fdee720131	eb6eb6a04424221ec0ecde69bed080b21d37c6cb9b5d7733d59d45284a45b84f	42153	scientific-artifact	synthetic_curriculum_heldout/variants/19_advanced_broad_lobes_low_variable/map_assets/occupancy.npy	MOVE		none	One-level Alternative-A root collapse; content must remain byte-identical.
flyff_farming_simulator/synthetic_curriculum_heldout/variants/19_advanced_broad_lobes_low_variable/world.json.gz	synthetic_curriculum_heldout/variants/19_advanced_broad_lobes_low_variable/world.json.gz	tracked	3598431da0c6735dd7270fc5652121a4e0d69d61	1b67d54e240ecfa005c075cf2c9228e7cc1a1b884fcb2f31cfb09a6b3e1f8d56	25569	simulator-source	synthetic_curriculum_heldout/variants/19_advanced_broad_lobes_low_variable/world.json.gz	MOVE		none	One-level Alternative-A root collapse; content must remain byte-identical.
flyff_farming_simulator/synthetic_curriculum_heldout/variants/20_advanced_open_center_high_slow/map_assets/coordinate_frame.json	synthetic_curriculum_heldout/variants/20_advanced_open_center_high_slow/map_assets/coordinate_frame.json	tracked	64529ba558428ad753e34e011b72712de2a47460	597d0050861ff15776667fd86ea79a190bb7da3e4a324f609dd24d1697c3bee7	87	scientific-artifact	synthetic_curriculum_heldout/variants/20_advanced_open_center_high_slow/map_assets/coordinate_frame.json	MOVE		none	One-level Alternative-A root collapse; content must remain byte-identical.
flyff_farming_simulator/synthetic_curriculum_heldout/variants/20_advanced_open_center_high_slow/map_assets/map.json	synthetic_curriculum_heldout/variants/20_advanced_open_center_high_slow/map_assets/map.json	tracked	6d87a7cf24e655ff53c5d63a0733cf0b5ab93332	4e0f08996f1f00af71c2b929b1ca0892a57e2d3ed543d43df662a7ca7c8946ef	582	scientific-artifact	synthetic_curriculum_heldout/variants/20_advanced_open_center_high_slow/map_assets/map.json	MOVE		none	One-level Alternative-A root collapse; content must remain byte-identical.
flyff_farming_simulator/synthetic_curriculum_heldout/variants/20_advanced_open_center_high_slow/map_assets/occupancy.npy	synthetic_curriculum_heldout/variants/20_advanced_open_center_high_slow/map_assets/occupancy.npy	tracked	b295eea508c84cdff1780b2b155b7fe12caab3d8	f51fe3b34bf640dd6e9a780b0391928928dfed3726edb3dc56bdb54e6dff48f1	47652	scientific-artifact	synthetic_curriculum_heldout/variants/20_advanced_open_center_high_slow/map_assets/occupancy.npy	MOVE		none	One-level Alternative-A root collapse; content must remain byte-identical.
flyff_farming_simulator/synthetic_curriculum_heldout/variants/20_advanced_open_center_high_slow/world.json.gz	synthetic_curriculum_heldout/variants/20_advanced_open_center_high_slow/world.json.gz	tracked	ca9568a2882e13d5b4df16f15bea92f419bb3e67	00977a38e11751cd7ac29523212fd9139109ef60f24b2737f98a45fa3f58a399	33706	simulator-source	synthetic_curriculum_heldout/variants/20_advanced_open_center_high_slow/world.json.gz	MOVE		none	One-level Alternative-A root collapse; content must remain byte-identical.
flyff_farming_simulator/synthetic_curriculum_heldout/variants/21_advanced_broad_lobes_shifting_variable/map_assets/coordinate_frame.json	synthetic_curriculum_heldout/variants/21_advanced_broad_lobes_shifting_variable/map_assets/coordinate_frame.json	tracked	64529ba558428ad753e34e011b72712de2a47460	597d0050861ff15776667fd86ea79a190bb7da3e4a324f609dd24d1697c3bee7	87	scientific-artifact	synthetic_curriculum_heldout/variants/21_advanced_broad_lobes_shifting_variable/map_assets/coordinate_frame.json	MOVE		none	One-level Alternative-A root collapse; content must remain byte-identical.
flyff_farming_simulator/synthetic_curriculum_heldout/variants/21_advanced_broad_lobes_shifting_variable/map_assets/map.json	synthetic_curriculum_heldout/variants/21_advanced_broad_lobes_shifting_variable/map_assets/map.json	tracked	735fdd1415f808d83011b9df81448f108f59de3f	3386f398261c648fac2149dee18244c88c187cbb107ab80f91af650792da6721	598	scientific-artifact	synthetic_curriculum_heldout/variants/21_advanced_broad_lobes_shifting_variable/map_assets/map.json	MOVE		none	One-level Alternative-A root collapse; content must remain byte-identical.
flyff_farming_simulator/synthetic_curriculum_heldout/variants/21_advanced_broad_lobes_shifting_variable/map_assets/occupancy.npy	synthetic_curriculum_heldout/variants/21_advanced_broad_lobes_shifting_variable/map_assets/occupancy.npy	tracked	6ced57ac92b5a8c6f80312376da0badbc2cd1683	997590895aaa49e566cc3c12ef5c21adeb305fa7ba1a90e8e3a6ffb5d944ec0b	38544	scientific-artifact	synthetic_curriculum_heldout/variants/21_advanced_broad_lobes_shifting_variable/map_assets/occupancy.npy	MOVE		none	One-level Alternative-A root collapse; content must remain byte-identical.
flyff_farming_simulator/synthetic_curriculum_heldout/variants/21_advanced_broad_lobes_shifting_variable/world.json.gz	synthetic_curriculum_heldout/variants/21_advanced_broad_lobes_shifting_variable/world.json.gz	tracked	cb168a20275c8e7561129b35fde3842c01dee709	e35331aaffb73508ee61a3dfe07c2af33bff12ab99889a0126f58b080452ecb0	31404	simulator-source	synthetic_curriculum_heldout/variants/21_advanced_broad_lobes_shifting_variable/world.json.gz	MOVE		none	One-level Alternative-A root collapse; content must remain byte-identical.
flyff_farming_simulator/synthetic_curriculum_heldout/variants/22_advanced_open_center_uneven_slow/map_assets/coordinate_frame.json	synthetic_curriculum_heldout/variants/22_advanced_open_center_uneven_slow/map_assets/coordinate_frame.json	tracked	64529ba558428ad753e34e011b72712de2a47460	597d0050861ff15776667fd86ea79a190bb7da3e4a324f609dd24d1697c3bee7	87	scientific-artifact	synthetic_curriculum_heldout/variants/22_advanced_open_center_uneven_slow/map_assets/coordinate_frame.json	MOVE		none	One-level Alternative-A root collapse; content must remain byte-identical.
flyff_farming_simulator/synthetic_curriculum_heldout/variants/22_advanced_open_center_uneven_slow/map_assets/map.json	synthetic_curriculum_heldout/variants/22_advanced_open_center_uneven_slow/map_assets/map.json	tracked	54c857ae9b83ab042fc70bab8cc98489073db6a7	3050ead89d98adc96463282299d5aac2ccea167347765015cb10105c4b161364	584	scientific-artifact	synthetic_curriculum_heldout/variants/22_advanced_open_center_uneven_slow/map_assets/map.json	MOVE		none	One-level Alternative-A root collapse; content must remain byte-identical.
flyff_farming_simulator/synthetic_curriculum_heldout/variants/22_advanced_open_center_uneven_slow/map_assets/occupancy.npy	synthetic_curriculum_heldout/variants/22_advanced_open_center_uneven_slow/map_assets/occupancy.npy	tracked	b918b4160137c3282cc02ccda9b48688c87cd599	df4ef40e417181adf7fe31e149c38adad34335612d8574e80e60dce20fbc7b4a	53952	scientific-artifact	synthetic_curriculum_heldout/variants/22_advanced_open_center_uneven_slow/map_assets/occupancy.npy	MOVE		none	One-level Alternative-A root collapse; content must remain byte-identical.
flyff_farming_simulator/synthetic_curriculum_heldout/variants/22_advanced_open_center_uneven_slow/world.json.gz	synthetic_curriculum_heldout/variants/22_advanced_open_center_uneven_slow/world.json.gz	tracked	3e71e01bf0a84b50fd0120703ac4733629694db8	d9911ae77bd34e4ca96285761f0d9095fbec24850dc882bfbad7376cba6b7923	29663	simulator-source	synthetic_curriculum_heldout/variants/22_advanced_open_center_uneven_slow/world.json.gz	MOVE		none	One-level Alternative-A root collapse; content must remain byte-identical.
flyff_farming_simulator/synthetic_curriculum_heldout/variants/23_advanced_broad_lobes_low_variable/map_assets/coordinate_frame.json	synthetic_curriculum_heldout/variants/23_advanced_broad_lobes_low_variable/map_assets/coordinate_frame.json	tracked	64529ba558428ad753e34e011b72712de2a47460	597d0050861ff15776667fd86ea79a190bb7da3e4a324f609dd24d1697c3bee7	87	scientific-artifact	synthetic_curriculum_heldout/variants/23_advanced_broad_lobes_low_variable/map_assets/coordinate_frame.json	MOVE		none	One-level Alternative-A root collapse; content must remain byte-identical.
flyff_farming_simulator/synthetic_curriculum_heldout/variants/23_advanced_broad_lobes_low_variable/map_assets/map.json	synthetic_curriculum_heldout/variants/23_advanced_broad_lobes_low_variable/map_assets/map.json	tracked	dc5c088a900158eff895531b063bc91792bb1e93	a2e71d1f10605c9d57a81e46dd0c0bbc08e45e54400a78f0c2794251eafefa84	589	scientific-artifact	synthetic_curriculum_heldout/variants/23_advanced_broad_lobes_low_variable/map_assets/map.json	MOVE		none	One-level Alternative-A root collapse; content must remain byte-identical.
flyff_farming_simulator/synthetic_curriculum_heldout/variants/23_advanced_broad_lobes_low_variable/map_assets/occupancy.npy	synthetic_curriculum_heldout/variants/23_advanced_broad_lobes_low_variable/map_assets/occupancy.npy	tracked	bf5e215bb506af5d3437a7d16a01825e654a2660	3d99efe2b16168cb213739671b1384856a5dad2ba48dd3a63bcc9f6f810ad8aa	47217	scientific-artifact	synthetic_curriculum_heldout/variants/23_advanced_broad_lobes_low_variable/map_assets/occupancy.npy	MOVE		none	One-level Alternative-A root collapse; content must remain byte-identical.
flyff_farming_simulator/synthetic_curriculum_heldout/variants/23_advanced_broad_lobes_low_variable/world.json.gz	synthetic_curriculum_heldout/variants/23_advanced_broad_lobes_low_variable/world.json.gz	tracked	87eca3412a5e9d1a260dfec97e9806c5ee87ea08	36c5672f8f36e1850a74b9fe7038ec9a34d90f92585707b357fce6ccf7f832bc	25201	simulator-source	synthetic_curriculum_heldout/variants/23_advanced_broad_lobes_low_variable/world.json.gz	MOVE		none	One-level Alternative-A root collapse; content must remain byte-identical.
flyff_farming_simulator/synthetic_curriculum_heldout/variants/24_advanced_open_center_high_slow/map_assets/coordinate_frame.json	synthetic_curriculum_heldout/variants/24_advanced_open_center_high_slow/map_assets/coordinate_frame.json	tracked	64529ba558428ad753e34e011b72712de2a47460	597d0050861ff15776667fd86ea79a190bb7da3e4a324f609dd24d1697c3bee7	87	scientific-artifact	synthetic_curriculum_heldout/variants/24_advanced_open_center_high_slow/map_assets/coordinate_frame.json	MOVE		none	One-level Alternative-A root collapse; content must remain byte-identical.
flyff_farming_simulator/synthetic_curriculum_heldout/variants/24_advanced_open_center_high_slow/map_assets/map.json	synthetic_curriculum_heldout/variants/24_advanced_open_center_high_slow/map_assets/map.json	tracked	0a4cca71fd2cc454266e2fffc5b360d131726196	d57d5524757692f63dcef2d1fe91ddea6756cb1aeb052f8dbe62c31fb642cb4f	582	scientific-artifact	synthetic_curriculum_heldout/variants/24_advanced_open_center_high_slow/map_assets/map.json	MOVE		none	One-level Alternative-A root collapse; content must remain byte-identical.
flyff_farming_simulator/synthetic_curriculum_heldout/variants/24_advanced_open_center_high_slow/map_assets/occupancy.npy	synthetic_curriculum_heldout/variants/24_advanced_open_center_high_slow/map_assets/occupancy.npy	tracked	1de69f56020be1019b8534be6101206fbfe8231a	b7bae3cac8987f555be0039f35a12a3c0bb4ba1fea96dde2b323c7686baf6729	56297	scientific-artifact	synthetic_curriculum_heldout/variants/24_advanced_open_center_high_slow/map_assets/occupancy.npy	MOVE		none	One-level Alternative-A root collapse; content must remain byte-identical.
flyff_farming_simulator/synthetic_curriculum_heldout/variants/24_advanced_open_center_high_slow/world.json.gz	synthetic_curriculum_heldout/variants/24_advanced_open_center_high_slow/world.json.gz	tracked	1dec57b58e9d3f414370694a38d476e83631613f	5e5b676c14d12ab636ffdf1427e506f829eff51f2f408bf92798b02ac836dc53	37463	simulator-source	synthetic_curriculum_heldout/variants/24_advanced_open_center_high_slow/world.json.gz	MOVE		none	One-level Alternative-A root collapse; content must remain byte-identical.
flyff_farming_simulator/synthetic_curriculum_intermediate_heldout/curriculum.json	synthetic_curriculum_intermediate_heldout/curriculum.json	tracked	ccca178a895cdc82e826b14553961b091dba6806	7be994ba3ab40471eb5a38ffd519d09a0491f30649c90ea3e4c787fc33f6f086	3968	config	synthetic_curriculum_intermediate_heldout/curriculum.json	MOVE		none	One-level Alternative-A root collapse; content must remain byte-identical.
flyff_farming_simulator/synthetic_curriculum_intermediate_heldout/variants/01_intermediate_irregular_plain_uneven_typical/map_assets/coordinate_frame.json	synthetic_curriculum_intermediate_heldout/variants/01_intermediate_irregular_plain_uneven_typical/map_assets/coordinate_frame.json	tracked	64529ba558428ad753e34e011b72712de2a47460	597d0050861ff15776667fd86ea79a190bb7da3e4a324f609dd24d1697c3bee7	87	scientific-artifact	synthetic_curriculum_intermediate_heldout/variants/01_intermediate_irregular_plain_uneven_typical/map_assets/coordinate_frame.json	MOVE		none	One-level Alternative-A root collapse; content must remain byte-identical.
flyff_farming_simulator/synthetic_curriculum_intermediate_heldout/variants/01_intermediate_irregular_plain_uneven_typical/map_assets/map.json	synthetic_curriculum_intermediate_heldout/variants/01_intermediate_irregular_plain_uneven_typical/map_assets/map.json	tracked	ec273463f5311aed33082105b03ac550286cba66	21ce88391d211c3f51ca9728508d3575501e4fed38d6e54dc82fddd2da9b8308	607	scientific-artifact	synthetic_curriculum_intermediate_heldout/variants/01_intermediate_irregular_plain_uneven_typical/map_assets/map.json	MOVE		none	One-level Alternative-A root collapse; content must remain byte-identical.
flyff_farming_simulator/synthetic_curriculum_intermediate_heldout/variants/01_intermediate_irregular_plain_uneven_typical/map_assets/occupancy.npy	synthetic_curriculum_intermediate_heldout/variants/01_intermediate_irregular_plain_uneven_typical/map_assets/occupancy.npy	tracked	cf6ad1b6c7fcde0bb7c00f0d8cc84914c7558764	200965bdd326738f0c739f520db78a80545af1ee946ff76672e719426beb7469	36992	scientific-artifact	synthetic_curriculum_intermediate_heldout/variants/01_intermediate_irregular_plain_uneven_typical/map_assets/occupancy.npy	MOVE		none	One-level Alternative-A root collapse; content must remain byte-identical.
flyff_farming_simulator/synthetic_curriculum_intermediate_heldout/variants/01_intermediate_irregular_plain_uneven_typical/world.json.gz	synthetic_curriculum_intermediate_heldout/variants/01_intermediate_irregular_plain_uneven_typical/world.json.gz	tracked	25881f38b051c9af1e944c4540f1cf228c3d64d5	c1c353ee94b2766c25beb59342bcf6a8bca93cecbc63b352b9169ae07679ef34	30095	simulator-source	synthetic_curriculum_intermediate_heldout/variants/01_intermediate_irregular_plain_uneven_typical/world.json.gz	MOVE		none	One-level Alternative-A root collapse; content must remain byte-identical.
flyff_farming_simulator/synthetic_curriculum_intermediate_heldout/variants/02_intermediate_irregular_plain_high_bursty/map_assets/coordinate_frame.json	synthetic_curriculum_intermediate_heldout/variants/02_intermediate_irregular_plain_high_bursty/map_assets/coordinate_frame.json	tracked	64529ba558428ad753e34e011b72712de2a47460	597d0050861ff15776667fd86ea79a190bb7da3e4a324f609dd24d1697c3bee7	87	scientific-artifact	synthetic_curriculum_intermediate_heldout/variants/02_intermediate_irregular_plain_high_bursty/map_assets/coordinate_frame.json	MOVE		none	One-level Alternative-A root collapse; content must remain byte-identical.
flyff_farming_simulator/synthetic_curriculum_intermediate_heldout/variants/02_intermediate_irregular_plain_high_bursty/map_assets/map.json	synthetic_curriculum_intermediate_heldout/variants/02_intermediate_irregular_plain_high_bursty/map_assets/map.json	tracked	4a01659d7d8fd3665c9728fd0da1a69d57f7c0be	ae76882dce006f0a2090399fbd52791d67b7ad44dc7cb80ea8d978438cd8ed4f	602	scientific-artifact	synthetic_curriculum_intermediate_heldout/variants/02_intermediate_irregular_plain_high_bursty/map_assets/map.json	MOVE		none	One-level Alternative-A root collapse; content must remain byte-identical.
flyff_farming_simulator/synthetic_curriculum_intermediate_heldout/variants/02_intermediate_irregular_plain_high_bursty/map_assets/occupancy.npy	synthetic_curriculum_intermediate_heldout/variants/02_intermediate_irregular_plain_high_bursty/map_assets/occupancy.npy	tracked	84f0a1c42065ca602f5de917190a199589adec01	907c279773d234bad6100a313a8800ed8ef138ea576db0a6f758ff829718aecd	36228	scientific-artifact	synthetic_curriculum_intermediate_heldout/variants/02_intermediate_irregular_plain_high_bursty/map_assets/occupancy.npy	MOVE		none	One-level Alternative-A root collapse; content must remain byte-identical.
flyff_farming_simulator/synthetic_curriculum_intermediate_heldout/variants/02_intermediate_irregular_plain_high_bursty/world.json.gz	synthetic_curriculum_intermediate_heldout/variants/02_intermediate_irregular_plain_high_bursty/world.json.gz	tracked	07cd9435248f70de085fbf476714eec289c4c8fc	d3f06a1d120f4f33a1fb80ab87930c6b113922908405faf690a6b41c5fd05bf7	33543	simulator-source	synthetic_curriculum_intermediate_heldout/variants/02_intermediate_irregular_plain_high_bursty/world.json.gz	MOVE		none	One-level Alternative-A root collapse; content must remain byte-identical.
flyff_farming_simulator/synthetic_curriculum_intermediate_heldout/variants/03_intermediate_split_field_typical_variable/map_assets/coordinate_frame.json	synthetic_curriculum_intermediate_heldout/variants/03_intermediate_split_field_typical_variable/map_assets/coordinate_frame.json	tracked	64529ba558428ad753e34e011b72712de2a47460	597d0050861ff15776667fd86ea79a190bb7da3e4a324f609dd24d1697c3bee7	87	scientific-artifact	synthetic_curriculum_intermediate_heldout/variants/03_intermediate_split_field_typical_variable/map_assets/coordinate_frame.json	MOVE		none	One-level Alternative-A root collapse; content must remain byte-identical.
flyff_farming_simulator/synthetic_curriculum_intermediate_heldout/variants/03_intermediate_split_field_typical_variable/map_assets/map.json	synthetic_curriculum_intermediate_heldout/variants/03_intermediate_split_field_typical_variable/map_assets/map.json	tracked	ad4fa57cad540e2da9e3fbef1be92936dcca537b	8097648f04d6dc06a76ceacd6506d62d012ef51a7145d986fb0b38a2b4e8ffbd	605	scientific-artifact	synthetic_curriculum_intermediate_heldout/variants/03_intermediate_split_field_typical_variable/map_assets/map.json	MOVE		none	One-level Alternative-A root collapse; content must remain byte-identical.
flyff_farming_simulator/synthetic_curriculum_intermediate_heldout/variants/03_intermediate_split_field_typical_variable/map_assets/occupancy.npy	synthetic_curriculum_intermediate_heldout/variants/03_intermediate_split_field_typical_variable/map_assets/occupancy.npy	tracked	c7a40516b92869e81d0220a314f198c39e671386	9a37866cd5f3cb6da3840a11376b28497bf264570f8c8ffa75f6308130399d4a	43392	scientific-artifact	synthetic_curriculum_intermediate_heldout/variants/03_intermediate_split_field_typical_variable/map_assets/occupancy.npy	MOVE		none	One-level Alternative-A root collapse; content must remain byte-identical.
flyff_farming_simulator/synthetic_curriculum_intermediate_heldout/variants/03_intermediate_split_field_typical_variable/world.json.gz	synthetic_curriculum_intermediate_heldout/variants/03_intermediate_split_field_typical_variable/world.json.gz	tracked	fc7060676534b726b7f1ba29bbb7733358e754a4	f7044a95b4d50d15e63f299528a812cf591e77c5acff3f3994bb3c971bbd92aa	31141	simulator-source	synthetic_curriculum_intermediate_heldout/variants/03_intermediate_split_field_typical_variable/world.json.gz	MOVE		none	One-level Alternative-A root collapse; content must remain byte-identical.
flyff_farming_simulator/synthetic_curriculum_intermediate_heldout/variants/04_intermediate_split_field_shifting_typical/map_assets/coordinate_frame.json	synthetic_curriculum_intermediate_heldout/variants/04_intermediate_split_field_shifting_typical/map_assets/coordinate_frame.json	tracked	64529ba558428ad753e34e011b72712de2a47460	597d0050861ff15776667fd86ea79a190bb7da3e4a324f609dd24d1697c3bee7	87	scientific-artifact	synthetic_curriculum_intermediate_heldout/variants/04_intermediate_split_field_shifting_typical/map_assets/coordinate_frame.json	MOVE		none	One-level Alternative-A root collapse; content must remain byte-identical.
flyff_farming_simulator/synthetic_curriculum_intermediate_heldout/variants/04_intermediate_split_field_shifting_typical/map_assets/map.json	synthetic_curriculum_intermediate_heldout/variants/04_intermediate_split_field_shifting_typical/map_assets/map.json	tracked	3b2cea5d92b0f488e4d41b19f67be6ef8afcb8b3	1ce863ece1f5036b5de91c687d2b9447ec69bc7a2d2ad321b72aae8857fdb194	603	scientific-artifact	synthetic_curriculum_intermediate_heldout/variants/04_intermediate_split_field_shifting_typical/map_assets/map.json	MOVE		none	One-level Alternative-A root collapse; content must remain byte-identical.
flyff_farming_simulator/synthetic_curriculum_intermediate_heldout/variants/04_intermediate_split_field_shifting_typical/map_assets/occupancy.npy	synthetic_curriculum_intermediate_heldout/variants/04_intermediate_split_field_shifting_typical/map_assets/occupancy.npy	tracked	948e0b1401ed663f71c951a124e40772a503fa3d	211958dcccc6b23e9224b8884738bd0d69def7d3d903a4b0fcfcf784ea674e3a	42977	scientific-artifact	synthetic_curriculum_intermediate_heldout/variants/04_intermediate_split_field_shifting_typical/map_assets/occupancy.npy	MOVE		none	One-level Alternative-A root collapse; content must remain byte-identical.
flyff_farming_simulator/synthetic_curriculum_intermediate_heldout/variants/04_intermediate_split_field_shifting_typical/world.json.gz	synthetic_curriculum_intermediate_heldout/variants/04_intermediate_split_field_shifting_typical/world.json.gz	tracked	aa35cb704c2cf7e3b683bb130726652b1ecd2e8b	46f99f4c933fcb8e678bf1c84f0066f7f64bb6231f37cfe6faccd84cb0c75888	29973	simulator-source	synthetic_curriculum_intermediate_heldout/variants/04_intermediate_split_field_shifting_typical/world.json.gz	MOVE		none	One-level Alternative-A root collapse; content must remain byte-identical.
flyff_farming_simulator/synthetic_curriculum_intermediate_heldout/variants/05_intermediate_irregular_plain_typical_fast/map_assets/coordinate_frame.json	synthetic_curriculum_intermediate_heldout/variants/05_intermediate_irregular_plain_typical_fast/map_assets/coordinate_frame.json	tracked	64529ba558428ad753e34e011b72712de2a47460	597d0050861ff15776667fd86ea79a190bb7da3e4a324f609dd24d1697c3bee7	87	scientific-artifact	synthetic_curriculum_intermediate_heldout/variants/05_intermediate_irregular_plain_typical_fast/map_assets/coordinate_frame.json	MOVE		none	One-level Alternative-A root collapse; content must remain byte-identical.
flyff_farming_simulator/synthetic_curriculum_intermediate_heldout/variants/05_intermediate_irregular_plain_typical_fast/map_assets/map.json	synthetic_curriculum_intermediate_heldout/variants/05_intermediate_irregular_plain_typical_fast/map_assets/map.json	tracked	5367d5cc02f55c1d2795dd99cbc37d4c28ce8827	8448e36509bf8d6ee9417559a860c24ab63858bff1af31b3159a0e1699236599	605	scientific-artifact	synthetic_curriculum_intermediate_heldout/variants/05_intermediate_irregular_plain_typical_fast/map_assets/map.json	MOVE		none	One-level Alternative-A root collapse; content must remain byte-identical.
flyff_farming_simulator/synthetic_curriculum_intermediate_heldout/variants/05_intermediate_irregular_plain_typical_fast/map_assets/occupancy.npy	synthetic_curriculum_intermediate_heldout/variants/05_intermediate_irregular_plain_typical_fast/map_assets/occupancy.npy	tracked	5a325c3ea7be12131fa97813e7918ddfcb85e4e6	50a96d3a6b5354088c2d01ca58ff00e1c7cc52e5d85d561a4d36fd9b30adb627	40529	scientific-artifact	synthetic_curriculum_intermediate_heldout/variants/05_intermediate_irregular_plain_typical_fast/map_assets/occupancy.npy	MOVE		none	One-level Alternative-A root collapse; content must remain byte-identical.
flyff_farming_simulator/synthetic_curriculum_intermediate_heldout/variants/05_intermediate_irregular_plain_typical_fast/world.json.gz	synthetic_curriculum_intermediate_heldout/variants/05_intermediate_irregular_plain_typical_fast/world.json.gz	tracked	4cbbe03fabaa4d87a335b2ce5746709dfb77d559	5141f366093fe1cab3aa11d8095ff97328bacbf5bb0655e7487110f0a6c248f8	30856	simulator-source	synthetic_curriculum_intermediate_heldout/variants/05_intermediate_irregular_plain_typical_fast/world.json.gz	MOVE		none	One-level Alternative-A root collapse; content must remain byte-identical.
flyff_farming_simulator/synthetic_curriculum_intermediate_heldout/variants/06_intermediate_split_field_high_bursty/map_assets/coordinate_frame.json	synthetic_curriculum_intermediate_heldout/variants/06_intermediate_split_field_high_bursty/map_assets/coordinate_frame.json	tracked	64529ba558428ad753e34e011b72712de2a47460	597d0050861ff15776667fd86ea79a190bb7da3e4a324f609dd24d1697c3bee7	87	scientific-artifact	synthetic_curriculum_intermediate_heldout/variants/06_intermediate_split_field_high_bursty/map_assets/coordinate_frame.json	MOVE		none	One-level Alternative-A root collapse; content must remain byte-identical.
flyff_farming_simulator/synthetic_curriculum_intermediate_heldout/variants/06_intermediate_split_field_high_bursty/map_assets/map.json	synthetic_curriculum_intermediate_heldout/variants/06_intermediate_split_field_high_bursty/map_assets/map.json	tracked	aa21fb295a2a3446ca6963ab25a15d39ec8df4e0	36bd333df200ecdd518396436914524f846552be433a5e8484c16d4ff1521d83	594	scientific-artifact	synthetic_curriculum_intermediate_heldout/variants/06_intermediate_split_field_high_bursty/map_assets/map.json	MOVE		none	One-level Alternative-A root collapse; content must remain byte-identical.
flyff_farming_simulator/synthetic_curriculum_intermediate_heldout/variants/06_intermediate_split_field_high_bursty/map_assets/occupancy.npy	synthetic_curriculum_intermediate_heldout/variants/06_intermediate_split_field_high_bursty/map_assets/occupancy.npy	tracked	e763925b7a2124b33fbd9f6a4d1e79f0c1b09790	f80d12fbc3bcd3eb9e108f7946588bd71bac4519ec42e5f067051ced792791bc	38153	scientific-artifact	synthetic_curriculum_intermediate_heldout/variants/06_intermediate_split_field_high_bursty/map_assets/occupancy.npy	MOVE		none	One-level Alternative-A root collapse; content must remain byte-identical.
flyff_farming_simulator/synthetic_curriculum_intermediate_heldout/variants/06_intermediate_split_field_high_bursty/world.json.gz	synthetic_curriculum_intermediate_heldout/variants/06_intermediate_split_field_high_bursty/world.json.gz	tracked	84786919839c36ed10cb7cb61ca72a00c0d88ff6	8f3783a8bf237d1b4f00f1813cd35684af727e466037a47ca8c9d8ee5d6b0d50	34044	simulator-source	synthetic_curriculum_intermediate_heldout/variants/06_intermediate_split_field_high_bursty/world.json.gz	MOVE		none	One-level Alternative-A root collapse; content must remain byte-identical.
flyff_farming_simulator/synthetic_curriculum_intermediate_training_v1/curriculum.json	synthetic_curriculum_intermediate_training_v1/curriculum.json	tracked	8ade1a5fddc08d435091eac468968127507132ba	5722983e20fa85698af16e721463ec7a9bb172948ccf52bfb8705d4db562ee8e	6072	config	synthetic_curriculum_intermediate_training_v1/curriculum.json	MOVE		none	One-level Alternative-A root collapse; content must remain byte-identical.
flyff_farming_simulator/synthetic_curriculum_intermediate_training_v1/variants/01_intermediate_irregular_plain_uneven_typical/map_assets/coordinate_frame.json	synthetic_curriculum_intermediate_training_v1/variants/01_intermediate_irregular_plain_uneven_typical/map_assets/coordinate_frame.json	tracked	64529ba558428ad753e34e011b72712de2a47460	597d0050861ff15776667fd86ea79a190bb7da3e4a324f609dd24d1697c3bee7	87	scientific-artifact	synthetic_curriculum_intermediate_training_v1/variants/01_intermediate_irregular_plain_uneven_typical/map_assets/coordinate_frame.json	MOVE		none	One-level Alternative-A root collapse; content must remain byte-identical.
flyff_farming_simulator/synthetic_curriculum_intermediate_training_v1/variants/01_intermediate_irregular_plain_uneven_typical/map_assets/map.json	synthetic_curriculum_intermediate_training_v1/variants/01_intermediate_irregular_plain_uneven_typical/map_assets/map.json	tracked	0800e04d7dae714908bc571830c4e6c99a491f83	1988d6e3ab72dad148eff7d6b622f4a6c10f45e815913117b4c8d3473ac18fa2	594	scientific-artifact	synthetic_curriculum_intermediate_training_v1/variants/01_intermediate_irregular_plain_uneven_typical/map_assets/map.json	MOVE		none	One-level Alternative-A root collapse; content must remain byte-identical.
flyff_farming_simulator/synthetic_curriculum_intermediate_training_v1/variants/01_intermediate_irregular_plain_uneven_typical/map_assets/occupancy.npy	synthetic_curriculum_intermediate_training_v1/variants/01_intermediate_irregular_plain_uneven_typical/map_assets/occupancy.npy	tracked	35448bc65cfca6bcfd9257fc91c24cdc761fb156	4ce14d6d9d057e699c1d47fadce1b803e30f90a43c1c8368b757ef56bedba30f	42977	scientific-artifact	synthetic_curriculum_intermediate_training_v1/variants/01_intermediate_irregular_plain_uneven_typical/map_assets/occupancy.npy	MOVE		none	One-level Alternative-A root collapse; content must remain byte-identical.
flyff_farming_simulator/synthetic_curriculum_intermediate_training_v1/variants/01_intermediate_irregular_plain_uneven_typical/world.json.gz	synthetic_curriculum_intermediate_training_v1/variants/01_intermediate_irregular_plain_uneven_typical/world.json.gz	tracked	ddb4d9dff5ed74a555c56d658dfe8fc62c3d524d	e55ef4a2a59af1741fb3d244c02543037c073b534bf55f8c950639a243f7d64e	28373	simulator-source	synthetic_curriculum_intermediate_training_v1/variants/01_intermediate_irregular_plain_uneven_typical/world.json.gz	MOVE		none	One-level Alternative-A root collapse; content must remain byte-identical.
flyff_farming_simulator/synthetic_curriculum_intermediate_training_v1/variants/02_intermediate_irregular_plain_typical_variable/map_assets/coordinate_frame.json	synthetic_curriculum_intermediate_training_v1/variants/02_intermediate_irregular_plain_typical_variable/map_assets/coordinate_frame.json	tracked	64529ba558428ad753e34e011b72712de2a47460	597d0050861ff15776667fd86ea79a190bb7da3e4a324f609dd24d1697c3bee7	87	scientific-artifact	synthetic_curriculum_intermediate_training_v1/variants/02_intermediate_irregular_plain_typical_variable/map_assets/coordinate_frame.json	MOVE		none	One-level Alternative-A root collapse; content must remain byte-identical.
flyff_farming_simulator/synthetic_curriculum_intermediate_training_v1/variants/02_intermediate_irregular_plain_typical_variable/map_assets/map.json	synthetic_curriculum_intermediate_training_v1/variants/02_intermediate_irregular_plain_typical_variable/map_assets/map.json	tracked	6dac4a11185e194bb93aece8852c839dca1bf34b	cdba9933a3553c3288848906db2d782ab9920b10a65cba43152d590e7b6dcaba	597	scientific-artifact	synthetic_curriculum_intermediate_training_v1/variants/02_intermediate_irregular_plain_typical_variable/map_assets/map.json	MOVE		none	One-level Alternative-A root collapse; content must remain byte-identical.
flyff_farming_simulator/synthetic_curriculum_intermediate_training_v1/variants/02_intermediate_irregular_plain_typical_variable/map_assets/occupancy.npy	synthetic_curriculum_intermediate_training_v1/variants/02_intermediate_irregular_plain_typical_variable/map_assets/occupancy.npy	tracked	39497152f829ee4693096b0b42c8a8279594fae9	cc6f65b9f5d382d2d06af2011ccdb4b25cf41437651018e6a154195ba92fc322	41744	scientific-artifact	synthetic_curriculum_intermediate_training_v1/variants/02_intermediate_irregular_plain_typical_variable/map_assets/occupancy.npy	MOVE		none	One-level Alternative-A root collapse; content must remain byte-identical.
flyff_farming_simulator/synthetic_curriculum_intermediate_training_v1/variants/02_intermediate_irregular_plain_typical_variable/world.json.gz	synthetic_curriculum_intermediate_training_v1/variants/02_intermediate_irregular_plain_typical_variable/world.json.gz	tracked	eb64ade54f8fc6ee20d6a581f3274fcd5afb64f5	bbce0172e002fac4024733f23291bd51962e6449e15e7111214e97ab5a62606b	31865	simulator-source	synthetic_curriculum_intermediate_training_v1/variants/02_intermediate_irregular_plain_typical_variable/world.json.gz	MOVE		none	One-level Alternative-A root collapse; content must remain byte-identical.
flyff_farming_simulator/synthetic_curriculum_intermediate_training_v1/variants/03_intermediate_irregular_plain_high_bursty/map_assets/coordinate_frame.json	synthetic_curriculum_intermediate_training_v1/variants/03_intermediate_irregular_plain_high_bursty/map_assets/coordinate_frame.json	tracked	64529ba558428ad753e34e011b72712de2a47460	597d0050861ff15776667fd86ea79a190bb7da3e4a324f609dd24d1697c3bee7	87	scientific-artifact	synthetic_curriculum_intermediate_training_v1/variants/03_intermediate_irregular_plain_high_bursty/map_assets/coordinate_frame.json	MOVE		none	One-level Alternative-A root collapse; content must remain byte-identical.
flyff_farming_simulator/synthetic_curriculum_intermediate_training_v1/variants/03_intermediate_irregular_plain_high_bursty/map_assets/map.json	synthetic_curriculum_intermediate_training_v1/variants/03_intermediate_irregular_plain_high_bursty/map_assets/map.json	tracked	2c9f4963b6adde55bf24dc010905dfcdf356c49d	830a88cfa7ce3442a2cec6b9a30dcdeec7e78e1f87e44792eb7c119f7239850f	587	scientific-artifact	synthetic_curriculum_intermediate_training_v1/variants/03_intermediate_irregular_plain_high_bursty/map_assets/map.json	MOVE		none	One-level Alternative-A root collapse; content must remain byte-identical.
flyff_farming_simulator/synthetic_curriculum_intermediate_training_v1/variants/03_intermediate_irregular_plain_high_bursty/map_assets/occupancy.npy	synthetic_curriculum_intermediate_training_v1/variants/03_intermediate_irregular_plain_high_bursty/map_assets/occupancy.npy	tracked	c89186a07b3171199a14e5878991bf512ef34f15	7efccd5aee665fb2cfb2d0e91f96140774e60496ca9d9d4fc4f8b1779bc3be40	56297	scientific-artifact	synthetic_curriculum_intermediate_training_v1/variants/03_intermediate_irregular_plain_high_bursty/map_assets/occupancy.npy	MOVE		none	One-level Alternative-A root collapse; content must remain byte-identical.
flyff_farming_simulator/synthetic_curriculum_intermediate_training_v1/variants/03_intermediate_irregular_plain_high_bursty/world.json.gz	synthetic_curriculum_intermediate_training_v1/variants/03_intermediate_irregular_plain_high_bursty/world.json.gz	tracked	9cfefda0a5760d897d4774d88b3a5afbb753119e	5ca60be07b6897aab3c0f65ef0bef30e22248399ffa07f4508138a1fd57d7062	35246	simulator-source	synthetic_curriculum_intermediate_training_v1/variants/03_intermediate_irregular_plain_high_bursty/world.json.gz	MOVE		none	One-level Alternative-A root collapse; content must remain byte-identical.
flyff_farming_simulator/synthetic_curriculum_intermediate_training_v1/variants/04_intermediate_irregular_plain_shifting_typical/map_assets/coordinate_frame.json	synthetic_curriculum_intermediate_training_v1/variants/04_intermediate_irregular_plain_shifting_typical/map_assets/coordinate_frame.json	tracked	64529ba558428ad753e34e011b72712de2a47460	597d0050861ff15776667fd86ea79a190bb7da3e4a324f609dd24d1697c3bee7	87	scientific-artifact	synthetic_curriculum_intermediate_training_v1/variants/04_intermediate_irregular_plain_shifting_typical/map_assets/coordinate_frame.json	MOVE		none	One-level Alternative-A root collapse; content must remain byte-identical.
flyff_farming_simulator/synthetic_curriculum_intermediate_training_v1/variants/04_intermediate_irregular_plain_shifting_typical/map_assets/map.json	synthetic_curriculum_intermediate_training_v1/variants/04_intermediate_irregular_plain_shifting_typical/map_assets/map.json	tracked	30265e9d774ea6d5699a07b729b59af9c8adf59b	4173e85a64a01bf104be4db99fa313e9f6826a369ad5db106ff942c9f291cf0f	598	scientific-artifact	synthetic_curriculum_intermediate_training_v1/variants/04_intermediate_irregular_plain_shifting_typical/map_assets/map.json	MOVE		none	One-level Alternative-A root collapse; content must remain byte-identical.
flyff_farming_simulator/synthetic_curriculum_intermediate_training_v1/variants/04_intermediate_irregular_plain_shifting_typical/map_assets/occupancy.npy	synthetic_curriculum_intermediate_training_v1/variants/04_intermediate_irregular_plain_shifting_typical/map_assets/occupancy.npy	tracked	846ec2751183875edf9091d78744789e4542c0be	1767476c9af5e0a225216d46aec3e4419a5676b597b471d494ceadf6bfe76fd2	51204	scientific-artifact	synthetic_curriculum_intermediate_training_v1/variants/04_intermediate_irregular_plain_shifting_typical/map_assets/occupancy.npy	MOVE		none	One-level Alternative-A root collapse; content must remain byte-identical.
flyff_farming_simulator/synthetic_curriculum_intermediate_training_v1/variants/04_intermediate_irregular_plain_shifting_typical/world.json.gz	synthetic_curriculum_intermediate_training_v1/variants/04_intermediate_irregular_plain_shifting_typical/world.json.gz	tracked	7b1d2a77c1bf403a7d3629b69243cc84f24d224d	880bf00e2dc71354e3faea013079c616feda4dabb76777b14c9ec91fe456cbd0	32978	simulator-source	synthetic_curriculum_intermediate_training_v1/variants/04_intermediate_irregular_plain_shifting_typical/world.json.gz	MOVE		none	One-level Alternative-A root collapse; content must remain byte-identical.
flyff_farming_simulator/synthetic_curriculum_intermediate_training_v1/variants/05_intermediate_irregular_plain_low_fast/map_assets/coordinate_frame.json	synthetic_curriculum_intermediate_training_v1/variants/05_intermediate_irregular_plain_low_fast/map_assets/coordinate_frame.json	tracked	64529ba558428ad753e34e011b72712de2a47460	597d0050861ff15776667fd86ea79a190bb7da3e4a324f609dd24d1697c3bee7	87	scientific-artifact	synthetic_curriculum_intermediate_training_v1/variants/05_intermediate_irregular_plain_low_fast/map_assets/coordinate_frame.json	MOVE		none	One-level Alternative-A root collapse; content must remain byte-identical.
flyff_farming_simulator/synthetic_curriculum_intermediate_training_v1/variants/05_intermediate_irregular_plain_low_fast/map_assets/map.json	synthetic_curriculum_intermediate_training_v1/variants/05_intermediate_irregular_plain_low_fast/map_assets/map.json	tracked	3a367dea0608622c841bdebeb6f44c59b379a64e	77ae96e36ef2b3e2ebf5c32827d3fb5990acf8aad81c0a7ce93891ba173b1598	581	scientific-artifact	synthetic_curriculum_intermediate_training_v1/variants/05_intermediate_irregular_plain_low_fast/map_assets/map.json	MOVE		none	One-level Alternative-A root collapse; content must remain byte-identical.
flyff_farming_simulator/synthetic_curriculum_intermediate_training_v1/variants/05_intermediate_irregular_plain_low_fast/map_assets/occupancy.npy	synthetic_curriculum_intermediate_training_v1/variants/05_intermediate_irregular_plain_low_fast/map_assets/occupancy.npy	tracked	fb75dc43c63ac8e41bdb94a30a8c5214c1879257	3487b96b0fc6ef1960e3fc9b799610b5b781893ac95f1fa4f4c5773e5f01c082	53489	scientific-artifact	synthetic_curriculum_intermediate_training_v1/variants/05_intermediate_irregular_plain_low_fast/map_assets/occupancy.npy	MOVE		none	One-level Alternative-A root collapse; content must remain byte-identical.
flyff_farming_simulator/synthetic_curriculum_intermediate_training_v1/variants/05_intermediate_irregular_plain_low_fast/world.json.gz	synthetic_curriculum_intermediate_training_v1/variants/05_intermediate_irregular_plain_low_fast/world.json.gz	tracked	278ebaf4d7b640c0eed1f58bf1fb289d40d6ecfc	56ef08cf074404d2e5204b34e9320fd424fb3e3dbef4416140216f94fa91f713	26852	simulator-source	synthetic_curriculum_intermediate_training_v1/variants/05_intermediate_irregular_plain_low_fast/world.json.gz	MOVE		none	One-level Alternative-A root collapse; content must remain byte-identical.
flyff_farming_simulator/synthetic_curriculum_intermediate_training_v1/variants/06_intermediate_split_field_uneven_typical/map_assets/coordinate_frame.json	synthetic_curriculum_intermediate_training_v1/variants/06_intermediate_split_field_uneven_typical/map_assets/coordinate_frame.json	tracked	64529ba558428ad753e34e011b72712de2a47460	597d0050861ff15776667fd86ea79a190bb7da3e4a324f609dd24d1697c3bee7	87	scientific-artifact	synthetic_curriculum_intermediate_training_v1/variants/06_intermediate_split_field_uneven_typical/map_assets/coordinate_frame.json	MOVE		none	One-level Alternative-A root collapse; content must remain byte-identical.
flyff_farming_simulator/synthetic_curriculum_intermediate_training_v1/variants/06_intermediate_split_field_uneven_typical/map_assets/map.json	synthetic_curriculum_intermediate_training_v1/variants/06_intermediate_split_field_uneven_typical/map_assets/map.json	tracked	e829773781a5cc53de77edfdd28e8d52872a44c1	2c35027ed47a0af08766082eab993c347fb3ced76c6ac8498b5bf7213b022145	586	scientific-artifact	synthetic_curriculum_intermediate_training_v1/variants/06_intermediate_split_field_uneven_typical/map_assets/map.json	MOVE		none	One-level Alternative-A root collapse; content must remain byte-identical.
flyff_farming_simulator/synthetic_curriculum_intermediate_training_v1/variants/06_intermediate_split_field_uneven_typical/map_assets/occupancy.npy	synthetic_curriculum_intermediate_training_v1/variants/06_intermediate_split_field_uneven_typical/map_assets/occupancy.npy	tracked	120746ee1cc2d493b28bd4351278fc3518b0ffc1	635edfe3810a5b36983ac9a44787a40f4a03b3cd7a1e2ac5c098cdd9b82f9d77	41744	scientific-artifact	synthetic_curriculum_intermediate_training_v1/variants/06_intermediate_split_field_uneven_typical/map_assets/occupancy.npy	MOVE		none	One-level Alternative-A root collapse; content must remain byte-identical.
flyff_farming_simulator/synthetic_curriculum_intermediate_training_v1/variants/06_intermediate_split_field_uneven_typical/world.json.gz	synthetic_curriculum_intermediate_training_v1/variants/06_intermediate_split_field_uneven_typical/world.json.gz	tracked	17e3bc62eef57027c798c4612cd300f5ac42db9c	8a7b2a6cc49093920a3e8e0de0db6edc4ea8e07da515bbdfa87e08372bc1c672	28945	simulator-source	synthetic_curriculum_intermediate_training_v1/variants/06_intermediate_split_field_uneven_typical/world.json.gz	MOVE		none	One-level Alternative-A root collapse; content must remain byte-identical.
flyff_farming_simulator/synthetic_curriculum_intermediate_training_v1/variants/07_intermediate_split_field_typical_variable/map_assets/coordinate_frame.json	synthetic_curriculum_intermediate_training_v1/variants/07_intermediate_split_field_typical_variable/map_assets/coordinate_frame.json	tracked	64529ba558428ad753e34e011b72712de2a47460	597d0050861ff15776667fd86ea79a190bb7da3e4a324f609dd24d1697c3bee7	87	scientific-artifact	synthetic_curriculum_intermediate_training_v1/variants/07_intermediate_split_field_typical_variable/map_assets/coordinate_frame.json	MOVE		none	One-level Alternative-A root collapse; content must remain byte-identical.
flyff_farming_simulator/synthetic_curriculum_intermediate_training_v1/variants/07_intermediate_split_field_typical_variable/map_assets/map.json	synthetic_curriculum_intermediate_training_v1/variants/07_intermediate_split_field_typical_variable/map_assets/map.json	tracked	13bc050fe39f29d4b53e8ed2f552982e8501d54d	15397d6fe48a977a03e7bd8e0ab5da18844c26ee8758c923e79911fc9dcacd82	589	scientific-artifact	synthetic_curriculum_intermediate_training_v1/variants/07_intermediate_split_field_typical_variable/map_assets/map.json	MOVE		none	One-level Alternative-A root collapse; content must remain byte-identical.
flyff_farming_simulator/synthetic_curriculum_intermediate_training_v1/variants/07_intermediate_split_field_typical_variable/map_assets/occupancy.npy	synthetic_curriculum_intermediate_training_v1/variants/07_intermediate_split_field_typical_variable/map_assets/occupancy.npy	tracked	e3e54f38bebb8e54e82a8765088c14a98b12c60b	77714aea3bfd634499a03c739e8a336dff47956199d057fc2d05849ff781e97d	57728	scientific-artifact	synthetic_curriculum_intermediate_training_v1/variants/07_intermediate_split_field_typical_variable/map_assets/occupancy.npy	MOVE		none	One-level Alternative-A root collapse; content must remain byte-identical.
flyff_farming_simulator/synthetic_curriculum_intermediate_training_v1/variants/07_intermediate_split_field_typical_variable/world.json.gz	synthetic_curriculum_intermediate_training_v1/variants/07_intermediate_split_field_typical_variable/world.json.gz	tracked	b1d4d18a8a8edbbeec6cad24e4581f89508fe1ee	7488e62bb1fe37d86c1c1667958c4ff0c3deca0032d63336c27409072a7e6f44	32066	simulator-source	synthetic_curriculum_intermediate_training_v1/variants/07_intermediate_split_field_typical_variable/world.json.gz	MOVE		none	One-level Alternative-A root collapse; content must remain byte-identical.
flyff_farming_simulator/synthetic_curriculum_intermediate_training_v1/variants/08_intermediate_split_field_high_bursty/map_assets/coordinate_frame.json	synthetic_curriculum_intermediate_training_v1/variants/08_intermediate_split_field_high_bursty/map_assets/coordinate_frame.json	tracked	64529ba558428ad753e34e011b72712de2a47460	597d0050861ff15776667fd86ea79a190bb7da3e4a324f609dd24d1697c3bee7	87	scientific-artifact	synthetic_curriculum_intermediate_training_v1/variants/08_intermediate_split_field_high_bursty/map_assets/coordinate_frame.json	MOVE		none	One-level Alternative-A root collapse; content must remain byte-identical.
flyff_farming_simulator/synthetic_curriculum_intermediate_training_v1/variants/08_intermediate_split_field_high_bursty/map_assets/map.json	synthetic_curriculum_intermediate_training_v1/variants/08_intermediate_split_field_high_bursty/map_assets/map.json	tracked	ba020c72355091bbf8fda536ea65644b4ea9b008	31527f649c3aa8ed70a73242bc621d45b9347ed9ebba8b3843cb75a00a0e0a08	579	scientific-artifact	synthetic_curriculum_intermediate_training_v1/variants/08_intermediate_split_field_high_bursty/map_assets/map.json	MOVE		none	One-level Alternative-A root collapse; content must remain byte-identical.
flyff_farming_simulator/synthetic_curriculum_intermediate_training_v1/variants/08_intermediate_split_field_high_bursty/map_assets/occupancy.npy	synthetic_curriculum_intermediate_training_v1/variants/08_intermediate_split_field_high_bursty/map_assets/occupancy.npy	tracked	99a8a2f68f785030b5b1d71acc6ea1865b5edb40	009d2ff1d05193897cdf3b594c25bb546f26048f7c1f54ed9aad7ff346f6f65b	54884	scientific-artifact	synthetic_curriculum_intermediate_training_v1/variants/08_intermediate_split_field_high_bursty/map_assets/occupancy.npy	MOVE		none	One-level Alternative-A root collapse; content must remain byte-identical.
flyff_farming_simulator/synthetic_curriculum_intermediate_training_v1/variants/08_intermediate_split_field_high_bursty/world.json.gz	synthetic_curriculum_intermediate_training_v1/variants/08_intermediate_split_field_high_bursty/world.json.gz	tracked	02076ab2a0f48d332d92e173b161eb6cb2ae41f7	8756d4de418883360a5b46ac7642f862b0b4ba59c674ef552d383371354aad95	40271	simulator-source	synthetic_curriculum_intermediate_training_v1/variants/08_intermediate_split_field_high_bursty/world.json.gz	MOVE		none	One-level Alternative-A root collapse; content must remain byte-identical.
flyff_farming_simulator/synthetic_curriculum_intermediate_training_v1/variants/09_intermediate_split_field_shifting_typical/map_assets/coordinate_frame.json	synthetic_curriculum_intermediate_training_v1/variants/09_intermediate_split_field_shifting_typical/map_assets/coordinate_frame.json	tracked	64529ba558428ad753e34e011b72712de2a47460	597d0050861ff15776667fd86ea79a190bb7da3e4a324f609dd24d1697c3bee7	87	scientific-artifact	synthetic_curriculum_intermediate_training_v1/variants/09_intermediate_split_field_shifting_typical/map_assets/coordinate_frame.json	MOVE		none	One-level Alternative-A root collapse; content must remain byte-identical.
flyff_farming_simulator/synthetic_curriculum_intermediate_training_v1/variants/09_intermediate_split_field_shifting_typical/map_assets/map.json	synthetic_curriculum_intermediate_training_v1/variants/09_intermediate_split_field_shifting_typical/map_assets/map.json	tracked	59d88ed95c00d3c59b5f3566b601025b7c800a46	e671a243c126f386d8763d5a31365b38f505c11565b98e8f8ae5b877df17e067	588	scientific-artifact	synthetic_curriculum_intermediate_training_v1/variants/09_intermediate_split_field_shifting_typical/map_assets/map.json	MOVE		none	One-level Alternative-A root collapse; content must remain byte-identical.
flyff_farming_simulator/synthetic_curriculum_intermediate_training_v1/variants/09_intermediate_split_field_shifting_typical/map_assets/occupancy.npy	synthetic_curriculum_intermediate_training_v1/variants/09_intermediate_split_field_shifting_typical/map_assets/occupancy.npy	tracked	d3b63b579650fe1d07a4e81ae3dd25c999994407	5a590379b4a93afca37770ac8a5c83f5bd31c700da5ba9e138258a2f7b4be123	38153	scientific-artifact	synthetic_curriculum_intermediate_training_v1/variants/09_intermediate_split_field_shifting_typical/map_assets/occupancy.npy	MOVE		none	One-level Alternative-A root collapse; content must remain byte-identical.
flyff_farming_simulator/synthetic_curriculum_intermediate_training_v1/variants/09_intermediate_split_field_shifting_typical/world.json.gz	synthetic_curriculum_intermediate_training_v1/variants/09_intermediate_split_field_shifting_typical/world.json.gz	tracked	a8223bbf775c19af2b594ac6e9c1e5022dcfd24c	5d0e30b70a534177661a8880b443f9b0697e014fee29fe63dcd4a6eb8fa5973f	32246	simulator-source	synthetic_curriculum_intermediate_training_v1/variants/09_intermediate_split_field_shifting_typical/world.json.gz	MOVE		none	One-level Alternative-A root collapse; content must remain byte-identical.
flyff_farming_simulator/synthetic_curriculum_intermediate_training_v1/variants/10_intermediate_split_field_low_fast/map_assets/coordinate_frame.json	synthetic_curriculum_intermediate_training_v1/variants/10_intermediate_split_field_low_fast/map_assets/coordinate_frame.json	tracked	64529ba558428ad753e34e011b72712de2a47460	597d0050861ff15776667fd86ea79a190bb7da3e4a324f609dd24d1697c3bee7	87	scientific-artifact	synthetic_curriculum_intermediate_training_v1/variants/10_intermediate_split_field_low_fast/map_assets/coordinate_frame.json	MOVE		none	One-level Alternative-A root collapse; content must remain byte-identical.
flyff_farming_simulator/synthetic_curriculum_intermediate_training_v1/variants/10_intermediate_split_field_low_fast/map_assets/map.json	synthetic_curriculum_intermediate_training_v1/variants/10_intermediate_split_field_low_fast/map_assets/map.json	tracked	e7b24426d3de56f90ec86e296b4d65e51921ad63	ffc51d0f82b2ff67012627843896c396031aeacec6a16a4f677fc3ca69d10185	573	scientific-artifact	synthetic_curriculum_intermediate_training_v1/variants/10_intermediate_split_field_low_fast/map_assets/map.json	MOVE		none	One-level Alternative-A root collapse; content must remain byte-identical.
flyff_farming_simulator/synthetic_curriculum_intermediate_training_v1/variants/10_intermediate_split_field_low_fast/map_assets/occupancy.npy	synthetic_curriculum_intermediate_training_v1/variants/10_intermediate_split_field_low_fast/map_assets/occupancy.npy	tracked	a05d010f3360dad51895c940f876da638949b1d3	9025d9bcd3b94d488823f154eaadcf75e7487ef47f50a10a380cc3afd430b803	41744	scientific-artifact	synthetic_curriculum_intermediate_training_v1/variants/10_intermediate_split_field_low_fast/map_assets/occupancy.npy	MOVE		none	One-level Alternative-A root collapse; content must remain byte-identical.
flyff_farming_simulator/synthetic_curriculum_intermediate_training_v1/variants/10_intermediate_split_field_low_fast/world.json.gz	synthetic_curriculum_intermediate_training_v1/variants/10_intermediate_split_field_low_fast/world.json.gz	tracked	61b95613b3aa1bb246a4d790fa489757209e8544	af30a108467d416ec58d2597bca57953387e5e601b98f4cbf7c23e3344fd68a6	26039	simulator-source	synthetic_curriculum_intermediate_training_v1/variants/10_intermediate_split_field_low_fast/world.json.gz	MOVE		none	One-level Alternative-A root collapse; content must remain byte-identical.
flyff_farming_simulator/synthetic_curriculum_intermediate_unseen_templates/curriculum.json	synthetic_curriculum_intermediate_unseen_templates/curriculum.json	tracked	62d21e69bb6bfd43988a27f1dcbd3c0812369dce	1e6caa1fc4969e6ce1b360048310acb5177173c6856fbc7e0ddd923490ff8743	4958	config	synthetic_curriculum_intermediate_unseen_templates/curriculum.json	MOVE		none	One-level Alternative-A root collapse; content must remain byte-identical.
flyff_farming_simulator/synthetic_curriculum_intermediate_unseen_templates/variants/01_intermediate_open_field_typical_typical/map_assets/coordinate_frame.json	synthetic_curriculum_intermediate_unseen_templates/variants/01_intermediate_open_field_typical_typical/map_assets/coordinate_frame.json	tracked	64529ba558428ad753e34e011b72712de2a47460	597d0050861ff15776667fd86ea79a190bb7da3e4a324f609dd24d1697c3bee7	87	scientific-artifact	synthetic_curriculum_intermediate_unseen_templates/variants/01_intermediate_open_field_typical_typical/map_assets/coordinate_frame.json	MOVE		none	One-level Alternative-A root collapse; content must remain byte-identical.
flyff_farming_simulator/synthetic_curriculum_intermediate_unseen_templates/variants/01_intermediate_open_field_typical_typical/map_assets/map.json	synthetic_curriculum_intermediate_unseen_templates/variants/01_intermediate_open_field_typical_typical/map_assets/map.json	tracked	98da82293fca01ba8eca713d4d9edfbf8f4a186c	232183c59b576c2185cd3d58daf02c979bd856cd66b57f108f33fe77cd8abc45	585	scientific-artifact	synthetic_curriculum_intermediate_unseen_templates/variants/01_intermediate_open_field_typical_typical/map_assets/map.json	MOVE		none	One-level Alternative-A root collapse; content must remain byte-identical.
flyff_farming_simulator/synthetic_curriculum_intermediate_unseen_templates/variants/01_intermediate_open_field_typical_typical/map_assets/occupancy.npy	synthetic_curriculum_intermediate_unseen_templates/variants/01_intermediate_open_field_typical_typical/map_assets/occupancy.npy	tracked	fe8e5be6681de999f6e2babee533bd2a1f679124	000c05923cae9aea170bcd9c8db419c21e5175ee5e1f6ae42fa2127da4c3d1a5	44649	scientific-artifact	synthetic_curriculum_intermediate_unseen_templates/variants/01_intermediate_open_field_typical_typical/map_assets/occupancy.npy	MOVE		none	One-level Alternative-A root collapse; content must remain byte-identical.
flyff_farming_simulator/synthetic_curriculum_intermediate_unseen_templates/variants/01_intermediate_open_field_typical_typical/world.json.gz	synthetic_curriculum_intermediate_unseen_templates/variants/01_intermediate_open_field_typical_typical/world.json.gz	tracked	b507d7695e375974d2edd304a4adbbe1a1a34c71	83ef9244c57f4a0a57cb5f534cd9853d5431b4e766e8aff3a3980655518a6b06	32451	simulator-source	synthetic_curriculum_intermediate_unseen_templates/variants/01_intermediate_open_field_typical_typical/world.json.gz	MOVE		none	One-level Alternative-A root collapse; content must remain byte-identical.
flyff_farming_simulator/synthetic_curriculum_intermediate_unseen_templates/variants/02_intermediate_open_field_uneven_bursty/map_assets/coordinate_frame.json	synthetic_curriculum_intermediate_unseen_templates/variants/02_intermediate_open_field_uneven_bursty/map_assets/coordinate_frame.json	tracked	64529ba558428ad753e34e011b72712de2a47460	597d0050861ff15776667fd86ea79a190bb7da3e4a324f609dd24d1697c3bee7	87	scientific-artifact	synthetic_curriculum_intermediate_unseen_templates/variants/02_intermediate_open_field_uneven_bursty/map_assets/coordinate_frame.json	MOVE		none	One-level Alternative-A root collapse; content must remain byte-identical.
flyff_farming_simulator/synthetic_curriculum_intermediate_unseen_templates/variants/02_intermediate_open_field_uneven_bursty/map_assets/map.json	synthetic_curriculum_intermediate_unseen_templates/variants/02_intermediate_open_field_uneven_bursty/map_assets/map.json	tracked	5158701c25d7e0f71c9fbb051e09a28015b71c8f	5a548814b85fe873d2f662e53be939b9025215d587b900695bba06815d415568	581	scientific-artifact	synthetic_curriculum_intermediate_unseen_templates/variants/02_intermediate_open_field_uneven_bursty/map_assets/map.json	MOVE		none	One-level Alternative-A root collapse; content must remain byte-identical.
flyff_farming_simulator/synthetic_curriculum_intermediate_unseen_templates/variants/02_intermediate_open_field_uneven_bursty/map_assets/occupancy.npy	synthetic_curriculum_intermediate_unseen_templates/variants/02_intermediate_open_field_uneven_bursty/map_assets/occupancy.npy	tracked	854d18db78fb9c19039c40027bfebcb98f82d896	af9cc7d12b30a48ea76e1fac5c70edc2467e88deed09a7b6679cc67f31fe462d	43392	scientific-artifact	synthetic_curriculum_intermediate_unseen_templates/variants/02_intermediate_open_field_uneven_bursty/map_assets/occupancy.npy	MOVE		none	One-level Alternative-A root collapse; content must remain byte-identical.
flyff_farming_simulator/synthetic_curriculum_intermediate_unseen_templates/variants/02_intermediate_open_field_uneven_bursty/world.json.gz	synthetic_curriculum_intermediate_unseen_templates/variants/02_intermediate_open_field_uneven_bursty/world.json.gz	tracked	bc7bda283095e903d6ad7a7dc2ba0bc78d1623eb	785de3e7d253a244cb10cb8467ef54042cf7965cee4520ae1048f8525a4f71f4	29571	simulator-source	synthetic_curriculum_intermediate_unseen_templates/variants/02_intermediate_open_field_uneven_bursty/world.json.gz	MOVE		none	One-level Alternative-A root collapse; content must remain byte-identical.
flyff_farming_simulator/synthetic_curriculum_intermediate_unseen_templates/variants/03_intermediate_broad_lobes_typical_typical/map_assets/coordinate_frame.json	synthetic_curriculum_intermediate_unseen_templates/variants/03_intermediate_broad_lobes_typical_typical/map_assets/coordinate_frame.json	tracked	64529ba558428ad753e34e011b72712de2a47460	597d0050861ff15776667fd86ea79a190bb7da3e4a324f609dd24d1697c3bee7	87	scientific-artifact	synthetic_curriculum_intermediate_unseen_templates/variants/03_intermediate_broad_lobes_typical_typical/map_assets/coordinate_frame.json	MOVE		none	One-level Alternative-A root collapse; content must remain byte-identical.
flyff_farming_simulator/synthetic_curriculum_intermediate_unseen_templates/variants/03_intermediate_broad_lobes_typical_typical/map_assets/map.json	synthetic_curriculum_intermediate_unseen_templates/variants/03_intermediate_broad_lobes_typical_typical/map_assets/map.json	tracked	3105804b0143e4b1f33e878b36c5180ed03d9d86	105c8baa50c433be88b945c88904f395ec78b18635cef3ec2f93eefa1b488bea	586	scientific-artifact	synthetic_curriculum_intermediate_unseen_templates/variants/03_intermediate_broad_lobes_typical_typical/map_assets/map.json	MOVE		none	One-level Alternative-A root collapse; content must remain byte-identical.
flyff_farming_simulator/synthetic_curriculum_intermediate_unseen_templates/variants/03_intermediate_broad_lobes_typical_typical/map_assets/occupancy.npy	synthetic_curriculum_intermediate_unseen_templates/variants/03_intermediate_broad_lobes_typical_typical/map_assets/occupancy.npy	tracked	6dd480f50105e21e862880c40502765f8aff42c5	211b9ec4fea52becb0a8ae8ff1e882636b0025f70476c2a3966ee3b12f5640e5	52569	scientific-artifact	synthetic_curriculum_intermediate_unseen_templates/variants/03_intermediate_broad_lobes_typical_typical/map_assets/occupancy.npy	MOVE		none	One-level Alternative-A root collapse; content must remain byte-identical.
flyff_farming_simulator/synthetic_curriculum_intermediate_unseen_templates/variants/03_intermediate_broad_lobes_typical_typical/world.json.gz	synthetic_curriculum_intermediate_unseen_templates/variants/03_intermediate_broad_lobes_typical_typical/world.json.gz	tracked	dc570b3c9786cdef7fe28404c8cf1761d1db14c3	05195a19ca57f3eb3173e15c2372fa50e2b7687362258fb82e11707b4d22cf5f	30807	simulator-source	synthetic_curriculum_intermediate_unseen_templates/variants/03_intermediate_broad_lobes_typical_typical/world.json.gz	MOVE		none	One-level Alternative-A root collapse; content must remain byte-identical.
flyff_farming_simulator/synthetic_curriculum_intermediate_unseen_templates/variants/04_intermediate_broad_lobes_uneven_bursty/map_assets/coordinate_frame.json	synthetic_curriculum_intermediate_unseen_templates/variants/04_intermediate_broad_lobes_uneven_bursty/map_assets/coordinate_frame.json	tracked	64529ba558428ad753e34e011b72712de2a47460	597d0050861ff15776667fd86ea79a190bb7da3e4a324f609dd24d1697c3bee7	87	scientific-artifact	synthetic_curriculum_intermediate_unseen_templates/variants/04_intermediate_broad_lobes_uneven_bursty/map_assets/coordinate_frame.json	MOVE		none	One-level Alternative-A root collapse; content must remain byte-identical.
flyff_farming_simulator/synthetic_curriculum_intermediate_unseen_templates/variants/04_intermediate_broad_lobes_uneven_bursty/map_assets/map.json	synthetic_curriculum_intermediate_unseen_templates/variants/04_intermediate_broad_lobes_uneven_bursty/map_assets/map.json	tracked	0ae4e253535ef2bcfbdc30b37326dd6994ec19cb	a5df96eebe300524fd04b2e1181e63571bfe89517027931b33ac6cc6532b5daa	583	scientific-artifact	synthetic_curriculum_intermediate_unseen_templates/variants/04_intermediate_broad_lobes_uneven_bursty/map_assets/map.json	MOVE		none	One-level Alternative-A root collapse; content must remain byte-identical.
flyff_farming_simulator/synthetic_curriculum_intermediate_unseen_templates/variants/04_intermediate_broad_lobes_uneven_bursty/map_assets/occupancy.npy	synthetic_curriculum_intermediate_unseen_templates/variants/04_intermediate_broad_lobes_uneven_bursty/map_assets/occupancy.npy	tracked	23f683a3cfae12218e372621cdd862d55c5c7e20	b2712ad3f9e13449462a027208f71a5b3c3561f59c9acf7d7ee92c1b34d10ee5	54417	scientific-artifact	synthetic_curriculum_intermediate_unseen_templates/variants/04_intermediate_broad_lobes_uneven_bursty/map_assets/occupancy.npy	MOVE		none	One-level Alternative-A root collapse; content must remain byte-identical.
flyff_farming_simulator/synthetic_curriculum_intermediate_unseen_templates/variants/04_intermediate_broad_lobes_uneven_bursty/world.json.gz	synthetic_curriculum_intermediate_unseen_templates/variants/04_intermediate_broad_lobes_uneven_bursty/world.json.gz	tracked	e49444ea36a597950506cc259a2bbc721220fa0a	efb09262ab42ca55a36b16a76bef43f5e68595eec5560cc22ef9c53e8a8f0c7a	33056	simulator-source	synthetic_curriculum_intermediate_unseen_templates/variants/04_intermediate_broad_lobes_uneven_bursty/world.json.gz	MOVE		none	One-level Alternative-A root collapse; content must remain byte-identical.
flyff_farming_simulator/synthetic_curriculum_intermediate_unseen_templates/variants/05_intermediate_wide_neck_typical_typical/map_assets/coordinate_frame.json	synthetic_curriculum_intermediate_unseen_templates/variants/05_intermediate_wide_neck_typical_typical/map_assets/coordinate_frame.json	tracked	64529ba558428ad753e34e011b72712de2a47460	597d0050861ff15776667fd86ea79a190bb7da3e4a324f609dd24d1697c3bee7	87	scientific-artifact	synthetic_curriculum_intermediate_unseen_templates/variants/05_intermediate_wide_neck_typical_typical/map_assets/coordinate_frame.json	MOVE		none	One-level Alternative-A root collapse; content must remain byte-identical.
flyff_farming_simulator/synthetic_curriculum_intermediate_unseen_templates/variants/05_intermediate_wide_neck_typical_typical/map_assets/map.json	synthetic_curriculum_intermediate_unseen_templates/variants/05_intermediate_wide_neck_typical_typical/map_assets/map.json	tracked	7750b56bedcfeec91ab3e06a85e5d62fc77865cf	e213550b251944eafc2d699bbbfe8c33a29bb4a767132a2d4cd5de6082e67a41	582	scientific-artifact	synthetic_curriculum_intermediate_unseen_templates/variants/05_intermediate_wide_neck_typical_typical/map_assets/map.json	MOVE		none	One-level Alternative-A root collapse; content must remain byte-identical.
flyff_farming_simulator/synthetic_curriculum_intermediate_unseen_templates/variants/05_intermediate_wide_neck_typical_typical/map_assets/occupancy.npy	synthetic_curriculum_intermediate_unseen_templates/variants/05_intermediate_wide_neck_typical_typical/map_assets/occupancy.npy	tracked	289743156db0e92c24a54e44614efaa5ceadd95c	b1287c794071f947cba466243a621a79f2f249eac2638de30b4c57e02b702892	48089	scientific-artifact	synthetic_curriculum_intermediate_unseen_templates/variants/05_intermediate_wide_neck_typical_typical/map_assets/occupancy.npy	MOVE		none	One-level Alternative-A root collapse; content must remain byte-identical.
flyff_farming_simulator/synthetic_curriculum_intermediate_unseen_templates/variants/05_intermediate_wide_neck_typical_typical/world.json.gz	synthetic_curriculum_intermediate_unseen_templates/variants/05_intermediate_wide_neck_typical_typical/world.json.gz	tracked	fad1e1a11e760df9ec342a0becaba7c27b2ea4fa	3ea6ed9bca93e4e948647ffe031e47b19193732921cb6b10ba125e7c835acfc0	32749	simulator-source	synthetic_curriculum_intermediate_unseen_templates/variants/05_intermediate_wide_neck_typical_typical/world.json.gz	MOVE		none	One-level Alternative-A root collapse; content must remain byte-identical.
flyff_farming_simulator/synthetic_curriculum_intermediate_unseen_templates/variants/06_intermediate_wide_neck_uneven_bursty/map_assets/coordinate_frame.json	synthetic_curriculum_intermediate_unseen_templates/variants/06_intermediate_wide_neck_uneven_bursty/map_assets/coordinate_frame.json	tracked	64529ba558428ad753e34e011b72712de2a47460	597d0050861ff15776667fd86ea79a190bb7da3e4a324f609dd24d1697c3bee7	87	scientific-artifact	synthetic_curriculum_intermediate_unseen_templates/variants/06_intermediate_wide_neck_uneven_bursty/map_assets/coordinate_frame.json	MOVE		none	One-level Alternative-A root collapse; content must remain byte-identical.
flyff_farming_simulator/synthetic_curriculum_intermediate_unseen_templates/variants/06_intermediate_wide_neck_uneven_bursty/map_assets/map.json	synthetic_curriculum_intermediate_unseen_templates/variants/06_intermediate_wide_neck_uneven_bursty/map_assets/map.json	tracked	f752609be5a32a010e29677c2bcdbf7f03d15ef0	2e2c6b782dfc1e6d711aec4b2fd021cf9f10e8d68fdb1da559ba4b799b296d99	579	scientific-artifact	synthetic_curriculum_intermediate_unseen_templates/variants/06_intermediate_wide_neck_uneven_bursty/map_assets/map.json	MOVE		none	One-level Alternative-A root collapse; content must remain byte-identical.
flyff_farming_simulator/synthetic_curriculum_intermediate_unseen_templates/variants/06_intermediate_wide_neck_uneven_bursty/map_assets/occupancy.npy	synthetic_curriculum_intermediate_unseen_templates/variants/06_intermediate_wide_neck_uneven_bursty/map_assets/occupancy.npy	tracked	7afb2015d4170a23ec9ce38e3a7154821c76226b	447051fee68dff5529827d9ee37f39687c6d0bfc16586e53568b5a66244f6e6f	46784	scientific-artifact	synthetic_curriculum_intermediate_unseen_templates/variants/06_intermediate_wide_neck_uneven_bursty/map_assets/occupancy.npy	MOVE		none	One-level Alternative-A root collapse; content must remain byte-identical.
flyff_farming_simulator/synthetic_curriculum_intermediate_unseen_templates/variants/06_intermediate_wide_neck_uneven_bursty/world.json.gz	synthetic_curriculum_intermediate_unseen_templates/variants/06_intermediate_wide_neck_uneven_bursty/world.json.gz	tracked	b6979a9c00393a85a39e8617f53074eedff0f771	bcb41da3de970bfed8dd5e0d8d0a2d3a6e49c483749a26e5cc0c1a5524c6e467	30711	simulator-source	synthetic_curriculum_intermediate_unseen_templates/variants/06_intermediate_wide_neck_uneven_bursty/world.json.gz	MOVE		none	One-level Alternative-A root collapse; content must remain byte-identical.
flyff_farming_simulator/synthetic_curriculum_intermediate_unseen_templates/variants/07_intermediate_open_center_typical_typical/map_assets/coordinate_frame.json	synthetic_curriculum_intermediate_unseen_templates/variants/07_intermediate_open_center_typical_typical/map_assets/coordinate_frame.json	tracked	64529ba558428ad753e34e011b72712de2a47460	597d0050861ff15776667fd86ea79a190bb7da3e4a324f609dd24d1697c3bee7	87	scientific-artifact	synthetic_curriculum_intermediate_unseen_templates/variants/07_intermediate_open_center_typical_typical/map_assets/coordinate_frame.json	MOVE		none	One-level Alternative-A root collapse; content must remain byte-identical.
flyff_farming_simulator/synthetic_curriculum_intermediate_unseen_templates/variants/07_intermediate_open_center_typical_typical/map_assets/map.json	synthetic_curriculum_intermediate_unseen_templates/variants/07_intermediate_open_center_typical_typical/map_assets/map.json	tracked	b21d58c82e14a686b39d5053bb28456d2fd002e5	2e5ad5270a83b11f9c2d6cb21e7d633ddade5c8b476cbf64fc1ba0a828645df4	586	scientific-artifact	synthetic_curriculum_intermediate_unseen_templates/variants/07_intermediate_open_center_typical_typical/map_assets/map.json	MOVE		none	One-level Alternative-A root collapse; content must remain byte-identical.
flyff_farming_simulator/synthetic_curriculum_intermediate_unseen_templates/variants/07_intermediate_open_center_typical_typical/map_assets/occupancy.npy	synthetic_curriculum_intermediate_unseen_templates/variants/07_intermediate_open_center_typical_typical/map_assets/occupancy.npy	tracked	ce8dc8eaa1dc6623448149319a334bdf905eb694	4d56edab47bb35063c6648b0c263e773d8f118215fa862f2d564850c7b81cc44	36992	scientific-artifact	synthetic_curriculum_intermediate_unseen_templates/variants/07_intermediate_open_center_typical_typical/map_assets/occupancy.npy	MOVE		none	One-level Alternative-A root collapse; content must remain byte-identical.
flyff_farming_simulator/synthetic_curriculum_intermediate_unseen_templates/variants/07_intermediate_open_center_typical_typical/world.json.gz	synthetic_curriculum_intermediate_unseen_templates/variants/07_intermediate_open_center_typical_typical/world.json.gz	tracked	5627cf74ffd5820f19f859347221faf2d11c8d40	cc6a711c07c25d7af97b677bf191713d055a11406ad1d67e3e5eade249f4689e	33275	simulator-source	synthetic_curriculum_intermediate_unseen_templates/variants/07_intermediate_open_center_typical_typical/world.json.gz	MOVE		none	One-level Alternative-A root collapse; content must remain byte-identical.
flyff_farming_simulator/synthetic_curriculum_intermediate_unseen_templates/variants/08_intermediate_open_center_uneven_bursty/map_assets/coordinate_frame.json	synthetic_curriculum_intermediate_unseen_templates/variants/08_intermediate_open_center_uneven_bursty/map_assets/coordinate_frame.json	tracked	64529ba558428ad753e34e011b72712de2a47460	597d0050861ff15776667fd86ea79a190bb7da3e4a324f609dd24d1697c3bee7	87	scientific-artifact	synthetic_curriculum_intermediate_unseen_templates/variants/08_intermediate_open_center_uneven_bursty/map_assets/coordinate_frame.json	MOVE		none	One-level Alternative-A root collapse; content must remain byte-identical.
flyff_farming_simulator/synthetic_curriculum_intermediate_unseen_templates/variants/08_intermediate_open_center_uneven_bursty/map_assets/map.json	synthetic_curriculum_intermediate_unseen_templates/variants/08_intermediate_open_center_uneven_bursty/map_assets/map.json	tracked	3c80e114f28d4d90312644df044a6106cb1d96d0	d23f5f8a40075f8976bf668eba193fe54b3dd47f9378ea87172d2c668fbf48d0	582	scientific-artifact	synthetic_curriculum_intermediate_unseen_templates/variants/08_intermediate_open_center_uneven_bursty/map_assets/map.json	MOVE		none	One-level Alternative-A root collapse; content must remain byte-identical.
flyff_farming_simulator/synthetic_curriculum_intermediate_unseen_templates/variants/08_intermediate_open_center_uneven_bursty/map_assets/occupancy.npy	synthetic_curriculum_intermediate_unseen_templates/variants/08_intermediate_open_center_uneven_bursty/map_assets/occupancy.npy	tracked	d481aaf6207f610ef92e07f37e8c0f36f8e92d57	baafd2aa0a18d6c43a7e8b63857052c5f55ac9f4f25baf8d8573ec68dad25583	49412	scientific-artifact	synthetic_curriculum_intermediate_unseen_templates/variants/08_intermediate_open_center_uneven_bursty/map_assets/occupancy.npy	MOVE		none	One-level Alternative-A root collapse; content must remain byte-identical.
flyff_farming_simulator/synthetic_curriculum_intermediate_unseen_templates/variants/08_intermediate_open_center_uneven_bursty/world.json.gz	synthetic_curriculum_intermediate_unseen_templates/variants/08_intermediate_open_center_uneven_bursty/world.json.gz	tracked	9914b853245e1df85d142b57eb54d0b67723dda5	37b5e841178e6e219de7aff5f03a9d1d7ba11b2b957a47e59fee4aced3e0c893	29929	simulator-source	synthetic_curriculum_intermediate_unseen_templates/variants/08_intermediate_open_center_uneven_bursty/world.json.gz	MOVE		none	One-level Alternative-A root collapse; content must remain byte-identical.
flyff_farming_simulator/synthetic_curriculum_navigation_calibration/curriculum.json	synthetic_curriculum_navigation_calibration/curriculum.json	tracked	771fbd075ae7600276ffccea23abc662dcbd549c	1db10d4aaab5a049c066b94f9a0f6749b36258dfadafda9d9ab9a220e0af827d	6605	development-tool	synthetic_curriculum_navigation_calibration/curriculum.json	MOVE		none	One-level Alternative-A root collapse; content must remain byte-identical.
flyff_farming_simulator/synthetic_curriculum_navigation_calibration/variants/01_early_open_field_typical_fast/map_assets/coordinate_frame.json	synthetic_curriculum_navigation_calibration/variants/01_early_open_field_typical_fast/map_assets/coordinate_frame.json	tracked	64529ba558428ad753e34e011b72712de2a47460	597d0050861ff15776667fd86ea79a190bb7da3e4a324f609dd24d1697c3bee7	87	scientific-artifact	synthetic_curriculum_navigation_calibration/variants/01_early_open_field_typical_fast/map_assets/coordinate_frame.json	MOVE		none	One-level Alternative-A root collapse; content must remain byte-identical.
flyff_farming_simulator/synthetic_curriculum_navigation_calibration/variants/01_early_open_field_typical_fast/map_assets/map.json	synthetic_curriculum_navigation_calibration/variants/01_early_open_field_typical_fast/map_assets/map.json	tracked	45e66194e932a1a9a84de974ac124ee83ad41713	e9e0068a63173476f6178ddd528dc6749aa4fa1939cdec827761e1dbde9d37f7	578	scientific-artifact	synthetic_curriculum_navigation_calibration/variants/01_early_open_field_typical_fast/map_assets/map.json	MOVE		none	One-level Alternative-A root collapse; content must remain byte-identical.
flyff_farming_simulator/synthetic_curriculum_navigation_calibration/variants/01_early_open_field_typical_fast/map_assets/occupancy.npy	synthetic_curriculum_navigation_calibration/variants/01_early_open_field_typical_fast/map_assets/occupancy.npy	tracked	da5e5041aa45e57407831c2a584d9cf35051caef	09a0db48e87af4a8c935a24d5a40997bebe0798be8c49aa70388779ba37a73ec	38937	scientific-artifact	synthetic_curriculum_navigation_calibration/variants/01_early_open_field_typical_fast/map_assets/occupancy.npy	MOVE		none	One-level Alternative-A root collapse; content must remain byte-identical.
flyff_farming_simulator/synthetic_curriculum_navigation_calibration/variants/01_early_open_field_typical_fast/world.json.gz	synthetic_curriculum_navigation_calibration/variants/01_early_open_field_typical_fast/world.json.gz	tracked	412bec0e656cf052ca298fbad4f5c3e8dff31e58	af2d5ba6b05f9c2e88a9d80cae748b2a3dc44427668f01ef1203ebdf7af5fa4d	29664	development-tool	synthetic_curriculum_navigation_calibration/variants/01_early_open_field_typical_fast/world.json.gz	MOVE		none	One-level Alternative-A root collapse; content must remain byte-identical.
flyff_farming_simulator/synthetic_curriculum_navigation_calibration/variants/02_early_open_field_high_typical/map_assets/coordinate_frame.json	synthetic_curriculum_navigation_calibration/variants/02_early_open_field_high_typical/map_assets/coordinate_frame.json	tracked	64529ba558428ad753e34e011b72712de2a47460	597d0050861ff15776667fd86ea79a190bb7da3e4a324f609dd24d1697c3bee7	87	scientific-artifact	synthetic_curriculum_navigation_calibration/variants/02_early_open_field_high_typical/map_assets/coordinate_frame.json	MOVE		none	One-level Alternative-A root collapse; content must remain byte-identical.
flyff_farming_simulator/synthetic_curriculum_navigation_calibration/variants/02_early_open_field_high_typical/map_assets/map.json	synthetic_curriculum_navigation_calibration/variants/02_early_open_field_high_typical/map_assets/map.json	tracked	f0b6e5a7a04f0e481addf5c9469608e093fc346b	ed9d556c6a54706a8d5c01dac6caa7888c48cb22a247603b68a9da14eeeb207a	580	scientific-artifact	synthetic_curriculum_navigation_calibration/variants/02_early_open_field_high_typical/map_assets/map.json	MOVE		none	One-level Alternative-A root collapse; content must remain byte-identical.
flyff_farming_simulator/synthetic_curriculum_navigation_calibration/variants/02_early_open_field_high_typical/map_assets/occupancy.npy	synthetic_curriculum_navigation_calibration/variants/02_early_open_field_high_typical/map_assets/occupancy.npy	tracked	948dd90d73c127d52ea15c5a465c1abd01da1e26	869e91149f14747ab693850273fa81fb103e0113fa6f9ca145dfc3209839da7f	46784	scientific-artifact	synthetic_curriculum_navigation_calibration/variants/02_early_open_field_high_typical/map_assets/occupancy.npy	MOVE		none	One-level Alternative-A root collapse; content must remain byte-identical.
flyff_farming_simulator/synthetic_curriculum_navigation_calibration/variants/02_early_open_field_high_typical/world.json.gz	synthetic_curriculum_navigation_calibration/variants/02_early_open_field_high_typical/world.json.gz	tracked	6f9224ce88fa44cf93abe8d0e64dcede61ceffbe	0de2b77d752ca155686c75ec28b0cc31346ab96257b9f501e0bc3801e14bc36d	35047	development-tool	synthetic_curriculum_navigation_calibration/variants/02_early_open_field_high_typical/world.json.gz	MOVE		none	One-level Alternative-A root collapse; content must remain byte-identical.
flyff_farming_simulator/synthetic_curriculum_navigation_calibration/variants/03_early_irregular_plain_typical_fast/map_assets/coordinate_frame.json	synthetic_curriculum_navigation_calibration/variants/03_early_irregular_plain_typical_fast/map_assets/coordinate_frame.json	tracked	64529ba558428ad753e34e011b72712de2a47460	597d0050861ff15776667fd86ea79a190bb7da3e4a324f609dd24d1697c3bee7	87	scientific-artifact	synthetic_curriculum_navigation_calibration/variants/03_early_irregular_plain_typical_fast/map_assets/coordinate_frame.json	MOVE		none	One-level Alternative-A root collapse; content must remain byte-identical.
flyff_farming_simulator/synthetic_curriculum_navigation_calibration/variants/03_early_irregular_plain_typical_fast/map_assets/map.json	synthetic_curriculum_navigation_calibration/variants/03_early_irregular_plain_typical_fast/map_assets/map.json	tracked	6c4ffb84f3ebc08f3a742dfc6ec510a72f6134fc	f3d8a7256bc859fe5d37f559417f211cca59808554720c72d66b1a9098e399d2	589	scientific-artifact	synthetic_curriculum_navigation_calibration/variants/03_early_irregular_plain_typical_fast/map_assets/map.json	MOVE		none	One-level Alternative-A root collapse; content must remain byte-identical.
flyff_farming_simulator/synthetic_curriculum_navigation_calibration/variants/03_early_irregular_plain_typical_fast/map_assets/occupancy.npy	synthetic_curriculum_navigation_calibration/variants/03_early_irregular_plain_typical_fast/map_assets/occupancy.npy	tracked	fbd823e95775bffb8676ee1aef32db1b5a525c0d	ff1d262897e20cac458d4b70268455ef6f29b26650f22a60c0fdf4499ee0b0c7	52569	scientific-artifact	synthetic_curriculum_navigation_calibration/variants/03_early_irregular_plain_typical_fast/map_assets/occupancy.npy	MOVE		none	One-level Alternative-A root collapse; content must remain byte-identical.
flyff_farming_simulator/synthetic_curriculum_navigation_calibration/variants/03_early_irregular_plain_typical_fast/world.json.gz	synthetic_curriculum_navigation_calibration/variants/03_early_irregular_plain_typical_fast/world.json.gz	tracked	fc54e25167dfa100474cd62483acc8492a512d24	4e92989506a32f0943a77abc5adb36a383e2405296969c188d6b1e546a56ae82	30375	development-tool	synthetic_curriculum_navigation_calibration/variants/03_early_irregular_plain_typical_fast/world.json.gz	MOVE		none	One-level Alternative-A root collapse; content must remain byte-identical.
flyff_farming_simulator/synthetic_curriculum_navigation_calibration/variants/04_early_irregular_plain_high_typical/map_assets/coordinate_frame.json	synthetic_curriculum_navigation_calibration/variants/04_early_irregular_plain_high_typical/map_assets/coordinate_frame.json	tracked	64529ba558428ad753e34e011b72712de2a47460	597d0050861ff15776667fd86ea79a190bb7da3e4a324f609dd24d1697c3bee7	87	scientific-artifact	synthetic_curriculum_navigation_calibration/variants/04_early_irregular_plain_high_typical/map_assets/coordinate_frame.json	MOVE		none	One-level Alternative-A root collapse; content must remain byte-identical.
flyff_farming_simulator/synthetic_curriculum_navigation_calibration/variants/04_early_irregular_plain_high_typical/map_assets/map.json	synthetic_curriculum_navigation_calibration/variants/04_early_irregular_plain_high_typical/map_assets/map.json	tracked	038cd5f0d698fcaeeec7dc5446c49f34cc91b32f	dc900e8fdac8e7d5a65a391fee77a9cee76b27685aba091c077dc33335c0e5b2	589	scientific-artifact	synthetic_curriculum_navigation_calibration/variants/04_early_irregular_plain_high_typical/map_assets/map.json	MOVE		none	One-level Alternative-A root collapse; content must remain byte-identical.
flyff_farming_simulator/synthetic_curriculum_navigation_calibration/variants/04_early_irregular_plain_high_typical/map_assets/occupancy.npy	synthetic_curriculum_navigation_calibration/variants/04_early_irregular_plain_high_typical/map_assets/occupancy.npy	tracked	cb8ec448f7bf0bab01e2d6399b1c7ea943383f97	c9970f7556422c202da7fefe2a13a0e1be8fea345d1d13175f30c71762f1b0ca	48969	scientific-artifact	synthetic_curriculum_navigation_calibration/variants/04_early_irregular_plain_high_typical/map_assets/occupancy.npy	MOVE		none	One-level Alternative-A root collapse; content must remain byte-identical.
flyff_farming_simulator/synthetic_curriculum_navigation_calibration/variants/04_early_irregular_plain_high_typical/world.json.gz	synthetic_curriculum_navigation_calibration/variants/04_early_irregular_plain_high_typical/world.json.gz	tracked	a683d129340990758501937e2bd0c9a36dae1da1	96407522b97da09bbf6d75812b196673430c1a45f2752a8dacb55ea9fd11673a	37870	development-tool	synthetic_curriculum_navigation_calibration/variants/04_early_irregular_plain_high_typical/world.json.gz	MOVE		none	One-level Alternative-A root collapse; content must remain byte-identical.
flyff_farming_simulator/synthetic_curriculum_navigation_calibration/variants/05_early_broad_lobes_typical_fast/map_assets/coordinate_frame.json	synthetic_curriculum_navigation_calibration/variants/05_early_broad_lobes_typical_fast/map_assets/coordinate_frame.json	tracked	64529ba558428ad753e34e011b72712de2a47460	597d0050861ff15776667fd86ea79a190bb7da3e4a324f609dd24d1697c3bee7	87	scientific-artifact	synthetic_curriculum_navigation_calibration/variants/05_early_broad_lobes_typical_fast/map_assets/coordinate_frame.json	MOVE		none	One-level Alternative-A root collapse; content must remain byte-identical.
flyff_farming_simulator/synthetic_curriculum_navigation_calibration/variants/05_early_broad_lobes_typical_fast/map_assets/map.json	synthetic_curriculum_navigation_calibration/variants/05_early_broad_lobes_typical_fast/map_assets/map.json	tracked	9e6f2d44c1103374f0c2a2621975394e3e8e91bb	53a9efa6c0ea97c25d469617195d563a25f70df967fde6e9a34e929a8531fb24	580	scientific-artifact	synthetic_curriculum_navigation_calibration/variants/05_early_broad_lobes_typical_fast/map_assets/map.json	MOVE		none	One-level Alternative-A root collapse; content must remain byte-identical.
flyff_farming_simulator/synthetic_curriculum_navigation_calibration/variants/05_early_broad_lobes_typical_fast/map_assets/occupancy.npy	synthetic_curriculum_navigation_calibration/variants/05_early_broad_lobes_typical_fast/map_assets/occupancy.npy	tracked	69f267514d0db8133808cf39df5d49042285c78a	8bd309fa3e9b771984de3519ac8e5b972f39bfcbce5aa2309851d3b593491a43	36228	scientific-artifact	synthetic_curriculum_navigation_calibration/variants/05_early_broad_lobes_typical_fast/map_assets/occupancy.npy	MOVE		none	One-level Alternative-A root collapse; content must remain byte-identical.
flyff_farming_simulator/synthetic_curriculum_navigation_calibration/variants/05_early_broad_lobes_typical_fast/world.json.gz	synthetic_curriculum_navigation_calibration/variants/05_early_broad_lobes_typical_fast/world.json.gz	tracked	19c88222549c07167ecaefa27bc3983a107c8817	bb611565cad1760654237de027a074883300e7a1f81a88c102f9e5508c68affb	28884	development-tool	synthetic_curriculum_navigation_calibration/variants/05_early_broad_lobes_typical_fast/world.json.gz	MOVE		none	One-level Alternative-A root collapse; content must remain byte-identical.
flyff_farming_simulator/synthetic_curriculum_navigation_calibration/variants/06_early_broad_lobes_high_typical/map_assets/coordinate_frame.json	synthetic_curriculum_navigation_calibration/variants/06_early_broad_lobes_high_typical/map_assets/coordinate_frame.json	tracked	64529ba558428ad753e34e011b72712de2a47460	597d0050861ff15776667fd86ea79a190bb7da3e4a324f609dd24d1697c3bee7	87	scientific-artifact	synthetic_curriculum_navigation_calibration/variants/06_early_broad_lobes_high_typical/map_assets/coordinate_frame.json	MOVE		none	One-level Alternative-A root collapse; content must remain byte-identical.
flyff_farming_simulator/synthetic_curriculum_navigation_calibration/variants/06_early_broad_lobes_high_typical/map_assets/map.json	synthetic_curriculum_navigation_calibration/variants/06_early_broad_lobes_high_typical/map_assets/map.json	tracked	96de013af7201e5174c5effd27d8106f52800b7c	a65855025f44d038a08dce2b679067c27097d1cdce14c4dff04caa108612c288	582	scientific-artifact	synthetic_curriculum_navigation_calibration/variants/06_early_broad_lobes_high_typical/map_assets/map.json	MOVE		none	One-level Alternative-A root collapse; content must remain byte-identical.
flyff_farming_simulator/synthetic_curriculum_navigation_calibration/variants/06_early_broad_lobes_high_typical/map_assets/occupancy.npy	synthetic_curriculum_navigation_calibration/variants/06_early_broad_lobes_high_typical/map_assets/occupancy.npy	tracked	5c1de63957d62053131859833b097a4fdfaa1df7	3479712db4594c0f73a475c58ed1e55ac565d0d98623a330354944fd52062dfc	53028	scientific-artifact	synthetic_curriculum_navigation_calibration/variants/06_early_broad_lobes_high_typical/map_assets/occupancy.npy	MOVE		none	One-level Alternative-A root collapse; content must remain byte-identical.
flyff_farming_simulator/synthetic_curriculum_navigation_calibration/variants/06_early_broad_lobes_high_typical/world.json.gz	synthetic_curriculum_navigation_calibration/variants/06_early_broad_lobes_high_typical/world.json.gz	tracked	5c24bf4b09152c49238548bf3e9e41dad5e6d05a	9ee0515d0c4809fbf29a243e04f517c7f858f8bbf0084178a607e3a59785fd33	38331	development-tool	synthetic_curriculum_navigation_calibration/variants/06_early_broad_lobes_high_typical/world.json.gz	MOVE		none	One-level Alternative-A root collapse; content must remain byte-identical.
flyff_farming_simulator/synthetic_curriculum_navigation_calibration/variants/07_early_wide_neck_typical_fast/map_assets/coordinate_frame.json	synthetic_curriculum_navigation_calibration/variants/07_early_wide_neck_typical_fast/map_assets/coordinate_frame.json	tracked	64529ba558428ad753e34e011b72712de2a47460	597d0050861ff15776667fd86ea79a190bb7da3e4a324f609dd24d1697c3bee7	87	scientific-artifact	synthetic_curriculum_navigation_calibration/variants/07_early_wide_neck_typical_fast/map_assets/coordinate_frame.json	MOVE		none	One-level Alternative-A root collapse; content must remain byte-identical.
flyff_farming_simulator/synthetic_curriculum_navigation_calibration/variants/07_early_wide_neck_typical_fast/map_assets/map.json	synthetic_curriculum_navigation_calibration/variants/07_early_wide_neck_typical_fast/map_assets/map.json	tracked	8a66222c2864da1074de7865082999ed4b905cf4	3eff3bdf12054acf40c15bacba7944998f25724a09fa9af5601d57c71a28ccb7	577	scientific-artifact	synthetic_curriculum_navigation_calibration/variants/07_early_wide_neck_typical_fast/map_assets/map.json	MOVE		none	One-level Alternative-A root collapse; content must remain byte-identical.
flyff_farming_simulator/synthetic_curriculum_navigation_calibration/variants/07_early_wide_neck_typical_fast/map_assets/occupancy.npy	synthetic_curriculum_navigation_calibration/variants/07_early_wide_neck_typical_fast/map_assets/occupancy.npy	tracked	77203b4d010555a4940bcf5e087c466b52e76f5d	4ba800b90ee89d4a15462c08837683f1dd3fe11c67de11ecfeb9aa3ee120b9a8	46784	scientific-artifact	synthetic_curriculum_navigation_calibration/variants/07_early_wide_neck_typical_fast/map_assets/occupancy.npy	MOVE		none	One-level Alternative-A root collapse; content must remain byte-identical.
flyff_farming_simulator/synthetic_curriculum_navigation_calibration/variants/07_early_wide_neck_typical_fast/world.json.gz	synthetic_curriculum_navigation_calibration/variants/07_early_wide_neck_typical_fast/world.json.gz	tracked	934de7f07ddb3c7f9047b407b16f5efcdb65bc72	ebdeb745b5fba379b8dcafe6f1955e28182ec41bdfa16b5695429b3f3be5c729	30524	development-tool	synthetic_curriculum_navigation_calibration/variants/07_early_wide_neck_typical_fast/world.json.gz	MOVE		none	One-level Alternative-A root collapse; content must remain byte-identical.
flyff_farming_simulator/synthetic_curriculum_navigation_calibration/variants/08_early_wide_neck_high_typical/map_assets/coordinate_frame.json	synthetic_curriculum_navigation_calibration/variants/08_early_wide_neck_high_typical/map_assets/coordinate_frame.json	tracked	64529ba558428ad753e34e011b72712de2a47460	597d0050861ff15776667fd86ea79a190bb7da3e4a324f609dd24d1697c3bee7	87	scientific-artifact	synthetic_curriculum_navigation_calibration/variants/08_early_wide_neck_high_typical/map_assets/coordinate_frame.json	MOVE		none	One-level Alternative-A root collapse; content must remain byte-identical.
flyff_farming_simulator/synthetic_curriculum_navigation_calibration/variants/08_early_wide_neck_high_typical/map_assets/map.json	synthetic_curriculum_navigation_calibration/variants/08_early_wide_neck_high_typical/map_assets/map.json	tracked	1a4dfc933d1d27f4445dce86098218a836e68327	d307781110463de565aa0e9ad45e981e212e0158c2538935fe8d4b861f9650d3	575	scientific-artifact	synthetic_curriculum_navigation_calibration/variants/08_early_wide_neck_high_typical/map_assets/map.json	MOVE		none	One-level Alternative-A root collapse; content must remain byte-identical.
flyff_farming_simulator/synthetic_curriculum_navigation_calibration/variants/08_early_wide_neck_high_typical/map_assets/occupancy.npy	synthetic_curriculum_navigation_calibration/variants/08_early_wide_neck_high_typical/map_assets/occupancy.npy	tracked	6bcb0a63af3cd4115ca0887f28d7e72f39f14ced	ac843673e0af49e33434e0be82e25afb15f73099a9a3ceecf1d1bcd469a57c63	37764	scientific-artifact	synthetic_curriculum_navigation_calibration/variants/08_early_wide_neck_high_typical/map_assets/occupancy.npy	MOVE		none	One-level Alternative-A root collapse; content must remain byte-identical.
flyff_farming_simulator/synthetic_curriculum_navigation_calibration/variants/08_early_wide_neck_high_typical/world.json.gz	synthetic_curriculum_navigation_calibration/variants/08_early_wide_neck_high_typical/world.json.gz	tracked	aec4c07d49deb26bdf6c47381f66ddf0192d7413	6b720caca6f0e66fd6f13ce3a49de90df2f4390d70dba4e3945ae8ec490b4197	36323	development-tool	synthetic_curriculum_navigation_calibration/variants/08_early_wide_neck_high_typical/world.json.gz	MOVE		none	One-level Alternative-A root collapse; content must remain byte-identical.
flyff_farming_simulator/synthetic_curriculum_navigation_calibration/variants/09_early_split_field_typical_fast/map_assets/coordinate_frame.json	synthetic_curriculum_navigation_calibration/variants/09_early_split_field_typical_fast/map_assets/coordinate_frame.json	tracked	64529ba558428ad753e34e011b72712de2a47460	597d0050861ff15776667fd86ea79a190bb7da3e4a324f609dd24d1697c3bee7	87	scientific-artifact	synthetic_curriculum_navigation_calibration/variants/09_early_split_field_typical_fast/map_assets/coordinate_frame.json	MOVE		none	One-level Alternative-A root collapse; content must remain byte-identical.
flyff_farming_simulator/synthetic_curriculum_navigation_calibration/variants/09_early_split_field_typical_fast/map_assets/map.json	synthetic_curriculum_navigation_calibration/variants/09_early_split_field_typical_fast/map_assets/map.json	tracked	8c79cce763da5c4920623f911a828553bbe6c729	38fdc03e155fbe7b44b7c94bd0fb5d23d7506a71ed5f8ac4db12aa0e09baf28e	581	scientific-artifact	synthetic_curriculum_navigation_calibration/variants/09_early_split_field_typical_fast/map_assets/map.json	MOVE		none	One-level Alternative-A root collapse; content must remain byte-identical.
flyff_farming_simulator/synthetic_curriculum_navigation_calibration/variants/09_early_split_field_typical_fast/map_assets/occupancy.npy	synthetic_curriculum_navigation_calibration/variants/09_early_split_field_typical_fast/map_assets/occupancy.npy	tracked	7b252a526fe0a44bde7b3f084a7104a6d66e0522	8fe34acb484628b4c4a8b1041dfda0ac13f17a7bf03948a76b025fc597abf7b9	47652	scientific-artifact	synthetic_curriculum_navigation_calibration/variants/09_early_split_field_typical_fast/map_assets/occupancy.npy	MOVE		none	One-level Alternative-A root collapse; content must remain byte-identical.
flyff_farming_simulator/synthetic_curriculum_navigation_calibration/variants/09_early_split_field_typical_fast/world.json.gz	synthetic_curriculum_navigation_calibration/variants/09_early_split_field_typical_fast/world.json.gz	tracked	41c9ea2824ef409f35b39975be48c839d4e7d6e6	c718eed09ba953771726ec305cdaedb63d203c5588d78789753a01c7c4583583	32198	development-tool	synthetic_curriculum_navigation_calibration/variants/09_early_split_field_typical_fast/world.json.gz	MOVE		none	One-level Alternative-A root collapse; content must remain byte-identical.
flyff_farming_simulator/synthetic_curriculum_navigation_calibration/variants/10_early_split_field_high_typical/map_assets/coordinate_frame.json	synthetic_curriculum_navigation_calibration/variants/10_early_split_field_high_typical/map_assets/coordinate_frame.json	tracked	64529ba558428ad753e34e011b72712de2a47460	597d0050861ff15776667fd86ea79a190bb7da3e4a324f609dd24d1697c3bee7	87	scientific-artifact	synthetic_curriculum_navigation_calibration/variants/10_early_split_field_high_typical/map_assets/coordinate_frame.json	MOVE		none	One-level Alternative-A root collapse; content must remain byte-identical.
flyff_farming_simulator/synthetic_curriculum_navigation_calibration/variants/10_early_split_field_high_typical/map_assets/map.json	synthetic_curriculum_navigation_calibration/variants/10_early_split_field_high_typical/map_assets/map.json	tracked	517c4b54eec4684d6d82a85dd38e80a7e1adca0c	9ee6b65789949d33db36fadf26b7a7f5a60b22e2189d438999f7554b2dc80a5a	581	scientific-artifact	synthetic_curriculum_navigation_calibration/variants/10_early_split_field_high_typical/map_assets/map.json	MOVE		none	One-level Alternative-A root collapse; content must remain byte-identical.
flyff_farming_simulator/synthetic_curriculum_navigation_calibration/variants/10_early_split_field_high_typical/map_assets/occupancy.npy	synthetic_curriculum_navigation_calibration/variants/10_early_split_field_high_typical/map_assets/occupancy.npy	tracked	4288c282388bded1859a7b15824cbbc0cc5e87b3	57594f5f7af7bbe6e01be113490c1a6af54718fe7ca9c2350a8563fc510e6f0b	45924	scientific-artifact	synthetic_curriculum_navigation_calibration/variants/10_early_split_field_high_typical/map_assets/occupancy.npy	MOVE		none	One-level Alternative-A root collapse; content must remain byte-identical.
flyff_farming_simulator/synthetic_curriculum_navigation_calibration/variants/10_early_split_field_high_typical/world.json.gz	synthetic_curriculum_navigation_calibration/variants/10_early_split_field_high_typical/world.json.gz	tracked	0ffc864116de85fb06fe5db7fc0fa56fd7ee406a	020a65a43b68794422501da4216fcb518d10d53901b99dd3cdf7a341f0bb98e8	39115	development-tool	synthetic_curriculum_navigation_calibration/variants/10_early_split_field_high_typical/world.json.gz	MOVE		none	One-level Alternative-A root collapse; content must remain byte-identical.
flyff_farming_simulator/synthetic_curriculum_navigation_calibration/variants/11_early_open_center_typical_fast/map_assets/coordinate_frame.json	synthetic_curriculum_navigation_calibration/variants/11_early_open_center_typical_fast/map_assets/coordinate_frame.json	tracked	64529ba558428ad753e34e011b72712de2a47460	597d0050861ff15776667fd86ea79a190bb7da3e4a324f609dd24d1697c3bee7	87	scientific-artifact	synthetic_curriculum_navigation_calibration/variants/11_early_open_center_typical_fast/map_assets/coordinate_frame.json	MOVE		none	One-level Alternative-A root collapse; content must remain byte-identical.
flyff_farming_simulator/synthetic_curriculum_navigation_calibration/variants/11_early_open_center_typical_fast/map_assets/map.json	synthetic_curriculum_navigation_calibration/variants/11_early_open_center_typical_fast/map_assets/map.json	tracked	df0c432cce151af52e63d12cf1698ed554ebb0ac	23ab617cfa3bae8553fb1a31c8407f4eee9a74e2d3cc9061e2ba2e6a78af1cbf	581	scientific-artifact	synthetic_curriculum_navigation_calibration/variants/11_early_open_center_typical_fast/map_assets/map.json	MOVE		none	One-level Alternative-A root collapse; content must remain byte-identical.
flyff_farming_simulator/synthetic_curriculum_navigation_calibration/variants/11_early_open_center_typical_fast/map_assets/occupancy.npy	synthetic_curriculum_navigation_calibration/variants/11_early_open_center_typical_fast/map_assets/occupancy.npy	tracked	8ace80c0143cb9e7a2658e0c894d85548ac47267	1b07b1ad06668b22190e8868a85ed36befe99e066151e0266532f919e5022b1c	50304	scientific-artifact	synthetic_curriculum_navigation_calibration/variants/11_early_open_center_typical_fast/map_assets/occupancy.npy	MOVE		none	One-level Alternative-A root collapse; content must remain byte-identical.
flyff_farming_simulator/synthetic_curriculum_navigation_calibration/variants/11_early_open_center_typical_fast/world.json.gz	synthetic_curriculum_navigation_calibration/variants/11_early_open_center_typical_fast/world.json.gz	tracked	615d5debb5430cde312d5e751fbc1101e5e9490c	d738b720a9c02d2a91db51f97c5dd58511cde26a83495e498978dfa5539879e1	32319	development-tool	synthetic_curriculum_navigation_calibration/variants/11_early_open_center_typical_fast/world.json.gz	MOVE		none	One-level Alternative-A root collapse; content must remain byte-identical.
flyff_farming_simulator/synthetic_curriculum_navigation_calibration/variants/12_early_open_center_high_typical/map_assets/coordinate_frame.json	synthetic_curriculum_navigation_calibration/variants/12_early_open_center_high_typical/map_assets/coordinate_frame.json	tracked	64529ba558428ad753e34e011b72712de2a47460	597d0050861ff15776667fd86ea79a190bb7da3e4a324f609dd24d1697c3bee7	87	scientific-artifact	synthetic_curriculum_navigation_calibration/variants/12_early_open_center_high_typical/map_assets/coordinate_frame.json	MOVE		none	One-level Alternative-A root collapse; content must remain byte-identical.
flyff_farming_simulator/synthetic_curriculum_navigation_calibration/variants/12_early_open_center_high_typical/map_assets/map.json	synthetic_curriculum_navigation_calibration/variants/12_early_open_center_high_typical/map_assets/map.json	tracked	286f18b5f405efff8ef7ac04ba2b26563086b780	cf46e171bcc95867447bc0fd5a66fcaa8404e407a5f934162dc1d07298661070	580	scientific-artifact	synthetic_curriculum_navigation_calibration/variants/12_early_open_center_high_typical/map_assets/map.json	MOVE		none	One-level Alternative-A root collapse; content must remain byte-identical.
flyff_farming_simulator/synthetic_curriculum_navigation_calibration/variants/12_early_open_center_high_typical/map_assets/occupancy.npy	synthetic_curriculum_navigation_calibration/variants/12_early_open_center_high_typical/map_assets/occupancy.npy	tracked	1c37e02bf7a4406c10ececa3486d14dbb680cb94	27c0e0677cf93574709d735de0e5d1956fdd945024680045cabb938019af3f9d	36228	scientific-artifact	synthetic_curriculum_navigation_calibration/variants/12_early_open_center_high_typical/map_assets/occupancy.npy	MOVE		none	One-level Alternative-A root collapse; content must remain byte-identical.
flyff_farming_simulator/synthetic_curriculum_navigation_calibration/variants/12_early_open_center_high_typical/world.json.gz	synthetic_curriculum_navigation_calibration/variants/12_early_open_center_high_typical/world.json.gz	tracked	abc5ca62a4d30c105bcd9caeac8b34d2170c833b	94b6078df405f7bdafb410121708bf329b7a0860e05f0f0e7db3ee44c4e532ea	36328	development-tool	synthetic_curriculum_navigation_calibration/variants/12_early_open_center_high_typical/world.json.gz	MOVE		none	One-level Alternative-A root collapse; content must remain byte-identical.
flyff_farming_simulator/synthetic_curriculum_oracle_fresh_confirmation/curriculum.json	synthetic_curriculum_oracle_fresh_confirmation/curriculum.json	tracked	173465be69437386d9f525b221f9d1ec15bb6774	56b03423f3aa68423375c9cafe66661c65c694accf324bc0a9bf82736c1bd185	6610	config	synthetic_curriculum_oracle_fresh_confirmation/curriculum.json	MOVE		none	One-level Alternative-A root collapse; content must remain byte-identical.
flyff_farming_simulator/synthetic_curriculum_oracle_fresh_confirmation/variants/01_early_open_field_typical_fast/map_assets/coordinate_frame.json	synthetic_curriculum_oracle_fresh_confirmation/variants/01_early_open_field_typical_fast/map_assets/coordinate_frame.json	tracked	64529ba558428ad753e34e011b72712de2a47460	597d0050861ff15776667fd86ea79a190bb7da3e4a324f609dd24d1697c3bee7	87	scientific-artifact	synthetic_curriculum_oracle_fresh_confirmation/variants/01_early_open_field_typical_fast/map_assets/coordinate_frame.json	MOVE		none	One-level Alternative-A root collapse; content must remain byte-identical.
flyff_farming_simulator/synthetic_curriculum_oracle_fresh_confirmation/variants/01_early_open_field_typical_fast/map_assets/map.json	synthetic_curriculum_oracle_fresh_confirmation/variants/01_early_open_field_typical_fast/map_assets/map.json	tracked	9b3413a62ba4d468dd2f6aa1999f0b4ba5122a84	61ec9f0587aa95367d2339c49cda8bf2bf89b448764e7257ddf672c5ab1b9f7b	564	scientific-artifact	synthetic_curriculum_oracle_fresh_confirmation/variants/01_early_open_field_typical_fast/map_assets/map.json	MOVE		none	One-level Alternative-A root collapse; content must remain byte-identical.
flyff_farming_simulator/synthetic_curriculum_oracle_fresh_confirmation/variants/01_early_open_field_typical_fast/map_assets/occupancy.npy	synthetic_curriculum_oracle_fresh_confirmation/variants/01_early_open_field_typical_fast/map_assets/occupancy.npy	tracked	868c7cfdc3ee8d3e13f55e9cd378266eeb2ef032	6b3973e8f84b531a4cf5079c221d45127e6f6118dbc7bd42c9a9e2f4bfe362df	39729	scientific-artifact	synthetic_curriculum_oracle_fresh_confirmation/variants/01_early_open_field_typical_fast/map_assets/occupancy.npy	MOVE		none	One-level Alternative-A root collapse; content must remain byte-identical.
flyff_farming_simulator/synthetic_curriculum_oracle_fresh_confirmation/variants/01_early_open_field_typical_fast/world.json.gz	synthetic_curriculum_oracle_fresh_confirmation/variants/01_early_open_field_typical_fast/world.json.gz	tracked	1f6d4b8d200dc996b61631af009865a036768d1b	2f70309a805cf8f9c90da4ea02e21dd56a451be33d764c7447c1f760cb301b8b	29530	simulator-source	synthetic_curriculum_oracle_fresh_confirmation/variants/01_early_open_field_typical_fast/world.json.gz	MOVE		none	One-level Alternative-A root collapse; content must remain byte-identical.
flyff_farming_simulator/synthetic_curriculum_oracle_fresh_confirmation/variants/02_early_open_field_high_bursty/map_assets/coordinate_frame.json	synthetic_curriculum_oracle_fresh_confirmation/variants/02_early_open_field_high_bursty/map_assets/coordinate_frame.json	tracked	64529ba558428ad753e34e011b72712de2a47460	597d0050861ff15776667fd86ea79a190bb7da3e4a324f609dd24d1697c3bee7	87	scientific-artifact	synthetic_curriculum_oracle_fresh_confirmation/variants/02_early_open_field_high_bursty/map_assets/coordinate_frame.json	MOVE		none	One-level Alternative-A root collapse; content must remain byte-identical.
flyff_farming_simulator/synthetic_curriculum_oracle_fresh_confirmation/variants/02_early_open_field_high_bursty/map_assets/map.json	synthetic_curriculum_oracle_fresh_confirmation/variants/02_early_open_field_high_bursty/map_assets/map.json	tracked	91dd8dbd81dcff3c1486c622037148c38de888a3	c46533f85269f0b8cf037f818c99c2f52e9ad11d8c0644f910c9f27f68c254f0	563	scientific-artifact	synthetic_curriculum_oracle_fresh_confirmation/variants/02_early_open_field_high_bursty/map_assets/map.json	MOVE		none	One-level Alternative-A root collapse; content must remain byte-identical.
flyff_farming_simulator/synthetic_curriculum_oracle_fresh_confirmation/variants/02_early_open_field_high_bursty/map_assets/occupancy.npy	synthetic_curriculum_oracle_fresh_confirmation/variants/02_early_open_field_high_bursty/map_assets/occupancy.npy	tracked	18ca49fa1b5a5f94974ee2d64eb7ebc4504e1cf5	e54afb1fabc08ab362ce3891229b8e7a1a53239da29eb05e988ba58374cff00a	36228	scientific-artifact	synthetic_curriculum_oracle_fresh_confirmation/variants/02_early_open_field_high_bursty/map_assets/occupancy.npy	MOVE		none	One-level Alternative-A root collapse; content must remain byte-identical.
flyff_farming_simulator/synthetic_curriculum_oracle_fresh_confirmation/variants/02_early_open_field_high_bursty/world.json.gz	synthetic_curriculum_oracle_fresh_confirmation/variants/02_early_open_field_high_bursty/world.json.gz	tracked	9ab65ede18ca2f34842abecf675408266df4077e	ce8825ba8f23b6116374f8f115c329c8eb338c04d3a935210394354bc25f1aba	36784	simulator-source	synthetic_curriculum_oracle_fresh_confirmation/variants/02_early_open_field_high_bursty/world.json.gz	MOVE		none	One-level Alternative-A root collapse; content must remain byte-identical.
flyff_farming_simulator/synthetic_curriculum_oracle_fresh_confirmation/variants/03_early_irregular_plain_typical_fast/map_assets/coordinate_frame.json	synthetic_curriculum_oracle_fresh_confirmation/variants/03_early_irregular_plain_typical_fast/map_assets/coordinate_frame.json	tracked	64529ba558428ad753e34e011b72712de2a47460	597d0050861ff15776667fd86ea79a190bb7da3e4a324f609dd24d1697c3bee7	87	scientific-artifact	synthetic_curriculum_oracle_fresh_confirmation/variants/03_early_irregular_plain_typical_fast/map_assets/coordinate_frame.json	MOVE		none	One-level Alternative-A root collapse; content must remain byte-identical.
flyff_farming_simulator/synthetic_curriculum_oracle_fresh_confirmation/variants/03_early_irregular_plain_typical_fast/map_assets/map.json	synthetic_curriculum_oracle_fresh_confirmation/variants/03_early_irregular_plain_typical_fast/map_assets/map.json	tracked	babd2aae456f8be48a1d7db10d1119132c279299	7e295b45911ae545ecd0b366863d514a611008a6a68615537c565c79934c1855	575	scientific-artifact	synthetic_curriculum_oracle_fresh_confirmation/variants/03_early_irregular_plain_typical_fast/map_assets/map.json	MOVE		none	One-level Alternative-A root collapse; content must remain byte-identical.
flyff_farming_simulator/synthetic_curriculum_oracle_fresh_confirmation/variants/03_early_irregular_plain_typical_fast/map_assets/occupancy.npy	synthetic_curriculum_oracle_fresh_confirmation/variants/03_early_irregular_plain_typical_fast/map_assets/occupancy.npy	tracked	ba941cd72629ffbcdca1f116d9032c0751e1e979	24cc1e11296598ad6ad48ccd7bb26f29da4018368a2c926535291eac3846188b	50753	scientific-artifact	synthetic_curriculum_oracle_fresh_confirmation/variants/03_early_irregular_plain_typical_fast/map_assets/occupancy.npy	MOVE		none	One-level Alternative-A root collapse; content must remain byte-identical.
flyff_farming_simulator/synthetic_curriculum_oracle_fresh_confirmation/variants/03_early_irregular_plain_typical_fast/world.json.gz	synthetic_curriculum_oracle_fresh_confirmation/variants/03_early_irregular_plain_typical_fast/world.json.gz	tracked	c440dcf438418600c36a8f5c55300385e7d031cf	6a3a13c40e2f908a2b9a4d2c2fb8817ddea7492c938908095d30314c33056011	29479	simulator-source	synthetic_curriculum_oracle_fresh_confirmation/variants/03_early_irregular_plain_typical_fast/world.json.gz	MOVE		none	One-level Alternative-A root collapse; content must remain byte-identical.
flyff_farming_simulator/synthetic_curriculum_oracle_fresh_confirmation/variants/04_early_irregular_plain_high_bursty/map_assets/coordinate_frame.json	synthetic_curriculum_oracle_fresh_confirmation/variants/04_early_irregular_plain_high_bursty/map_assets/coordinate_frame.json	tracked	64529ba558428ad753e34e011b72712de2a47460	597d0050861ff15776667fd86ea79a190bb7da3e4a324f609dd24d1697c3bee7	87	scientific-artifact	synthetic_curriculum_oracle_fresh_confirmation/variants/04_early_irregular_plain_high_bursty/map_assets/coordinate_frame.json	MOVE		none	One-level Alternative-A root collapse; content must remain byte-identical.
flyff_farming_simulator/synthetic_curriculum_oracle_fresh_confirmation/variants/04_early_irregular_plain_high_bursty/map_assets/map.json	synthetic_curriculum_oracle_fresh_confirmation/variants/04_early_irregular_plain_high_bursty/map_assets/map.json	tracked	b792a798a87848ab3dbbdd2a8fcba952346243f4	fe2f0cb6300dad41d7a269f73fa654e49dd1a78153326ca7cb4d7e9c9cb3b3ec	573	scientific-artifact	synthetic_curriculum_oracle_fresh_confirmation/variants/04_early_irregular_plain_high_bursty/map_assets/map.json	MOVE		none	One-level Alternative-A root collapse; content must remain byte-identical.
flyff_farming_simulator/synthetic_curriculum_oracle_fresh_confirmation/variants/04_early_irregular_plain_high_bursty/map_assets/occupancy.npy	synthetic_curriculum_oracle_fresh_confirmation/variants/04_early_irregular_plain_high_bursty/map_assets/occupancy.npy	tracked	8522228dc94219adb3b04e4523d5f5d48986d214	f64eee9fd29786803990b5695c35f543b56e45bcfdd12692f256b69613f2925e	50753	scientific-artifact	synthetic_curriculum_oracle_fresh_confirmation/variants/04_early_irregular_plain_high_bursty/map_assets/occupancy.npy	MOVE		none	One-level Alternative-A root collapse; content must remain byte-identical.
flyff_farming_simulator/synthetic_curriculum_oracle_fresh_confirmation/variants/04_early_irregular_plain_high_bursty/world.json.gz	synthetic_curriculum_oracle_fresh_confirmation/variants/04_early_irregular_plain_high_bursty/world.json.gz	tracked	500f136a4009b18c073916501e5d6e5962bd62c1	cc37362171e01d294cca9ec4f10a702242f1e9a53dd0d669be68fa6e1865f84b	34299	simulator-source	synthetic_curriculum_oracle_fresh_confirmation/variants/04_early_irregular_plain_high_bursty/world.json.gz	MOVE		none	One-level Alternative-A root collapse; content must remain byte-identical.
flyff_farming_simulator/synthetic_curriculum_oracle_fresh_confirmation/variants/05_early_broad_lobes_typical_fast/map_assets/coordinate_frame.json	synthetic_curriculum_oracle_fresh_confirmation/variants/05_early_broad_lobes_typical_fast/map_assets/coordinate_frame.json	tracked	64529ba558428ad753e34e011b72712de2a47460	597d0050861ff15776667fd86ea79a190bb7da3e4a324f609dd24d1697c3bee7	87	scientific-artifact	synthetic_curriculum_oracle_fresh_confirmation/variants/05_early_broad_lobes_typical_fast/map_assets/coordinate_frame.json	MOVE		none	One-level Alternative-A root collapse; content must remain byte-identical.
flyff_farming_simulator/synthetic_curriculum_oracle_fresh_confirmation/variants/05_early_broad_lobes_typical_fast/map_assets/map.json	synthetic_curriculum_oracle_fresh_confirmation/variants/05_early_broad_lobes_typical_fast/map_assets/map.json	tracked	793377e1b62f42e9f4ee44dd4bc61ce761ae415a	df87b4b2df2887c32377855a5f2aa3ef7b0d92ac4bc344c00e841a22c6992f59	566	scientific-artifact	synthetic_curriculum_oracle_fresh_confirmation/variants/05_early_broad_lobes_typical_fast/map_assets/map.json	MOVE		none	One-level Alternative-A root collapse; content must remain byte-identical.
flyff_farming_simulator/synthetic_curriculum_oracle_fresh_confirmation/variants/05_early_broad_lobes_typical_fast/map_assets/occupancy.npy	synthetic_curriculum_oracle_fresh_confirmation/variants/05_early_broad_lobes_typical_fast/map_assets/occupancy.npy	tracked	369b8be9ff622f64a85bd2fcb702935343efc757	bbb79e0a043f72008628d2cf7f20a0c22e90105ec0e7a7bb60731233d5736ecd	45497	scientific-artifact	synthetic_curriculum_oracle_fresh_confirmation/variants/05_early_broad_lobes_typical_fast/map_assets/occupancy.npy	MOVE		none	One-level Alternative-A root collapse; content must remain byte-identical.
flyff_farming_simulator/synthetic_curriculum_oracle_fresh_confirmation/variants/05_early_broad_lobes_typical_fast/world.json.gz	synthetic_curriculum_oracle_fresh_confirmation/variants/05_early_broad_lobes_typical_fast/world.json.gz	tracked	5742eecf6546911083f7650a3dade1b24972e0f7	25e826ae0ecd1aa0d7c417707c45505da6690ac336e9f9c997963ddfbea8fe6a	32391	simulator-source	synthetic_curriculum_oracle_fresh_confirmation/variants/05_early_broad_lobes_typical_fast/world.json.gz	MOVE		none	One-level Alternative-A root collapse; content must remain byte-identical.
flyff_farming_simulator/synthetic_curriculum_oracle_fresh_confirmation/variants/06_early_broad_lobes_high_bursty/map_assets/coordinate_frame.json	synthetic_curriculum_oracle_fresh_confirmation/variants/06_early_broad_lobes_high_bursty/map_assets/coordinate_frame.json	tracked	64529ba558428ad753e34e011b72712de2a47460	597d0050861ff15776667fd86ea79a190bb7da3e4a324f609dd24d1697c3bee7	87	scientific-artifact	synthetic_curriculum_oracle_fresh_confirmation/variants/06_early_broad_lobes_high_bursty/map_assets/coordinate_frame.json	MOVE		none	One-level Alternative-A root collapse; content must remain byte-identical.
flyff_farming_simulator/synthetic_curriculum_oracle_fresh_confirmation/variants/06_early_broad_lobes_high_bursty/map_assets/map.json	synthetic_curriculum_oracle_fresh_confirmation/variants/06_early_broad_lobes_high_bursty/map_assets/map.json	tracked	0005da8304b1369e7253a81dad85bb0665ccde96	6356bdc07e9e4167306f1e8a71e3899825841027543d9049e2798ef587091d8d	554	scientific-artifact	synthetic_curriculum_oracle_fresh_confirmation/variants/06_early_broad_lobes_high_bursty/map_assets/map.json	MOVE		none	One-level Alternative-A root collapse; content must remain byte-identical.
flyff_farming_simulator/synthetic_curriculum_oracle_fresh_confirmation/variants/06_early_broad_lobes_high_bursty/map_assets/occupancy.npy	synthetic_curriculum_oracle_fresh_confirmation/variants/06_early_broad_lobes_high_bursty/map_assets/occupancy.npy	tracked	b11ed8c6027693634c2e9c4d40beb4e8efc26d51	96dbb7fdab14673bfd7256828ae74d6df14e1cc55f1bc63f33f7c2e0988b1ea9	40128	scientific-artifact	synthetic_curriculum_oracle_fresh_confirmation/variants/06_early_broad_lobes_high_bursty/map_assets/occupancy.npy	MOVE		none	One-level Alternative-A root collapse; content must remain byte-identical.
flyff_farming_simulator/synthetic_curriculum_oracle_fresh_confirmation/variants/06_early_broad_lobes_high_bursty/world.json.gz	synthetic_curriculum_oracle_fresh_confirmation/variants/06_early_broad_lobes_high_bursty/world.json.gz	tracked	5ed113b45ff9cb765a21a9728d04b648ace18377	3dbc89146b96c506b7c659f99eb83b333523726f507441435b28ad7efaf00136	36943	simulator-source	synthetic_curriculum_oracle_fresh_confirmation/variants/06_early_broad_lobes_high_bursty/world.json.gz	MOVE		none	One-level Alternative-A root collapse; content must remain byte-identical.
flyff_farming_simulator/synthetic_curriculum_oracle_fresh_confirmation/variants/07_early_split_field_typical_fast/map_assets/coordinate_frame.json	synthetic_curriculum_oracle_fresh_confirmation/variants/07_early_split_field_typical_fast/map_assets/coordinate_frame.json	tracked	64529ba558428ad753e34e011b72712de2a47460	597d0050861ff15776667fd86ea79a190bb7da3e4a324f609dd24d1697c3bee7	87	scientific-artifact	synthetic_curriculum_oracle_fresh_confirmation/variants/07_early_split_field_typical_fast/map_assets/coordinate_frame.json	MOVE		none	One-level Alternative-A root collapse; content must remain byte-identical.
flyff_farming_simulator/synthetic_curriculum_oracle_fresh_confirmation/variants/07_early_split_field_typical_fast/map_assets/map.json	synthetic_curriculum_oracle_fresh_confirmation/variants/07_early_split_field_typical_fast/map_assets/map.json	tracked	b4c0caf2e84ee6a3c3772e3d1a7c7f7338c01ee8	6a66325b507307e0eb76e123ac93c34c4543ee3842d48f9c7c1c9237663e80f5	567	scientific-artifact	synthetic_curriculum_oracle_fresh_confirmation/variants/07_early_split_field_typical_fast/map_assets/map.json	MOVE		none	One-level Alternative-A root collapse; content must remain byte-identical.
flyff_farming_simulator/synthetic_curriculum_oracle_fresh_confirmation/variants/07_early_split_field_typical_fast/map_assets/occupancy.npy	synthetic_curriculum_oracle_fresh_confirmation/variants/07_early_split_field_typical_fast/map_assets/occupancy.npy	tracked	a071e5722d0786b116b1addecba1739b91e03637	52bf4253f77d7ad84b83eb2d65f426501b73f3e5b2183960c2043b5a75fee99a	38544	scientific-artifact	synthetic_curriculum_oracle_fresh_confirmation/variants/07_early_split_field_typical_fast/map_assets/occupancy.npy	MOVE		none	One-level Alternative-A root collapse; content must remain byte-identical.
flyff_farming_simulator/synthetic_curriculum_oracle_fresh_confirmation/variants/07_early_split_field_typical_fast/world.json.gz	synthetic_curriculum_oracle_fresh_confirmation/variants/07_early_split_field_typical_fast/world.json.gz	tracked	c758e11f1a8320ee2c4e777f5898baea94313bc5	2ae8f4bcbb82d4edb063f57d64357a33219306856d0cdb0af04231f310810081	32075	simulator-source	synthetic_curriculum_oracle_fresh_confirmation/variants/07_early_split_field_typical_fast/world.json.gz	MOVE		none	One-level Alternative-A root collapse; content must remain byte-identical.
flyff_farming_simulator/synthetic_curriculum_oracle_fresh_confirmation/variants/08_early_split_field_high_bursty/map_assets/coordinate_frame.json	synthetic_curriculum_oracle_fresh_confirmation/variants/08_early_split_field_high_bursty/map_assets/coordinate_frame.json	tracked	64529ba558428ad753e34e011b72712de2a47460	597d0050861ff15776667fd86ea79a190bb7da3e4a324f609dd24d1697c3bee7	87	scientific-artifact	synthetic_curriculum_oracle_fresh_confirmation/variants/08_early_split_field_high_bursty/map_assets/coordinate_frame.json	MOVE		none	One-level Alternative-A root collapse; content must remain byte-identical.
flyff_farming_simulator/synthetic_curriculum_oracle_fresh_confirmation/variants/08_early_split_field_high_bursty/map_assets/map.json	synthetic_curriculum_oracle_fresh_confirmation/variants/08_early_split_field_high_bursty/map_assets/map.json	tracked	f79cd54c21fd22109abe0f93d890d112c3e34d18	9bb0ec42aa2a728b5e3a43517ffb1874461b180f140b316c44cdaa80817838d0	565	scientific-artifact	synthetic_curriculum_oracle_fresh_confirmation/variants/08_early_split_field_high_bursty/map_assets/map.json	MOVE		none	One-level Alternative-A root collapse; content must remain byte-identical.
flyff_farming_simulator/synthetic_curriculum_oracle_fresh_confirmation/variants/08_early_split_field_high_bursty/map_assets/occupancy.npy	synthetic_curriculum_oracle_fresh_confirmation/variants/08_early_split_field_high_bursty/map_assets/occupancy.npy	tracked	b17990627eaf1d0164036f6b80ae158c28bebd2f	f55658059f6ea6c644ba9156e795d3ed855be86a6f1b7bec621965a39a49c62e	43392	scientific-artifact	synthetic_curriculum_oracle_fresh_confirmation/variants/08_early_split_field_high_bursty/map_assets/occupancy.npy	MOVE		none	One-level Alternative-A root collapse; content must remain byte-identical.
flyff_farming_simulator/synthetic_curriculum_oracle_fresh_confirmation/variants/08_early_split_field_high_bursty/world.json.gz	synthetic_curriculum_oracle_fresh_confirmation/variants/08_early_split_field_high_bursty/world.json.gz	tracked	1c2eeabba0d66e2e5ab1207a2c6d8eba6cf63a61	80709bd1c9788b04eca18087562712597b1f7e229d433daec6bce0b8d1d8ba4c	39834	simulator-source	synthetic_curriculum_oracle_fresh_confirmation/variants/08_early_split_field_high_bursty/world.json.gz	MOVE		none	One-level Alternative-A root collapse; content must remain byte-identical.
flyff_farming_simulator/synthetic_curriculum_oracle_fresh_confirmation/variants/09_early_wide_neck_typical_fast/map_assets/coordinate_frame.json	synthetic_curriculum_oracle_fresh_confirmation/variants/09_early_wide_neck_typical_fast/map_assets/coordinate_frame.json	tracked	64529ba558428ad753e34e011b72712de2a47460	597d0050861ff15776667fd86ea79a190bb7da3e4a324f609dd24d1697c3bee7	87	scientific-artifact	synthetic_curriculum_oracle_fresh_confirmation/variants/09_early_wide_neck_typical_fast/map_assets/coordinate_frame.json	MOVE		none	One-level Alternative-A root collapse; content must remain byte-identical.
flyff_farming_simulator/synthetic_curriculum_oracle_fresh_confirmation/variants/09_early_wide_neck_typical_fast/map_assets/map.json	synthetic_curriculum_oracle_fresh_confirmation/variants/09_early_wide_neck_typical_fast/map_assets/map.json	tracked	a12a711b8c626e9fc80bbcc66b75175de2f21ebe	72ceee8cd8dbd24e0e176d663d0e59247628c5080a0e3b844e5da38816dfef21	562	scientific-artifact	synthetic_curriculum_oracle_fresh_confirmation/variants/09_early_wide_neck_typical_fast/map_assets/map.json	MOVE		none	One-level Alternative-A root collapse; content must remain byte-identical.
flyff_farming_simulator/synthetic_curriculum_oracle_fresh_confirmation/variants/09_early_wide_neck_typical_fast/map_assets/occupancy.npy	synthetic_curriculum_oracle_fresh_confirmation/variants/09_early_wide_neck_typical_fast/map_assets/occupancy.npy	tracked	66377394010db455c54a0382de308dd83c2692a8	2c8a5381e6f1d8b4afea92a8455e26de38b727776fab9a1c9dd867ba852c70ed	40529	scientific-artifact	synthetic_curriculum_oracle_fresh_confirmation/variants/09_early_wide_neck_typical_fast/map_assets/occupancy.npy	MOVE		none	One-level Alternative-A root collapse; content must remain byte-identical.
flyff_farming_simulator/synthetic_curriculum_oracle_fresh_confirmation/variants/09_early_wide_neck_typical_fast/world.json.gz	synthetic_curriculum_oracle_fresh_confirmation/variants/09_early_wide_neck_typical_fast/world.json.gz	tracked	a085458a595e8ed8f439ac664cf9bafeeb339658	297c2be79be9d8224e88ffa98458b789843379d866be67e9e7510d2a3f3ba235	32176	simulator-source	synthetic_curriculum_oracle_fresh_confirmation/variants/09_early_wide_neck_typical_fast/world.json.gz	MOVE		none	One-level Alternative-A root collapse; content must remain byte-identical.
flyff_farming_simulator/synthetic_curriculum_oracle_fresh_confirmation/variants/10_early_wide_neck_high_bursty/map_assets/coordinate_frame.json	synthetic_curriculum_oracle_fresh_confirmation/variants/10_early_wide_neck_high_bursty/map_assets/coordinate_frame.json	tracked	64529ba558428ad753e34e011b72712de2a47460	597d0050861ff15776667fd86ea79a190bb7da3e4a324f609dd24d1697c3bee7	87	scientific-artifact	synthetic_curriculum_oracle_fresh_confirmation/variants/10_early_wide_neck_high_bursty/map_assets/coordinate_frame.json	MOVE		none	One-level Alternative-A root collapse; content must remain byte-identical.
flyff_farming_simulator/synthetic_curriculum_oracle_fresh_confirmation/variants/10_early_wide_neck_high_bursty/map_assets/map.json	synthetic_curriculum_oracle_fresh_confirmation/variants/10_early_wide_neck_high_bursty/map_assets/map.json	tracked	7d9287ef2ee5570204dc2b1bd7b514d4b86d6f8c	7d2f7988a7983cfd3b13d8eedb6f2758b3f40b96bdb2d1a10a0a4160f84d6143	560	scientific-artifact	synthetic_curriculum_oracle_fresh_confirmation/variants/10_early_wide_neck_high_bursty/map_assets/map.json	MOVE		none	One-level Alternative-A root collapse; content must remain byte-identical.
flyff_farming_simulator/synthetic_curriculum_oracle_fresh_confirmation/variants/10_early_wide_neck_high_bursty/map_assets/occupancy.npy	synthetic_curriculum_oracle_fresh_confirmation/variants/10_early_wide_neck_high_bursty/map_assets/occupancy.npy	tracked	da2b8ddd2c60d46fff4eeb43de3e704c433d9b6a	4143686f879b4fb55faf8192b97ead65d128242c5851af68e3c1fdad3ebd3940	47652	scientific-artifact	synthetic_curriculum_oracle_fresh_confirmation/variants/10_early_wide_neck_high_bursty/map_assets/occupancy.npy	MOVE		none	One-level Alternative-A root collapse; content must remain byte-identical.
flyff_farming_simulator/synthetic_curriculum_oracle_fresh_confirmation/variants/10_early_wide_neck_high_bursty/world.json.gz	synthetic_curriculum_oracle_fresh_confirmation/variants/10_early_wide_neck_high_bursty/world.json.gz	tracked	64d856f3d3aa2f94f0e3dcc48adcbc4ddf49d348	4e3a9dc4a6ff8a1ce8c062ead933d9bce2c444eaa350cda8f57368cf88d0664c	36517	simulator-source	synthetic_curriculum_oracle_fresh_confirmation/variants/10_early_wide_neck_high_bursty/world.json.gz	MOVE		none	One-level Alternative-A root collapse; content must remain byte-identical.
flyff_farming_simulator/synthetic_curriculum_oracle_fresh_confirmation/variants/11_early_open_center_typical_fast/map_assets/coordinate_frame.json	synthetic_curriculum_oracle_fresh_confirmation/variants/11_early_open_center_typical_fast/map_assets/coordinate_frame.json	tracked	64529ba558428ad753e34e011b72712de2a47460	597d0050861ff15776667fd86ea79a190bb7da3e4a324f609dd24d1697c3bee7	87	scientific-artifact	synthetic_curriculum_oracle_fresh_confirmation/variants/11_early_open_center_typical_fast/map_assets/coordinate_frame.json	MOVE		none	One-level Alternative-A root collapse; content must remain byte-identical.
flyff_farming_simulator/synthetic_curriculum_oracle_fresh_confirmation/variants/11_early_open_center_typical_fast/map_assets/map.json	synthetic_curriculum_oracle_fresh_confirmation/variants/11_early_open_center_typical_fast/map_assets/map.json	tracked	9f44284031ec1e30340df5bdcc27e4a3f4bb8b38	d8a7e8d5d60367892bb117cee70517e91338796ad2cdb349cb889e091c69da6d	567	scientific-artifact	synthetic_curriculum_oracle_fresh_confirmation/variants/11_early_open_center_typical_fast/map_assets/map.json	MOVE		none	One-level Alternative-A root collapse; content must remain byte-identical.
flyff_farming_simulator/synthetic_curriculum_oracle_fresh_confirmation/variants/11_early_open_center_typical_fast/map_assets/occupancy.npy	synthetic_curriculum_oracle_fresh_confirmation/variants/11_early_open_center_typical_fast/map_assets/occupancy.npy	tracked	db3a8373f8ad96032f33f501733d4d77af2bcf9d	0b8761155dda212ac3f0b00a12e72465352f4ca7791282da6b20cd82578b133f	50753	scientific-artifact	synthetic_curriculum_oracle_fresh_confirmation/variants/11_early_open_center_typical_fast/map_assets/occupancy.npy	MOVE		none	One-level Alternative-A root collapse; content must remain byte-identical.
flyff_farming_simulator/synthetic_curriculum_oracle_fresh_confirmation/variants/11_early_open_center_typical_fast/world.json.gz	synthetic_curriculum_oracle_fresh_confirmation/variants/11_early_open_center_typical_fast/world.json.gz	tracked	fba46e4b302b559b0017406536c694fa9bc3aaac	7c68492398ebbfe318a105100f5f7ef4454c979ba93d05e8b2101cc1b20521d0	32024	simulator-source	synthetic_curriculum_oracle_fresh_confirmation/variants/11_early_open_center_typical_fast/world.json.gz	MOVE		none	One-level Alternative-A root collapse; content must remain byte-identical.
flyff_farming_simulator/synthetic_curriculum_oracle_fresh_confirmation/variants/12_early_open_center_high_bursty/map_assets/coordinate_frame.json	synthetic_curriculum_oracle_fresh_confirmation/variants/12_early_open_center_high_bursty/map_assets/coordinate_frame.json	tracked	64529ba558428ad753e34e011b72712de2a47460	597d0050861ff15776667fd86ea79a190bb7da3e4a324f609dd24d1697c3bee7	87	scientific-artifact	synthetic_curriculum_oracle_fresh_confirmation/variants/12_early_open_center_high_bursty/map_assets/coordinate_frame.json	MOVE		none	One-level Alternative-A root collapse; content must remain byte-identical.
flyff_farming_simulator/synthetic_curriculum_oracle_fresh_confirmation/variants/12_early_open_center_high_bursty/map_assets/map.json	synthetic_curriculum_oracle_fresh_confirmation/variants/12_early_open_center_high_bursty/map_assets/map.json	tracked	71ab7e19737791692220804c347a95fd299fe0ce	9117184400dce70602dbea2ba17cc24ee65af74adb1c984467f84f478b7a24a9	565	scientific-artifact	synthetic_curriculum_oracle_fresh_confirmation/variants/12_early_open_center_high_bursty/map_assets/map.json	MOVE		none	One-level Alternative-A root collapse; content must remain byte-identical.
flyff_farming_simulator/synthetic_curriculum_oracle_fresh_confirmation/variants/12_early_open_center_high_bursty/map_assets/occupancy.npy	synthetic_curriculum_oracle_fresh_confirmation/variants/12_early_open_center_high_bursty/map_assets/occupancy.npy	tracked	6ea666051d6f7cbcb6cf8706ba799624f5fb5f7f	ed6504e401c875ac2369ff27843ade8b5dc66d1fdaf8e6f0332ae0c3722c9834	40932	scientific-artifact	synthetic_curriculum_oracle_fresh_confirmation/variants/12_early_open_center_high_bursty/map_assets/occupancy.npy	MOVE		none	One-level Alternative-A root collapse; content must remain byte-identical.
flyff_farming_simulator/synthetic_curriculum_oracle_fresh_confirmation/variants/12_early_open_center_high_bursty/world.json.gz	synthetic_curriculum_oracle_fresh_confirmation/variants/12_early_open_center_high_bursty/world.json.gz	tracked	b83383c8af4179f4304c2acf8dc8767c6cde9936	676d4b3b39139e19080fe8af2e61bfd466261fcf3e82a944b25d190399a0f50e	37559	simulator-source	synthetic_curriculum_oracle_fresh_confirmation/variants/12_early_open_center_high_bursty/world.json.gz	MOVE		none	One-level Alternative-A root collapse; content must remain byte-identical.
flyff_farming_simulator/synthetic_curriculum_phase2_dagger_siblings/curriculum.json	synthetic_curriculum_phase2_dagger_siblings/curriculum.json	tracked	0cf2fa563bcdcfd7c061403a2631a77534e8c3a3	d651281f2b9e30159d8ca77aafdb42fb4df032198faec03c9d726329e3deb043	2758	config	synthetic_curriculum_phase2_dagger_siblings/curriculum.json	MOVE		none	One-level Alternative-A root collapse; content must remain byte-identical.
flyff_farming_simulator/synthetic_curriculum_phase2_dagger_siblings/variants/01_early_open_field_typical_fast/map_assets/coordinate_frame.json	synthetic_curriculum_phase2_dagger_siblings/variants/01_early_open_field_typical_fast/map_assets/coordinate_frame.json	tracked	64529ba558428ad753e34e011b72712de2a47460	597d0050861ff15776667fd86ea79a190bb7da3e4a324f609dd24d1697c3bee7	87	scientific-artifact	synthetic_curriculum_phase2_dagger_siblings/variants/01_early_open_field_typical_fast/map_assets/coordinate_frame.json	MOVE		none	One-level Alternative-A root collapse; content must remain byte-identical.
flyff_farming_simulator/synthetic_curriculum_phase2_dagger_siblings/variants/01_early_open_field_typical_fast/map_assets/map.json	synthetic_curriculum_phase2_dagger_siblings/variants/01_early_open_field_typical_fast/map_assets/map.json	tracked	7e347da9165d5be7ee2a4446f7a85c18f51cd80e	61f9cfd69288980c07c1b3667940fdd063f974755d7f9acd89a955de0a0bd098	579	scientific-artifact	synthetic_curriculum_phase2_dagger_siblings/variants/01_early_open_field_typical_fast/map_assets/map.json	MOVE		none	One-level Alternative-A root collapse; content must remain byte-identical.
flyff_farming_simulator/synthetic_curriculum_phase2_dagger_siblings/variants/01_early_open_field_typical_fast/map_assets/occupancy.npy	synthetic_curriculum_phase2_dagger_siblings/variants/01_early_open_field_typical_fast/map_assets/occupancy.npy	tracked	1b47f213fa21b7135b7b809ee6139b576d2f6ef2	dd048e45d167b0db01bc7bf288ed8f84e7223c36e592f053e36ed940525b911c	55353	scientific-artifact	synthetic_curriculum_phase2_dagger_siblings/variants/01_early_open_field_typical_fast/map_assets/occupancy.npy	MOVE		none	One-level Alternative-A root collapse; content must remain byte-identical.
flyff_farming_simulator/synthetic_curriculum_phase2_dagger_siblings/variants/01_early_open_field_typical_fast/world.json.gz	synthetic_curriculum_phase2_dagger_siblings/variants/01_early_open_field_typical_fast/world.json.gz	tracked	4f962eede62fcaffd39ba46be96f78c73bb4fa60	eac45094e5bedc0b15c3d46fc373b1a5deb5189fa5874121af25e0f7af165e1b	32987	simulator-source	synthetic_curriculum_phase2_dagger_siblings/variants/01_early_open_field_typical_fast/world.json.gz	MOVE		none	One-level Alternative-A root collapse; content must remain byte-identical.
flyff_farming_simulator/synthetic_curriculum_phase2_dagger_siblings/variants/02_early_wide_neck_high_typical/map_assets/coordinate_frame.json	synthetic_curriculum_phase2_dagger_siblings/variants/02_early_wide_neck_high_typical/map_assets/coordinate_frame.json	tracked	64529ba558428ad753e34e011b72712de2a47460	597d0050861ff15776667fd86ea79a190bb7da3e4a324f609dd24d1697c3bee7	87	scientific-artifact	synthetic_curriculum_phase2_dagger_siblings/variants/02_early_wide_neck_high_typical/map_assets/coordinate_frame.json	MOVE		none	One-level Alternative-A root collapse; content must remain byte-identical.
flyff_farming_simulator/synthetic_curriculum_phase2_dagger_siblings/variants/02_early_wide_neck_high_typical/map_assets/map.json	synthetic_curriculum_phase2_dagger_siblings/variants/02_early_wide_neck_high_typical/map_assets/map.json	tracked	36d21bd718b03513f8a45808ed24fd7343672b33	cf8eff729488a5c12a618d98d49a9477fc4e9c94f923575b80106f254267e957	575	scientific-artifact	synthetic_curriculum_phase2_dagger_siblings/variants/02_early_wide_neck_high_typical/map_assets/map.json	MOVE		none	One-level Alternative-A root collapse; content must remain byte-identical.
flyff_farming_simulator/synthetic_curriculum_phase2_dagger_siblings/variants/02_early_wide_neck_high_typical/map_assets/occupancy.npy	synthetic_curriculum_phase2_dagger_siblings/variants/02_early_wide_neck_high_typical/map_assets/occupancy.npy	tracked	b43b01a8d9c4e84397b217f1689c0b2f49f78911	b96ce5561aea919a0bf4967b07c86cde9360f6c4ea04cf99dbb7f58465070e17	40932	scientific-artifact	synthetic_curriculum_phase2_dagger_siblings/variants/02_early_wide_neck_high_typical/map_assets/occupancy.npy	MOVE		none	One-level Alternative-A root collapse; content must remain byte-identical.
flyff_farming_simulator/synthetic_curriculum_phase2_dagger_siblings/variants/02_early_wide_neck_high_typical/world.json.gz	synthetic_curriculum_phase2_dagger_siblings/variants/02_early_wide_neck_high_typical/world.json.gz	tracked	476f3decddda4c88b14f6b67066f47ca9ee27a1a	f5827af79f6f4dbcbcaf2f7cbc85a33b8de8dc16af73582562c1822068994e92	36209	simulator-source	synthetic_curriculum_phase2_dagger_siblings/variants/02_early_wide_neck_high_typical/world.json.gz	MOVE		none	One-level Alternative-A root collapse; content must remain byte-identical.
flyff_farming_simulator/synthetic_curriculum_phase2_dagger_siblings/variants/03_early_open_field_low_fast/map_assets/coordinate_frame.json	synthetic_curriculum_phase2_dagger_siblings/variants/03_early_open_field_low_fast/map_assets/coordinate_frame.json	tracked	64529ba558428ad753e34e011b72712de2a47460	597d0050861ff15776667fd86ea79a190bb7da3e4a324f609dd24d1697c3bee7	87	scientific-artifact	synthetic_curriculum_phase2_dagger_siblings/variants/03_early_open_field_low_fast/map_assets/coordinate_frame.json	MOVE		none	One-level Alternative-A root collapse; content must remain byte-identical.
flyff_farming_simulator/synthetic_curriculum_phase2_dagger_siblings/variants/03_early_open_field_low_fast/map_assets/map.json	synthetic_curriculum_phase2_dagger_siblings/variants/03_early_open_field_low_fast/map_assets/map.json	tracked	cec5b188ba744f494e8ccd396026cb970af4845b	9c172dad41ea94e253dce276add3247d85d4564da34ec37e1ba9cd505c8de008	560	scientific-artifact	synthetic_curriculum_phase2_dagger_siblings/variants/03_early_open_field_low_fast/map_assets/map.json	MOVE		none	One-level Alternative-A root collapse; content must remain byte-identical.
flyff_farming_simulator/synthetic_curriculum_phase2_dagger_siblings/variants/03_early_open_field_low_fast/map_assets/occupancy.npy	synthetic_curriculum_phase2_dagger_siblings/variants/03_early_open_field_low_fast/map_assets/occupancy.npy	tracked	446cffbaa74fa85caa74594ebe8db83064db1dc6	3e25cd8d64ca1f5dfa6c72bdb8946da441e4ef37cd5b297a83ba2d083e0bc0eb	40128	scientific-artifact	synthetic_curriculum_phase2_dagger_siblings/variants/03_early_open_field_low_fast/map_assets/occupancy.npy	MOVE		none	One-level Alternative-A root collapse; content must remain byte-identical.
flyff_farming_simulator/synthetic_curriculum_phase2_dagger_siblings/variants/03_early_open_field_low_fast/world.json.gz	synthetic_curriculum_phase2_dagger_siblings/variants/03_early_open_field_low_fast/world.json.gz	tracked	2c7ca176577630364ba672a2654bed4d9378c508	1502d5bf0622bb43c4486f53e9eb055253640c8eb9e1b504a52eb986e5710ee3	27166	simulator-source	synthetic_curriculum_phase2_dagger_siblings/variants/03_early_open_field_low_fast/world.json.gz	MOVE		none	One-level Alternative-A root collapse; content must remain byte-identical.
flyff_farming_simulator/synthetic_curriculum_phase2_dagger_siblings/variants/04_early_wide_neck_typical_bursty/map_assets/coordinate_frame.json	synthetic_curriculum_phase2_dagger_siblings/variants/04_early_wide_neck_typical_bursty/map_assets/coordinate_frame.json	tracked	64529ba558428ad753e34e011b72712de2a47460	597d0050861ff15776667fd86ea79a190bb7da3e4a324f609dd24d1697c3bee7	87	scientific-artifact	synthetic_curriculum_phase2_dagger_siblings/variants/04_early_wide_neck_typical_bursty/map_assets/coordinate_frame.json	MOVE		none	One-level Alternative-A root collapse; content must remain byte-identical.
flyff_farming_simulator/synthetic_curriculum_phase2_dagger_siblings/variants/04_early_wide_neck_typical_bursty/map_assets/map.json	synthetic_curriculum_phase2_dagger_siblings/variants/04_early_wide_neck_typical_bursty/map_assets/map.json	tracked	06c57111361531ff01c10e4e6ea2bcca70d9fc25	22e18beda891f28ac0d5aa900fd94086083eab89b7a9d7131f3cdc095978978b	581	scientific-artifact	synthetic_curriculum_phase2_dagger_siblings/variants/04_early_wide_neck_typical_bursty/map_assets/map.json	MOVE		none	One-level Alternative-A root collapse; content must remain byte-identical.
flyff_farming_simulator/synthetic_curriculum_phase2_dagger_siblings/variants/04_early_wide_neck_typical_bursty/map_assets/occupancy.npy	synthetic_curriculum_phase2_dagger_siblings/variants/04_early_wide_neck_typical_bursty/map_assets/occupancy.npy	tracked	afaac90e36b633fa4440bb010ae3f9668685776a	d534588313b9035825c4e29bd9cfdb262f25a0aee6bd314acc111cf39513a9b2	55353	scientific-artifact	synthetic_curriculum_phase2_dagger_siblings/variants/04_early_wide_neck_typical_bursty/map_assets/occupancy.npy	MOVE		none	One-level Alternative-A root collapse; content must remain byte-identical.
flyff_farming_simulator/synthetic_curriculum_phase2_dagger_siblings/variants/04_early_wide_neck_typical_bursty/world.json.gz	synthetic_curriculum_phase2_dagger_siblings/variants/04_early_wide_neck_typical_bursty/world.json.gz	tracked	f5d8f746ada0199e1cd0a78d2c118c557dfe1d09	ac063855fe1cfa202efca05f70f3996bcb8db031a0ffb676f01b7f2f59500d98	32049	simulator-source	synthetic_curriculum_phase2_dagger_siblings/variants/04_early_wide_neck_typical_bursty/world.json.gz	MOVE		none	One-level Alternative-A root collapse; content must remain byte-identical.
flyff_farming_simulator/synthetic_curriculum_phase2_dagger_siblings_v2/curriculum.json	synthetic_curriculum_phase2_dagger_siblings_v2/curriculum.json	tracked	2289c09ad3168c9ea8465dfbc6c9bae2f7fdf50b	3610ef407c6f79685f68d46c1f5b340f2ce8356a8c260c21f2a6fba55dadef3d	4209	config	synthetic_curriculum_phase2_dagger_siblings_v2/curriculum.json	MOVE		none	One-level Alternative-A root collapse; content must remain byte-identical.
flyff_farming_simulator/synthetic_curriculum_phase2_dagger_siblings_v2/variants/01_early_open_field_typical_fast/map_assets/coordinate_frame.json	synthetic_curriculum_phase2_dagger_siblings_v2/variants/01_early_open_field_typical_fast/map_assets/coordinate_frame.json	tracked	64529ba558428ad753e34e011b72712de2a47460	597d0050861ff15776667fd86ea79a190bb7da3e4a324f609dd24d1697c3bee7	87	scientific-artifact	synthetic_curriculum_phase2_dagger_siblings_v2/variants/01_early_open_field_typical_fast/map_assets/coordinate_frame.json	MOVE		none	One-level Alternative-A root collapse; content must remain byte-identical.
flyff_farming_simulator/synthetic_curriculum_phase2_dagger_siblings_v2/variants/01_early_open_field_typical_fast/map_assets/map.json	synthetic_curriculum_phase2_dagger_siblings_v2/variants/01_early_open_field_typical_fast/map_assets/map.json	tracked	a390ba7c2469db9a1d28413ed75cb940a797602c	1dc77a7003117c676889b7e29fc571b0c6c152b5f39af8b8fbe3a563b235d4e8	579	scientific-artifact	synthetic_curriculum_phase2_dagger_siblings_v2/variants/01_early_open_field_typical_fast/map_assets/map.json	MOVE		none	One-level Alternative-A root collapse; content must remain byte-identical.
flyff_farming_simulator/synthetic_curriculum_phase2_dagger_siblings_v2/variants/01_early_open_field_typical_fast/map_assets/occupancy.npy	synthetic_curriculum_phase2_dagger_siblings_v2/variants/01_early_open_field_typical_fast/map_assets/occupancy.npy	tracked	ad4b107e491ba7a6a41db45ff180ce2e32b7912f	264b5230097adf94154bb7bc8b83ddd3af926b3321b7976b0f3bc4f65ab5cc76	41744	scientific-artifact	synthetic_curriculum_phase2_dagger_siblings_v2/variants/01_early_open_field_typical_fast/map_assets/occupancy.npy	MOVE		none	One-level Alternative-A root collapse; content must remain byte-identical.
flyff_farming_simulator/synthetic_curriculum_phase2_dagger_siblings_v2/variants/01_early_open_field_typical_fast/world.json.gz	synthetic_curriculum_phase2_dagger_siblings_v2/variants/01_early_open_field_typical_fast/world.json.gz	tracked	938e90ee7636003814ddb52d7c97eb082a112cc3	c67628320711e30562c24257fc696bd95583db4d8c2ef0a2bfe97e9ff7d54a55	32485	simulator-source	synthetic_curriculum_phase2_dagger_siblings_v2/variants/01_early_open_field_typical_fast/world.json.gz	MOVE		none	One-level Alternative-A root collapse; content must remain byte-identical.
flyff_farming_simulator/synthetic_curriculum_phase2_dagger_siblings_v2/variants/02_early_open_field_low_fast/map_assets/coordinate_frame.json	synthetic_curriculum_phase2_dagger_siblings_v2/variants/02_early_open_field_low_fast/map_assets/coordinate_frame.json	tracked	64529ba558428ad753e34e011b72712de2a47460	597d0050861ff15776667fd86ea79a190bb7da3e4a324f609dd24d1697c3bee7	87	scientific-artifact	synthetic_curriculum_phase2_dagger_siblings_v2/variants/02_early_open_field_low_fast/map_assets/coordinate_frame.json	MOVE		none	One-level Alternative-A root collapse; content must remain byte-identical.
flyff_farming_simulator/synthetic_curriculum_phase2_dagger_siblings_v2/variants/02_early_open_field_low_fast/map_assets/map.json	synthetic_curriculum_phase2_dagger_siblings_v2/variants/02_early_open_field_low_fast/map_assets/map.json	tracked	463c186485eec5bd8f96ee90d7a6f37ddad1d228	3ea2db30c80cab96a0175cfb9ef6b577dc03eb8c701eb6b560f516333dfcae11	571	scientific-artifact	synthetic_curriculum_phase2_dagger_siblings_v2/variants/02_early_open_field_low_fast/map_assets/map.json	MOVE		none	One-level Alternative-A root collapse; content must remain byte-identical.
flyff_farming_simulator/synthetic_curriculum_phase2_dagger_siblings_v2/variants/02_early_open_field_low_fast/map_assets/occupancy.npy	synthetic_curriculum_phase2_dagger_siblings_v2/variants/02_early_open_field_low_fast/map_assets/occupancy.npy	tracked	3b950a7dd6c4860580815cec256861429699370d	45de10fd34de7b5d59c09ec457cdaf4f84b46dc13c8eb1185b49d3a52dda8d61	54417	scientific-artifact	synthetic_curriculum_phase2_dagger_siblings_v2/variants/02_early_open_field_low_fast/map_assets/occupancy.npy	MOVE		none	One-level Alternative-A root collapse; content must remain byte-identical.
flyff_farming_simulator/synthetic_curriculum_phase2_dagger_siblings_v2/variants/02_early_open_field_low_fast/world.json.gz	synthetic_curriculum_phase2_dagger_siblings_v2/variants/02_early_open_field_low_fast/world.json.gz	tracked	8976a379c3b7178cd456e9b2a699ab71cc01cd3b	4486187670c7eb2d83fc92e7af45a1f8530c105c199c5d4e938dc8b084971320	25116	simulator-source	synthetic_curriculum_phase2_dagger_siblings_v2/variants/02_early_open_field_low_fast/world.json.gz	MOVE		none	One-level Alternative-A root collapse; content must remain byte-identical.
flyff_farming_simulator/synthetic_curriculum_phase2_dagger_siblings_v2/variants/03_early_open_field_high_typical/map_assets/coordinate_frame.json	synthetic_curriculum_phase2_dagger_siblings_v2/variants/03_early_open_field_high_typical/map_assets/coordinate_frame.json	tracked	64529ba558428ad753e34e011b72712de2a47460	597d0050861ff15776667fd86ea79a190bb7da3e4a324f609dd24d1697c3bee7	87	scientific-artifact	synthetic_curriculum_phase2_dagger_siblings_v2/variants/03_early_open_field_high_typical/map_assets/coordinate_frame.json	MOVE		none	One-level Alternative-A root collapse; content must remain byte-identical.
flyff_farming_simulator/synthetic_curriculum_phase2_dagger_siblings_v2/variants/03_early_open_field_high_typical/map_assets/map.json	synthetic_curriculum_phase2_dagger_siblings_v2/variants/03_early_open_field_high_typical/map_assets/map.json	tracked	f9946172b210f794c6283b656a0338607e054c06	9ebcae35bb62d4a2f769354cade1433eeb0c4a04f423daa284a6626f5067a5ee	579	scientific-artifact	synthetic_curriculum_phase2_dagger_siblings_v2/variants/03_early_open_field_high_typical/map_assets/map.json	MOVE		none	One-level Alternative-A root collapse; content must remain byte-identical.
flyff_farming_simulator/synthetic_curriculum_phase2_dagger_siblings_v2/variants/03_early_open_field_high_typical/map_assets/occupancy.npy	synthetic_curriculum_phase2_dagger_siblings_v2/variants/03_early_open_field_high_typical/map_assets/occupancy.npy	tracked	87647935163ef5714f9b5d3f34aa28218561f60e	a4b0409af444586e076dda841bac20f88c3981bdeeba16d32fa1a7dc1d5b8786	57728	scientific-artifact	synthetic_curriculum_phase2_dagger_siblings_v2/variants/03_early_open_field_high_typical/map_assets/occupancy.npy	MOVE		none	One-level Alternative-A root collapse; content must remain byte-identical.
flyff_farming_simulator/synthetic_curriculum_phase2_dagger_siblings_v2/variants/03_early_open_field_high_typical/world.json.gz	synthetic_curriculum_phase2_dagger_siblings_v2/variants/03_early_open_field_high_typical/world.json.gz	tracked	43578ed327882959be1a1cba0fedb0c985920af1	72010c390a84c9011035ccd06d3dc141f57db8b8eb7a320c93805fa8ac121536	39046	simulator-source	synthetic_curriculum_phase2_dagger_siblings_v2/variants/03_early_open_field_high_typical/world.json.gz	MOVE		none	One-level Alternative-A root collapse; content must remain byte-identical.
flyff_farming_simulator/synthetic_curriculum_phase2_dagger_siblings_v2/variants/04_early_wide_neck_high_typical/map_assets/coordinate_frame.json	synthetic_curriculum_phase2_dagger_siblings_v2/variants/04_early_wide_neck_high_typical/map_assets/coordinate_frame.json	tracked	64529ba558428ad753e34e011b72712de2a47460	597d0050861ff15776667fd86ea79a190bb7da3e4a324f609dd24d1697c3bee7	87	scientific-artifact	synthetic_curriculum_phase2_dagger_siblings_v2/variants/04_early_wide_neck_high_typical/map_assets/coordinate_frame.json	MOVE		none	One-level Alternative-A root collapse; content must remain byte-identical.
flyff_farming_simulator/synthetic_curriculum_phase2_dagger_siblings_v2/variants/04_early_wide_neck_high_typical/map_assets/map.json	synthetic_curriculum_phase2_dagger_siblings_v2/variants/04_early_wide_neck_high_typical/map_assets/map.json	tracked	2190c4be23c81702a6a38daab9f91960eaa7632a	204caf3994615ad7577dfa8e5ae7b28f850faa6eab0f0baa239590a6bd445e54	576	scientific-artifact	synthetic_curriculum_phase2_dagger_siblings_v2/variants/04_early_wide_neck_high_typical/map_assets/map.json	MOVE		none	One-level Alternative-A root collapse; content must remain byte-identical.
flyff_farming_simulator/synthetic_curriculum_phase2_dagger_siblings_v2/variants/04_early_wide_neck_high_typical/map_assets/occupancy.npy	synthetic_curriculum_phase2_dagger_siblings_v2/variants/04_early_wide_neck_high_typical/map_assets/occupancy.npy	tracked	7fe8532307a54ddb74fb949af5ba96c6de843080	4ad8b02c6ba7abb12b2f413f63426a6cbc235913ee56dd9d91ea600ad82cdd39	42564	scientific-artifact	synthetic_curriculum_phase2_dagger_siblings_v2/variants/04_early_wide_neck_high_typical/map_assets/occupancy.npy	MOVE		none	One-level Alternative-A root collapse; content must remain byte-identical.
flyff_farming_simulator/synthetic_curriculum_phase2_dagger_siblings_v2/variants/04_early_wide_neck_high_typical/world.json.gz	synthetic_curriculum_phase2_dagger_siblings_v2/variants/04_early_wide_neck_high_typical/world.json.gz	tracked	821696bc1074bac143061948ff57b42503584c20	5a61ad7515489a75b7f97c17417b968a745457125cc7834410776b8ed31cd487	36392	simulator-source	synthetic_curriculum_phase2_dagger_siblings_v2/variants/04_early_wide_neck_high_typical/world.json.gz	MOVE		none	One-level Alternative-A root collapse; content must remain byte-identical.
flyff_farming_simulator/synthetic_curriculum_phase2_dagger_siblings_v2/variants/05_early_wide_neck_typical_bursty/map_assets/coordinate_frame.json	synthetic_curriculum_phase2_dagger_siblings_v2/variants/05_early_wide_neck_typical_bursty/map_assets/coordinate_frame.json	tracked	64529ba558428ad753e34e011b72712de2a47460	597d0050861ff15776667fd86ea79a190bb7da3e4a324f609dd24d1697c3bee7	87	scientific-artifact	synthetic_curriculum_phase2_dagger_siblings_v2/variants/05_early_wide_neck_typical_bursty/map_assets/coordinate_frame.json	MOVE		none	One-level Alternative-A root collapse; content must remain byte-identical.
flyff_farming_simulator/synthetic_curriculum_phase2_dagger_siblings_v2/variants/05_early_wide_neck_typical_bursty/map_assets/map.json	synthetic_curriculum_phase2_dagger_siblings_v2/variants/05_early_wide_neck_typical_bursty/map_assets/map.json	tracked	e61f8fa80b070600ee66f679f67ec229534f830f	b2a7f44641dcee3e22787a48ec4e5efd246588cfd58878d7cdd0691dd9163013	581	scientific-artifact	synthetic_curriculum_phase2_dagger_siblings_v2/variants/05_early_wide_neck_typical_bursty/map_assets/map.json	MOVE		none	One-level Alternative-A root collapse; content must remain byte-identical.
flyff_farming_simulator/synthetic_curriculum_phase2_dagger_siblings_v2/variants/05_early_wide_neck_typical_bursty/map_assets/occupancy.npy	synthetic_curriculum_phase2_dagger_siblings_v2/variants/05_early_wide_neck_typical_bursty/map_assets/occupancy.npy	tracked	5abbde6180cd87e5e29bccaf3c4373f5af7b7bea	968c60c26f9a349d4c0b0e40620d4b7f6430814a8184981874192e5ba5087ee8	41744	scientific-artifact	synthetic_curriculum_phase2_dagger_siblings_v2/variants/05_early_wide_neck_typical_bursty/map_assets/occupancy.npy	MOVE		none	One-level Alternative-A root collapse; content must remain byte-identical.
flyff_farming_simulator/synthetic_curriculum_phase2_dagger_siblings_v2/variants/05_early_wide_neck_typical_bursty/world.json.gz	synthetic_curriculum_phase2_dagger_siblings_v2/variants/05_early_wide_neck_typical_bursty/world.json.gz	tracked	7ac42bbb77998f0a12b924efcd3ccea763d650ad	b209c1944456ae97617ae94aad94c59e49805f28e927801cc8c8dfd8d3a82757	30417	simulator-source	synthetic_curriculum_phase2_dagger_siblings_v2/variants/05_early_wide_neck_typical_bursty/world.json.gz	MOVE		none	One-level Alternative-A root collapse; content must remain byte-identical.
flyff_farming_simulator/synthetic_curriculum_phase2_dagger_siblings_v2/variants/06_early_irregular_plain_typical_fast/map_assets/coordinate_frame.json	synthetic_curriculum_phase2_dagger_siblings_v2/variants/06_early_irregular_plain_typical_fast/map_assets/coordinate_frame.json	tracked	64529ba558428ad753e34e011b72712de2a47460	597d0050861ff15776667fd86ea79a190bb7da3e4a324f609dd24d1697c3bee7	87	scientific-artifact	synthetic_curriculum_phase2_dagger_siblings_v2/variants/06_early_irregular_plain_typical_fast/map_assets/coordinate_frame.json	MOVE		none	One-level Alternative-A root collapse; content must remain byte-identical.
flyff_farming_simulator/synthetic_curriculum_phase2_dagger_siblings_v2/variants/06_early_irregular_plain_typical_fast/map_assets/map.json	synthetic_curriculum_phase2_dagger_siblings_v2/variants/06_early_irregular_plain_typical_fast/map_assets/map.json	tracked	4d4466b3cb9d4d06859b8b66d5c23157e7d4559c	f47133cd1feff5f38c38cdbc263ee1361c7b58be31e7aad058cba8d0569c1719	589	scientific-artifact	synthetic_curriculum_phase2_dagger_siblings_v2/variants/06_early_irregular_plain_typical_fast/map_assets/map.json	MOVE		none	One-level Alternative-A root collapse; content must remain byte-identical.
flyff_farming_simulator/synthetic_curriculum_phase2_dagger_siblings_v2/variants/06_early_irregular_plain_typical_fast/map_assets/occupancy.npy	synthetic_curriculum_phase2_dagger_siblings_v2/variants/06_early_irregular_plain_typical_fast/map_assets/occupancy.npy	tracked	f00c9a23e13271475d730d291477714f3826b7ce	5304776eb639ecc157af0a4142a4038a5a7acf3e2adc5839e886623f1dbd136d	51204	scientific-artifact	synthetic_curriculum_phase2_dagger_siblings_v2/variants/06_early_irregular_plain_typical_fast/map_assets/occupancy.npy	MOVE		none	One-level Alternative-A root collapse; content must remain byte-identical.
flyff_farming_simulator/synthetic_curriculum_phase2_dagger_siblings_v2/variants/06_early_irregular_plain_typical_fast/world.json.gz	synthetic_curriculum_phase2_dagger_siblings_v2/variants/06_early_irregular_plain_typical_fast/world.json.gz	tracked	bf5827de3b68668c73f77a20c713ed464d4b7a0f	59644e29000fe466244c7395ae15a1d71d2150c014082a46e60508783d6b228d	33333	simulator-source	synthetic_curriculum_phase2_dagger_siblings_v2/variants/06_early_irregular_plain_typical_fast/world.json.gz	MOVE		none	One-level Alternative-A root collapse; content must remain byte-identical.
flyff_farming_simulator/synthetic_curriculum_phase2_dagger_siblings_v2/variants/07_early_split_field_typical_fast/map_assets/coordinate_frame.json	synthetic_curriculum_phase2_dagger_siblings_v2/variants/07_early_split_field_typical_fast/map_assets/coordinate_frame.json	tracked	64529ba558428ad753e34e011b72712de2a47460	597d0050861ff15776667fd86ea79a190bb7da3e4a324f609dd24d1697c3bee7	87	scientific-artifact	synthetic_curriculum_phase2_dagger_siblings_v2/variants/07_early_split_field_typical_fast/map_assets/coordinate_frame.json	MOVE		none	One-level Alternative-A root collapse; content must remain byte-identical.
flyff_farming_simulator/synthetic_curriculum_phase2_dagger_siblings_v2/variants/07_early_split_field_typical_fast/map_assets/map.json	synthetic_curriculum_phase2_dagger_siblings_v2/variants/07_early_split_field_typical_fast/map_assets/map.json	tracked	c7702811394df141ed00c118db2a9328f445cee2	69fe657e654cf7b4930af56dab57fb2996d8608bb9dc6ffa1d2e2dd63cc77e96	582	scientific-artifact	synthetic_curriculum_phase2_dagger_siblings_v2/variants/07_early_split_field_typical_fast/map_assets/map.json	MOVE		none	One-level Alternative-A root collapse; content must remain byte-identical.
flyff_farming_simulator/synthetic_curriculum_phase2_dagger_siblings_v2/variants/07_early_split_field_typical_fast/map_assets/occupancy.npy	synthetic_curriculum_phase2_dagger_siblings_v2/variants/07_early_split_field_typical_fast/map_assets/occupancy.npy	tracked	1779dd6737b36ca15568e066b4e5d267017e78d0	6f7c9dbe1be610ee7f99fd119729ba4d03aeb997e83e4fb62af24b30cd3964bf	45072	scientific-artifact	synthetic_curriculum_phase2_dagger_siblings_v2/variants/07_early_split_field_typical_fast/map_assets/occupancy.npy	MOVE		none	One-level Alternative-A root collapse; content must remain byte-identical.
flyff_farming_simulator/synthetic_curriculum_phase2_dagger_siblings_v2/variants/07_early_split_field_typical_fast/world.json.gz	synthetic_curriculum_phase2_dagger_siblings_v2/variants/07_early_split_field_typical_fast/world.json.gz	tracked	5cef393a82dcd77b8bfb99a45db6a2dcbed0ff74	9dc19b66eaf2bceab95c42631fbb89254e8d2afe151f95ba130f51246867b86a	32039	simulator-source	synthetic_curriculum_phase2_dagger_siblings_v2/variants/07_early_split_field_typical_fast/world.json.gz	MOVE		none	One-level Alternative-A root collapse; content must remain byte-identical.
flyff_farming_simulator/synthetic_curriculum_unseen_templates/curriculum.json	synthetic_curriculum_unseen_templates/curriculum.json	tracked	2dce9649054d15032c00dc2d7b47762cbba11a01	b910dbae6ff535ce8676e065aadce0a697ffd5d700517ebfbc980f2173b735ce	4928	config	synthetic_curriculum_unseen_templates/curriculum.json	MOVE		none	One-level Alternative-A root collapse; content must remain byte-identical.
flyff_farming_simulator/synthetic_curriculum_unseen_templates/variants/01_early_irregular_plain_typical_fast/map_assets/coordinate_frame.json	synthetic_curriculum_unseen_templates/variants/01_early_irregular_plain_typical_fast/map_assets/coordinate_frame.json	tracked	64529ba558428ad753e34e011b72712de2a47460	597d0050861ff15776667fd86ea79a190bb7da3e4a324f609dd24d1697c3bee7	87	scientific-artifact	synthetic_curriculum_unseen_templates/variants/01_early_irregular_plain_typical_fast/map_assets/coordinate_frame.json	MOVE		none	One-level Alternative-A root collapse; content must remain byte-identical.
flyff_farming_simulator/synthetic_curriculum_unseen_templates/variants/01_early_irregular_plain_typical_fast/map_assets/map.json	synthetic_curriculum_unseen_templates/variants/01_early_irregular_plain_typical_fast/map_assets/map.json	tracked	5a2f3a82adf4d4767ff187029549d3f41ece0253	1539cfce2f42ba96efdc9c0442823e5ccf130823fd93b660bcb38d97859cd322	589	scientific-artifact	synthetic_curriculum_unseen_templates/variants/01_early_irregular_plain_typical_fast/map_assets/map.json	MOVE		none	One-level Alternative-A root collapse; content must remain byte-identical.
flyff_farming_simulator/synthetic_curriculum_unseen_templates/variants/01_early_irregular_plain_typical_fast/map_assets/occupancy.npy	synthetic_curriculum_unseen_templates/variants/01_early_irregular_plain_typical_fast/map_assets/occupancy.npy	tracked	44476c38b2ff62593f3bf1e9c6caa521519ef018	1a46f8e7aefc750c6071a114bb69d7e9bb917ced59f4e523566ee69cafbbfef5	51204	scientific-artifact	synthetic_curriculum_unseen_templates/variants/01_early_irregular_plain_typical_fast/map_assets/occupancy.npy	MOVE		none	One-level Alternative-A root collapse; content must remain byte-identical.
flyff_farming_simulator/synthetic_curriculum_unseen_templates/variants/01_early_irregular_plain_typical_fast/world.json.gz	synthetic_curriculum_unseen_templates/variants/01_early_irregular_plain_typical_fast/world.json.gz	tracked	d11b3df7a2844d0916eef6b4a873295eca49482f	389bc7109af27443ca7afb0387f6fd9ce619e29f8f3cefeed3248dae2001f1e1	29319	simulator-source	synthetic_curriculum_unseen_templates/variants/01_early_irregular_plain_typical_fast/world.json.gz	MOVE		none	One-level Alternative-A root collapse; content must remain byte-identical.
flyff_farming_simulator/synthetic_curriculum_unseen_templates/variants/02_early_irregular_plain_low_bursty/map_assets/coordinate_frame.json	synthetic_curriculum_unseen_templates/variants/02_early_irregular_plain_low_bursty/map_assets/coordinate_frame.json	tracked	64529ba558428ad753e34e011b72712de2a47460	597d0050861ff15776667fd86ea79a190bb7da3e4a324f609dd24d1697c3bee7	87	scientific-artifact	synthetic_curriculum_unseen_templates/variants/02_early_irregular_plain_low_bursty/map_assets/coordinate_frame.json	MOVE		none	One-level Alternative-A root collapse; content must remain byte-identical.
flyff_farming_simulator/synthetic_curriculum_unseen_templates/variants/02_early_irregular_plain_low_bursty/map_assets/map.json	synthetic_curriculum_unseen_templates/variants/02_early_irregular_plain_low_bursty/map_assets/map.json	tracked	d6122a018cf8313c5f78fa1bb79477b0f9867b4a	aec61381d789181df1f5daa0eb18e2456421c929cb1f7f05ec2a524c248c528d	585	scientific-artifact	synthetic_curriculum_unseen_templates/variants/02_early_irregular_plain_low_bursty/map_assets/map.json	MOVE		none	One-level Alternative-A root collapse; content must remain byte-identical.
flyff_farming_simulator/synthetic_curriculum_unseen_templates/variants/02_early_irregular_plain_low_bursty/map_assets/occupancy.npy	synthetic_curriculum_unseen_templates/variants/02_early_irregular_plain_low_bursty/map_assets/occupancy.npy	tracked	9aa3c02acee5b6fde17ab16f5546ed153a8e0928	05a7d109fd325e5244eed06566749f72386f544430b691f027e7200f304d2581	48528	scientific-artifact	synthetic_curriculum_unseen_templates/variants/02_early_irregular_plain_low_bursty/map_assets/occupancy.npy	MOVE		none	One-level Alternative-A root collapse; content must remain byte-identical.
flyff_farming_simulator/synthetic_curriculum_unseen_templates/variants/02_early_irregular_plain_low_bursty/world.json.gz	synthetic_curriculum_unseen_templates/variants/02_early_irregular_plain_low_bursty/world.json.gz	tracked	f981418e724268d24f295051db1918a46f30f0ec	4b9e55cded8545cc557e89a59118818ad790cb026ff2e913f8843cc249744c38	27385	simulator-source	synthetic_curriculum_unseen_templates/variants/02_early_irregular_plain_low_bursty/world.json.gz	MOVE		none	One-level Alternative-A root collapse; content must remain byte-identical.
flyff_farming_simulator/synthetic_curriculum_unseen_templates/variants/03_early_split_field_typical_fast/map_assets/coordinate_frame.json	synthetic_curriculum_unseen_templates/variants/03_early_split_field_typical_fast/map_assets/coordinate_frame.json	tracked	64529ba558428ad753e34e011b72712de2a47460	597d0050861ff15776667fd86ea79a190bb7da3e4a324f609dd24d1697c3bee7	87	scientific-artifact	synthetic_curriculum_unseen_templates/variants/03_early_split_field_typical_fast/map_assets/coordinate_frame.json	MOVE		none	One-level Alternative-A root collapse; content must remain byte-identical.
flyff_farming_simulator/synthetic_curriculum_unseen_templates/variants/03_early_split_field_typical_fast/map_assets/map.json	synthetic_curriculum_unseen_templates/variants/03_early_split_field_typical_fast/map_assets/map.json	tracked	3b3bd68c9d570ae3d7f8686740f43a9b9084fcef	5a388a67937e2e86b9156f1f38a2dd7cc225564d19bbf7819e458482f732d15f	581	scientific-artifact	synthetic_curriculum_unseen_templates/variants/03_early_split_field_typical_fast/map_assets/map.json	MOVE		none	One-level Alternative-A root collapse; content must remain byte-identical.
flyff_farming_simulator/synthetic_curriculum_unseen_templates/variants/03_early_split_field_typical_fast/map_assets/occupancy.npy	synthetic_curriculum_unseen_templates/variants/03_early_split_field_typical_fast/map_assets/occupancy.npy	tracked	6f91fb8075c8430f11036bcd88ebea0077125ad6	02a597ac5b2930ba06b41f262c75de1046ff437fb6b5dd97f92508f50cba7836	53489	scientific-artifact	synthetic_curriculum_unseen_templates/variants/03_early_split_field_typical_fast/map_assets/occupancy.npy	MOVE		none	One-level Alternative-A root collapse; content must remain byte-identical.
flyff_farming_simulator/synthetic_curriculum_unseen_templates/variants/03_early_split_field_typical_fast/world.json.gz	synthetic_curriculum_unseen_templates/variants/03_early_split_field_typical_fast/world.json.gz	tracked	799c3aad637c5b482bb79b0d0352e0c3ae0d5f61	b699306f599f1d0a938d0539b3ad64236abdc380bdf4ac7ec3a3ce7cde8feb55	31734	simulator-source	synthetic_curriculum_unseen_templates/variants/03_early_split_field_typical_fast/world.json.gz	MOVE		none	One-level Alternative-A root collapse; content must remain byte-identical.
flyff_farming_simulator/synthetic_curriculum_unseen_templates/variants/04_early_split_field_high_bursty/map_assets/coordinate_frame.json	synthetic_curriculum_unseen_templates/variants/04_early_split_field_high_bursty/map_assets/coordinate_frame.json	tracked	64529ba558428ad753e34e011b72712de2a47460	597d0050861ff15776667fd86ea79a190bb7da3e4a324f609dd24d1697c3bee7	87	scientific-artifact	synthetic_curriculum_unseen_templates/variants/04_early_split_field_high_bursty/map_assets/coordinate_frame.json	MOVE		none	One-level Alternative-A root collapse; content must remain byte-identical.
flyff_farming_simulator/synthetic_curriculum_unseen_templates/variants/04_early_split_field_high_bursty/map_assets/map.json	synthetic_curriculum_unseen_templates/variants/04_early_split_field_high_bursty/map_assets/map.json	tracked	9bc72172d2350e594fcff3a8d72d0ba43c383bb9	b1da908623200cc16fbd72519a51ab4f17991237dd42cb4c2d48d8122042af90	578	scientific-artifact	synthetic_curriculum_unseen_templates/variants/04_early_split_field_high_bursty/map_assets/map.json	MOVE		none	One-level Alternative-A root collapse; content must remain byte-identical.
flyff_farming_simulator/synthetic_curriculum_unseen_templates/variants/04_early_split_field_high_bursty/map_assets/occupancy.npy	synthetic_curriculum_unseen_templates/variants/04_early_split_field_high_bursty/map_assets/occupancy.npy	tracked	5530369b85b44401099ed14db67dfc2373c5e368	2bdef24ed85e6e3200d23c9900bb48ac81899c8fc36190754d848760968f4cda	36992	scientific-artifact	synthetic_curriculum_unseen_templates/variants/04_early_split_field_high_bursty/map_assets/occupancy.npy	MOVE		none	One-level Alternative-A root collapse; content must remain byte-identical.
flyff_farming_simulator/synthetic_curriculum_unseen_templates/variants/04_early_split_field_high_bursty/world.json.gz	synthetic_curriculum_unseen_templates/variants/04_early_split_field_high_bursty/world.json.gz	tracked	2eedede5211cb2b31e0d5d428d26074751b79a93	46befe85f1edc3c880977652c0932cc4f7a9e8cf34b0cf524f7907e3cc765e57	38560	simulator-source	synthetic_curriculum_unseen_templates/variants/04_early_split_field_high_bursty/world.json.gz	MOVE		none	One-level Alternative-A root collapse; content must remain byte-identical.
flyff_farming_simulator/synthetic_curriculum_unseen_templates/variants/05_early_broad_lobes_typical_fast/map_assets/coordinate_frame.json	synthetic_curriculum_unseen_templates/variants/05_early_broad_lobes_typical_fast/map_assets/coordinate_frame.json	tracked	64529ba558428ad753e34e011b72712de2a47460	597d0050861ff15776667fd86ea79a190bb7da3e4a324f609dd24d1697c3bee7	87	scientific-artifact	synthetic_curriculum_unseen_templates/variants/05_early_broad_lobes_typical_fast/map_assets/coordinate_frame.json	MOVE		none	One-level Alternative-A root collapse; content must remain byte-identical.
flyff_farming_simulator/synthetic_curriculum_unseen_templates/variants/05_early_broad_lobes_typical_fast/map_assets/map.json	synthetic_curriculum_unseen_templates/variants/05_early_broad_lobes_typical_fast/map_assets/map.json	tracked	c58026fc6d9942c7c0e4e42320dc5b8fd95709ed	1a700abba737490ce36deabf292c6944f1c5174a31bbd7c05890d12983ac43f1	580	scientific-artifact	synthetic_curriculum_unseen_templates/variants/05_early_broad_lobes_typical_fast/map_assets/map.json	MOVE		none	One-level Alternative-A root collapse; content must remain byte-identical.
flyff_farming_simulator/synthetic_curriculum_unseen_templates/variants/05_early_broad_lobes_typical_fast/map_assets/occupancy.npy	synthetic_curriculum_unseen_templates/variants/05_early_broad_lobes_typical_fast/map_assets/occupancy.npy	tracked	7a4ab890753827099c7a0180d54023af2965a976	09c5f5cca409020fac2d1a107b63b471b9f23f594459c6ed0d628921aa508109	38937	scientific-artifact	synthetic_curriculum_unseen_templates/variants/05_early_broad_lobes_typical_fast/map_assets/occupancy.npy	MOVE		none	One-level Alternative-A root collapse; content must remain byte-identical.
flyff_farming_simulator/synthetic_curriculum_unseen_templates/variants/05_early_broad_lobes_typical_fast/world.json.gz	synthetic_curriculum_unseen_templates/variants/05_early_broad_lobes_typical_fast/world.json.gz	tracked	8a344544ad9bfc54887921aa46d459bd5e6ac850	0998052e9037ca81d0e7303f912fa0fb1297c20c09a89b27cb3b4337af78d88c	29176	simulator-source	synthetic_curriculum_unseen_templates/variants/05_early_broad_lobes_typical_fast/world.json.gz	MOVE		none	One-level Alternative-A root collapse; content must remain byte-identical.
flyff_farming_simulator/synthetic_curriculum_unseen_templates/variants/06_early_broad_lobes_low_bursty/map_assets/coordinate_frame.json	synthetic_curriculum_unseen_templates/variants/06_early_broad_lobes_low_bursty/map_assets/coordinate_frame.json	tracked	64529ba558428ad753e34e011b72712de2a47460	597d0050861ff15776667fd86ea79a190bb7da3e4a324f609dd24d1697c3bee7	87	scientific-artifact	synthetic_curriculum_unseen_templates/variants/06_early_broad_lobes_low_bursty/map_assets/coordinate_frame.json	MOVE		none	One-level Alternative-A root collapse; content must remain byte-identical.
flyff_farming_simulator/synthetic_curriculum_unseen_templates/variants/06_early_broad_lobes_low_bursty/map_assets/map.json	synthetic_curriculum_unseen_templates/variants/06_early_broad_lobes_low_bursty/map_assets/map.json	tracked	9273c9c1164a04a882261e3d9bf999dba5f44487	0e5c0feed3b41162616dff186911c9a43b148e9dd0c7bf6ff981846efdb11221	577	scientific-artifact	synthetic_curriculum_unseen_templates/variants/06_early_broad_lobes_low_bursty/map_assets/map.json	MOVE		none	One-level Alternative-A root collapse; content must remain byte-identical.
flyff_farming_simulator/synthetic_curriculum_unseen_templates/variants/06_early_broad_lobes_low_bursty/map_assets/occupancy.npy	synthetic_curriculum_unseen_templates/variants/06_early_broad_lobes_low_bursty/map_assets/occupancy.npy	tracked	e365de79aac572b40fbc2d874b062769fccee84d	2964728088cc66073f3fb4124ad013aad92e9cf9c7ed317a3997192d28ff1661	49857	scientific-artifact	synthetic_curriculum_unseen_templates/variants/06_early_broad_lobes_low_bursty/map_assets/occupancy.npy	MOVE		none	One-level Alternative-A root collapse; content must remain byte-identical.
flyff_farming_simulator/synthetic_curriculum_unseen_templates/variants/06_early_broad_lobes_low_bursty/world.json.gz	synthetic_curriculum_unseen_templates/variants/06_early_broad_lobes_low_bursty/world.json.gz	tracked	c49f5ebc6f4da6a18004458db7d5adf5f00a6268	702705981efd7339f16c2dd1678c0d59bd6a25033d96ce596cf961529973e72f	25589	simulator-source	synthetic_curriculum_unseen_templates/variants/06_early_broad_lobes_low_bursty/world.json.gz	MOVE		none	One-level Alternative-A root collapse; content must remain byte-identical.
flyff_farming_simulator/synthetic_curriculum_unseen_templates/variants/07_early_open_center_typical_fast/map_assets/coordinate_frame.json	synthetic_curriculum_unseen_templates/variants/07_early_open_center_typical_fast/map_assets/coordinate_frame.json	tracked	64529ba558428ad753e34e011b72712de2a47460	597d0050861ff15776667fd86ea79a190bb7da3e4a324f609dd24d1697c3bee7	87	scientific-artifact	synthetic_curriculum_unseen_templates/variants/07_early_open_center_typical_fast/map_assets/coordinate_frame.json	MOVE		none	One-level Alternative-A root collapse; content must remain byte-identical.
flyff_farming_simulator/synthetic_curriculum_unseen_templates/variants/07_early_open_center_typical_fast/map_assets/map.json	synthetic_curriculum_unseen_templates/variants/07_early_open_center_typical_fast/map_assets/map.json	tracked	407c63694a10eaf30b41ffef273842e618ea06d2	d4acdc0983e1422c30ce5bba675264287bc56655e433b196be648c37ee2969fa	580	scientific-artifact	synthetic_curriculum_unseen_templates/variants/07_early_open_center_typical_fast/map_assets/map.json	MOVE		none	One-level Alternative-A root collapse; content must remain byte-identical.
flyff_farming_simulator/synthetic_curriculum_unseen_templates/variants/07_early_open_center_typical_fast/map_assets/occupancy.npy	synthetic_curriculum_unseen_templates/variants/07_early_open_center_typical_fast/map_assets/occupancy.npy	tracked	54422c44561f14680ace7e5a50298608033f5e14	7af503ecf539a59c18ce67bfcede8fea67e1cdc888f77da696e9e615e4444e26	49857	scientific-artifact	synthetic_curriculum_unseen_templates/variants/07_early_open_center_typical_fast/map_assets/occupancy.npy	MOVE		none	One-level Alternative-A root collapse; content must remain byte-identical.
flyff_farming_simulator/synthetic_curriculum_unseen_templates/variants/07_early_open_center_typical_fast/world.json.gz	synthetic_curriculum_unseen_templates/variants/07_early_open_center_typical_fast/world.json.gz	tracked	c60e5f2b9b419769b3a8fc3913045a7281eaedc0	6258a8384cc4ff54dc2916cd3c86f83065d00b54016164f5396d5d092a630a95	32166	simulator-source	synthetic_curriculum_unseen_templates/variants/07_early_open_center_typical_fast/world.json.gz	MOVE		none	One-level Alternative-A root collapse; content must remain byte-identical.
flyff_farming_simulator/synthetic_curriculum_unseen_templates/variants/08_early_open_center_high_bursty/map_assets/coordinate_frame.json	synthetic_curriculum_unseen_templates/variants/08_early_open_center_high_bursty/map_assets/coordinate_frame.json	tracked	64529ba558428ad753e34e011b72712de2a47460	597d0050861ff15776667fd86ea79a190bb7da3e4a324f609dd24d1697c3bee7	87	scientific-artifact	synthetic_curriculum_unseen_templates/variants/08_early_open_center_high_bursty/map_assets/coordinate_frame.json	MOVE		none	One-level Alternative-A root collapse; content must remain byte-identical.
flyff_farming_simulator/synthetic_curriculum_unseen_templates/variants/08_early_open_center_high_bursty/map_assets/map.json	synthetic_curriculum_unseen_templates/variants/08_early_open_center_high_bursty/map_assets/map.json	tracked	3ed91a8ad9dc8d8c190296859f9a03c3719ef49b	c0e0793cb7dbd6524f5681c594aa3b2b02fee0d2a2a5ee123a8d5890f753822b	564	scientific-artifact	synthetic_curriculum_unseen_templates/variants/08_early_open_center_high_bursty/map_assets/map.json	MOVE		none	One-level Alternative-A root collapse; content must remain byte-identical.
flyff_farming_simulator/synthetic_curriculum_unseen_templates/variants/08_early_open_center_high_bursty/map_assets/occupancy.npy	synthetic_curriculum_unseen_templates/variants/08_early_open_center_high_bursty/map_assets/occupancy.npy	tracked	7e13481690cfebbc943272bd95b929992d0e6537	55fc771916f0410c68730447f43be79c3fcda1f53936e4e3f02c2f2ee641b7b0	39729	scientific-artifact	synthetic_curriculum_unseen_templates/variants/08_early_open_center_high_bursty/map_assets/occupancy.npy	MOVE		none	One-level Alternative-A root collapse; content must remain byte-identical.
flyff_farming_simulator/synthetic_curriculum_unseen_templates/variants/08_early_open_center_high_bursty/world.json.gz	synthetic_curriculum_unseen_templates/variants/08_early_open_center_high_bursty/world.json.gz	tracked	db3e3240af7cda80b90378910a33b54c1bcbd9a8	4afd9367b18048deedc16aa128f4c76a325a2fa0078b4b8a6f6341e3d9f5e634	37550	simulator-source	synthetic_curriculum_unseen_templates/variants/08_early_open_center_high_bursty/world.json.gz	MOVE		none	One-level Alternative-A root collapse; content must remain byte-identical.
flyff_farming_simulator/tests/conftest.py	tests/conftest.py	tracked	f96b4d863066b65a29e004d1d647e19aae8d396a	d0a5179e44e0206108b1fd09e2ecc8c792aae09903c85a3cd4cbf4aaf2335bd9	180	test	tests/conftest.py	MOVE		canonical-merge-base	Simple root insertion remains valid after flattening; other suite hooks merge during P7-WIRE.
flyff_farming_simulator/tests/test_basic_environment.py	tests/test_basic_environment.py	tracked	179c04aec574ce3b2e8bb9ba34f8f318e7ad99b9	f5db874c0615f38cf60c92779e081988538788d1abb367f90873575683ccac1c	5589	test	tests/test_basic_environment.py	MOVE		none	One-level Alternative-A root collapse; content must remain byte-identical.
flyff_farming_simulator/tests/test_basic_milestone_evaluator.py	tests/test_basic_milestone_evaluator.py	tracked	97224c9342866c6f292667fb7a1560600509c64f	a9ddd4204ee4fa3a8848f54abf10badf4b0f8939b119850563690cfd379b28e0	2600	test	tests/test_basic_milestone_evaluator.py	MOVE		none	One-level Alternative-A root collapse; content must remain byte-identical.
flyff_farming_simulator/tests/test_basic_training_pipeline.py	tests/test_basic_training_pipeline.py	tracked	4f23838499e7f6fc66b3d1efcca4108c90c86df3	f0cebec0100e8101a78df390ae8e9d0fb1c1604d0d5b133d4cc511db5dfb3d4f	28679	test	tests/test_basic_training_pipeline.py	MOVE		none	One-level Alternative-A root collapse; content must remain byte-identical.
flyff_farming_simulator/tests/test_beginner_navigation_mix_train.py	tests/test_beginner_navigation_mix_train.py	tracked	fefd8f9ec3a85c9ca8c6f8a8f011058caaa3e705	fa4cd00e6f4307745c65afb3fab72a13fa23b25e2b364bfc1d23065933f2c546	2728	test	tests/test_beginner_navigation_mix_train.py	MOVE		none	One-level Alternative-A root collapse; content must remain byte-identical.
flyff_farming_simulator/tests/test_beginner_transition.py	tests/test_beginner_transition.py	tracked	29b35303cc2fbd97d97f50ed8c7da658388767bf	c86c2d3109d064ea6986e4cddb123fada39671e0ad658d382a62676c61e4b9b6	9921	test	tests/test_beginner_transition.py	MOVE		none	One-level Alternative-A root collapse; content must remain byte-identical.
flyff_farming_simulator/tests/test_curriculum_manifests.py	tests/test_curriculum_manifests.py	tracked	9a583412f9d0be26bc880a7b1cfd79b633b2fcfd	ff63010a65c631bc092389204c6edcdab4a01889c7cc071122989cea5af46ca9	3919	test	tests/test_curriculum_manifests.py	MOVE		none	One-level Alternative-A root collapse; content must remain byte-identical.
flyff_farming_simulator/tests/test_curriculum_stages.py	tests/test_curriculum_stages.py	tracked	3544e9fdd1254984a0f202aefec1bf365364e270	5f305aa04da15290ec254fa3fbcadee9688cd719c69d985d618920405439339f	1327	test	tests/test_curriculum_stages.py	MOVE		none	One-level Alternative-A root collapse; content must remain byte-identical.
flyff_farming_simulator/tests/test_dagger_v193.py	tests/test_dagger_v193.py	tracked	82618755328b9ffbb179003ede9b4b417e2201b3	9479df6be13a58b406be671fcaacdc167cbb89a72b2026ab6f6d416584a99ed6	8137	test	tests/test_dagger_v193.py	MOVE		none	One-level Alternative-A root collapse; content must remain byte-identical.
flyff_farming_simulator/tests/test_deep_review.py	tests/test_deep_review.py	tracked	e7125ea6334093d3f0dbe3dc2b34b81b36419613	45b702ac1b56344c59ce2f444c3a8db2a82725fa801ead59d1353149fc6f2a62	10565	test	tests/test_deep_review.py	MOVE		none	One-level Alternative-A root collapse; content must remain byte-identical.
flyff_farming_simulator/tests/test_environment_planner_kernel_agreement.py	tests/test_environment_planner_kernel_agreement.py	tracked	7c3d2814cc6c36e8327586512d341418b76e44e9	96d8c121a73939de221bd781817cb766c51d4daa7a7ce0b67d4d98aba73fdc84	11782	test	tests/test_environment_planner_kernel_agreement.py	MOVE		none	One-level Alternative-A root collapse; content must remain byte-identical.
flyff_farming_simulator/tests/test_evaluate_env_median.py	tests/test_evaluate_env_median.py	tracked	d17344590d4321029efc48ad85fdff062b43b5a3	219412a41af764be38637c59aaab15bf1358a28b0be313e60d986afecdef2b5b	2550	test	tests/test_evaluate_env_median.py	MOVE		none	One-level Alternative-A root collapse; content must remain byte-identical.
flyff_farming_simulator/tests/test_factorized_actions_v19.py	tests/test_factorized_actions_v19.py	tracked	607b06cb5f4a8d741be129ad5ed25950d75944f3	86194745c4e551d1c4c5ef9a46f9182efd667354dd1939cd49faa5c48e7bf565	6862	test	tests/test_factorized_actions_v19.py	MOVE		none	One-level Alternative-A root collapse; content must remain byte-identical.
flyff_farming_simulator/tests/test_factorized_hybrid_training_v193.py	tests/test_factorized_hybrid_training_v193.py	tracked	276c2f9b282f46e38990bd3717717efe419b7caf	f0cb9d10e93c7732c69c1c137abaa9d7c915862c3e63931bc7445785b63ac670	18672	test	tests/test_factorized_hybrid_training_v193.py	MOVE		none	One-level Alternative-A root collapse; content must remain byte-identical.
flyff_farming_simulator/tests/test_factorized_pilot_v192.py	tests/test_factorized_pilot_v192.py	tracked	382ed26e59c06508fbc022531739118632b4d792	8a799bab5a7e4675f64cd8e384cbf20643f80931ec46b1e5b69e476e4d1350f7	4612	test	tests/test_factorized_pilot_v192.py	MOVE		none	One-level Alternative-A root collapse; content must remain byte-identical.
flyff_farming_simulator/tests/test_factorized_pilot_v193.py	tests/test_factorized_pilot_v193.py	tracked	c6bf3bf5e6b72b1f2fc582f66c829f9c8b06b164	ea8dbfdd8349db6426180b135e2438f12e1ac6f5890f490d5cab85c78f6d3d74	1887	test	tests/test_factorized_pilot_v193.py	MOVE		none	One-level Alternative-A root collapse; content must remain byte-identical.
flyff_farming_simulator/tests/test_factorized_teacher_sampling_v191.py	tests/test_factorized_teacher_sampling_v191.py	tracked	fd36535f08fa384384bf025e3075ed19ee5f885c	6191821073ca68925f66a19f9f94b9769c2da0c08b6e6b2ab373e55d8d969b49	3782	test	tests/test_factorized_teacher_sampling_v191.py	MOVE		none	One-level Alternative-A root collapse; content must remain byte-identical.
flyff_farming_simulator/tests/test_fair_time_v16.py	tests/test_fair_time_v16.py	tracked	7c4e40e1240ded243c9cd1b8f1c21a252287d8b6	4f6be5e0085d05bbbae21afb1cc3a586d3e9a723dc272edea4e7843cccc930fd	5603	test	tests/test_fair_time_v16.py	MOVE		none	One-level Alternative-A root collapse; content must remain byte-identical.
flyff_farming_simulator/tests/test_fair_time_v17.py	tests/test_fair_time_v17.py	tracked	07bc8f56e42db6257d4b352e3491b12356d5fcb8	8980b855b512f2223cdc950f65d01c0b789e676c44aaf29979701c9447c82948	5620	test	tests/test_fair_time_v17.py	MOVE		none	One-level Alternative-A root collapse; content must remain byte-identical.
flyff_farming_simulator/tests/test_fine_tune_steering_branch.py	tests/test_fine_tune_steering_branch.py	tracked	371f04cfd8a05ccbc1b246b46ed820f4d89dcc84	e3cd60bbbb45e3bcca83965945c86c37e9f57e3ddc2b73a9def638180c86bb45	6095	test	tests/test_fine_tune_steering_branch.py	MOVE		none	One-level Alternative-A root collapse; content must remain byte-identical.
flyff_farming_simulator/tests/test_geometry_features.py	tests/test_geometry_features.py	tracked	b7f8a587626b98d8b34d51052b2d5235cc4cf42c	797d541d03091269126d34201e94bd7859466e38b509afa7387bfaddd07c09d5	5556	test	tests/test_geometry_features.py	MOVE		none	One-level Alternative-A root collapse; content must remain byte-identical.
flyff_farming_simulator/tests/test_kinodynamic_arc_edge_check.py	tests/test_kinodynamic_arc_edge_check.py	tracked	9dcc67d8ab0f86a762c268f024aef1962a5a9b85	194ff0b9c66d667b5bf5beee2f997fa8d43921856eee7813a61ae95018e82a46	7180	test	tests/test_kinodynamic_arc_edge_check.py	MOVE		none	One-level Alternative-A root collapse; content must remain byte-identical.
flyff_farming_simulator/tests/test_kinodynamic_route_planner.py	tests/test_kinodynamic_route_planner.py	tracked	9dce598294b773af92fcaefdb0d3a36534eb27a5	c6053df856a2bc5b27a3d0d27c78cec8798f88b805811204b7ee0fd16dcce856	45181	test	tests/test_kinodynamic_route_planner.py	MOVE		none	One-level Alternative-A root collapse; content must remain byte-identical.
flyff_farming_simulator/tests/test_kinodynamic_transition_fidelity.py	tests/test_kinodynamic_transition_fidelity.py	tracked	b370c4a7ff6cbea1e7d7deb82ae527e32124a1e6	f7060a6717d6e3ffe585833d567ccf79700cfc752be17cb1a68f351e4e4f833b	14737	test	tests/test_kinodynamic_transition_fidelity.py	MOVE		none	One-level Alternative-A root collapse; content must remain byte-identical.
flyff_farming_simulator/tests/test_local_clearance.py	tests/test_local_clearance.py	tracked	70e6a578ecb22a1a7fc97ff2de0f60a18bb307df	1691a7ef909eedd686945e20b14a75031012782029c4c4b9633ef47310a66eca	1794	test	tests/test_local_clearance.py	MOVE		none	One-level Alternative-A root collapse; content must remain byte-identical.
flyff_farming_simulator/tests/test_local_navigation_features.py	tests/test_local_navigation_features.py	tracked	e116a114d125fa9832665835375241fee2d57616	cdb6c4c466f2e688ce3a160cdb1daa7aba7119eedc8b20daae200f3704d0627d	6011	test	tests/test_local_navigation_features.py	MOVE		none	One-level Alternative-A root collapse; content must remain byte-identical.
flyff_farming_simulator/tests/test_milestone_evaluator.py	tests/test_milestone_evaluator.py	tracked	43d42b54ef974c9fb1bc39666298543ea2db7d53	e44b3376d145ea34c8c65722b432bb1c5fc02a8304f6d6a0b43fb263f9e25530	3688	test	tests/test_milestone_evaluator.py	MOVE		none	One-level Alternative-A root collapse; content must remain byte-identical.
flyff_farming_simulator/tests/test_milestone_evaluator_recovery.py	tests/test_milestone_evaluator_recovery.py	tracked	588ba0911fae493ecfbb6678bd84363ea9f7f028	16c373343ea4df9dcef0fc0b90202fdeaacf1086e5814ac29fbc08903ff809c6	10085	test	tests/test_milestone_evaluator_recovery.py	MOVE		none	One-level Alternative-A root collapse; content must remain byte-identical.
flyff_farming_simulator/tests/test_movement_classification.py	tests/test_movement_classification.py	tracked	99e99949e70ae610cbd26d74db9efcb55c164e43	9a6474bacc092edb62873bde84dd0b4414225c15d91c578b77267bac457c6e57	3453	test	tests/test_movement_classification.py	MOVE		none	One-level Alternative-A root collapse; content must remain byte-identical.
flyff_farming_simulator/tests/test_movement_kernel.py	tests/test_movement_kernel.py	tracked	d66543e74c3ad33283260d10673ed83d2ba2ea2d	a5e367e195dbfda812bade8686b24f187b97967b6ef75efa0d9d4f48b5b5877f	13158	test	tests/test_movement_kernel.py	MOVE		none	One-level Alternative-A root collapse; content must remain byte-identical.
flyff_farming_simulator/tests/test_navigation_dataset.py	tests/test_navigation_dataset.py	tracked	8547038149454540790a1406b067be3991db19b8	41076c8ca8496775afface450242ef7af9b1fafc583abc9d5872c3b945d2fb5a	5087	test	tests/test_navigation_dataset.py	MOVE		none	One-level Alternative-A root collapse; content must remain byte-identical.
flyff_farming_simulator/tests/test_navigation_history.py	tests/test_navigation_history.py	tracked	88417e8c9e1710a9bd7e09accc2b3b17458f5cec	d195581b5ed479f6e05dcfcaff20bef253a5060e84168a089a68a99eea1dbed5	7956	test	tests/test_navigation_history.py	MOVE		none	One-level Alternative-A root collapse; content must remain byte-identical.
flyff_farming_simulator/tests/test_physics_version_tag_provenance_only.py	tests/test_physics_version_tag_provenance_only.py	tracked	e2d538a11a366b6209a4549a055633ec9086fa1a	245ef4f001cd3c1b281acf8c7f25f455c3a33d1ffe4bb056d83c653461a500f9	10165	test	tests/test_physics_version_tag_provenance_only.py	MOVE		none	One-level Alternative-A root collapse; content must remain byte-identical.
flyff_farming_simulator/tests/test_progress_reporting.py	tests/test_progress_reporting.py	tracked	5d0fe4e83633dc06c44540ef6785d0a9cf4e32d1	f2729d13c4eadf170a2382e5c3da97a22362d7c7a4522a1ac88a73685d39f881	1863	test	tests/test_progress_reporting.py	MOVE		none	One-level Alternative-A root collapse; content must remain byte-identical.
flyff_farming_simulator/tests/test_pure_navigation_env.py	tests/test_pure_navigation_env.py	tracked	741fbdc87dc88eb1b6645bbbdb34624971821078	a99a878d74b9d99c46f54ebffb2a863cf44857cfcc8a7af700700b7f0af8e0bb	12414	test	tests/test_pure_navigation_env.py	MOVE		none	One-level Alternative-A root collapse; content must remain byte-identical.
flyff_farming_simulator/tests/test_recovery_controller.py	tests/test_recovery_controller.py	tracked	c8f193085071ce134621f6e2348874e834e00282	dbca1ad1ddc7ee2732dd5d64e343bfda3e7ffe64cbfd4a3deea903a43d8e9eac	5905	test	tests/test_recovery_controller.py	MOVE		none	One-level Alternative-A root collapse; content must remain byte-identical.
flyff_farming_simulator/tests/test_resume_ppo_chunk.py	tests/test_resume_ppo_chunk.py	tracked	e2f97795c96106c5d8bf589a8b1af2fd94220233	38cf1811735cea5b8d239d654bf3f4409275d4d718b4a6a70e87597082e34306	2799	test	tests/test_resume_ppo_chunk.py	MOVE		none	One-level Alternative-A root collapse; content must remain byte-identical.
flyff_farming_simulator/tests/test_reward_ablation_wrapper_contract.py	tests/test_reward_ablation_wrapper_contract.py	tracked	265818dfa7f4d75f47aab3f9cebbe01371ea0e00	9f024461495c0a415900956d4669575bf3772c2a247959808be6fd54dba926af	17770	test	tests/test_reward_ablation_wrapper_contract.py	MOVE		none	One-level Alternative-A root collapse; content must remain byte-identical.
flyff_farming_simulator/tests/test_reward_audit_v17.py	tests/test_reward_audit_v17.py	tracked	2df85255c6c7cd868729cdb036fb23870f29bf59	5602b756e5f8902842959ed908f02f2db3c6fec7aba297d0194544dc89d0a934	8099	test	tests/test_reward_audit_v17.py	MOVE		none	One-level Alternative-A root collapse; content must remain byte-identical.
flyff_farming_simulator/tests/test_router_waypoint_env.py	tests/test_router_waypoint_env.py	tracked	8132bbe2ba58e37bfb29bf645b1706abe307e7a4	fe3033fccd2941344de90134a1e69a758033ca1a19fcdac61ffd184d6e1fb9c5	11747	test	tests/test_router_waypoint_env.py	MOVE		none	One-level Alternative-A root collapse; content must remain byte-identical.
flyff_farming_simulator/tests/test_run_provenance.py	tests/test_run_provenance.py	tracked	2a65e22138fa97fed32becc5608fa7685bd7f808	cff23ce86f9c129c4976c1602ba59c576daaa2dfd3350fad80ff254370c76e8c	2906	test	tests/test_run_provenance.py	MOVE		none	One-level Alternative-A root collapse; content must remain byte-identical.
flyff_farming_simulator/tests/test_simulator_core.py	tests/test_simulator_core.py	tracked	a6904267a8e7df4403b5110e34d841b1d129b4cb	5f668af5afd6cf6e660aebc2fe57821c17ae189a8a2abddf71699848c943428d	26861	test	tests/test_simulator_core.py	MOVE		none	One-level Alternative-A root collapse; content must remain byte-identical.
flyff_farming_simulator/tests/test_single_obstacle_feature_representability.py	tests/test_single_obstacle_feature_representability.py	tracked	5e5938af12c599863a73a743c91480779b808ce1	e4dd90d85d3703a843e705789cce6f064a0e2bedde5eb1f3d9e8ddd91a006806	3638	test	tests/test_single_obstacle_feature_representability.py	MOVE		none	One-level Alternative-A root collapse; content must remain byte-identical.
flyff_farming_simulator/tests/test_split_branch_policy.py	tests/test_split_branch_policy.py	tracked	2814870d00f1e937639fbf42f9789e8187917d7e	ed4c95d8a5e9647e69f45d328655df3cb3846b73314ea5e92262524737639aec	4784	test	tests/test_split_branch_policy.py	MOVE		none	One-level Alternative-A root collapse; content must remain byte-identical.
flyff_farming_simulator/tests/test_steering_expansion_transplant.py	tests/test_steering_expansion_transplant.py	tracked	3a9e0952f8476c1150560af967093910155b6b04	218a8ab3fb0b48c2cce29655f85edaeab18ce900eeee1d5c2cb587ec0cc38c08	4418	test	tests/test_steering_expansion_transplant.py	MOVE		none	One-level Alternative-A root collapse; content must remain byte-identical.
flyff_farming_simulator/tests/test_steering_oracle_escape_robust.py	tests/test_steering_oracle_escape_robust.py	tracked	242aabec331db554ace6fcc8119900ad345593c5	f8440bbd9c65fc5ea2bf8c7d596dcb26dadb820255bc3127f1e18ed40883343c	9435	test	tests/test_steering_oracle_escape_robust.py	MOVE		none	One-level Alternative-A root collapse; content must remain byte-identical.
flyff_farming_simulator/tests/test_steering_oracle_v3_terminal_gate.py	tests/test_steering_oracle_v3_terminal_gate.py	tracked	caa2b386f6744665d345bf0827502a4dc8205f8b	2a3dedb8d31e99068e871589f6d3f11db5c991bd8a725f0ccf1dcc72804a392e	12297	test	tests/test_steering_oracle_v3_terminal_gate.py	MOVE		none	One-level Alternative-A root collapse; content must remain byte-identical.
flyff_farming_simulator/tests/test_synthetic_layout_validation.py	tests/test_synthetic_layout_validation.py	tracked	fd47376e5c04cd89efd655d3d17cc8201c2d612d	174ee7399cf0e479adbf7e48053a7080e20293a6cc45ef9e080eb13acbda2bc2	5690	test	tests/test_synthetic_layout_validation.py	MOVE		none	One-level Alternative-A root collapse; content must remain byte-identical.
flyff_farming_simulator/tests/test_target_hysteresis.py	tests/test_target_hysteresis.py	tracked	6f6aa9169f2cebb3c8e140e777abec10afc6a174	59ba30fd4d23dc9ef1f69a19bdf9b11613f6cd419a01ef8fd05bf92adc635e50	10052	test	tests/test_target_hysteresis.py	MOVE		none	One-level Alternative-A root collapse; content must remain byte-identical.
flyff_farming_simulator/tests/test_temporal_sidecar_parity.py	tests/test_temporal_sidecar_parity.py	tracked	a64e043636598ca87df525c33d3e112c692bbba2	f9427786185b809ca6353f88b8863fc0abc4f38fc28c609e3d0b324a12174147	9324	test	tests/test_temporal_sidecar_parity.py	MOVE		none	One-level Alternative-A root collapse; content must remain byte-identical.
flyff_farming_simulator/tools/inventory_recordings.py	tools/inventory_recordings.py	tracked	8edd687ad0b8982a18f480dc9e4d2ea041d101c8	63b5159f7854d975298c2dd672ba43c8b6ffae1deceae5ad374b585264df005c	6145	development-tool	tools/inventory_recordings.py	MOVE		none	One-level Alternative-A root collapse; content must remain byte-identical.
flyff_farming_simulator/tools/list_world_model_eligible.py	tools/list_world_model_eligible.py	tracked	79bde545ccfdf2f5b7d56fda10a948135f45218f	4101198e40d2845c2ff987ee130a928d9efe2cf3b5b5d22bc61f1fcef2b86be7	923	development-tool	tools/list_world_model_eligible.py	MOVE		none	One-level Alternative-A root collapse; content must remain byte-identical.
flyff_farming_simulator/tools/sort_new_recordings.py	tools/sort_new_recordings.py	tracked	7b5d4732e757a0d2e9d399f64f56cb6215d161bb	e41ae5e35dedee4e37d5dda4de9f0275260a4b1b80a3822176689c99c1444232	6170	development-tool	tools/sort_new_recordings.py	MOVE		none	One-level Alternative-A root collapse; content must remain byte-identical.
foreground_vision_bot/Bot.py	Bot.py	tracked	8cfad0cd42a0d958282972afaaf453a3fe265367	548db5cf7a557a1e2a8a06acbe743ee2ec7e5760c2c8094aaba89de0c04d5dde	43668	entrypoint	Bot.py	MOVE		none	One-level Alternative-A root collapse; content must remain byte-identical.
foreground_vision_bot/Gui.py	Gui.py	tracked	52d63cfe1577315464180271ec2d0359702eb5ec	c0bf99a46395b852c4c0d1da335983a1947a1150a048f7769d9a30401f286792	86796	entrypoint	Gui.py	MOVE		none	One-level Alternative-A root collapse; content must remain byte-identical.
foreground_vision_bot/assets/Assets.py	assets/Assets.py	tracked	36f507c1980ff1dc9c7b3b623f363673fa61c043	fe1927a99bca4a898bcb1a2df487825c5a38bc0b3442d228cc0a4000cb031b48	5957	production-source	assets/Assets.py	MOVE		none	One-level Alternative-A root collapse; content must remain byte-identical.
foreground_vision_bot/assets/digits/0.png	assets/digits/0.png	tracked	028368990dfe057c200bff564683a56f03445aed	553d4cf8b3f460e698e357b18d8ad9b6cacffc1e73699f0ac6fecf386fe8f69a	262	production-source	assets/digits/0.png	MOVE		none	One-level Alternative-A root collapse; content must remain byte-identical.
foreground_vision_bot/assets/digits/1.png	assets/digits/1.png	tracked	c048efed8156ec4e3bfb8ea7b7d3028f4cfb90be	a6a7e27f2bafae5f8ba416d641255d790bf9f66103f824695304b51c36c22e72	241	production-source	assets/digits/1.png	MOVE		none	One-level Alternative-A root collapse; content must remain byte-identical.
foreground_vision_bot/assets/digits/2.png	assets/digits/2.png	tracked	3d67d2bf03d9e3a7bf0b520b8304a2b3e62ecc3f	f771e57e96447db667aa8258460b724e4dd961c6744f27c9be12529d209629be	273	production-source	assets/digits/2.png	MOVE		none	One-level Alternative-A root collapse; content must remain byte-identical.
foreground_vision_bot/assets/digits/3.png	assets/digits/3.png	tracked	94a3c9e79b8fb0665a5e2d010c33679a8a86c470	14fee039e5338d0a70b40f9240268bee88deb6e22977989096269ea3a1b86ded	306	production-source	assets/digits/3.png	MOVE		none	One-level Alternative-A root collapse; content must remain byte-identical.
foreground_vision_bot/assets/digits/4.png	assets/digits/4.png	tracked	d69e2662ff53469cf1a3e97d76afd656528e328f	f47a27f92f710c03857be6327ad3a928cee82f3cfc6e9733651f0d58e23c9b46	379	production-source	assets/digits/4.png	MOVE		none	One-level Alternative-A root collapse; content must remain byte-identical.
foreground_vision_bot/assets/digits/5.png	assets/digits/5.png	tracked	0699c7a672b09a116979598e79d7c08cbcc33008	f0a8df0b3c32b5ede9e566ad26795b1bc7077741e540f5a12203fb1f5174e745	273	production-source	assets/digits/5.png	MOVE		none	One-level Alternative-A root collapse; content must remain byte-identical.
foreground_vision_bot/assets/digits/6.png	assets/digits/6.png	tracked	e1fbee2faa050756942668f921e5daf3a0620e3a	77564bf2368926a71b5a201ec90a4fb57ec73d8fb40bbd186f4db093967fa2d9	314	production-source	assets/digits/6.png	MOVE		none	One-level Alternative-A root collapse; content must remain byte-identical.
foreground_vision_bot/assets/digits/7.png	assets/digits/7.png	tracked	01ac64316b82e9e7a5a0fa11860de858b0ed4aa4	03ed76478f1bee6e285379f2a39701e736b6e373e41012797d752e34bd63a3c0	319	production-source	assets/digits/7.png	MOVE		none	One-level Alternative-A root collapse; content must remain byte-identical.
foreground_vision_bot/assets/digits/8.png	assets/digits/8.png	tracked	89f7b6aee9205a3537cd02c70d843de3c013abb4	bfabcf24ed2e484c7dbaf49e349422743447147d26790ca6f93af62e2373db88	236	production-source	assets/digits/8.png	MOVE		none	One-level Alternative-A root collapse; content must remain byte-identical.
foreground_vision_bot/assets/digits/9.png	assets/digits/9.png	tracked	006549a761e0bfba0f5269ec6d478a6908f523d7	2693b8cfed2347ee73258a5212a3077ef265ba913ab59032baf579585ea7cb0b	269	production-source	assets/digits/9.png	MOVE		none	One-level Alternative-A root collapse; content must remain byte-identical.
foreground_vision_bot/assets/digits/bracket.png	assets/digits/bracket.png	tracked	912e29e5ed73fc05471127853695e84c47effaee	e855fd839f964c506dbab5c4c0e1e72c7974895a347197abfcefd3c809a5d621	345	production-source	assets/digits/bracket.png	MOVE		none	One-level Alternative-A root collapse; content must remain byte-identical.
foreground_vision_bot/assets/general/inventory_icons.png	assets/general/inventory_icons.png	tracked	22cda7200639e399d3fd96963c90c3123b831ee4	9b020d1506b0218bf02685ac570b568b1d7a130ef626b544767ad8ecff04737f	1697	production-source	assets/general/inventory_icons.png	MOVE		none	One-level Alternative-A root collapse; content must remain byte-identical.
foreground_vision_bot/assets/general/inventory_perin_converter.png	assets/general/inventory_perin_converter.png	tracked	d2d9cc5e9962d5e248500e4c7154c080f5c83f05	0aabff2c110f6131329a70ca8f512b60a45ad8cfab993cb2ef129382da540c09	1116	production-source	assets/general/inventory_perin_converter.png	MOVE		none	One-level Alternative-A root collapse; content must remain byte-identical.
foreground_vision_bot/assets/general/mob_life_bar.png	assets/general/mob_life_bar.png	tracked	fd046e13bb7e959edccb663b40fceef2cd05242a	c9d33cad268a542f4d6073fb0e3c1986f404e5b8fd2778343271755429c9cf7d	1702	production-source	assets/general/mob_life_bar.png	MOVE		none	One-level Alternative-A root collapse; content must remain byte-identical.
foreground_vision_bot/assets/general/user_target_bar.png	assets/general/user_target_bar.png	tracked	899b72094fae6090b6bf3a48dc606ffff50f57b7	b3f25bb4c506ad677b09e3053d7d596390ae0b2130f79949942f21b87a5c5414	882	production-source	assets/general/user_target_bar.png	MOVE		none	One-level Alternative-A root collapse; content must remain byte-identical.
foreground_vision_bot/assets/map/map_arrow.png	assets/map/map_arrow.png	tracked	37c80ccdfcbf020b43defd2f7d611f68229adab2	c75f5d848f7439cf00f23219c40de3d4ee1fdc9e094f7ad0edbbb35eaecf3ff5	312	production-source	assets/map/map_arrow.png	MOVE		none	One-level Alternative-A root collapse; content must remain byte-identical.
foreground_vision_bot/assets/map/map_arrow_e.png	assets/map/map_arrow_e.png	tracked	47bef8a624f714c0b36cefcb6e17c22947a4dc8c	87fe3ca30a3013b8388f415d1f309406647ea62095f9c549dc53b75726de1011	314	production-source	assets/map/map_arrow_e.png	MOVE		none	One-level Alternative-A root collapse; content must remain byte-identical.
foreground_vision_bot/assets/map/map_arrow_n.png	assets/map/map_arrow_n.png	tracked	37c80ccdfcbf020b43defd2f7d611f68229adab2	c75f5d848f7439cf00f23219c40de3d4ee1fdc9e094f7ad0edbbb35eaecf3ff5	312	production-source	assets/map/map_arrow_n.png	MOVE		none	One-level Alternative-A root collapse; content must remain byte-identical.
foreground_vision_bot/assets/map/map_arrow_ne.png	assets/map/map_arrow_ne.png	tracked	74222809975223ed7898aaad12aed12d45c8a77a	dd057ae309f691b24bea94b3de3fc65e417919c164357d1a85179a4554041354	360	production-source	assets/map/map_arrow_ne.png	MOVE		none	One-level Alternative-A root collapse; content must remain byte-identical.
foreground_vision_bot/assets/map/map_arrow_nw.png	assets/map/map_arrow_nw.png	tracked	a91de26b7e39379ad23e0f1f186c5290491d7281	7a89e5bbc88fa943742e64981023a414d4c05dddfaecc81f2aa08628c0cf4da6	350	production-source	assets/map/map_arrow_nw.png	MOVE		none	One-level Alternative-A root collapse; content must remain byte-identical.
foreground_vision_bot/assets/map/map_arrow_s.png	assets/map/map_arrow_s.png	tracked	505981a377cfbec6ed8a5fdd879b29175b4e495a	cc3dda5401f9d1be6719204644e25f6617c8d1d7d4431d8c8b77e106ab2135b9	338	production-source	assets/map/map_arrow_s.png	MOVE		none	One-level Alternative-A root collapse; content must remain byte-identical.
foreground_vision_bot/assets/map/map_arrow_se.png	assets/map/map_arrow_se.png	tracked	c6f3e4d2f303cb3389270342d7b9bc3c27011228	382162990077c68807b4c45a141601a0933fff9da6940edaedac676d4ff8394d	342	production-source	assets/map/map_arrow_se.png	MOVE		none	One-level Alternative-A root collapse; content must remain byte-identical.
foreground_vision_bot/assets/map/map_arrow_sw.png	assets/map/map_arrow_sw.png	tracked	10d8bcad5992ab7f236157bea382a1f0b49457c1	73c69816a0ebaa9e904ae719fdaecce98d47687f23e945add3fa4256e982c8cd	357	production-source	assets/map/map_arrow_sw.png	MOVE		none	One-level Alternative-A root collapse; content must remain byte-identical.
foreground_vision_bot/assets/map/map_arrow_w.png	assets/map/map_arrow_w.png	tracked	e7c56a9c05b94b965f682ecf2b4459e85444f486	594bc9f6915b7f45e6245fb6647717deb434bda9cf5109e737397fd2e8f40252	310	production-source	assets/map/map_arrow_w.png	MOVE		none	One-level Alternative-A root collapse; content must remain byte-identical.
foreground_vision_bot/assets/mob_types/electricity.png	assets/mob_types/electricity.png	tracked	175961591bc1c6a28727d202c6bbfe20383e7188	1c4a1c82f41ee988bfa85e271fb6f9d905586e708a7cc6423afa79a6924f7cb6	693	production-source	assets/mob_types/electricity.png	MOVE		none	One-level Alternative-A root collapse; content must remain byte-identical.
foreground_vision_bot/assets/mob_types/fire.png	assets/mob_types/fire.png	tracked	d6237a003bda001f6e27a9fc8561dd9ba36caf63	4fc570c19746f8abeb2f21d4f7d58879dad5765d6741a407aba316ebc839efd1	800	production-source	assets/mob_types/fire.png	MOVE		none	One-level Alternative-A root collapse; content must remain byte-identical.
foreground_vision_bot/assets/mob_types/soil.png	assets/mob_types/soil.png	tracked	a653aed3c7a375c40d5347b1ec6fd1c7ac8aa062	fca1ce02caeef21cfee937d0755b5f43c857568edf989974b83797be26fb5b38	859	production-source	assets/mob_types/soil.png	MOVE		none	One-level Alternative-A root collapse; content must remain byte-identical.
foreground_vision_bot/assets/mob_types/water.png	assets/mob_types/water.png	tracked	8708e999e4f140af9f906052b810beaf45e9798b	a1a57513b3a42b91f1ba95139023f40efb6ab72cc9dfa3b9d1d6eb5d71ca2795	825	production-source	assets/mob_types/water.png	MOVE		none	One-level Alternative-A root collapse; content must remain byte-identical.
foreground_vision_bot/assets/mob_types/wind.png	assets/mob_types/wind.png	tracked	43605aa30af00962228f26174cd3ffd668da60ba	737d51a5476f1e1fc454f8912cb725744fb7a0162fc810a806a4549df3bc9f30	891	production-source	assets/mob_types/wind.png	MOVE		none	One-level Alternative-A root collapse; content must remain byte-identical.
foreground_vision_bot/assets/mobs_list.json	assets/mobs_list.json	tracked	c116588ac27cfd0b478474cfc10715f5f4f42956	22717b2768e26d4a754da338d68c8093d2ee9c88e7311b6f71e8a2c8a5f710f2	469	config	assets/mobs_list.json	MOVE		none	One-level Alternative-A root collapse; content must remain byte-identical.
foreground_vision_bot/assets/names/Captain Asterius.png	assets/names/Captain Asterius.png	tracked	81d0505cd3cd4f9db7185f5b96741d3fe528efb9	86062ab6f1a7eb9f7c39a47bbaf403e5ed2f57be8e02af448147e7fbee9e7bbb	2644	production-source	assets/names/Captain Asterius.png	MOVE		none	One-level Alternative-A root collapse; content must remain byte-identical.
foreground_vision_bot/assets/names/Captain Dantalian.png	assets/names/Captain Dantalian.png	tracked	bc233605b7a1be362206218b1528e53b7f271381	187edcfc48a7cbca22e387a32723c612591b84a12039440d9c4255f7f6fbd30d	1888	production-source	assets/names/Captain Dantalian.png	MOVE		none	One-level Alternative-A root collapse; content must remain byte-identical.
foreground_vision_bot/assets/names/Lumping Basque.png	assets/names/Lumping Basque.png	tracked	b11767bf8ef2d4188fd38a2a0bcbc6b4d2ebc1f2	32b10269370df6fc5b086387380a2494f850d5889ff5ce5203b099350c02837c	2145	production-source	assets/names/Lumping Basque.png	MOVE		none	One-level Alternative-A root collapse; content must remain byte-identical.
foreground_vision_bot/assets/names/Pang.png	assets/names/Pang.png	tracked	df860dde62ab4b30b55c4eb9764a1ce9cb8b8995	9ef8132f0c1cbdbf83c6074d79837f4ec94c257be1d782ff9e45572f771a791b	3150	production-source	assets/names/Pang.png	MOVE		none	One-level Alternative-A root collapse; content must remain byte-identical.
foreground_vision_bot/assets/names/Scorpicon.png	assets/names/Scorpicon.png	tracked	641584ff68f74d65052a0c9119b4d1081abe914b	332436220430acb2f3f36c787453ea4014f45c146f059619b7f88b283c460bf2	1665	production-source	assets/names/Scorpicon.png	MOVE		none	One-level Alternative-A root collapse; content must remain byte-identical.
foreground_vision_bot/assets/ui/Screenshot 2026-08-02 153116.png	assets/ui/Screenshot 2026-08-02 153116.png	tracked	c1f59867a08d6deeedd73fbb0d17ea76cf37cdd4	74ae73e6eb12381aa2b3f842a64479c49f398adb35e3710050b1d584f5e6564b	38437	production-source	assets/ui/Screenshot 2026-08-02 153116.png	MOVE		none	One-level Alternative-A root collapse; content must remain byte-identical.
foreground_vision_bot/assets/ui/Screenshot 2026-08-02 205239.png	assets/ui/Screenshot 2026-08-02 205239.png	tracked	8cf969608517663de135f463455b04cb980eba2c	2f31cbcaa2215579969d178d0fdf272611ac46b5127322c5c795363df0c426bb	49039	production-source	assets/ui/Screenshot 2026-08-02 205239.png	MOVE		none	One-level Alternative-A root collapse; content must remain byte-identical.
foreground_vision_bot/assets/ui/kill_counter_penya.png	assets/ui/kill_counter_penya.png	tracked	b478a021b88065aee41144e277e29ea4ac18955d	0b91c6fe712e8f9cf3fb451b24e14d0f6ffc6ab468812c5b327088201b76cd34	1674	production-source	assets/ui/kill_counter_penya.png	MOVE		none	One-level Alternative-A root collapse; content must remain byte-identical.
foreground_vision_bot/assets/ui/kill_counter_trophy.png	assets/ui/kill_counter_trophy.png	tracked	62a8c8e79098f6bde43ef09ead1e180a7f595c56	c511cc0c1448512e2275b549eb0163458859107c700edb9e4c5d355cb251a696	1798	production-source	assets/ui/kill_counter_trophy.png	MOVE		none	One-level Alternative-A root collapse; content must remain byte-identical.
foreground_vision_bot/assets/ui/player_status.png	assets/ui/player_status.png	tracked	596d57ba8aaf95f808e8a96c4cb83a4716ebcc63	09c6a81f5f613b167ed299fa5898a2d746aada9d0549a458ead2b3441d876868	42685	production-source	assets/ui/player_status.png	MOVE		none	One-level Alternative-A root collapse; content must remain byte-identical.
foreground_vision_bot/capture_service.py	capture_service.py	tracked	cdde187b824e411c79ea0c5336b742b4f32d8bda	38e1b5727f83986713eeb751cd9e4dfd7efff9fcda07a49b5a65d0d56217d6ab	10581	production-source	capture_service.py	MOVE		none	One-level Alternative-A root collapse; content must remain byte-identical.
foreground_vision_bot/conftest.py	conftest.py	tracked	83eb7078f24622fec7eed8d9ac628e1c663a63e5	7b2080540d94f0fea1d2a51e00a0e21bf7efa775d60a62205bbce2db94b52703	1469	test	conftest.py	MOVE		none	One-level Alternative-A root collapse; content must remain byte-identical.
foreground_vision_bot/farming/__init__.py	foreground_vision_bot/farming/__init__.py	tracked	520cb3d6f7e7d93ffe20510a11941ad3b5f73b7f	08acc653a6c55018de82c695794accc703a1434bf40fe91be95b21d935812b1f	2633	compatibility-shim	farming/__init__.py	RETAIN-COMPAT	PHASE_12	retained-collision	Behavior-free B1 compatibility surface remains physically present; path magic is removed in P7-WIRE.
foreground_vision_bot/farming/actions.py	foreground_vision_bot/farming/actions.py	tracked	a289f64a09b7a2c64ef21c5eb97bb0fd2645f076	226aa112a58ab8eaeee2cef6e9dc5299ad181185d61bc680567c6ce866afac5a	864	compatibility-shim	farming/actions.py	RETAIN-COMPAT	PHASE_12	retained-collision	Behavior-free B1 compatibility surface remains physically present; path magic is removed in P7-WIRE.
foreground_vision_bot/farming/config.py	farming/config.py	tracked	d0164d7521766330df39c872fdb1b8ae5491cfd0	9597a5bd83f6d2030a427bab312430f096f3566b5572552db0a6951df3504b3e	10837	shared-source	farming/config.py	MOVE		none	One-level Alternative-A root collapse; content must remain byte-identical.
foreground_vision_bot/farming/control.py	farming/control.py	tracked	d1cc47c223fe310b97ab58c22859fd53d78c3d24	8ad72f3bf48d7c2a2738b762d5574d2f8daeed9da13f6bdc585aef8a9f8f7933	13933	shared-source	farming/control.py	MOVE		none	One-level Alternative-A root collapse; content must remain byte-identical.
foreground_vision_bot/farming/debug_validation.py	farming/debug_validation.py	tracked	6894efb0184a67955e323ea3e85152077adbe2c7	3b3d7882b1d47f85868ce0cfc7913761af9fe243e71e838e5bcdbf13d2266826	28535	shared-source	farming/debug_validation.py	MOVE		none	One-level Alternative-A root collapse; content must remain byte-identical.
foreground_vision_bot/farming/environment.py	farming/environment.py	tracked	433b850c26e12b987aa85ee6add17432ee083866	1dab577c19e7c6499f92e409b3c858d6bb74b2aa03b5603a9648c08f3f3c2f70	59052	shared-source	farming/environment.py	MOVE		none	One-level Alternative-A root collapse; content must remain byte-identical.
foreground_vision_bot/farming/kills.py	farming/kills.py	tracked	1056e3b7b516dd57567a407b3400572a03446ae7	51f2cc0f5f9d653d6c53704cc2f25ba60dcba4114ed3411c9412e4e92645b5ce	13847	shared-source	farming/kills.py	MOVE		none	One-level Alternative-A root collapse; content must remain byte-identical.
foreground_vision_bot/farming/map_context.py	farming/map_context.py	tracked	3940810c3995c1e50b13013a33c89dd84d8dc5ff	86b680a62617b456122fdd6efc780b942fd1362424dcac949ea13ac420639f1d	6125	shared-source	farming/map_context.py	MOVE		none	One-level Alternative-A root collapse; content must remain byte-identical.
foreground_vision_bot/farming/map_features.py	foreground_vision_bot/farming/map_features.py	tracked	cc310613ef5451b383fdac0475a1387d3dccb3bc	1743592c78f69cf9c6c71c9099c806a09ea6cfacb88193b76b3ce6cc3386ed03	1170	compatibility-shim	farming/map_features.py	RETAIN-COMPAT	PHASE_12	retained-collision	Behavior-free B1 compatibility surface remains physically present; path magic is removed in P7-WIRE.
foreground_vision_bot/farming/map_masks.py	foreground_vision_bot/farming/map_masks.py	tracked	51cb4c4dc9d93b9f9e2ea59eca34594de38db04a	9d1d28ae62ca7d8ce4e2f4dcf9dca94d57bb6133087fbb9f35f0c1f632954807	290	compatibility-shim	farming/map_masks.py	RETAIN-COMPAT	PHASE_12	retained-collision	Behavior-free B1 compatibility surface remains physically present; path magic is removed in P7-WIRE.
foreground_vision_bot/farming/map_profile.py	foreground_vision_bot/farming/map_profile.py	tracked	18d8e311a4b53c66300259723b78d041b8747676	5873e77b57fbb77d7e5acb5f653355505e8f46f4019f88836d53f7d7383903d0	313	compatibility-shim	farming/map_profile.py	RETAIN-COMPAT	PHASE_12	retained-collision	Behavior-free B1 compatibility surface remains physically present; path magic is removed in P7-WIRE.
foreground_vision_bot/farming/model_contract.py	foreground_vision_bot/farming/model_contract.py	tracked	e936e9b21dc25d17812958be68b431c8fd44af25	8c188a1fd894aa76afe89c0c2e199e16daf737cba0a2da4b5265b2b1d4f2d000	944	compatibility-shim	farming/model_contract.py	RETAIN-COMPAT	PHASE_12	retained-collision	Behavior-free B1 compatibility surface remains physically present; path magic is removed in P7-WIRE.
foreground_vision_bot/farming/native_world.py	farming/native_world.py	tracked	85c73e668a115a993ca3f61b6592844165bb82a5	61346b7c3cb9713ebec7f9b350e977b6531fdc890cb52d9501e1e86451588f1e	6638	shared-source	farming/native_world.py	MOVE		none	One-level Alternative-A root collapse; content must remain byte-identical.
foreground_vision_bot/farming/observation.py	foreground_vision_bot/farming/observation.py	tracked	e4c00cd077573e5dacf254488ed9f94c54fd284f	f48e83dfcf46ffc19008b361dedf69683ff43d7a62fafe4d7492cbe3927dc6fd	2106	compatibility-shim	farming/observation.py	RETAIN-COMPAT	PHASE_12	retained-collision	Behavior-free B1 compatibility surface remains physically present; path magic is removed in P7-WIRE.
foreground_vision_bot/farming/reporting.py	farming/reporting.py	tracked	362b9a51444f240cd2fe21fa01c5464bcb228a2a	a8c14af0f88d2b82d229058accac475ac6c7ba25a814ef7a02c395c6c0d90c83	8411	shared-source	farming/reporting.py	MOVE		none	One-level Alternative-A root collapse; content must remain byte-identical.
foreground_vision_bot/farming/reward.py	foreground_vision_bot/farming/reward.py	tracked	9fef7f44397ba17225a91322606eb82d053100f6	ff06d676938a0d8f9931415606391de3aeb2ee1044a13853f840a299c8897bbf	385	compatibility-shim	farming/reward.py	RETAIN-COMPAT	PHASE_12	retained-collision	Behavior-free B1 compatibility surface remains physically present; path magic is removed in P7-WIRE.
foreground_vision_bot/farming/sb3_adapter.py	farming/sb3_adapter.py	tracked	4ae8451ff2c47f1b2d34b03597533785e5598557	69cacd8aa04603ea23b54db285e6a5b243b8ab6b1181a299c3dc12ec12a12ed1	3773	shared-source	farming/sb3_adapter.py	MOVE		none	One-level Alternative-A root collapse; content must remain byte-identical.
foreground_vision_bot/farming/sb3_training.py	farming/sb3_training.py	tracked	eef2130b2895b431e2af609813d3c8e02016a597	4959ebd6dabac63288c4a1b281dca3307efd288fe4eada9bac674270a1d53692	8568	shared-source	farming/sb3_training.py	MOVE		none	One-level Alternative-A root collapse; content must remain byte-identical.
foreground_vision_bot/farming/session.py	foreground_vision_bot/farming/session.py	tracked	ff0e75a2cadcb8016df31769cc6b40630a4b7d47	e3c47aae699878e77768e573c5081439906dfdb745f8c124188838b13ca73fd2	427	compatibility-shim	farming/session.py	RETAIN-COMPAT	PHASE_12	retained-collision	Behavior-free B1 compatibility surface remains physically present; path magic is removed in P7-WIRE.
foreground_vision_bot/farming/startup.py	farming/startup.py	tracked	346fd30ca7d92057a18a8d0ffb4cf08673e09eab	24b6d2b691e74107b4e9bffc6055487b13033ebeede109802abf9eff519d4556	2101	shared-source	farming/startup.py	MOVE		none	One-level Alternative-A root collapse; content must remain byte-identical.
foreground_vision_bot/farming/telemetry.py	farming/telemetry.py	tracked	42a150889ea690e43415102a85d79ebcef449f2f	ece74579ea33f88123b02aa986ea51c41a905dfd6084d8fd532947417671b599	27055	development-tool	farming/telemetry.py	MOVE		none	One-level Alternative-A root collapse; content must remain byte-identical.
foreground_vision_bot/farming/trainer.py	farming/trainer.py	tracked	d48e50c66973e707df1d59279ac42a1e91eabb82	85763ae9460e64f72f6fc91d12dabc4ee6ac611de676fb27676e7726c386cf50	48990	shared-source	farming/trainer.py	MOVE		none	One-level Alternative-A root collapse; content must remain byte-identical.
foreground_vision_bot/foreground_vision_farm.json	foreground_vision_bot/foreground_vision_farm.json	tracked	6417660760b2bd13adf2944ebaa3312e46a7eba3	f52c10afea50777d385f6c6e7ee51e9dfacada0243992ea14958d735dd9419d9	298	config	foreground_vision_bot/foreground_vision_farm.json	DEFER	PHASE_11	deferred-collision	Distinct live configuration collides with the repository-root configuration; no accepted overwrite disposition.
foreground_vision_bot/foreground_vision_farm.py	foreground_vision_farm.py	tracked	a706c8859edafc75c80a34da96508c7ea768c4c8	f2c6b8aa45fce984402868e9d0edef52619ffce9c71377c9652efb860483829d	2258	production-source	foreground_vision_farm.py	MOVE		none	One-level Alternative-A root collapse; content must remain byte-identical.
foreground_vision_bot/inspect_native_monsters.py	inspect_native_monsters.py	tracked	ddeec82811f229a705fe825010206182b2db30c6	dd37ce76c973bb861fdd771c29abe8557993a85bdba31a28d42f99ddd5608907	8866	production-source	inspect_native_monsters.py	MOVE		none	One-level Alternative-A root collapse; content must remain byte-identical.
foreground_vision_bot/libs/ActionExecutor.py	libs/ActionExecutor.py	tracked	ff26b4ea317513869f452213ac540e64aa855ed9	9723fe73148507e051576eb382c66f686592e582d957607fc20ad3104f9de103	3549	production-source	libs/ActionExecutor.py	MOVE		none	One-level Alternative-A root collapse; content must remain byte-identical.
foreground_vision_bot/libs/ComputerVision.py	libs/ComputerVision.py	tracked	3d96998a73d6d791e9a48023e95c19553a1b6f9c	afc9993654dd8c39687017c8f55eeb971e24bb4e390de4d1da34f16496af0c7f	12237	production-source	libs/ComputerVision.py	MOVE		none	One-level Alternative-A root collapse; content must remain byte-identical.
foreground_vision_bot/libs/DigitReader.py	libs/DigitReader.py	tracked	7d186360bd8ba26620572f0d3372151addaebe6a	5ebd17074a57e72353c295b3e22c17509ac3a02e916f91e47abc67f175fd9b3c	7964	production-source	libs/DigitReader.py	MOVE		none	One-level Alternative-A root collapse; content must remain byte-identical.
foreground_vision_bot/libs/HumanKeyboard.py	libs/HumanKeyboard.py	tracked	dc4353b3905066f3593ebf2093ef27330fb5812e	71f2a4a2f8923cb51c3198bdce6a6e9500007bf1ea96b6eeff87f3b80c842175	12692	production-source	libs/HumanKeyboard.py	MOVE		none	One-level Alternative-A root collapse; content must remain byte-identical.
foreground_vision_bot/libs/KillCounterPanel.py	libs/KillCounterPanel.py	tracked	842d14410b1d973d4b999a1ea04f45b18271b5e2	5444665be31496f81f15804a32cd3b9aa52ecbe93fe3378835f9d99c1c00f3a7	16290	production-source	libs/KillCounterPanel.py	MOVE		none	One-level Alternative-A root collapse; content must remain byte-identical.
foreground_vision_bot/libs/PlayerStatusPanel.py	libs/PlayerStatusPanel.py	tracked	11c5673b9acd0cf0e913a1c4e4eec3b2bf14c68d	4b93fb4dfd38da5b7680c0d0549dd697d77599dab9ec28c5dd4155d85e8fa17d	12040	production-source	libs/PlayerStatusPanel.py	MOVE		none	One-level Alternative-A root collapse; content must remain byte-identical.
foreground_vision_bot/libs/WindowCapture.py	libs/WindowCapture.py	tracked	801f233223c4128e55cdf0aa14557ac5fe377ff9	2529c35484f94bfd46a5142568eff2f03cd62364eff96a25ffb91b9d09686d86	4693	production-source	libs/WindowCapture.py	MOVE		none	One-level Alternative-A root collapse; content must remain byte-identical.
foreground_vision_bot/mapper/AdaptiveHeadingSafety.py	mapper/AdaptiveHeadingSafety.py	tracked	4f0e76abb54ec8b7bab5d7153843d69272979084	ef54a7c056e9f97afc600d08bd981e3b39b88aa80b81d0ad78995682ce7d2c30	451	production-source	mapper/AdaptiveHeadingSafety.py	MOVE		none	One-level Alternative-A root collapse; content must remain byte-identical.
foreground_vision_bot/mapper/AdaptiveMapper.py	mapper/AdaptiveMapper.py	tracked	8ef38982dc8f4bb5896804cf53a68ab054114101	770821c8f2e518b3f092d14c5a3588155c0cf0a870f1e541608eb62ab928ca1d	90461	production-source	mapper/AdaptiveMapper.py	MOVE		none	One-level Alternative-A root collapse; content must remain byte-identical.
foreground_vision_bot/mapper/AdaptiveMappingController.py	mapper/AdaptiveMappingController.py	tracked	4b2c429346a65e712af3e12abe3008059e8b2419	2ccfe0bc30b7992fd174fb97f03890a78b76f078f07a8aa4f859b15fe4cec4ef	1894	production-source	mapper/AdaptiveMappingController.py	MOVE		none	One-level Alternative-A root collapse; content must remain byte-identical.
foreground_vision_bot/mapper/AdaptiveMotionModel.py	mapper/AdaptiveMotionModel.py	tracked	dadd9821db084484ffd6b4a4e610b9e5d5fbe347	2afc32183cd56f9887be8c99285a9b175560040aafb32e128dfc0057ef15c7b6	20783	production-source	mapper/AdaptiveMotionModel.py	MOVE		none	One-level Alternative-A root collapse; content must remain byte-identical.
foreground_vision_bot/mapper/AdaptiveMotionTracker.py	mapper/AdaptiveMotionTracker.py	tracked	a08a57da9d29b7232cd32d09353b5e729d893c2d	977433f02b82321610821935c5dc5cfa278e21ec43f086eb30196b7508f157b6	18222	production-source	mapper/AdaptiveMotionTracker.py	MOVE		none	One-level Alternative-A root collapse; content must remain byte-identical.
foreground_vision_bot/mapper/AdaptiveRunMotionBaseline.py	mapper/AdaptiveRunMotionBaseline.py	tracked	5227e5cfe1684c6b3c0c3720a66e3050d1eff175	e6e09e3bf4f4c656909a9278675784ff3b156049b12db43df8a761f892088d98	20774	production-source	mapper/AdaptiveRunMotionBaseline.py	MOVE		none	One-level Alternative-A root collapse; content must remain byte-identical.
foreground_vision_bot/mapper/AdaptiveTurnControl.py	mapper/AdaptiveTurnControl.py	tracked	af4d05df77f25f25dc46bcc5f720f1421ad41480	b7b081591df3007a12c49b4adb396e466b5f9299703e91b588203d95f3e25b81	16388	production-source	mapper/AdaptiveTurnControl.py	MOVE		none	One-level Alternative-A root collapse; content must remain byte-identical.
foreground_vision_bot/mapper/Calibration.py	mapper/Calibration.py	tracked	270f09022b56e9532e868b6d6fe2dd6e04e222cf	ff9554ba5ec78d0d2301455716dd9138c42587b744425c788ac336e21ead9ae2	138248	development-tool	mapper/Calibration.py	MOVE		none	One-level Alternative-A root collapse; content must remain byte-identical.
foreground_vision_bot/mapper/CalibrationSchema.py	mapper/CalibrationSchema.py	tracked	5c398deb7433f1cc19631fc92b57d8137712049f	6536e23fa59e4ae80b13311ae4c757576d5fb954c3c599842511f7358ae38108	12106	development-tool	mapper/CalibrationSchema.py	MOVE		none	One-level Alternative-A root collapse; content must remain byte-identical.
foreground_vision_bot/mapper/CompletionGuard.py	mapper/CompletionGuard.py	tracked	1cfc95f5aeb132f2066609f3d017a025439802a7	54b533d53393054bf4e67b3f2874ad56f21f54def3ba3c4bee79144cf5457315	8166	production-source	mapper/CompletionGuard.py	MOVE		none	One-level Alternative-A root collapse; content must remain byte-identical.
foreground_vision_bot/mapper/CoordinateFrame.py	mapper/CoordinateFrame.py	tracked	e753171c1aa19b3e04ed78947bb1556d31e98ffd	debe1d854135ead3410f59344a41db54ea2a19f18f9524acb1dce02d633f4bbd	4096	production-source	mapper/CoordinateFrame.py	MOVE		none	One-level Alternative-A root collapse; content must remain byte-identical.
foreground_vision_bot/mapper/CoordinateMapLogger.py	mapper/CoordinateMapLogger.py	tracked	a179a1ae757680ee45bd5ba4d14c8f807b9f7fa1	47daefe861c5692e524e23c6f3f6c2c57d2173f9f694a205865e0c049ee97201	2006	production-source	mapper/CoordinateMapLogger.py	MOVE		none	One-level Alternative-A root collapse; content must remain byte-identical.
foreground_vision_bot/mapper/CoordinateMapper.py	mapper/CoordinateMapper.py	tracked	2153b87eabf9cefd9034cdd2264b29e91dd3594b	4a85c1399c9ef9a4036afde51726f6f87822aa20abb68e70438139ef859923c1	101067	production-source	mapper/CoordinateMapper.py	MOVE		none	One-level Alternative-A root collapse; content must remain byte-identical.
foreground_vision_bot/mapper/Explorer.py	mapper/Explorer.py	tracked	941704552c42256980786201958b9ed3850acce6	64f7345ff53f746db5dd9ef64c72381402b51cd2f4aa687faae2d41b4e8a60e4	3038	production-source	mapper/Explorer.py	MOVE		none	One-level Alternative-A root collapse; content must remain byte-identical.
foreground_vision_bot/mapper/FastHeadingTracker.py	mapper/FastHeadingTracker.py	tracked	7ef32da26bc9d08b0c6db6192959264a72ef8498	999fce494fc0d02798351cfcf6a0cf457053f16abe801aeeed04f5feadbb59b2	1795	production-source	mapper/FastHeadingTracker.py	MOVE		none	One-level Alternative-A root collapse; content must remain byte-identical.
foreground_vision_bot/mapper/ForwardCalibration.py	mapper/ForwardCalibration.py	tracked	fc15f40f2a2068ac2a1ba1013e7d860b64f1d373	9d09a5536aef74b2de5366ca424e0170a9f8e0d8cc0f0c139aa4c71ef9831894	23243	development-tool	mapper/ForwardCalibration.py	MOVE		none	One-level Alternative-A root collapse; content must remain byte-identical.
foreground_vision_bot/mapper/FreeSpaceInference.py	mapper/FreeSpaceInference.py	tracked	07600f840746896e7d11928614beecd6809235f5	bcc1369fe6eefb1b36921cb12c56f64ff45f991fc15674e1869e47e2b87548c8	8793	production-source	mapper/FreeSpaceInference.py	MOVE		none	One-level Alternative-A root collapse; content must remain byte-identical.
foreground_vision_bot/mapper/ManualDriveMapper.py	mapper/ManualDriveMapper.py	tracked	7ed354c204f538cb3b524dfcabb18e480618b8dc	2ff11bf164ce838c6bd005e3b190b98add6ce263dfcb2d9eb05355a8ce6da9ba	18977	production-source	mapper/ManualDriveMapper.py	MOVE		none	One-level Alternative-A root collapse; content must remain byte-identical.
foreground_vision_bot/mapper/ManualMapEditor.py	mapper/ManualMapEditor.py	tracked	9277725c758b177351e5ef8255cc1062481f7e94	8e77dfe85504fd3035cd7b6bcb65a187b4bf76b00648dac7f5ac87048f2cae81	8244	production-source	mapper/ManualMapEditor.py	MOVE		none	One-level Alternative-A root collapse; content must remain byte-identical.
foreground_vision_bot/mapper/MapCatalog.py	mapper/MapCatalog.py	tracked	2ceab17dc7e6ffa3c6d132d46c655ee02c2988d1	4f9b787349ae5b2561cdff2a27a078fc16e570d489f3838b9fccafc91881d4c8	10835	production-source	mapper/MapCatalog.py	MOVE		none	One-level Alternative-A root collapse; content must remain byte-identical.
foreground_vision_bot/mapper/MapLogger.py	mapper/MapLogger.py	tracked	74aec65c6061214493246afdc6ed953498a74d8d	bbe18ffad7d3cf6026ff66838e5ab3f049c6e9c945525e807310e6222600ce21	3656	production-source	mapper/MapLogger.py	MOVE		none	One-level Alternative-A root collapse; content must remain byte-identical.
foreground_vision_bot/mapper/Mapper.py	mapper/Mapper.py	tracked	01ea1f9315cc8ee509c40b0102539abb187e0220	44c5f6f071c6a5495f88e776d9ba7cc74b73d62302c3161f42df2654d7b1f2ef	37334	production-source	mapper/Mapper.py	MOVE		none	One-level Alternative-A root collapse; content must remain byte-identical.
foreground_vision_bot/mapper/MappingController.py	mapper/MappingController.py	tracked	52e5e3289b4000a82e39875692592809009ee63b	2df206ae02e6db2b43f93464bdeecc2ef307211967531be5557fea5302669171	7557	production-source	mapper/MappingController.py	MOVE		none	One-level Alternative-A root collapse; content must remain byte-identical.
foreground_vision_bot/mapper/MinimapAnchorSetup.py	mapper/MinimapAnchorSetup.py	tracked	90faadb75c679fbf13fb0de184f7b34b91a3616f	49a338b8b0add23456148090c789c85deea1fb046b5e9cd9a6a0deca14b5e21b	5273	production-source	mapper/MinimapAnchorSetup.py	MOVE		none	One-level Alternative-A root collapse; content must remain byte-identical.
foreground_vision_bot/mapper/MinimapHeading.py	mapper/MinimapHeading.py	tracked	299498f1d0383885c6180ed176cbf524e424a0b9	5dd0f828f952d99de6554bea5e3eb61a49c6afd5633ebb56dc90ce043d494d05	106092	production-source	mapper/MinimapHeading.py	MOVE		none	One-level Alternative-A root collapse; content must remain byte-identical.
foreground_vision_bot/mapper/MotionTracker.py	mapper/MotionTracker.py	tracked	8a4fc129184a20d3f5bc78127941816d3ee5759d	810493fca7d5bd5af40ab7237ba804218e3be3283c1222f86d292105219a44a1	11686	production-source	mapper/MotionTracker.py	MOVE		none	One-level Alternative-A root collapse; content must remain byte-identical.
foreground_vision_bot/mapper/NativeCourseHeading.py	mapper/NativeCourseHeading.py	tracked	8cd1960f67c3d0e827288ef9200dde834a8fe51f	452d9f291ef8adeba8f16c5a3f278fd95ad2aa9bc1407a5417a7df5f9979a2c1	3674	production-source	mapper/NativeCourseHeading.py	MOVE		none	One-level Alternative-A root collapse; content must remain byte-identical.
foreground_vision_bot/mapper/NativeMonsterMapOverlay.py	mapper/NativeMonsterMapOverlay.py	tracked	9cda17701d35a049bc776bf7c84d7db3767e6d4f	7474e57b47e17246f7b089c6f7d90b2100e77280dbd8edb164b76fc8b678bd41	3009	production-source	mapper/NativeMonsterMapOverlay.py	MOVE		none	One-level Alternative-A root collapse; content must remain byte-identical.
foreground_vision_bot/mapper/OccupancyGrid.py	mapper/OccupancyGrid.py	tracked	f89664a104fd138b8296d828f0294de7512d7ca8	d2f79db9fe240301c070656cb7421c1020c442490756e08b6a01619babe42e12	65350	production-source	mapper/OccupancyGrid.py	MOVE		none	One-level Alternative-A root collapse; content must remain byte-identical.
foreground_vision_bot/mapper/PangDetector.py	mapper/PangDetector.py	tracked	3c9124076af615b928a1e6314fb80ba13653396a	2450791555c4bd20919c2a9c4ab803d5c170ef2ac3afc24c16181a93e1578b4b	1234	production-source	mapper/PangDetector.py	MOVE		none	One-level Alternative-A root collapse; content must remain byte-identical.
foreground_vision_bot/mapper/RotationModel.py	mapper/RotationModel.py	tracked	2184a9238f16596cc88e24308058b81911c663fd	5610633230c3fcc896c62a36c3700c80a422175eeeabed19766d3286cf59b6dc	57657	production-source	mapper/RotationModel.py	MOVE		none	One-level Alternative-A root collapse; content must remain byte-identical.
foreground_vision_bot/mapper/TurnControl.py	mapper/TurnControl.py	tracked	eaa192d4e79efe64b632afb7c3fb947982b65649	f61ccea8c9c1bca2a5a679df424f9b75736484ee4c21253d3e1d13e43bf1d14d	13934	production-source	mapper/TurnControl.py	MOVE		none	One-level Alternative-A root collapse; content must remain byte-identical.
foreground_vision_bot/mapper/WallInference.py	mapper/WallInference.py	tracked	7bc0f8cea187fbb4f3be45627152797ff0e9610a	d400dac80f73e3f3aa77e5327fbe8b6c12989d91f32aa789d1c0ddf8ef48aace	8704	production-source	mapper/WallInference.py	MOVE		none	One-level Alternative-A root collapse; content must remain byte-identical.
foreground_vision_bot/mapper/__init__.py	mapper/__init__.py	tracked	ce70924411c3bbc2681192949ae5c91834112507	f213fddef157ca04b2b2a195932e11190667a2bc99db27b48a73b1cf20bce86c	2821	production-source	mapper/__init__.py	MOVE		none	One-level Alternative-A root collapse; content must remain byte-identical.
foreground_vision_bot/mapper/adaptive_motion.json	mapper/adaptive_motion.json	tracked	6d7749b628f1bb61baea8673360eb6885c34b52f	bc3441be4ee06c80eb539c79e28808910f33cd385d01228739165c925bdfce09	438	config	mapper/adaptive_motion.json	MOVE		none	One-level Alternative-A root collapse; content must remain byte-identical.
foreground_vision_bot/mapper/calibration.json	mapper/calibration.json	tracked	8b1934c1e1414625e0d1c511bd0f3cbcfff55c4e	2a0c34cc794c1430ad3ccce28680ffaa98d16d50026c6aad62088c9cfc95c3f8	4129	development-tool	mapper/calibration.json	MOVE		none	One-level Alternative-A root collapse; content must remain byte-identical.
foreground_vision_bot/mapper/coordinate_mapper.json	mapper/coordinate_mapper.json	tracked	c599e8dc882f6057c781a85d3318952aa4680072	bb8e21e63a1c2d26196021d58b8a890f8f3a5c72bce5ff34863feb5358e2f276	2019	config	mapper/coordinate_mapper.json	MOVE		none	One-level Alternative-A root collapse; content must remain byte-identical.
foreground_vision_bot/mapper/map_profiles.json	mapper/map_profiles.json	tracked	15884df82d542fbd842d7ba6afc8873139b3d3e7	ca3f40ecf530fd4c97fb9ec9ab8736811b5065fbde91f4806c18d9f3717f8fda	212	config	mapper/map_profiles.json	MOVE		none	One-level Alternative-A root collapse; content must remain byte-identical.
foreground_vision_bot/mapper/maps/tower_aoe/.skip_legacy_import	mapper/maps/tower_aoe/.skip_legacy_import	tracked	df703545bc24552b9f87cf627969ed6827f86acb	af5d7c3f5752dd9b4ff890ddeb34f2f3a39655dd93ccacf65f06b700b9dce751	75	scientific-artifact	mapper/maps/tower_aoe/.skip_legacy_import	MOVE		none	One-level Alternative-A root collapse; content must remain byte-identical.
foreground_vision_bot/mapper/maps/tower_aoe/FINAL_MAP_REPORT.json	mapper/maps/tower_aoe/FINAL_MAP_REPORT.json	tracked	182d56d3b4d6b5d726c7296d26c3e21aeb2a21c7	ef2ce1c669df81594955d1b8a08155453501d8187630cc542abb9e17d3663ff1	471	scientific-artifact	mapper/maps/tower_aoe/FINAL_MAP_REPORT.json	MOVE		none	One-level Alternative-A root collapse; content must remain byte-identical.
foreground_vision_bot/mapper/maps/tower_aoe/coordinate_frame.json	mapper/maps/tower_aoe/coordinate_frame.json	tracked	8ebec6e2b17b2635a779393621be63787561be6b	40339f6c397d38fe01d5b3a5300e5b9b6d499f06292f436b1f91ea34523a0414	106	scientific-artifact	mapper/maps/tower_aoe/coordinate_frame.json	MOVE		none	One-level Alternative-A root collapse; content must remain byte-identical.
foreground_vision_bot/mapper/maps/tower_aoe/map.json	mapper/maps/tower_aoe/map.json	tracked	8469dc6480a4052ed12c82aa821e63e2755303e7	faaf8633457bc1bcdb61c781c8ca62c6f2e008174ed5b284c3d6c08df92fe815	4868	scientific-artifact	mapper/maps/tower_aoe/map.json	MOVE		none	One-level Alternative-A root collapse; content must remain byte-identical.
foreground_vision_bot/mapper/maps/tower_aoe/map_local.png	mapper/maps/tower_aoe/map_local.png	tracked	dcb0603a6416a6d2c608ce974a0fcd06fe10eaea	2094b04d6a99726e7935ea61a863e5a1cbba776b981fc309f777c72eb6d1bc26	5254	scientific-artifact	mapper/maps/tower_aoe/map_local.png	MOVE		none	One-level Alternative-A root collapse; content must remain byte-identical.
foreground_vision_bot/mapper/maps/tower_aoe/map_overview.png	mapper/maps/tower_aoe/map_overview.png	tracked	50229641f57177e2b5b7c9f7d54331eceda34dda	f913789595d8d1fb45d4d123e441968dac0e19f2e3afe194b6a5727baf07684c	51598	scientific-artifact	mapper/maps/tower_aoe/map_overview.png	MOVE		none	One-level Alternative-A root collapse; content must remain byte-identical.
foreground_vision_bot/mapper/maps/tower_aoe/map_preview.png	mapper/maps/tower_aoe/map_preview.png	tracked	3a7120328d6f0d31d65a753aeaf7342e802becf1	5b0078ff7497b9d191a1153df22348f46d8a6f6e1239a5afdb00353779a41cd6	30756	scientific-artifact	mapper/maps/tower_aoe/map_preview.png	MOVE		none	One-level Alternative-A root collapse; content must remain byte-identical.
foreground_vision_bot/mapper/maps/tower_aoe/occupancy.npy	mapper/maps/tower_aoe/occupancy.npy	tracked	d1f351b31a3223fc8a58aaaae77e1ab3d6867e42	62fa3c9ec3aed0b3b134b82577292c0a8a67b0acc4111fde3a36e3d2684d789b	1002129	scientific-artifact	mapper/maps/tower_aoe/occupancy.npy	MOVE		none	One-level Alternative-A root collapse; content must remain byte-identical.
foreground_vision_bot/mapper/maps/tower_aoe/visits.npy	mapper/maps/tower_aoe/visits.npy	tracked	433b1a5e5b8b9a99799fdd70282cd314bfa8e1db	5cd4519f95075cee5eb4c3302ca9b33c455aec66d552f44e6dd11b0f94102308	2004130	scientific-artifact	mapper/maps/tower_aoe/visits.npy	MOVE		none	One-level Alternative-A root collapse; content must remain byte-identical.
foreground_vision_bot/mapper/minimap_anchor.json	mapper/minimap_anchor.json	tracked	b4effdf224f79d849d5bdf8651a511d2f6d39950	82573e8d7d30bd7ffe03bd33881a18a3a3765f4aa55e6407076755d55b474bab	134	config	mapper/minimap_anchor.json	MOVE		none	One-level Alternative-A root collapse; content must remain byte-identical.
foreground_vision_bot/mapper/rl/ActionMask.py	mapper/rl/ActionMask.py	tracked	7e6222ae4656b0cde88b764422423f870832c3ff	7138c9caebba761f5a9e12bae60cb7a60227a66291c5829c6cb46ed800e01d8e	7376	production-source	mapper/rl/ActionMask.py	MOVE		none	One-level Alternative-A root collapse; content must remain byte-identical.
foreground_vision_bot/mapper/rl/FeatureExtractor.py	mapper/rl/FeatureExtractor.py	tracked	988ecdc202f0c4583d9e6e866464140eafc3d8b6	3028ab34b60d6fda92435f53d9ac5815e3672c81ee373b22867ae34def1c6ba7	1770	production-source	mapper/rl/FeatureExtractor.py	MOVE		none	One-level Alternative-A root collapse; content must remain byte-identical.
foreground_vision_bot/mapper/rl/GymEnv.py	mapper/rl/GymEnv.py	tracked	5ba0a769fb2a9000da10099f1099bfd743295f88	ba18b9f7a0275ecc416cdb991219f0d16b688ebaa8635aacd2a983737c9e0658	2181	production-source	mapper/rl/GymEnv.py	MOVE		none	One-level Alternative-A root collapse; content must remain byte-identical.
foreground_vision_bot/mapper/rl/LayoutSources.py	mapper/rl/LayoutSources.py	tracked	b11a520b5f574274fea1b129be9ab39ee55a5fed	a3010a62da7403f96d3f341efb50edaa821c839163c57427e7acb3d6d71f8e94	12901	production-source	mapper/rl/LayoutSources.py	MOVE		none	One-level Alternative-A root collapse; content must remain byte-identical.
foreground_vision_bot/mapper/rl/LiveObservation.py	mapper/rl/LiveObservation.py	tracked	34b436791fc85568831154819c5d9a034e1bc983	850aa4b2374bc8b92829ae3aed31fe1afbdac0771ef4877bb8fc9b56a5dd3e6e	6627	production-source	mapper/rl/LiveObservation.py	MOVE		none	One-level Alternative-A root collapse; content must remain byte-identical.
foreground_vision_bot/mapper/rl/Observation.py	mapper/rl/Observation.py	tracked	48803b3ae05b0eac537a3a2949651436582d4ca6	9d0d3232055614c5567eea701eef31b05fa51eb2108a839bde7ed751eb612186	7711	production-source	mapper/rl/Observation.py	MOVE		none	One-level Alternative-A root collapse; content must remain byte-identical.
foreground_vision_bot/mapper/rl/OfflineTraining.py	mapper/rl/OfflineTraining.py	tracked	008688af42d1883fb3c3d49e2a8ca1947a7a0cd2	1f67cc9772b55cee363805e3b8db99c7ac7c9f0298f8e086bdc7a63bf7cd39ab	23993	production-source	mapper/rl/OfflineTraining.py	MOVE		none	One-level Alternative-A root collapse; content must remain byte-identical.
foreground_vision_bot/mapper/rl/OpenArena.py	mapper/rl/OpenArena.py	tracked	3b036996cce5e924f6b7a5694975dab1fc788517	79e6d4ed40da449c1b09d38a058b90b0c675ea518cce6c83aa83b0043ea31598	10436	production-source	mapper/rl/OpenArena.py	MOVE		none	One-level Alternative-A root collapse; content must remain byte-identical.
foreground_vision_bot/mapper/rl/Policy.py	mapper/rl/Policy.py	tracked	a76634a448bcddb8d9741b7c27ebdf673cd3309f	b810ebdbca31ee4d02ec63f87bf37602543c2dbf9cd49ad64108bf640ed50505	3925	production-source	mapper/rl/Policy.py	MOVE		none	One-level Alternative-A root collapse; content must remain byte-identical.
foreground_vision_bot/mapper/rl/PolicyTypes.py	mapper/rl/PolicyTypes.py	tracked	d2d00df791f17ce46ad7fa7a3027b2e801e97e92	9c35c798ce0e42d747fe12a7b7d697f019171a29a911c7bb5c49c90afe88a5fe	1220	production-source	mapper/rl/PolicyTypes.py	MOVE		none	One-level Alternative-A root collapse; content must remain byte-identical.
foreground_vision_bot/mapper/rl/ProceduralDungeon.py	mapper/rl/ProceduralDungeon.py	tracked	19ffb2efe00ad3f99d78b2a4b7d123677e0c3323	5464af2131e82c5ef98ec277c190ece77d4ee54db1e66742f7ebe37c92b3d6d0	7047	production-source	mapper/rl/ProceduralDungeon.py	MOVE		none	One-level Alternative-A root collapse; content must remain byte-identical.
foreground_vision_bot/mapper/rl/ShadowPlanner.py	mapper/rl/ShadowPlanner.py	tracked	6dbdd9c2ba15b7e974fb81201aab88a5968a2847	4505e42314f267a974696f048bb14677a9f4c0930dce0088f8f92f79dfeb9477	3307	production-source	mapper/rl/ShadowPlanner.py	MOVE		none	One-level Alternative-A root collapse; content must remain byte-identical.
foreground_vision_bot/mapper/rl/SimulatorCore.py	mapper/rl/SimulatorCore.py	tracked	1594cd361e91c379695186e98be5354c0f2026fc	f2832b2682ef79ff1cb7fbb5e8ebc85af5e958aa87cc72b3cdb72a6c49dd0345	31809	production-source	mapper/rl/SimulatorCore.py	MOVE		none	One-level Alternative-A root collapse; content must remain byte-identical.
foreground_vision_bot/mapper/rl/__init__.py	mapper/rl/__init__.py	tracked	9535f8f2d619d444501fa921c3a6dab89c081262	f97b46900f3cc875770f291f1866ce55acfd738e7311bc22cc74a258d44c11b5	582	production-source	mapper/rl/__init__.py	MOVE		none	One-level Alternative-A root collapse; content must remain byte-identical.
foreground_vision_bot/mapper/rl/offline_training.json	mapper/rl/offline_training.json	tracked	430d49e8bb63e2b9ba054f6d58a2efcb27b2a13f	01f1d78599658d449ed08260c91a6be653b753fa0300be67ffae1e9fdd0abd62	1566	config	mapper/rl/offline_training.json	MOVE		none	One-level Alternative-A root collapse; content must remain byte-identical.
foreground_vision_bot/native_farming.json	native_farming.json	tracked	34fbc5237514be299738f434c9bf447c1048c47b	45e97da66a958a29455ab1eda0c465dfc14b9b8be8ef30fd73521513b8507d0d	1680	config	native_farming.json	MOVE		none	One-level Alternative-A root collapse; content must remain byte-identical.
foreground_vision_bot/position/AggregateMonsterRootScan.py	position/AggregateMonsterRootScan.py	tracked	8585742cac1c1b1874ddab4d315e2ab147c3740a	2ad84dd814c019826a2e3d881f0a964cd707c7537c474b536e2404f7bb148e0c	25228	shared-source	position/AggregateMonsterRootScan.py	MOVE		canonical-winner	Phase-5 canonical position owner.
foreground_vision_bot/position/AnchoredPointerDiscovery.py	position/AnchoredPointerDiscovery.py	tracked	103b2b3ae434f8adf0f58e52af7913a63bee242d	ca080a6361fabc24af746c75d0061351c7024003b415f27cc66a7b6e414e7f26	69342	shared-source	position/AnchoredPointerDiscovery.py	MOVE		canonical-winner	Phase-5 canonical position owner.
foreground_vision_bot/position/AuthoritativeActorDiscovery.py	position/AuthoritativeActorDiscovery.py	tracked	27b68950c2a7b88b4f627689bd35fc106848557f	37423c2e829baf1b55249530424d33e5997debdd815100a7eccf0e6cba407fcb	43362	shared-source	position/AuthoritativeActorDiscovery.py	MOVE		canonical-winner	Phase-5 canonical position owner.
foreground_vision_bot/position/AutonomousPointerSelection.py	position/AutonomousPointerSelection.py	tracked	0d9e365fc94470d1027c7364ccdfc50f5d781bb1	ee06245aa6d6b1679aedc7b1b1f2ea39ee096f2267815f20a7cc87a0fa0ac07f	9632	shared-source	position/AutonomousPointerSelection.py	MOVE		canonical-winner	Phase-5 canonical position owner.
foreground_vision_bot/position/IndependentMonsterRediscovery.py	position/IndependentMonsterRediscovery.py	tracked	1bc89606ef176278e647c276a8deb5c4bf368145	20685426a7544317a5d4a9f2ae14d7cf418cd26957523e51578837bd178da65c	10952	shared-source	position/IndependentMonsterRediscovery.py	MOVE		canonical-winner	Phase-5 canonical position owner.
foreground_vision_bot/position/IndependentNativeReader.py	position/IndependentNativeReader.py	tracked	72b8fa09574fecadb4f9a9f6929ed60d4c577fd3	71336f156081db8f636df99d3d350639bb0a7ba5fc370aca398a83c09000373a	86086	shared-source	position/IndependentNativeReader.py	MOVE		canonical-winner	Phase-5 canonical position owner.
foreground_vision_bot/position/MonsterConfig.py	position/MonsterConfig.py	tracked	8d1af12f00543339c04831385a983af0f5275ef1	1721310dca9f1f8c94a48cc6b372adb8606d264de47b0639174fa715f57b9ceb	14690	shared-source	position/MonsterConfig.py	MOVE		canonical-winner	Phase-5 canonical position owner.
foreground_vision_bot/position/NativeAccessTracer.py	position/NativeAccessTracer.py	tracked	f88adcbe0fb4f145820c8b804aecdc01c67f731e	5de6627ab151ac36a0745fea9cdbf094422b69ac0d74ff1434c2f78482e4f3e4	39489	shared-source	position/NativeAccessTracer.py	MOVE		canonical-winner	Phase-5 canonical position owner.
foreground_vision_bot/position/NativeFlyffMonsterProvider.py	position/NativeFlyffMonsterProvider.py	tracked	054708d040eec39892d8f2326dbecf89a2d596f7	28fada0659faed5a61f00a929b06c8c3b1b054e87bf44feff7159bb98f2d54b8	58895	shared-source	position/NativeFlyffMonsterProvider.py	MOVE		canonical-winner	Phase-5 canonical position owner.
foreground_vision_bot/position/NativeFlyffPositionProvider.py	position/NativeFlyffPositionProvider.py	tracked	5cd519fd98771dea39b7d67d9874c9a96b276384	919398664059f087eeae2754491066d4da774f9241bd5b5fb15e2ddd7c0c5743	15686	shared-source	position/NativeFlyffPositionProvider.py	MOVE		canonical-winner	Phase-5 canonical position owner.
foreground_vision_bot/position/NativePointerRecovery.py	position/NativePointerRecovery.py	tracked	118d042b9d2547cbdfc94821a213a280e26bad06	7f0b61c6c8452fb69b3391aa10087d330b15c6083e22229d54aca0821672d16c	112489	shared-source	position/NativePointerRecovery.py	MOVE		canonical-winner	Phase-5 canonical position owner.
foreground_vision_bot/position/NativeTraceTargets.py	position/NativeTraceTargets.py	tracked	842d355eb1626563e539f75cfb043788a89d2235	91d5972e7afb412e05309b2e7353001189c635c5b2369fe06350e5819e9f8c5e	19437	shared-source	position/NativeTraceTargets.py	MOVE		canonical-winner	Phase-5 canonical position owner.
foreground_vision_bot/position/PointerScanWorkflow.py	position/PointerScanWorkflow.py	tracked	9a329d160d9b33c1cec7fd17bfc505d368af60cf	f5a6e8feadbecccde4c4c967924dde9d73b927610ac6f2b5fd0fe0b520ee63c7	20647	shared-source	position/PointerScanWorkflow.py	MOVE		canonical-winner	Phase-5 canonical position owner.
foreground_vision_bot/position/PositionConfig.py	position/PositionConfig.py	tracked	cdcb52bad96afd4cbda530a9f835580724e2ee8f	431034c982e2e76703965958666d880e48a9bbf06cf424c47d7455eb5e67a8e2	10102	shared-source	position/PositionConfig.py	MOVE		canonical-winner	Phase-5 canonical position owner.
foreground_vision_bot/position/PositionProvider.py	position/PositionProvider.py	tracked	8b641ce0bec8ca863d7c9e86f5761c1ffa79fb3b	a69f287546631805eb4d2bf656730cc1c1f5f6c26ab7f9120e1966d9b3ec6a1e	752	shared-source	position/PositionProvider.py	MOVE		canonical-winner	Phase-5 canonical position owner.
foreground_vision_bot/position/RecoveredNativeProfile.py	position/RecoveredNativeProfile.py	tracked	36a4461c92bc398b5b0bd685c72c192c78d990a6	2f7fc0ee2315b1130dbfc6a4d89a34c2825336ecccc09ebfc1542d276f273c9b	34445	shared-source	position/RecoveredNativeProfile.py	MOVE		canonical-winner	Phase-5 canonical position owner.
foreground_vision_bot/position/Win32ProcessMemory.py	position/Win32ProcessMemory.py	tracked	da7efd827c39245c7f528bfc477b36c3be19a5bc	20ed804022d904feff5a4ca5ec12cffbab8a2725fa0cd4456c5981264607aefb	21025	shared-source	position/Win32ProcessMemory.py	MOVE		canonical-winner	Phase-5 canonical position owner.
foreground_vision_bot/position/__init__.py	position/__init__.py	tracked	faee19d969efbbc8f4da1310b14581f18797e52b	f496ddfeb79c821b0363f7405c49eb7601142566772cc5b814f3ef585615646e	5055	shared-source	position/__init__.py	MOVE		canonical-winner	Phase-5 canonical position owner.
foreground_vision_bot/position/attachment_factory.py	position/attachment_factory.py	tracked	dcfaeafaa27037746479c787446dbded9ac5b45c	fe9c9b7967e5ced2e6b018ff0d9fd2f2bf1522fe7400af67b93155fd93931a42	3968	shared-source	position/attachment_factory.py	MOVE		canonical-winner	Phase-5 canonical position owner.
foreground_vision_bot/position/factory.py	position/factory.py	tracked	a40c74f438cc6b55ec864cde51ee086b3e8e2240	a8ea9dc12d206fd0e16226063e4909b13daadff396c3e7c7b1bb95c6fafdbd3d	1568	shared-source	position/factory.py	MOVE		canonical-winner	Phase-5 canonical position owner.
foreground_vision_bot/position/monster_factory.py	position/monster_factory.py	tracked	9bb9f1600688cb6b50cd421d2ff98781791ad240	304a6755808435d911a189d371f3c24966ab01e56255e36a8f171845e6761823	2204	shared-source	position/monster_factory.py	MOVE		canonical-winner	Phase-5 canonical position owner.
foreground_vision_bot/position/native_diagnostics.py	position/native_diagnostics.py	tracked	4225b0df4638cc378764817cf577ec44ee38acda	40a6e87f3805825b11d574efde93a4507885783ab80b9ce5b6030b5169af8fd1	23684	shared-source	position/native_diagnostics.py	MOVE		canonical-winner	Phase-5 canonical position owner.
foreground_vision_bot/position/native_monsters.json	position/native_monsters.json	tracked	8fc3a2dc2df15e203cb700377448a2f378454e4e	b3ba52758526bc4c1f86636b38b64c832439e4cae0671acb50311b0489553785	879	config	position/native_monsters.json	MOVE		canonical-winner	Phase-5 canonical position owner.
foreground_vision_bot/position/native_position.json	position/native_position.json	tracked	68623a11327a540a764992ada8bd1b66bfd7d3b2	6f073278103a2ec04276767b59642a80c3f4328b2a353d2095f42cd8c2a73242	381	config	position/native_position.json	MOVE		canonical-winner	Phase-5 canonical position owner.
foreground_vision_bot/position/native_process_service.py	position/native_process_service.py	tracked	8f91c19625107a70d7182ef5f7f039b8cfdf0b28	9f06d552913fa88dc80f7259d89cf6528bb96179071d4bbf5ea2b1f67795d506	46251	shared-source	position/native_process_service.py	MOVE		canonical-winner	Phase-5 canonical position owner.
foreground_vision_bot/position/policy.py	position/policy.py	tracked	c0819067e25c9605b3d0032be76148bd3691a800	e0b83572ca3ad029900ba8fb5bc270dc4a0d04e68bd610bc3313561b5a03f2b4	1070	shared-source	position/policy.py	MOVE		none	One-level Alternative-A root collapse; content must remain byte-identical.
foreground_vision_bot/position/profiling/__init__.py	position/profiling/__init__.py	tracked	3cd9d8290bceb5413d435bf855b118b4208d6484	b0ce40ddd0659438629def7707e4842bb9d8490b5b5c7f20f69f260789326e77	431	shared-source	position/profiling/__init__.py	MOVE		none	One-level Alternative-A root collapse; content must remain byte-identical.
foreground_vision_bot/position/profiling/active_field_profiler.py	position/profiling/active_field_profiler.py	tracked	e085d2e1ea6c88cd42dbb88ea8744d3451e8b206	f3903a393283c549193898c91b77ec377a42853a3969db185facf385ef393ed2	23172	shared-source	position/profiling/active_field_profiler.py	MOVE		none	One-level Alternative-A root collapse; content must remain byte-identical.
foreground_vision_bot/position/profiling/presence_promotion.py	position/profiling/presence_promotion.py	tracked	dbe1a75ea423e0445d57d681bca894bde3a42863	73a677823631e2e2da4dbc843f91a7b711cba28c6d8645a70679daf3b7f20607	2782	shared-source	position/profiling/presence_promotion.py	MOVE		none	One-level Alternative-A root collapse; content must remain byte-identical.
foreground_vision_bot/preview_service.py	preview_service.py	tracked	8f0c14bac86232ed1630e0870a0756d9decc222d	d61b5892c13c4f7c875eb1aa5fa6cf2f8eb4687d0792aae203080087e8857e4f	3201	production-source	preview_service.py	MOVE		none	One-level Alternative-A root collapse; content must remain byte-identical.
foreground_vision_bot/project_paths.py	project_paths.py	tracked	b6c8a6af87c2d896be565dbcfba46fa639602a87	78fec719cc9be06d1287a60ad798f775ccfebbc88d92280ae5b09e7fc5f59263	1807	production-source	project_paths.py	MOVE		none	One-level Alternative-A root collapse; content must remain byte-identical.
foreground_vision_bot/runtime_bus.py	runtime_bus.py	tracked	28c4dcf52d60108c6b25b3b0a556ed81cf960db8	5b134bed40af48d16c0062a4abb2c17e637f032d02e720a1653fc8d2649e4148	11200	production-source	runtime_bus.py	MOVE		none	One-level Alternative-A root collapse; content must remain byte-identical.
foreground_vision_bot/runtime_controller.py	runtime_controller.py	tracked	0a675383c66635e78a8f94fb847d16b94160afa0	8ecdb248be0cd55655de66539d55d00aa1d87f59393e2be425c535a60bb56790	40230	production-source	runtime_controller.py	MOVE		none	One-level Alternative-A root collapse; content must remain byte-identical.
foreground_vision_bot/tests/conftest.py	tests/conftest.py	tracked	3f0a515ce983dc4110d33824b6131a495c97075d	6488f029280837b6e579de07f286ca144932e4cc76b0b0cbe3be683cb6684be3	1319	test	tests/conftest.py	MERGE		merge	Merged into the root test configuration during P7-WIRE; no test contract is retired.
foreground_vision_bot/tests/test_action_executor.py	tests/test_action_executor.py	tracked	580ea1e98b54ca8e84af3373595e92b7dfbd4863	929e33ba6173302a1e73910c0cfe7d39e9309c993072276b1b0e8728719bb6c0	1242	test	tests/test_action_executor.py	MOVE		none	One-level Alternative-A root collapse; content must remain byte-identical.
foreground_vision_bot/tests/test_adaptive_mapper_heading_drift.py	tests/test_adaptive_mapper_heading_drift.py	tracked	86089f0608b7dc4dec01961518eacf24230deb91	6baa1d262757b5a972d46971dcaae9d3ebd0505e3fa4f8472ba48b8d5faeae56	553	test	tests/test_adaptive_mapper_heading_drift.py	MOVE		none	One-level Alternative-A root collapse; content must remain byte-identical.
foreground_vision_bot/tests/test_adaptive_motion_model.py	tests/test_adaptive_motion_model.py	tracked	e718de72bee0563251df16e140af0ea93cd887e3	1933514734e36da52c5d100e3fa428621ca7332ca537e5ca488dfdef32e70355	6252	test	tests/test_adaptive_motion_model.py	MOVE		none	One-level Alternative-A root collapse; content must remain byte-identical.
foreground_vision_bot/tests/test_adaptive_motion_tracker.py	tests/test_adaptive_motion_tracker.py	tracked	09ffe5519de4a9a3ef2c63880ebc03ddd63669fb	d35804f3f29f1224720e9dfdc77c10e099331a549bbb950d9c87c5711e4db0f4	2089	test	tests/test_adaptive_motion_tracker.py	MOVE		none	One-level Alternative-A root collapse; content must remain byte-identical.
foreground_vision_bot/tests/test_adaptive_run_motion_baseline.py	tests/test_adaptive_run_motion_baseline.py	tracked	93f73811a47da9fdff4b67aecaf8e4e7b38005e9	8e7b22690cba9201c4abd108d0b9b1b5f8c695a5767f1e815138fdc2a1ba34d2	2122	test	tests/test_adaptive_run_motion_baseline.py	MOVE		none	One-level Alternative-A root collapse; content must remain byte-identical.
foreground_vision_bot/tests/test_adaptive_turn_control.py	tests/test_adaptive_turn_control.py	tracked	eb1371460247104e4369485e33f26d3e0efa2637	b0cf9ee9d8b1d4a36d815e231652cc52ac92b968dee15fac2ecdc3c8ed089935	6436	test	tests/test_adaptive_turn_control.py	MOVE		none	One-level Alternative-A root collapse; content must remain byte-identical.
foreground_vision_bot/tests/test_aggregate_monster_root_scan.py	tests/test_aggregate_monster_root_scan.py	tracked	9d8caa4fdee238ae7e7b7deaf233e1fc199e7f4d	263be226492154ff16610028074daa6e0dc4a69cf5881c954327dfae5b24b425	5337	test	tests/test_aggregate_monster_root_scan.py	MOVE		none	One-level Alternative-A root collapse; content must remain byte-identical.
foreground_vision_bot/tests/test_anchored_pointer_recovery.py	tests/test_anchored_pointer_recovery.py	tracked	bc519b4de17a9abd0914b5b1e48d36594c49da2d	eed3ea6b96f09e34c6ea81169b5a588ef5edb4ecfa6a4c60ba8dfa81b06858aa	59647	test	tests/test_anchored_pointer_recovery.py	MOVE		none	One-level Alternative-A root collapse; content must remain byte-identical.
foreground_vision_bot/tests/test_assets_mob_info.py	tests/test_assets_mob_info.py	tracked	7ec77856c3e32f46f224afb2cd3bbde2f538b431	b80adb0fa9869e0a6f9eca8dccbccb45e1083160ba65bd8f8bef35d140e93729	2390	test	tests/test_assets_mob_info.py	MOVE		none	One-level Alternative-A root collapse; content must remain byte-identical.
foreground_vision_bot/tests/test_authoritative_actor_discovery.py	tests/test_authoritative_actor_discovery.py	tracked	db84d9f9b0dffb315d4515f4819d2940f579e2f1	5c94fe182ef8d6cddff1cd4a2c083aea90f8a7fcd5fbb0551da0b1e79bfe2a05	22342	test	tests/test_authoritative_actor_discovery.py	MOVE		none	One-level Alternative-A root collapse; content must remain byte-identical.
foreground_vision_bot/tests/test_bot_native_monster_map_publish.py	tests/test_bot_native_monster_map_publish.py	tracked	0e257ff1ad9ddf3f522ae53a9ae8ad36834dc026	f67c34a3d57c624bc2f0030ae4a3e33ca3e87bb95ef7bef7a5f48f23f3c31fa1	3110	test	tests/test_bot_native_monster_map_publish.py	MOVE		none	One-level Alternative-A root collapse; content must remain byte-identical.
foreground_vision_bot/tests/test_bot_preview.py	tests/test_bot_preview.py	tracked	509bd1d18604bed28c960e154b5237a90ce68a10	5b47618fe165dbbaed54a40d93cb49053c411896050b3a1f02bdc849b164c220	8838	test	tests/test_bot_preview.py	MOVE		none	One-level Alternative-A root collapse; content must remain byte-identical.
foreground_vision_bot/tests/test_capture_service.py	tests/test_capture_service.py	tracked	44d6a43a795de8e35fc14df1fb063960a2984d2d	556bcd5b2775404341894dddfd339cd2448b85777152d49b629aba3d3d3668d5	4800	test	tests/test_capture_service.py	MOVE		none	One-level Alternative-A root collapse; content must remain byte-identical.
foreground_vision_bot/tests/test_completion_guard.py	tests/test_completion_guard.py	tracked	8d56cad94d8234731b64a9fbb9fc0f91d5c04a9c	6f549da0ccea6725114261d2f67263ffa6bd5f5b029ce058d82911e66511f7cd	5470	test	tests/test_completion_guard.py	MOVE		none	One-level Alternative-A root collapse; content must remain byte-identical.
foreground_vision_bot/tests/test_coordinate_mapper.py	tests/test_coordinate_mapper.py	tracked	1a9a11035b22dd7dbe5fb2826e157ec904129755	70c989d1a762d1c13019a97b6ddbf59c60e1b7540902b97bf290c8a77b4d9766	29380	test	tests/test_coordinate_mapper.py	MOVE		none	One-level Alternative-A root collapse; content must remain byte-identical.
foreground_vision_bot/tests/test_dynamic_kill_counter.py	tests/test_dynamic_kill_counter.py	tracked	53037242c7d8bce88b124d66de5371f54089c346	daf9bbccd621316b366d3ed01564c42d5101c9b41a2fa0d0b6453c1160064d86	4676	test	tests/test_dynamic_kill_counter.py	MOVE		none	One-level Alternative-A root collapse; content must remain byte-identical.
foreground_vision_bot/tests/test_explorer.py	tests/test_explorer.py	tracked	0a0bb4c27a4f1728628ae435adf0d239324edf36	012f0289aa172df44536e133eafdc5178e7256d6785a334e34623e73028b80c9	1980	test	tests/test_explorer.py	MOVE		none	One-level Alternative-A root collapse; content must remain byte-identical.
foreground_vision_bot/tests/test_explorer_obstacle_recovery.py	tests/test_explorer_obstacle_recovery.py	tracked	53b2e925374c8224ac8fc99830873da38621fea3	97a71bdd62e9e650feb9dc902d1ec048b46dd98fadb32a01f25bbc290a1da7f4	527	test	tests/test_explorer_obstacle_recovery.py	MOVE		none	One-level Alternative-A root collapse; content must remain byte-identical.
foreground_vision_bot/tests/test_factorized_control_v19.py	tests/test_factorized_control_v19.py	tracked	aa908ed333a0f81d7e98860b8b206a03c2c3d1da	5a9e9de983264f1a76db9eb29b53bca98469141113708bf1d094db1d18d5a3e2	2245	test	tests/test_factorized_control_v19.py	MOVE		none	One-level Alternative-A root collapse; content must remain byte-identical.
foreground_vision_bot/tests/test_farming_actions.py	tests/test_farming_actions.py	tracked	ef30fc682060a6349e40eecdc66e2306953fabec	919ae30537a9d6d6b8a8ec3a11911ead4bb6b746cc64c25d9063070ed5c119bc	1897	test	tests/test_farming_actions.py	MOVE		none	One-level Alternative-A root collapse; content must remain byte-identical.
foreground_vision_bot/tests/test_farming_debug_validation.py	tests/test_farming_debug_validation.py	tracked	62637dd7f44c494143b84df67f29ab4d4227467e	3cbdd63d48420e26d4fd6772fbb7d9f9c51142dedbc8fccb449cb706da765f69	6065	test	tests/test_farming_debug_validation.py	MOVE		none	One-level Alternative-A root collapse; content must remain byte-identical.
foreground_vision_bot/tests/test_farming_environment_lifecycle.py	tests/test_farming_environment_lifecycle.py	tracked	df9b29e26c7aebc089be141df25ff4560b347a75	c5711de3214f8c10c8b37f29a82caa49246d64ee208e60931509d3a14bbec104	20305	test	tests/test_farming_environment_lifecycle.py	MOVE		none	One-level Alternative-A root collapse; content must remain byte-identical.
foreground_vision_bot/tests/test_farming_map_features.py	tests/test_farming_map_features.py	tracked	bb82b384bb2492ad9f3c68f381b50fde168ab398	b3f23d341dc847023976f35840eb5fc6e22ecebb674ce3a912e4684d176b09b6	6555	test	tests/test_farming_map_features.py	MOVE		none	One-level Alternative-A root collapse; content must remain byte-identical.
foreground_vision_bot/tests/test_farming_map_masks.py	tests/test_farming_map_masks.py	tracked	94604b4fab64d917301aa3f41d656619e4c2826a	d1ae4d693cdc071775ee21bb69325e734ab27566d057baadeeae97fc409ebb07	1154	test	tests/test_farming_map_masks.py	MOVE		none	One-level Alternative-A root collapse; content must remain byte-identical.
foreground_vision_bot/tests/test_farming_model_contract.py	tests/test_farming_model_contract.py	tracked	683bbef7028b5188e554ab47a09681ce0cf084c7	8075c4520c80c04caa1c2f87a95a4991b63e6d1e055ce402439f4f78da1de7bf	3542	test	tests/test_farming_model_contract.py	MOVE		none	One-level Alternative-A root collapse; content must remain byte-identical.
foreground_vision_bot/tests/test_farming_native_kills.py	tests/test_farming_native_kills.py	tracked	ceba1f8f7bf5be789bcb9923ebca7980720a4b40	5a4291657802bcc788aca2f248f8a5cef6e28d253f613f913be5de88c923bfce	6192	test	tests/test_farming_native_kills.py	MOVE		none	One-level Alternative-A root collapse; content must remain byte-identical.
foreground_vision_bot/tests/test_farming_observation_contract.py	tests/test_farming_observation_contract.py	tracked	37db5116eabbf5e8f45a374ac9497662af911c19	bdcf166057820ef6a500a99db1302a7f26562c2c18d57768802665a6afa26c47	11839	test	tests/test_farming_observation_contract.py	MOVE		none	One-level Alternative-A root collapse; content must remain byte-identical.
foreground_vision_bot/tests/test_farming_reporting_json.py	tests/test_farming_reporting_json.py	tracked	930e4f304b1d06683c74e93e604d71a56f2f44fd	38e4c4dda09d320079e1b9aa9f20a47538b359b9c9436bf1506e21b3314c97bd	1138	test	tests/test_farming_reporting_json.py	MOVE		none	One-level Alternative-A root collapse; content must remain byte-identical.
foreground_vision_bot/tests/test_farming_reward_and_session.py	tests/test_farming_reward_and_session.py	tracked	61bb0a2ab73eae802cdf5545b5c25a793ed4622f	a74869166f8c3f6efa6ce1996c188072b4bb2da558af6d057b3ed85b53b830ca	9167	test	tests/test_farming_reward_and_session.py	MOVE		none	One-level Alternative-A root collapse; content must remain byte-identical.
foreground_vision_bot/tests/test_farming_runtime_foundations.py	tests/test_farming_runtime_foundations.py	tracked	b04dc5f1cbfe0b3ae988fd99bdef52036babc924	916dbd59c11a0a65dcd3ca5bbb7e9922bf5f072e98b6b6b2d2ed68be2d18ea62	13715	test	tests/test_farming_runtime_foundations.py	MOVE		none	One-level Alternative-A root collapse; content must remain byte-identical.
foreground_vision_bot/tests/test_farming_sb3_training.py	tests/test_farming_sb3_training.py	tracked	24b5b11ae17e26266e280660240bf925109d84c8	40a3158df8aaabdc353d36ccf8c508c580585a1790a940700bd64fa1934772ac	6029	test	tests/test_farming_sb3_training.py	MOVE		none	One-level Alternative-A root collapse; content must remain byte-identical.
foreground_vision_bot/tests/test_farming_startup_reporting.py	tests/test_farming_startup_reporting.py	tracked	c12eea80081968f10ddc50bd59ecf5cff3f91c96	041f4c8869fcc5be5a39fcf3564d7ec0989a2592e903ee8f94b8013a11b23a18	4230	test	tests/test_farming_startup_reporting.py	MOVE		none	One-level Alternative-A root collapse; content must remain byte-identical.
foreground_vision_bot/tests/test_farming_telemetry.py	tests/test_farming_telemetry.py	tracked	8f5ddffde1a2005c02578ccdf42f88a9ae24bf15	1d1e399a11500cb71dcd59a4aa011eff80cde69bd15b1582a995e700aa9a6f28	22637	test	tests/test_farming_telemetry.py	MOVE		none	One-level Alternative-A root collapse; content must remain byte-identical.
foreground_vision_bot/tests/test_farming_trainer_preflight.py	tests/test_farming_trainer_preflight.py	tracked	a73d05a94ce57db854272529431237b440dc49e7	6230373281d1b8f869603222f4325a91d374c5864247b59789297938f5e33cdc	4686	test	tests/test_farming_trainer_preflight.py	MOVE		none	One-level Alternative-A root collapse; content must remain byte-identical.
foreground_vision_bot/tests/test_farming_training_session.py	tests/test_farming_training_session.py	tracked	73a8e475a0a9b52b0cbf405b8a31d938cdec6283	20d7e5e75450d19708c5d6605d3587f9e205f608980e82bc7916f49e7cd4804a	16296	test	tests/test_farming_training_session.py	MOVE		none	One-level Alternative-A root collapse; content must remain byte-identical.
foreground_vision_bot/tests/test_forward_calibration.py	tests/test_forward_calibration.py	tracked	619eca02b5297d0fbcbda559aa522295604fb321	6e9acdd07fde7a2652e7fbaad35269193fa044b8bc21aaa60c064d17ce9f3b1e	9780	test	tests/test_forward_calibration.py	MOVE		none	One-level Alternative-A root collapse; content must remain byte-identical.
foreground_vision_bot/tests/test_free_space_inference.py	tests/test_free_space_inference.py	tracked	9e5e716e34d6e1b2e5166bc12c321bbdc6cb8f78	90e289e23ff423b2cf983f8f457098ee9111eceb66aa0b887b683e6c3cb4efab	2939	test	tests/test_free_space_inference.py	MOVE		none	One-level Alternative-A root collapse; content must remain byte-identical.
foreground_vision_bot/tests/test_friend_pointer_recovery_test.py	tests/test_friend_pointer_recovery_test.py	tracked	7a7867fdf08b1ec99d018ca862f3d14939f44a1e	27f336b35df68fbf11a23d582fdee1e4ba970f0456c186bf189c9fdcb342c66f	6178	test	tests/test_friend_pointer_recovery_test.py	MOVE		none	One-level Alternative-A root collapse; content must remain byte-identical.
foreground_vision_bot/tests/test_gui_mapper_controls.py	tests/test_gui_mapper_controls.py	tracked	239fe5e12d5627a29086d76d036995ce5642d725	4477df9bb5901b7fa15cfbe78b2f8a5c1c540671ad5adb7d126261114f83882c	5897	test	tests/test_gui_mapper_controls.py	MOVE		none	One-level Alternative-A root collapse; content must remain byte-identical.
foreground_vision_bot/tests/test_gui_responsive_preview.py	tests/test_gui_responsive_preview.py	tracked	72cda8db225d20ba3243b5be0d627ac54cb2b349	d328bd5bc1bb8d7b16b904f59249a0c717bcb17a4f88693198c5682912f8a1d7	2491	test	tests/test_gui_responsive_preview.py	MOVE		none	One-level Alternative-A root collapse; content must remain byte-identical.
foreground_vision_bot/tests/test_helpers.py	tests/test_helpers.py	tracked	f85419530e8d24b8e84226dcdca35623526fe2a4	7d9ccd6ba00f2db7cccdac410c7a882a1658556d0ed0975cd9d3a85559ffb80b	760	test	tests/test_helpers.py	MOVE		none	One-level Alternative-A root collapse; content must remain byte-identical.
foreground_vision_bot/tests/test_human_keyboard.py	tests/test_human_keyboard.py	tracked	c410d9dd9a5d440bb7afa63402ca3e2cd47d085e	a2a41f11a9e2363bbd52aa61b20f3170662a68557f2b7192eaa2bd182ad60aab	2343	test	tests/test_human_keyboard.py	MOVE		none	One-level Alternative-A root collapse; content must remain byte-identical.
foreground_vision_bot/tests/test_independent_native_reader.py	tests/test_independent_native_reader.py	tracked	1685cd993ddae41850c5391c3f464a936c55b948	3feb4dc4ec42154755e24484b49d2cc6f7f93d3f7759735cbbec1baab747f701	19401	test	tests/test_independent_native_reader.py	MOVE		none	One-level Alternative-A root collapse; content must remain byte-identical.
foreground_vision_bot/tests/test_manual_drive_mapper.py	tests/test_manual_drive_mapper.py	tracked	12e4cf582bf2739519b1bdcf8511fdde2587be20	e8d0f6aeeb740e8293b7d1c9dfaa00ab23a91b813dcaddee1215eedd583f9770	2681	test	tests/test_manual_drive_mapper.py	MOVE		none	One-level Alternative-A root collapse; content must remain byte-identical.
foreground_vision_bot/tests/test_manual_map_editor.py	tests/test_manual_map_editor.py	tracked	fc4a9fc8bbe9570e81941ea297bc733ee2ad5ddd	e7871750867e4d556839876475fdd4a412f34feef38158f8f1ac3e78d5a18aa1	4094	test	tests/test_manual_map_editor.py	MOVE		none	One-level Alternative-A root collapse; content must remain byte-identical.
foreground_vision_bot/tests/test_map_catalog_management.py	tests/test_map_catalog_management.py	tracked	de21a1127b6104845130e3bd417f10a5c90873df	b74efb67f2b415a087796ac7ff2410964edcfb7863155bf9dc019593951b3486	2565	test	tests/test_map_catalog_management.py	MOVE		none	One-level Alternative-A root collapse; content must remain byte-identical.
foreground_vision_bot/tests/test_map_logger.py	tests/test_map_logger.py	tracked	72a9278adcdda4913a78f267fad65343d45763b9	3feff8d7b61f7b364f572029d8a359f8e4bd86db468015195e42b236e2e3c1e4	1993	test	tests/test_map_logger.py	MOVE		none	One-level Alternative-A root collapse; content must remain byte-identical.
foreground_vision_bot/tests/test_map_persistence.py	tests/test_map_persistence.py	tracked	d970ba361a3c568f8350ab48e9e92fd341f11285	650a43b863ad4df4cc700651d9c7ededf747046815b9bcbab47a759307d60fbe	1161	test	tests/test_map_persistence.py	MOVE		none	One-level Alternative-A root collapse; content must remain byte-identical.
foreground_vision_bot/tests/test_mapper_camera_obstruction_recovery.py	tests/test_mapper_camera_obstruction_recovery.py	tracked	c32884e673df5f05c9d1e1cc6d1d8d67c413db59	d6a93ef8815d80572b46df0d6fa0f926022c1e7c6d82afffc86be42f13ec4f0a	11505	test	tests/test_mapper_camera_obstruction_recovery.py	MOVE		none	One-level Alternative-A root collapse; content must remain byte-identical.
foreground_vision_bot/tests/test_mapper_contact_boundary_topology.py	tests/test_mapper_contact_boundary_topology.py	tracked	bafaddff7b6fdb55bc965f8c56cb1d46fb412af9	5403488d0eb5a749e644e117cc53525b7d7d78eca90a65fe7644e18738dff9d9	4139	test	tests/test_mapper_contact_boundary_topology.py	MOVE		none	One-level Alternative-A root collapse; content must remain byte-identical.
foreground_vision_bot/tests/test_mapper_decisions.py	tests/test_mapper_decisions.py	tracked	2f2c34e7999d51cf613dba5b0600ee59dd5a6b18	0a52080cf23e92fe4d972aa094d0947c488493221c8342be00294aa9174f4ad1	6479	test	tests/test_mapper_decisions.py	MOVE		none	One-level Alternative-A root collapse; content must remain byte-identical.
foreground_vision_bot/tests/test_mapper_forward_safety.py	tests/test_mapper_forward_safety.py	tracked	357ef9e86966c7ed962f01c8fa3b097ddff61982	da4450b865a0c1021c9854dc4f8946503dae8430279925ca1aa478eb9f8b1102	2895	test	tests/test_mapper_forward_safety.py	MOVE		none	One-level Alternative-A root collapse; content must remain byte-identical.
foreground_vision_bot/tests/test_mapper_frontier_escape.py	tests/test_mapper_frontier_escape.py	tracked	455373f7f8d1d4efff2357bedf7e399593cec890	b8d2266c4dc6a71fd802109409259d5d1db7c0e0463b48e98f9b65fdc49f551f	3399	test	tests/test_mapper_frontier_escape.py	MOVE		none	One-level Alternative-A root collapse; content must remain byte-identical.
foreground_vision_bot/tests/test_mapper_lifecycle.py	tests/test_mapper_lifecycle.py	tracked	ac7cb6d3d746ee2a25d53934818ebe7a2b83a300	acc3b12e5e92e7c34ba48d5b1db6888ce5ed32cf9b08a9668dbfac0d566e00f7	2503	test	tests/test_mapper_lifecycle.py	MOVE		none	One-level Alternative-A root collapse; content must remain byte-identical.
foreground_vision_bot/tests/test_mapper_live_contact_consensus.py	tests/test_mapper_live_contact_consensus.py	tracked	69567238e306e02fbe295c183614c454530323e9	45b7e289b0bbfe3c7da2e41072653a9a3c3686576b6b8c39a39f7cb65746937c	4856	test	tests/test_mapper_live_contact_consensus.py	MOVE		none	One-level Alternative-A root collapse; content must remain byte-identical.
foreground_vision_bot/tests/test_mapper_package_layout.py	tests/test_mapper_package_layout.py	tracked	b486bce23f8e3dd8bf183672b1608e765bc25ee0	93d341ec7f49cc053d887a1b62c002f613f666eb5409484c362f4922c9ad441d	348	test	tests/test_mapper_package_layout.py	MOVE		none	One-level Alternative-A root collapse; content must remain byte-identical.
foreground_vision_bot/tests/test_mapper_rl_action_masks.py	tests/test_mapper_rl_action_masks.py	tracked	f2b78f36c8f1e76041bf041d6ff81838a9a2e1e1	010bb2cc04d86350158f54e347f08c09be03a8f43f35e73742926e518788abb6	3980	test	tests/test_mapper_rl_action_masks.py	MOVE		none	One-level Alternative-A root collapse; content must remain byte-identical.
foreground_vision_bot/tests/test_mapper_rl_live_observation.py	tests/test_mapper_rl_live_observation.py	tracked	59cc18ca4478893487e02b420f50f44a75eb4069	824afd6c2df55d5b581532bf24301ad7b2aa21eba8a04159bd210bddb51445bb	2830	test	tests/test_mapper_rl_live_observation.py	MOVE		none	One-level Alternative-A root collapse; content must remain byte-identical.
foreground_vision_bot/tests/test_mapper_rl_shadow.py	tests/test_mapper_rl_shadow.py	tracked	1c2ff4d79dbfe8bf89f78a7daf635d0dd12c04af	2ae4d33bfc48d9ca00f16aa23645d5b9f42c5e89be7a96cef7c3cfd14114e441	623	test	tests/test_mapper_rl_shadow.py	MOVE		none	One-level Alternative-A root collapse; content must remain byte-identical.
foreground_vision_bot/tests/test_mapper_rl_simulator.py	tests/test_mapper_rl_simulator.py	tracked	95e69a7044924799fc76d367eadf7f6ba1dcc68c	926f2fe97155d0d84373c4e8ad85da872dd809b10c26525255e69aae2c510465	9790	test	tests/test_mapper_rl_simulator.py	MOVE		none	One-level Alternative-A root collapse; content must remain byte-identical.
foreground_vision_bot/tests/test_mapper_turn_final_settle.py	tests/test_mapper_turn_final_settle.py	tracked	65093d230f13e1fac9ca98e5661839bb9fc2a45b	dc62a61e55c7be4a4212e7576f3dfc46f4a9a51c52db43a16cbc0d97c20948dc	3763	test	tests/test_mapper_turn_final_settle.py	MOVE		none	One-level Alternative-A root collapse; content must remain byte-identical.
foreground_vision_bot/tests/test_mapping_controller.py	tests/test_mapping_controller.py	tracked	ffa13ab7175a32504944bd75bf802b37f6115326	59ba71d4e3872214738e1849afa10fafa6ac59c0aa8a465c558c84a5eb4ef5ca	3680	test	tests/test_mapping_controller.py	MOVE		none	One-level Alternative-A root collapse; content must remain byte-identical.
foreground_vision_bot/tests/test_minimap_heading.py	tests/test_minimap_heading.py	tracked	8ee5b7efa44ceff6cfdacaffd043ac2e08ca9a45	6ab7d734ae7a48d657a8b1aa8cb4c295facd9363df044f923f2cc53f80fa9051	33950	test	tests/test_minimap_heading.py	MOVE		none	One-level Alternative-A root collapse; content must remain byte-identical.
foreground_vision_bot/tests/test_motion_tracker.py	tests/test_motion_tracker.py	tracked	bdbedca0035e2ef8259fe567f987bb1768978d1c	cad744c828ec9afa7fad61489074c7aa3c30f8b29655cd0b8d738bf2bb9121ee	10316	test	tests/test_motion_tracker.py	MOVE		none	One-level Alternative-A root collapse; content must remain byte-identical.
foreground_vision_bot/tests/test_native_access_tracer.py	tests/test_native_access_tracer.py	tracked	c745ba31c5f25f678d94196beb6b12f911ad40b9	4e4cdf1e4b07b1887f36bb055c631ed1a797fe4d564ac906ef43f4c10454d46a	3643	test	tests/test_native_access_tracer.py	MOVE		none	One-level Alternative-A root collapse; content must remain byte-identical.
foreground_vision_bot/tests/test_native_attachment_factory.py	tests/test_native_attachment_factory.py	tracked	f4e41c1ea8e0064effb5e747dda7ba46691a22c4	54d822de5d45e37d2c4795e659af57854bedd425925cf4a7a2cfac42e00fd6d3	4907	test	tests/test_native_attachment_factory.py	MOVE		none	One-level Alternative-A root collapse; content must remain byte-identical.
foreground_vision_bot/tests/test_native_course_heading.py	tests/test_native_course_heading.py	tracked	ce6ef8caacf60f92efb025725df4f040a5cf84b6	daa4e5f8712e90246f22e32ed01d1cc31b63f9cf4982de37741c17bc2f96d10b	1468	test	tests/test_native_course_heading.py	MOVE		none	One-level Alternative-A root collapse; content must remain byte-identical.
foreground_vision_bot/tests/test_native_diagnostics.py	tests/test_native_diagnostics.py	tracked	bc60d07faebc32ec5694b083828e8415c845a5c4	6ac439268e0b3c7a384adf6657929b281d116dd6c332fd4830cc0de22c6ab5b7	15286	test	tests/test_native_diagnostics.py	MOVE		none	One-level Alternative-A root collapse; content must remain byte-identical.
foreground_vision_bot/tests/test_native_monster_config.py	tests/test_native_monster_config.py	tracked	e8ad6aedb7f5d9a6040122e72e55785cb33b5ca6	4a28aca32b3e7faaae04eb7e841f4c60bf1adc3b8c9c71969f3f03e46c94f8eb	3736	test	tests/test_native_monster_config.py	MOVE		none	One-level Alternative-A root collapse; content must remain byte-identical.
foreground_vision_bot/tests/test_native_monster_map_overlay.py	tests/test_native_monster_map_overlay.py	tracked	b8f55dbf499827a65d9e433c1ea0f6d2038d8a00	765090f9c3fa93d899c6f30d80f27400d0c1823ab1f2e751d26fcf8efa22b7e6	2311	test	tests/test_native_monster_map_overlay.py	MOVE		none	One-level Alternative-A root collapse; content must remain byte-identical.
foreground_vision_bot/tests/test_native_monster_provider.py	tests/test_native_monster_provider.py	tracked	b80bcd88b96e410fde3dc7eac09587903dea2590	ae579aa9e251d2ea5a95c0c86a369d1c665ee833c36b747a7de97c3bdf3195b9	13293	test	tests/test_native_monster_provider.py	MOVE		none	One-level Alternative-A root collapse; content must remain byte-identical.
foreground_vision_bot/tests/test_native_position_provider.py	tests/test_native_position_provider.py	tracked	a43fd5e1f15904c15a72b2b0a4aae9d577b3f149	da685bd87df31d9745a34e8a904038987932e3040f8544d6bacbcbf02de36c41	10080	test	tests/test_native_position_provider.py	MOVE		none	One-level Alternative-A root collapse; content must remain byte-identical.
foreground_vision_bot/tests/test_native_process_service.py	tests/test_native_process_service.py	tracked	669e67160df1fb0d8b7854bb57d4e63039933ddb	147cbf6f369325ce2bb90f8164dc672faea160e755dcc22a4756767a7fb87369	16304	test	tests/test_native_process_service.py	MOVE		none	One-level Alternative-A root collapse; content must remain byte-identical.
foreground_vision_bot/tests/test_native_trace_targets.py	tests/test_native_trace_targets.py	tracked	09060012ded5509da46693ed68c549c5a6b98cb1	4dede9bfe265bc51ca67591d4e78bd0bb6d4bad70284710998cda5dbaed87425	5358	test	tests/test_native_trace_targets.py	MOVE		none	One-level Alternative-A root collapse; content must remain byte-identical.
foreground_vision_bot/tests/test_occupancy_grid.py	tests/test_occupancy_grid.py	tracked	cdd2129e99d65a407c4cba44e5b63b0616848408	3592899a1fd6247031579dd70afe9765266a62024488466b78ad911f52a70a30	7101	test	tests/test_occupancy_grid.py	MOVE		none	One-level Alternative-A root collapse; content must remain byte-identical.
foreground_vision_bot/tests/test_offline_mapper_training.py	tests/test_offline_mapper_training.py	tracked	d5119acc29d5601447906c42b659478d16eb8222	a15637434ca7ac4b36336e000fbf0c5cfa267bd8b85391abfc7d8e60c425f211	9075	test	tests/test_offline_mapper_training.py	MOVE		none	One-level Alternative-A root collapse; content must remain byte-identical.
foreground_vision_bot/tests/test_player_status_panel.py	tests/test_player_status_panel.py	tracked	a3515f2cc6708dc076a2a23473b1a92af5297437	c18664349a03f5840cc94de7308ffb735590f25f829806e25bf3a9722eb6f2f4	3042	test	tests/test_player_status_panel.py	MOVE		none	One-level Alternative-A root collapse; content must remain byte-identical.
foreground_vision_bot/tests/test_pointer_persistence_transaction.py	tests/test_pointer_persistence_transaction.py	tracked	b71ce45b72d871adcae8adee3f71f39394783e96	08e2297028801851638b7b9edaedfb6c42a2d2c49a62ec7d6b66618faa5337d6	19075	test	tests/test_pointer_persistence_transaction.py	MOVE		none	One-level Alternative-A root collapse; content must remain byte-identical.
foreground_vision_bot/tests/test_pointer_recovery.py	tests/test_pointer_recovery.py	tracked	9b213e8ddcd8ee703fa114d0972e447ed5880b59	bbaf63c3679283f24c609a7696e5d6269f807c1a7ee42cbc8024f0decf8643b3	10986	test	tests/test_pointer_recovery.py	MOVE		none	One-level Alternative-A root collapse; content must remain byte-identical.
foreground_vision_bot/tests/test_pointer_recovery_cache_identity.py	tests/test_pointer_recovery_cache_identity.py	tracked	ed6541baf30f7b99b81af9fe9acd5ad1e8acdb8a	c75cfb9fec6431183cb012a415432f589e4a9bb2333e9ee146e881d84b6827aa	2286	test	tests/test_pointer_recovery_cache_identity.py	MOVE		none	One-level Alternative-A root collapse; content must remain byte-identical.
foreground_vision_bot/tests/test_pointer_recovery_stabilization.py	tests/test_pointer_recovery_stabilization.py	tracked	5157ff8af5d6e03f7fd2e14a07afd3ddd23c33db	68d1ffce7fecb80a89a3678ec8fd6311206248491c3c52c5c7547a055f2f175f	16986	test	tests/test_pointer_recovery_stabilization.py	MOVE		none	One-level Alternative-A root collapse; content must remain byte-identical.
foreground_vision_bot/tests/test_pointer_scan_workflow.py	tests/test_pointer_scan_workflow.py	tracked	ae2786a77870d994ae6863df7d9424e2880e36bc	8db1f14c196ea2fc12d7c1d88bcc4b57672b00bdc2eabc1d06829ebf7cb11a4a	7969	test	tests/test_pointer_scan_workflow.py	MOVE		none	One-level Alternative-A root collapse; content must remain byte-identical.
foreground_vision_bot/tests/test_position_config.py	tests/test_position_config.py	tracked	7a196295b5a602d8b04e131de36633209bf1d446	bcf88efb00cab4b5b0e37b5785db221205b3b3672950fe4f05669ffb4148350c	5956	test	tests/test_position_config.py	MOVE		none	One-level Alternative-A root collapse; content must remain byte-identical.
foreground_vision_bot/tests/test_position_factory.py	tests/test_position_factory.py	tracked	256fd93a95d716808872aefd307b1589ea2360d8	8476f6ea8ca9c8824abf56264cc80cec436ea311bc46b9bb9e26ac1316096944	1087	test	tests/test_position_factory.py	MOVE		none	One-level Alternative-A root collapse; content must remain byte-identical.
foreground_vision_bot/tests/test_preview_service.py	tests/test_preview_service.py	tracked	76c5ef917c03f4d20632fb8d21c979da70e723a8	07343bd238211a98696cfeff77cc19d4ae53d904e8448379b049334843c0b6b0	1736	test	tests/test_preview_service.py	MOVE		none	One-level Alternative-A root collapse; content must remain byte-identical.
foreground_vision_bot/tests/test_project_paths.py	tests/test_project_paths.py	tracked	d4cc077e350b29299fd306e033e0b5f9b982187a	43e005ff80b7ee4ae2a359f923b180346b13be8e3e0e3eada18427f7d5027d46	816	test	tests/test_project_paths.py	MOVE		none	One-level Alternative-A root collapse; content must remain byte-identical.
foreground_vision_bot/tests/test_recovered_native_profile.py	tests/test_recovered_native_profile.py	tracked	dba1d709d42bc04b154e611ba8f727cf988a6fba	67ed2769f19c71069dadc4e4beea838900b3667b12a84f3cacb349ae980731f3	12286	test	tests/test_recovered_native_profile.py	MOVE		none	One-level Alternative-A root collapse; content must remain byte-identical.
foreground_vision_bot/tests/test_rotation_calibration.py	tests/test_rotation_calibration.py	tracked	dbc9aef6509dad201b39445cde2b44592c08b1a5	c8ca9c6d8140b4dee21faab20b19bbc2ce596a335f7f8dd30115e6e49a96acf5	34493	test	tests/test_rotation_calibration.py	MOVE		none	One-level Alternative-A root collapse; content must remain byte-identical.
foreground_vision_bot/tests/test_rotation_model.py	tests/test_rotation_model.py	tracked	e3dfc9e08f7a7e93dde9f2b213935184f044ba9b	4f4dee9b57524e722404960d0ab8e83e1e298709a488fd31f343c551eaa8f0d1	15559	test	tests/test_rotation_model.py	MOVE		none	One-level Alternative-A root collapse; content must remain byte-identical.
foreground_vision_bot/tests/test_runtime_bus.py	tests/test_runtime_bus.py	tracked	b900e047e98287c290e678a10e3f7404cea1cb44	54cffa07cda07b52f889246297466d83348e70ad7cb6ab628eeb8911546249b4	1839	test	tests/test_runtime_bus.py	MOVE		none	One-level Alternative-A root collapse; content must remain byte-identical.
foreground_vision_bot/tests/test_runtime_bus_mapper_recovery.py	tests/test_runtime_bus_mapper_recovery.py	tracked	ea74e73af5ef77c73a43fed0e4f258869b633a85	f0c8ee796acbcbd5ac396812c4d482117d8d3047ca89f259ec20c530c4c53beb	1520	test	tests/test_runtime_bus_mapper_recovery.py	MOVE		none	One-level Alternative-A root collapse; content must remain byte-identical.
foreground_vision_bot/tests/test_runtime_controller.py	tests/test_runtime_controller.py	tracked	fb8e335e5117ecfc87100e0aade6e69292a4ae5e	8fb68180c29f2df266afa5f5b052bffc96426f6ef533420c9caf1bd48b4e6952	14364	test	tests/test_runtime_controller.py	MOVE		none	One-level Alternative-A root collapse; content must remain byte-identical.
foreground_vision_bot/tests/test_turn_control.py	tests/test_turn_control.py	tracked	e6d59227b421376f84c345a18f681d9f6cd3716e	69c008696e3ccf86b1ca4240f6b780e5922e2b546e3ae384a9439ab1b155a6ec	9300	test	tests/test_turn_control.py	MOVE		none	One-level Alternative-A root collapse; content must remain byte-identical.
foreground_vision_bot/tests/test_wall_inference.py	tests/test_wall_inference.py	tracked	70e854eeb3080bf4d07684b45a15624d562f3d64	1edcd8be95900a4dcb2a4a33e83be78c956bf6a2da41adcd68d55809577cdaa6	4886	test	tests/test_wall_inference.py	MOVE		none	One-level Alternative-A root collapse; content must remain byte-identical.
foreground_vision_bot/tests/test_win32_process_memory.py	tests/test_win32_process_memory.py	tracked	b7bd58519c3ebc673d635375594b48f007a8417b	e28557646922bb63e53d629fe7ee38bafff604e8867b5aa474e3eef7e5163cf7	6973	test	tests/test_win32_process_memory.py	MOVE		none	One-level Alternative-A root collapse; content must remain byte-identical.
foreground_vision_bot/tests/test_worker_manager.py	tests/test_worker_manager.py	tracked	04cfb7f454f19f03c3380a3730ea62045f61835b	fec46a0c2ea5fcd5b99558795c1cf9641a5e003464422dc957ad8a6362ea85f9	2658	test	tests/test_worker_manager.py	MOVE		none	One-level Alternative-A root collapse; content must remain byte-identical.
foreground_vision_bot/tools/FlyffPointerRecoveryTest.spec	tools/FlyffPointerRecoveryTest.spec	tracked	dc6be9b3b3b43001b23711ad34f9cf7e51c8f331	09ed311a4d058b5982beae9c26d08c52ec74c218cfee88a4ac9fb8c3083d59e9	1273	development-tool	tools/FlyffPointerRecoveryTest.spec	MOVE		none	One-level Alternative-A root collapse; content must remain byte-identical.
foreground_vision_bot/tools/FlyffPointerRecoveryTestInstaller.iss	tools/FlyffPointerRecoveryTestInstaller.iss	tracked	9b37e23ac5b7d887032becda74ca5c4877f9888f	ad81ccda49834cb24f9864095af511fb6775ae7fbfbfad30a8eca48017924e9e	1943	development-tool	tools/FlyffPointerRecoveryTestInstaller.iss	MOVE		none	One-level Alternative-A root collapse; content must remain byte-identical.
foreground_vision_bot/tools/build_friend_pointer_recovery_exe.ps1	tools/build_friend_pointer_recovery_exe.ps1	tracked	9142c60c4a3301b74c7ea237ee5f4368c6ab477d	4a2bbf8c14f438589adb58a8e7a7ee10f17ee75e378f0eab3065b699c1a49357	2636	development-tool	tools/build_friend_pointer_recovery_exe.ps1	MOVE		none	One-level Alternative-A root collapse; content must remain byte-identical.
foreground_vision_bot/tools/build_friend_pointer_recovery_installer.ps1	tools/build_friend_pointer_recovery_installer.ps1	tracked	a826a6887cd73d379f22299bf8177669e3b86aac	d941ac7ea833a24b0d338003d515ca572183aa8d8796d94c0d6a8749742ddef2	7994	development-tool	tools/build_friend_pointer_recovery_installer.ps1	MOVE		none	One-level Alternative-A root collapse; content must remain byte-identical.
foreground_vision_bot/tools/friend_pointer_recovery_test.py	tools/friend_pointer_recovery_test.py	tracked	d60482568a0c64e8ebe9621424375ca8d6013b61	8b10c2728a96d3b3348be418ecf8062685f388eb6c03918c44ccaceabb7f9bd1	15646	development-tool	tools/friend_pointer_recovery_test.py	MOVE		none	One-level Alternative-A root collapse; content must remain byte-identical.
foreground_vision_bot/tools/probe_native_position.py	tools/probe_native_position.py	tracked	596c91b050f96dc61665cb8e3eeb3b5898c9abb4	cf828557b0111df10871ee5a99677d2b12091d4e65728c82521402711c67b94f	6378	development-tool	tools/probe_native_position.py	MOVE		none	One-level Alternative-A root collapse; content must remain byte-identical.
foreground_vision_bot/tools/run_observation_telemetry.py	tools/run_observation_telemetry.py	tracked	dee7d34a0b03fe8fe014dae8ad1fa98bdfeda9df	8866152851ac652e5c69c80fe81f349f9cdfc0dd2b6572e1a6e38e0ac65f703f	10091	development-tool	tools/run_observation_telemetry.py	MOVE		none	One-level Alternative-A root collapse; content must remain byte-identical.
foreground_vision_bot/tools/scan_native_pointer_workflow.py	tools/scan_native_pointer_workflow.py	tracked	23d40052f8dbed0868bbcde99c52181cfa878469	86134ad523ab254e46ee652c8c505c3cba7d78ccdfe1d997bc612441206ecfa5	29596	development-tool	tools/scan_native_pointer_workflow.py	MOVE		none	One-level Alternative-A root collapse; content must remain byte-identical.
foreground_vision_bot/tools/test_native_independent_reader.py	tools/test_native_independent_reader.py	tracked	87120b10fbcf2e0c28e7e703a46e1f669959b477	cdfcaf69793e9d5e88f0675aa2bfe2ac88957d77a01a55d145a656b74c2a682b	25279	test	tools/test_native_independent_reader.py	MOVE		none	One-level Alternative-A root collapse; content must remain byte-identical.
foreground_vision_bot/tools/trace_native_pointer_access.py	tools/trace_native_pointer_access.py	tracked	e5adc3991434364b04c6907b91607b1d25c04873	e75d7624619b20508ded9fde511f19c375b62f0cc247979d92cdde68a775d83d	23832	development-tool	tools/trace_native_pointer_access.py	MOVE		none	One-level Alternative-A root collapse; content must remain byte-identical.
foreground_vision_bot/tools/uninstall_friend_pointer_recovery_test.ps1	tools/uninstall_friend_pointer_recovery_test.ps1	tracked	b67afb55e2b6a5e9162f6c47796e925348b834fb	40f78a315c796b7db62fb42500926d00e2b6da3ad935767476c8ba4e37ababab	2828	development-tool	tools/uninstall_friend_pointer_recovery_test.ps1	MOVE		none	One-level Alternative-A root collapse; content must remain byte-identical.
foreground_vision_bot/train_mapper_offline.py	train_mapper_offline.py	tracked	8e901958136466fb1869491cbc839c82cc6fc527	ef235d832e1d0ea81d4fc2e99b19a71707d6f8a71a7d03e0e500009fc0c7fac5	3273	research	train_mapper_offline.py	MOVE		none	One-level Alternative-A root collapse; content must remain byte-identical.
foreground_vision_bot/utils/helpers.py	utils/helpers.py	tracked	0a8cc8af39cbd88e3b9483de10c1aa84a056dd21	aa6d5f0dbe7f6c776ac9b34fe3bee78af6a20aa940b6d57d58877f7e53f27e9c	2655	production-source	utils/helpers.py	MOVE		none	One-level Alternative-A root collapse; content must remain byte-identical.
foreground_vision_bot/worker_manager.py	worker_manager.py	tracked	8dafa27334a5ac18c2e0d7794139f21a1322ef5b	49d18ca514bc07d29869955422b39cf523c9e3788e0b1fea6caa7af0ffb181cd	7801	production-source	worker_manager.py	MOVE		none	One-level Alternative-A root collapse; content must remain byte-identical.
